order_id,order_date,category,brand,city,customer_rating,price,quantity,review,is_active,customer_id
E-0000001,2024-05-27,Sports,Brand Alpha,Islamabad,3,191.34,2,good grip,True,C-626
E-0000002,2024-06-06,Books,Brand Delta,London,4,40.32,2,print quality good,True,C-292
E-0000003,2024-03-02,Home,Brand Delta,Karachi,2,392.63,4,very useful,True,C-361
E-0000004,2024-10-25,Beauty,Brand Alpha,New York,3,304.8,2,skin felt great,False,C-48
E-0000005,2023-11-29,Electronics,Brand Alpha,New York,2,88.84,4,battery dies fast,False,C-1208
E-0000006,2024-05-08,Books,Brand Gamma,London,5,47.36,3,print quality good,True,C-130
E-0000007,2024-04-25,Electronics,Brand Delta,New York,5,114.51,2,battery dies fast,False,C-946
E-0000008,2023-07-08,Clothing,Brand Beta,Karachi,4,301.85,2,color faded after wash,False,C-1112
E-0000009,2024-02-05,Sports,Brand Gamma,Karachi,4,44.5,2,poor durability,True,C-643
E-0000010,2023-07-07,Sports,Brand Beta,Islamabad,2,390.76,2,great for training,True,C-451
E-0000011,2023-10-23,Beauty,Brand Alpha,New York,5,139.58,1,too expensive,True,C-1028
E-0000012,2024-07-20,Beauty,Brand Gamma,Karachi,2,35.45,2,caused irritation,False,C-213
E-0000013,2024-11-19,Clothing,Brand Beta,Dubai,5,283.1,2,seams came apart,True,C-5
E-0000014,2024-01-17,Books,Brand Alpha,Karachi,3,378.36,2,informative,True,C-765
E-0000015,2024-02-15,Home,Brand Beta,London,3,296.5,2,would buy again,True,C-442
E-0000016,2024-11-21,Clothing,Brand Beta,New York,4,48.94,1,great value,True,C-838
E-0000017,2023-12-21,Clothing,Brand Alpha,Karachi,4,367.05,2,comfortable and stylish,True,C-1096
E-0000018,2023-11-09,Books,Brand Gamma,Islamabad,3,160.13,1,print quality good,True,C-529
E-0000019,2024-07-11,Beauty,Brand Delta,Islamabad,4,132.21,1,skin felt great,False,C-679
E-0000020,2024-03-30,Sports,Brand Delta,Islamabad,4,25.14,2,great for training,True,C-520
E-0000021,2024-01-14,Beauty,Brand Alpha,New York,2,45.3,3,skin felt great,True,C-1096
E-0000022,2023-12-27,Clothing,Brand Alpha,Karachi,4,69.15,2,color faded after wash,True,C-53
E-0000023,2023-10-04,Home,Brand Alpha,New York,3,191.49,2,assembly was hard,False,C-154
E-0000024,2023-11-01,Home,Brand Alpha,Lahore,3,150.67,3,cheap materials,True,C-1093
E-0000025,2023-08-21,Books,Brand Alpha,London,3,152.71,1,well written,True,C-541
E-0000026,2024-05-27,Electronics,Brand Gamma,New York,2,229.7,2,love it,True,C-1426
E-0000027,2025-01-17,Home,Brand Beta,Dubai,3,346.41,2,looks premium,True,C-1149
E-0000028,2024-07-15,Clothing,Brand Beta,London,4,101.76,2,comfortable and stylish,True,C-1313
E-0000029,2024-07-16,Electronics,Brand Delta,Lahore,4,247.4,1,works great,True,C-739
E-0000030,2024-01-09,Books,Brand Delta,Dubai,4,239.18,1,print quality good,True,C-150
E-0000031,2024-02-21,Sports,Brand Alpha,Karachi,1,217.15,3,good grip,False,C-1183
E-0000032,2023-08-18,Sports,Brand Alpha,Karachi,3,362.75,2,broke after week,True,C-1139
E-0000033,2024-11-30,Clothing,Brand Delta,Lahore,3,126.78,3,fits perfectly,True,C-1454
E-0000034,2024-02-15,Books,Brand Beta,Islamabad,3,130.68,1,print quality good,True,C-784
E-0000035,2024-05-10,Clothing,Brand Beta,Karachi,2,242.22,2,color faded after wash,False,C-1179
E-0000036,2024-04-11,Electronics,Brand Delta,Karachi,2,17.82,2,works great,True,C-526
E-0000037,2023-09-22,Beauty,Brand Beta,Karachi,4,241.13,1,too expensive,True,C-38
E-0000038,2024-06-11,Books,Brand Gamma,London,4,12.11,2,well written,True,C-710
E-0000039,2024-06-17,Sports,Brand Beta,Lahore,4,361.32,3,great for training,True,C-853
E-0000040,2024-10-30,Electronics,Brand Gamma,Islamabad,4,258.27,2,highly recommend,True,C-51
E-0000041,2024-07-14,Clothing,Brand Delta,London,4,66.85,4,too small,True,C-605
E-0000042,2023-12-01,Home,Brand Alpha,Karachi,3,348.81,1,would buy again,True,C-522
E-0000043,2023-06-25,Books,Brand Alpha,Lahore,3,137.24,2,fast delivery,True,C-34
E-0000044,2024-07-02,Beauty,Brand Delta,Karachi,4,205.03,2,skin felt great,False,C-753
E-0000045,2024-03-07,Books,Brand Alpha,New York,5,357.2,2,informative,True,C-102
E-0000046,2024-03-06,Books,Brand Alpha,Dubai,4,149.36,4,fast delivery,True,C-1192
E-0000047,2023-09-23,Home,Brand Beta,Dubai,2,201.54,1,looks premium,True,C-121
E-0000048,2024-10-26,Electronics,Brand Gamma,Islamabad,3,288.08,2,battery dies fast,True,C-485
E-0000049,2024-05-01,Clothing,Brand Beta,Karachi,4,310.36,1,too small,True,C-1131
E-0000050,2023-09-05,Books,Brand Delta,London,5,274.07,1,well written,True,C-1451
E-0000051,2024-01-21,Home,Brand Delta,Lahore,3,354.47,1,assembly was hard,True,C-1084
E-0000052,2024-06-13,Sports,Brand Delta,Dubai,3,74.67,2,broke after week,True,C-1337
E-0000053,2024-06-02,Electronics,Brand Beta,Dubai,4,216.9,1,love it,True,C-940
E-0000054,2023-09-18,Sports,Brand Gamma,New York,3,243.01,2,great for training,True,C-195
E-0000055,2023-08-20,Sports,Brand Delta,Dubai,4,121.47,1,broke after week,True,C-1218
E-0000056,2024-03-01,Books,Brand Beta,Karachi,3,193.44,2,print quality good,True,C-693
E-0000057,2024-06-15,Sports,Brand Beta,Dubai,5,100.36,1,poor durability,True,C-147
E-0000058,2023-12-05,Beauty,Brand Beta,London,3,142.08,2,recommend,True,C-1091
E-0000059,2024-02-17,Beauty,Brand Alpha,London,5,77.65,2,caused irritation,True,C-1427
E-0000060,2024-08-28,Beauty,Brand Gamma,London,1,190.0,2,nice scent,True,C-522
E-0000061,2024-03-08,Clothing,Brand Delta,Dubai,4,352.4,2,too small,True,C-714
E-0000062,2024-02-07,Sports,Brand Delta,Lahore,4,137.68,2,good grip,True,C-201
E-0000063,2023-06-24,Books,Brand Gamma,Dubai,1,117.89,3,print quality good,False,C-295
E-0000064,2023-10-05,Books,Brand Delta,Islamabad,5,368.25,2,well written,False,C-160
E-0000065,2023-11-30,Books,Brand Delta,New York,3,203.78,3,well written,True,C-940
E-0000066,2025-01-06,Electronics,Brand Beta,Islamabad,3,105.5,2,excellent quality,True,C-921
E-0000067,2023-06-10,Electronics,Brand Gamma,London,5,213.29,2,poor build,True,C-484
E-0000068,2023-08-10,Electronics,Brand Beta,New York,4,327.92,1,disappointed with durability,True,C-366
E-0000069,2023-08-22,Sports,Brand Beta,New York,5,88.35,2,broke after week,True,C-1466
E-0000070,2024-02-24,Home,Brand Alpha,Lahore,2,158.1,1,cheap materials,True,C-1091
E-0000071,2023-06-18,Beauty,Brand Gamma,Lahore,5,204.05,4,skin felt great,True,C-564
E-0000072,2023-09-14,Beauty,Brand Alpha,Karachi,3,150.98,2,too expensive,True,C-1062
E-0000073,2023-09-13,Clothing,Brand Beta,New York,3,243.35,3,comfortable and stylish,True,C-697
E-0000074,2024-04-18,Beauty,Brand Gamma,New York,3,325.06,2,too expensive,True,C-1496
E-0000075,2024-05-17,Books,Brand Delta,Dubai,4,121.32,3,informative,False,C-972
E-0000076,2023-11-23,Clothing,Brand Beta,Islamabad,4,256.98,2,color faded after wash,True,C-1372
E-0000077,2024-12-08,Clothing,Brand Alpha,Islamabad,5,315.88,1,great value,True,C-514
E-0000078,2023-12-01,Sports,Brand Beta,New York,4,113.52,2,great for training,False,C-838
E-0000079,2024-03-21,Sports,Brand Alpha,Islamabad,2,279.05,1,broke after week,True,C-1269
E-0000080,2024-09-15,Clothing,Brand Delta,London,5,95.9,2,nice fabric,True,C-1145
E-0000081,2024-05-04,Sports,Brand Gamma,Islamabad,4,81.26,3,great for training,True,C-1176
E-0000082,2024-03-11,Clothing,Brand Gamma,Dubai,4,195.69,2,nice fabric,True,C-408
E-0000083,2024-07-16,Beauty,Brand Beta,New York,5,228.09,2,caused irritation,True,C-174
E-0000084,2023-08-11,Sports,Brand Delta,Islamabad,3,239.54,2,poor durability,True,C-51
E-0000085,2023-11-19,Beauty,Brand Beta,Islamabad,3,182.23,2,nice scent,True,C-1112
E-0000086,2024-02-15,Sports,Brand Alpha,Dubai,2,270.21,1,good grip,True,C-1100
E-0000087,2024-03-22,Home,Brand Delta,Lahore,3,346.41,2,assembly was hard,True,C-1178
E-0000088,2024-10-27,Electronics,Brand Beta,Dubai,4,56.14,1,excellent quality,True,C-118
E-0000089,2024-06-15,Beauty,Brand Alpha,Karachi,4,68.23,1,skin felt great,False,C-300
E-0000090,2024-03-29,Sports,Brand Beta,London,4,116.35,1,great for training,True,C-900
E-0000091,2024-01-05,Clothing,Brand Beta,Karachi,4,252.13,1,great value,True,C-704
E-0000092,2023-08-20,Books,Brand Beta,Lahore,3,275.99,3,fast delivery,True,C-380
E-0000093,2023-09-19,Beauty,Brand Beta,Islamabad,4,399.1,3,skin felt great,True,C-837
E-0000094,2024-10-22,Clothing,Brand Alpha,Islamabad,3,102.86,2,fits perfectly,False,C-843
E-0000095,2023-10-23,Sports,Brand Gamma,Islamabad,4,295.33,2,poor durability,True,C-1212
E-0000096,2024-05-08,Sports,Brand Alpha,London,3,16.95,2,great for training,True,C-607
E-0000097,2023-12-15,Books,Brand Delta,Karachi,4,122.65,2,informative,True,C-879
E-0000098,2024-02-03,Home,Brand Gamma,New York,4,129.06,1,assembly was hard,True,C-395
E-0000099,2024-05-18,Electronics,Brand Gamma,Lahore,2,305.58,2,love it,True,C-6
E-0000100,2024-08-17,Sports,Brand Delta,Karachi,2,89.67,3,good grip,True,C-1398
E-0000101,2024-01-23,Beauty,Brand Alpha,Islamabad,5,186.56,2,too expensive,True,C-190
E-0000102,2024-08-10,Electronics,Brand Beta,Dubai,3,253.2,3,battery dies fast,True,C-1461
E-0000103,2024-10-08,Beauty,Brand Beta,Dubai,2,225.56,1,caused irritation,False,C-1116
E-0000104,2024-05-29,Beauty,Brand Delta,Dubai,2,285.64,3,nice scent,False,C-271
E-0000105,2023-12-29,Sports,Brand Alpha,Dubai,3,342.3,2,poor durability,True,C-263
E-0000106,2023-08-11,Electronics,Brand Beta,Islamabad,3,218.68,2,excellent quality,True,C-524
E-0000107,2025-01-15,Home,Brand Alpha,Islamabad,5,239.7,3,very useful,False,C-908
E-0000108,2024-06-15,Clothing,Brand Delta,Dubai,2,362.62,2,too small,False,C-1214
E-0000109,2023-09-04,Home,Brand Delta,Lahore,4,152.25,3,very useful,True,C-1392
E-0000110,2024-10-06,Sports,Brand Beta,Karachi,4,44.45,4,great for training,True,C-1467
E-0000111,2023-09-29,Beauty,Brand Gamma,Dubai,4,177.07,3,caused irritation,True,C-358
E-0000112,2024-10-22,Sports,Brand Alpha,Karachi,3,187.61,3,good grip,True,C-1464
E-0000113,2024-04-13,Clothing,Brand Gamma,Karachi,3,204.2,1,too small,True,C-11
E-0000114,2024-09-29,Clothing,Brand Delta,London,5,354.02,1,nice fabric,True,C-56
E-0000115,2024-08-29,Beauty,Brand Alpha,Islamabad,3,133.2,1,nice scent,True,C-1227
E-0000116,2024-03-11,Home,Brand Beta,London,4,194.0,1,assembly was hard,False,C-747
E-0000117,2023-10-07,Electronics,Brand Alpha,London,4,90.51,2,excellent quality,True,C-656
E-0000118,2024-04-15,Sports,Brand Delta,Dubai,3,372.57,1,great for training,True,C-38
E-0000119,2024-03-14,Sports,Brand Delta,Islamabad,3,272.09,1,poor durability,False,C-124
E-0000120,2024-10-11,Electronics,Brand Gamma,New York,4,110.87,2,works great,True,C-884
E-0000121,2023-07-19,Clothing,Brand Beta,Karachi,4,240.07,2,great value,True,C-540
E-0000122,2024-09-11,Beauty,Brand Delta,London,1,118.12,2,nice scent,True,C-486
E-0000123,2024-03-05,Home,Brand Delta,Dubai,4,172.2,2,would buy again,True,C-495
E-0000124,2024-04-15,Clothing,Brand Gamma,Dubai,3,264.94,1,comfortable and stylish,True,C-1205
E-0000125,2024-08-20,Clothing,Brand Delta,New York,3,162.59,3,nice fabric,True,C-217
E-0000126,2023-06-22,Beauty,Brand Delta,Karachi,4,105.67,3,caused irritation,True,C-924
E-0000127,2023-09-18,Beauty,Brand Beta,Karachi,4,31.01,1,recommend,True,C-429
E-0000128,2023-10-10,Electronics,Brand Gamma,Lahore,1,186.25,4,,False,C-154
E-0000129,2024-12-02,Sports,Brand Gamma,London,2,369.21,1,good grip,True,C-1310
E-0000130,2023-12-12,Beauty,Brand Delta,New York,1,331.17,2,nice scent,True,C-1423
E-0000131,2024-11-26,Sports,Brand Beta,Islamabad,4,184.81,2,good grip,True,C-471
E-0000132,2024-04-20,Beauty,Brand Alpha,London,5,297.36,2,caused irritation,True,C-221
E-0000133,2024-08-05,Clothing,Brand Beta,Karachi,5,113.7,2,great value,True,C-472
E-0000134,2023-06-17,Beauty,Brand Delta,Karachi,4,51.81,1,recommend,True,C-457
E-0000135,2024-09-14,Home,Brand Gamma,Karachi,3,126.33,2,looks premium,True,C-203
E-0000136,2024-10-07,Books,Brand Delta,Islamabad,5,145.6,1,boring content,True,C-900
E-0000137,2024-02-06,Home,Brand Gamma,Karachi,2,218.82,3,looks premium,True,C-1198
E-0000138,2023-10-04,Sports,Brand Gamma,New York,4,290.97,1,great for training,False,C-232
E-0000139,2024-05-11,Sports,Brand Alpha,Islamabad,4,394.42,2,great for training,True,C-665
E-0000140,2024-07-13,Books,Brand Alpha,London,4,368.07,1,fast delivery,True,C-891
E-0000141,2024-11-17,Electronics,Brand Beta,London,3,365.21,1,,True,C-647
E-0000142,2023-06-17,Electronics,Brand Gamma,London,4,15.66,4,battery dies fast,True,C-974
E-0000143,2024-09-27,Home,Brand Delta,Karachi,4,159.36,2,would buy again,True,C-333
E-0000144,2024-10-03,Books,Brand Delta,Dubai,3,137.86,3,boring content,True,C-824
E-0000145,2024-02-08,Books,Brand Alpha,London,3,379.57,2,print quality good,True,C-965
E-0000146,2024-03-06,Books,Brand Alpha,Dubai,3,,6,boring content,True,C-1435
E-0000147,2023-07-08,Clothing,Brand Beta,New York,5,139.08,1,nice fabric,True,C-323
E-0000148,2025-01-18,Electronics,Brand Beta,Islamabad,2,212.9,4,love it,True,C-664
E-0000149,2024-11-11,Sports,Brand Alpha,Islamabad,2,39.9,2,broke after week,True,C-780
E-0000150,2024-01-26,Beauty,Brand Gamma,Karachi,5,116.98,3,skin felt great,True,C-918
E-0000151,2024-05-20,Books,Brand Alpha,Lahore,4,262.83,1,informative,True,C-378
E-0000152,2024-12-13,Sports,Brand Delta,Islamabad,5,281.11,3,poor durability,True,C-1097
E-0000153,2023-09-10,Clothing,Brand Delta,Karachi,4,258.76,2,comfortable and stylish,True,C-208
E-0000154,2024-02-19,Beauty,Brand Gamma,Dubai,4,130.7,3,recommend,False,C-1392
E-0000155,2024-01-15,Home,Brand Delta,London,5,356.54,1,assembly was hard,True,C-1285
E-0000156,2023-10-01,Books,Brand Alpha,London,4,122.67,1,informative,True,C-199
E-0000157,2024-11-03,Beauty,Brand Gamma,Karachi,3,22.58,2,recommend,True,C-928
E-0000158,2023-10-30,Beauty,Brand Delta,Islamabad,4,136.93,2,recommend,True,C-1150
E-0000159,2023-11-06,Books,Brand Delta,Islamabad,3,371.37,4,,True,C-1012
E-0000160,2023-06-10,Sports,Brand Delta,Islamabad,3,220.9,2,broke after week,True,C-216
E-0000161,2024-01-28,Sports,Brand Gamma,London,5,35.49,1,good grip,True,C-151
E-0000162,2024-02-23,Home,Brand Beta,Islamabad,4,48.44,4,looks premium,True,C-493
E-0000163,2023-07-13,Clothing,Brand Gamma,Lahore,4,369.87,2,fits perfectly,True,C-1372
E-0000164,2024-04-03,Sports,Brand Delta,Dubai,4,217.27,1,broke after week,False,C-759
E-0000165,2023-11-01,Beauty,Brand Alpha,Lahore,3,207.72,2,nice scent,True,C-263
E-0000166,2023-11-22,Clothing,Brand Gamma,Islamabad,2,342.14,2,fits perfectly,True,C-172
E-0000167,2023-08-24,Books,Brand Gamma,Karachi,3,291.15,1,boring content,True,C-1254
E-0000168,2024-06-19,Sports,Brand Alpha,London,3,176.18,2,poor durability,True,C-1385
E-0000169,2023-12-31,Clothing,Brand Beta,Dubai,1,72.78,3,seams came apart,True,C-845
E-0000170,2024-12-02,Home,Brand Delta,New York,4,352.41,2,looks premium,True,C-968
E-0000171,2023-12-18,Home,Brand Delta,London,5,22.89,1,looks premium,False,C-968
E-0000172,2024-07-13,Books,Brand Gamma,Dubai,3,14.29,3,informative,True,C-774
E-0000173,2023-06-18,Home,Brand Alpha,Islamabad,3,105.75,1,assembly was hard,True,C-1405
E-0000174,2024-07-26,Electronics,Brand Alpha,Lahore,3,11.19,2,disappointed with durability,True,C-281
E-0000175,2024-06-02,Beauty,Brand Beta,Dubai,3,,3,nice scent,True,C-1249
E-0000176,2023-12-10,Electronics,Brand Alpha,Karachi,2,229.54,1,excellent quality,True,C-867
E-0000177,2023-11-15,Home,Brand Gamma,Dubai,5,138.32,1,cheap materials,True,C-1017
E-0000178,2023-11-01,Electronics,Brand Beta,New York,3,259.41,3,,False,C-382
E-0000179,2023-11-19,Clothing,Brand Gamma,Lahore,2,322.93,1,comfortable and stylish,True,C-950
E-0000180,2023-08-08,Clothing,Brand Beta,Karachi,2,19.73,1,seams came apart,True,C-590
E-0000181,2024-01-02,Sports,Brand Delta,Dubai,4,163.56,2,good grip,True,C-1127
E-0000182,2024-12-11,Clothing,Brand Gamma,New York,4,134.47,3,comfortable and stylish,True,C-196
E-0000183,2024-09-26,Electronics,Brand Alpha,London,4,136.14,1,works great,True,C-1229
E-0000184,2024-04-29,Sports,Brand Gamma,Islamabad,4,240.47,1,poor durability,True,C-1141
E-0000185,2023-11-28,Books,Brand Delta,London,3,374.3,1,print quality good,True,C-328
E-0000186,2023-11-01,Books,Brand Gamma,Karachi,2,94.11,1,well written,True,C-673
E-0000187,2023-09-26,Beauty,Brand Delta,New York,4,345.61,5,nice scent,True,C-763
E-0000188,2024-11-06,Beauty,Brand Gamma,Karachi,3,373.09,4,caused irritation,True,C-457
E-0000189,2024-06-12,Electronics,Brand Delta,New York,3,92.43,3,poor build,True,C-1221
E-0000190,2024-02-02,Beauty,Brand Delta,Lahore,3,304.63,2,caused irritation,True,C-1292
E-0000191,2023-07-02,Clothing,Brand Alpha,Islamabad,2,115.57,1,comfortable and stylish,False,C-485
E-0000192,2024-06-08,Beauty,Brand Beta,New York,2,335.34,2,too expensive,True,C-508
E-0000193,2024-07-12,Home,Brand Delta,London,3,351.1,2,cheap materials,True,C-913
E-0000194,2024-02-05,Beauty,Brand Gamma,Lahore,4,234.57,3,too expensive,False,C-1414
E-0000195,2025-01-17,Home,Brand Gamma,Islamabad,3,370.64,1,looks premium,True,C-802
E-0000196,2024-03-25,Home,Brand Alpha,New York,4,217.59,2,cheap materials,True,C-1032
E-0000197,2024-10-07,Home,Brand Gamma,Islamabad,5,50.96,3,very useful,True,C-1013
E-0000198,2023-07-05,Sports,Brand Alpha,Dubai,3,41.63,2,good grip,True,C-895
E-0000199,2023-11-15,Sports,Brand Alpha,Islamabad,3,34.57,2,broke after week,True,C-1104
E-0000200,2023-07-02,Home,Brand Beta,Karachi,5,57.67,1,looks premium,True,C-1336
E-0000201,2023-07-06,Electronics,Brand Alpha,Dubai,1,265.66,1,battery dies fast,True,C-293
E-0000202,2024-07-21,Electronics,Brand Beta,Lahore,3,334.8,1,average at best,True,C-417
E-0000203,2024-02-23,Clothing,Brand Beta,Karachi,4,358.32,1,too small,True,C-467
E-0000204,2024-09-04,Electronics,Brand Beta,Lahore,4,394.31,3,love it,True,C-708
E-0000205,2023-07-15,Electronics,Brand Gamma,Lahore,2,183.71,1,battery dies fast,True,C-679
E-0000206,2025-01-11,Beauty,Brand Alpha,New York,3,156.61,2,skin felt great,False,C-134
E-0000207,2024-05-31,Clothing,Brand Beta,Dubai,4,176.84,1,great value,True,C-146
E-0000208,2024-04-20,Sports,Brand Beta,Lahore,3,83.96,1,good grip,True,C-628
E-0000209,2023-12-19,Sports,Brand Delta,Karachi,3,360.14,1,poor durability,True,C-242
E-0000210,2024-12-11,Home,Brand Alpha,London,4,276.85,3,very useful,True,C-976
E-0000211,2023-06-28,Beauty,Brand Gamma,Lahore,4,73.59,2,skin felt great,True,C-370
E-0000212,2023-07-01,Beauty,Brand Gamma,Islamabad,4,363.4,3,caused irritation,True,C-947
E-0000213,2024-09-02,Sports,Brand Alpha,Islamabad,3,30.28,1,poor durability,True,C-1292
E-0000214,2025-01-05,Clothing,Brand Beta,Karachi,3,362.86,1,too small,True,C-1372
E-0000215,2023-07-22,Home,Brand Delta,London,3,53.44,1,would buy again,True,C-960
E-0000216,2023-12-08,Sports,Brand Gamma,Islamabad,2,350.29,3,great for training,True,C-4
E-0000217,2023-08-23,Sports,Brand Gamma,Lahore,3,289.95,2,poor durability,True,C-826
E-0000218,2023-12-01,Electronics,Brand Gamma,Islamabad,2,309.74,1,disappointed with durability,True,C-147
E-0000219,2023-08-27,Electronics,Brand Gamma,London,4,210.8,1,disappointed with durability,True,C-1188
E-0000220,2024-09-02,Home,Brand Beta,Lahore,3,395.07,2,looks premium,True,C-75
E-0000221,2024-11-04,Sports,Brand Delta,London,3,275.0,1,broke after week,True,C-1068
E-0000222,2024-07-10,Beauty,Brand Gamma,New York,3,364.95,2,nice scent,True,C-885
E-0000223,2024-09-13,Clothing,Brand Delta,New York,4,45.51,1,fits perfectly,True,C-385
E-0000224,2024-04-12,Sports,Brand Delta,New York,4,301.35,1,poor durability,True,C-56
E-0000225,2024-12-05,Sports,Brand Delta,London,3,132.25,3,good grip,True,C-1078
E-0000226,2024-09-23,Electronics,Brand Delta,New York,4,339.56,1,love it,True,C-1296
E-0000227,2024-12-03,Clothing,Brand Gamma,Islamabad,3,285.8,1,great value,True,C-259
E-0000228,2024-08-16,Beauty,Brand Delta,Islamabad,4,350.26,2,skin felt great,False,C-415
E-0000229,2024-06-26,Books,Brand Gamma,Lahore,5,368.04,2,informative,True,C-705
E-0000230,2023-08-20,Sports,Brand Delta,Islamabad,2,159.08,4,poor durability,True,C-848
E-0000231,2023-12-12,Home,Brand Alpha,Lahore,4,186.46,1,very useful,True,C-667
E-0000232,2024-05-05,Books,Brand Delta,New York,2,316.6,1,boring content,False,C-429
E-0000233,2025-01-10,Beauty,Brand Alpha,Karachi,4,147.64,2,caused irritation,False,C-733
E-0000234,2024-09-24,Books,Brand Alpha,London,4,115.21,1,fast delivery,True,C-1331
E-0000235,2024-03-05,Beauty,Brand Gamma,Lahore,5,304.22,1,skin felt great,True,C-1270
E-0000236,2024-10-10,Sports,Brand Delta,New York,4,21.92,2,good grip,True,C-395
E-0000237,2023-09-20,Books,Brand Delta,Dubai,5,276.44,2,fast delivery,False,C-1110
E-0000238,2024-12-21,Electronics,Brand Gamma,New York,3,331.38,1,love it,True,C-539
E-0000239,2024-03-12,Books,Brand Gamma,Karachi,4,398.93,3,print quality good,True,C-414
E-0000240,2024-10-18,Books,Brand Delta,New York,1,287.19,4,fast delivery,True,C-9
E-0000241,2025-01-06,Sports,Brand Beta,Karachi,4,287.83,4,great for training,False,C-512
E-0000242,2024-10-23,Clothing,Brand Delta,London,5,42.56,2,fits perfectly,True,C-657
E-0000243,2024-09-30,Electronics,Brand Gamma,London,4,252.72,1,average at best,True,C-1026
E-0000244,2024-06-21,Beauty,Brand Alpha,New York,3,379.0,1,caused irritation,True,C-119
E-0000245,2023-06-13,Beauty,Brand Beta,New York,3,24.65,1,too expensive,True,C-75
E-0000246,2023-12-11,Clothing,Brand Alpha,Dubai,4,77.42,2,great value,True,C-1365
E-0000247,2024-10-19,Home,Brand Delta,New York,1,51.98,4,cheap materials,True,C-613
E-0000248,2023-11-19,Books,Brand Beta,London,3,394.67,1,well written,True,C-29
E-0000249,2023-06-26,Home,Brand Beta,Karachi,3,138.06,2,assembly was hard,True,C-1249
E-0000250,2023-10-26,Electronics,Brand Delta,Karachi,3,286.3,2,excellent quality,True,C-1449
E-0000251,2024-06-28,Clothing,Brand Beta,New York,2,77.48,2,great value,True,C-224
E-0000252,2024-10-17,Clothing,Brand Beta,Lahore,3,332.92,1,comfortable and stylish,True,C-51
E-0000253,2024-11-04,Home,Brand Gamma,Dubai,4,298.18,2,cheap materials,True,C-800
E-0000254,2024-05-05,Clothing,Brand Beta,Dubai,3,361.24,1,great value,True,C-1074
E-0000255,2024-02-08,Sports,Brand Beta,London,4,45.75,2,great for training,True,C-863
E-0000256,2023-10-30,Sports,Brand Gamma,Islamabad,3,160.27,1,broke after week,True,C-898
E-0000257,2023-06-01,Home,Brand Alpha,Lahore,5,137.15,3,cheap materials,False,C-730
E-0000258,2024-08-07,Electronics,Brand Alpha,Islamabad,4,283.59,2,average at best,True,C-34
E-0000259,2023-10-17,Home,Brand Beta,Dubai,3,61.33,1,cheap materials,True,C-1301
E-0000260,2025-01-14,Electronics,Brand Gamma,Islamabad,2,256.07,2,average at best,True,C-1276
E-0000261,2023-06-12,Electronics,Brand Beta,Dubai,2,389.61,1,works great,True,C-1434
E-0000262,2024-08-28,Home,Brand Gamma,Islamabad,4,275.13,3,very useful,True,C-925
E-0000263,2024-03-14,Electronics,Brand Beta,Dubai,3,52.48,1,excellent quality,False,C-290
E-0000264,2024-12-20,Clothing,Brand Delta,Dubai,4,275.71,3,too small,True,C-1204
E-0000265,2023-09-17,Books,Brand Gamma,Karachi,5,357.39,3,print quality good,True,C-73
E-0000266,2024-07-25,Books,Brand Alpha,London,2,341.07,2,boring content,True,C-323
E-0000267,2024-10-27,Home,Brand Gamma,Dubai,5,216.17,1,looks premium,True,C-1379
E-0000268,2024-02-18,Sports,Brand Gamma,Dubai,4,357.14,3,broke after week,True,C-1463
E-0000269,2024-07-04,Sports,Brand Delta,New York,1,,1,good grip,False,C-1292
E-0000270,2024-02-12,Beauty,Brand Delta,Islamabad,3,240.07,2,nice scent,True,C-952
E-0000271,2024-03-19,Books,Brand Gamma,Lahore,2,243.68,2,print quality good,True,C-641
E-0000272,2023-11-26,Books,Brand Alpha,Karachi,2,232.86,1,print quality good,True,C-1170
E-0000273,2024-08-19,Home,Brand Gamma,New York,4,372.35,3,looks premium,True,C-548
E-0000274,2024-04-15,Beauty,Brand Alpha,London,5,154.29,2,too expensive,True,C-1090
E-0000275,2024-02-24,Home,Brand Gamma,Islamabad,4,323.07,3,cheap materials,True,C-959
E-0000276,2024-11-25,Books,Brand Gamma,Dubai,5,78.5,1,informative,True,C-41
E-0000277,2024-10-03,Sports,Brand Delta,Karachi,3,246.9,4,good grip,True,C-589
E-0000278,2024-02-26,Electronics,Brand Gamma,London,2,128.84,1,average at best,False,C-698
E-0000279,2024-11-23,Home,Brand Beta,Dubai,3,338.06,3,cheap materials,True,C-715
E-0000280,2024-09-25,Books,Brand Gamma,Islamabad,5,65.07,1,print quality good,True,C-37
E-0000281,2024-09-02,Electronics,Brand Alpha,Dubai,4,303.27,2,excellent quality,True,C-139
E-0000282,2024-03-19,Electronics,Brand Delta,Islamabad,3,342.58,1,love it,True,C-149
E-0000283,2024-06-08,Clothing,Brand Alpha,New York,5,107.2,4,fits perfectly,True,C-905
E-0000284,2024-05-02,Books,Brand Delta,Dubai,3,57.12,4,well written,True,C-9
E-0000285,2023-09-30,Sports,Brand Alpha,New York,5,322.62,1,great for training,True,C-1074
E-0000286,2024-03-03,Home,Brand Gamma,Lahore,2,38.91,2,assembly was hard,True,C-856
E-0000287,2024-06-26,Beauty,Brand Gamma,Lahore,2,130.39,2,caused irritation,True,C-229
E-0000288,2024-04-08,Clothing,Brand Beta,Karachi,5,223.63,1,too small,True,C-1487
E-0000289,2024-12-06,Electronics,Brand Delta,Dubai,2,195.94,2,highly recommend,True,C-983
E-0000290,2023-07-21,Clothing,Brand Delta,London,2,303.41,3,seams came apart,True,C-187
E-0000291,2024-03-27,Beauty,Brand Delta,Karachi,4,,3,nice scent,True,C-248
E-0000292,2024-08-27,Books,Brand Delta,Lahore,3,203.54,1,fast delivery,True,C-551
E-0000293,2024-12-31,Clothing,Brand Delta,Islamabad,3,293.17,2,color faded after wash,True,C-28
E-0000294,2023-10-16,Beauty,Brand Alpha,Islamabad,4,92.68,2,nice scent,False,C-798
E-0000295,2024-05-25,Sports,Brand Gamma,Islamabad,4,63.1,1,poor durability,False,C-191
E-0000296,2023-07-02,Books,Brand Alpha,Lahore,3,,1,well written,False,C-1089
E-0000297,2024-08-21,Books,Brand Delta,London,4,57.72,2,boring content,True,C-1289
E-0000298,2024-04-05,Books,Brand Gamma,New York,3,180.77,1,informative,False,C-1058
E-0000299,2023-07-27,Clothing,Brand Delta,London,3,10.45,3,seams came apart,True,C-481
E-0000300,2023-06-09,Electronics,Brand Alpha,London,5,69.46,2,poor build,True,C-811
E-0000301,2024-05-16,Books,Brand Alpha,London,4,271.56,2,well written,True,C-454
E-0000302,2025-01-11,Sports,Brand Alpha,Karachi,1,70.78,1,good grip,True,C-247
E-0000303,2023-07-06,Books,Brand Beta,Dubai,4,138.92,1,boring content,True,C-1406
E-0000304,2023-08-13,Electronics,Brand Alpha,New York,3,26.99,1,disappointed with durability,True,C-666
E-0000305,2023-12-15,Clothing,Brand Beta,Lahore,3,267.46,4,seams came apart,True,C-1245
E-0000306,2023-06-08,Electronics,Brand Alpha,Dubai,5,155.51,1,battery dies fast,True,C-4
E-0000307,2024-10-21,Home,Brand Gamma,Karachi,3,36.22,1,very useful,True,C-1410
E-0000308,2024-08-27,Clothing,Brand Delta,Islamabad,2,34.42,4,great value,True,C-1063
E-0000309,2024-01-12,Home,Brand Alpha,Dubai,3,33.47,2,looks premium,True,C-850
E-0000310,2023-07-08,Home,Brand Alpha,Dubai,2,323.54,2,would buy again,True,C-1422
E-0000311,2023-10-19,Sports,Brand Delta,Lahore,4,107.14,1,broke after week,True,C-1164
E-0000312,2023-12-25,Beauty,Brand Delta,London,5,163.36,3,caused irritation,True,C-1190
E-0000313,2024-04-05,Clothing,Brand Gamma,Islamabad,5,29.46,1,great value,True,C-339
E-0000314,2024-10-27,Sports,Brand Alpha,London,1,245.38,2,poor durability,True,C-1085
E-0000315,2024-09-10,Beauty,Brand Gamma,Lahore,3,162.47,2,nice scent,False,C-1299
E-0000316,2023-07-17,Books,Brand Beta,Dubai,4,261.51,3,print quality good,True,C-1300
E-0000317,2024-12-22,Books,Brand Beta,Dubai,4,221.8,2,print quality good,True,C-17
E-0000318,2023-08-15,Electronics,Brand Alpha,London,5,50.56,3,,True,C-169
E-0000319,2024-11-22,Clothing,Brand Gamma,Islamabad,3,90.05,1,comfortable and stylish,True,C-361
E-0000320,2024-12-11,Books,Brand Delta,Islamabad,2,305.79,2,print quality good,True,C-477
E-0000321,2024-06-10,Home,Brand Alpha,Karachi,3,319.3,2,cheap materials,True,C-464
E-0000322,2024-10-24,Sports,Brand Delta,Dubai,2,263.57,1,broke after week,False,C-357
E-0000323,2024-10-04,Home,Brand Delta,Dubai,3,111.16,1,very useful,True,C-665
E-0000324,2023-08-22,Books,Brand Delta,Lahore,4,343.0,1,boring content,True,C-700
E-0000325,2023-11-29,Books,Brand Delta,New York,3,294.18,2,informative,True,C-802
E-0000326,2023-08-12,Home,Brand Gamma,Lahore,2,169.45,2,cheap materials,True,C-124
E-0000327,2024-08-13,Books,Brand Gamma,Dubai,4,376.28,1,well written,True,C-709
E-0000328,2024-02-01,Clothing,Brand Delta,Lahore,1,268.58,2,nice fabric,True,C-891
E-0000329,2023-09-21,Electronics,Brand Gamma,New York,3,255.63,3,battery dies fast,True,C-1363
E-0000330,2024-02-09,Home,Brand Alpha,New York,2,136.74,2,looks premium,True,C-263
E-0000331,2024-03-07,Beauty,Brand Alpha,London,2,151.93,1,caused irritation,True,C-1025
E-0000332,2023-07-03,Books,Brand Beta,Lahore,3,202.06,1,informative,True,C-1017
E-0000333,2023-07-31,Beauty,Brand Delta,New York,3,203.18,2,too expensive,True,C-408
E-0000334,2024-08-15,Electronics,Brand Gamma,Dubai,3,155.8,2,poor build,True,C-1438
E-0000335,2024-03-03,Sports,Brand Alpha,London,2,52.01,1,poor durability,True,C-623
E-0000336,2024-12-28,Home,Brand Beta,Karachi,4,324.65,2,very useful,False,C-1066
E-0000337,2023-10-04,Sports,Brand Alpha,Dubai,1,23.75,2,poor durability,True,C-15
E-0000338,2024-06-12,Electronics,Brand Beta,Lahore,4,254.4,3,highly recommend,True,C-415
E-0000339,2023-09-10,Sports,Brand Beta,Islamabad,3,180.12,1,broke after week,True,C-690
E-0000340,2024-07-30,Sports,Brand Gamma,Lahore,4,273.41,2,broke after week,True,C-847
E-0000341,2023-08-16,Beauty,Brand Gamma,New York,2,150.02,1,caused irritation,True,C-422
E-0000342,2024-02-06,Home,Brand Delta,New York,3,,2,looks premium,True,C-923
E-0000343,2024-04-08,Home,Brand Beta,Dubai,3,181.44,1,assembly was hard,True,C-1440
E-0000344,2024-10-21,Clothing,Brand Alpha,Dubai,3,283.88,2,too small,True,C-476
E-0000345,2023-09-29,Clothing,Brand Delta,London,4,20.23,2,seams came apart,True,C-634
E-0000346,2024-09-25,Books,Brand Alpha,Islamabad,3,383.62,1,well written,True,C-85
E-0000347,2024-12-13,Sports,Brand Gamma,Dubai,5,186.91,1,great for training,False,C-694
E-0000348,2023-10-06,Electronics,Brand Alpha,Karachi,4,157.01,5,poor build,True,C-795
E-0000349,2025-01-04,Home,Brand Alpha,Lahore,4,313.9,2,very useful,True,C-1175
E-0000350,2024-08-18,Clothing,Brand Alpha,London,5,328.86,2,too small,False,C-471
E-0000351,2024-10-23,Beauty,Brand Gamma,Lahore,3,361.22,1,recommend,False,C-836
E-0000352,2024-11-20,Clothing,Brand Alpha,Karachi,4,138.57,4,nice fabric,True,C-1162
E-0000353,2023-08-21,Sports,Brand Beta,New York,3,112.57,4,good grip,True,C-789
E-0000354,2024-06-07,Sports,Brand Beta,Dubai,4,248.81,2,poor durability,True,C-158
E-0000355,2024-05-08,Clothing,Brand Alpha,Islamabad,4,298.17,1,great value,True,C-187
E-0000356,2024-05-22,Sports,Brand Gamma,London,4,212.24,4,poor durability,True,C-199
E-0000357,2025-01-03,Sports,Brand Alpha,London,3,183.31,1,broke after week,True,C-217
E-0000358,2023-07-21,Books,Brand Gamma,Dubai,3,274.29,2,boring content,True,C-638
E-0000359,2023-08-16,Home,Brand Alpha,London,2,341.97,1,very useful,False,C-1109
E-0000360,2023-07-08,Beauty,Brand Alpha,London,2,30.94,1,nice scent,True,C-253
E-0000361,2023-10-10,Books,Brand Delta,Lahore,2,15.07,1,well written,True,C-996
E-0000362,2024-05-17,Beauty,Brand Alpha,New York,5,284.91,1,too expensive,True,C-100
E-0000363,2024-01-12,Books,Brand Delta,Dubai,4,294.96,2,print quality good,True,C-1469
E-0000364,2023-09-25,Home,Brand Beta,New York,3,254.68,1,would buy again,True,C-180
E-0000365,2024-08-21,Beauty,Brand Beta,Islamabad,2,275.05,2,nice scent,True,C-1498
E-0000366,2025-01-20,Clothing,Brand Alpha,Dubai,1,50.9,1,nice fabric,True,C-1421
E-0000367,2024-12-16,Home,Brand Delta,London,3,285.75,2,would buy again,True,C-1262
E-0000368,2024-08-23,Sports,Brand Beta,London,4,169.73,3,broke after week,True,C-66
E-0000369,2024-06-17,Electronics,Brand Alpha,New York,4,49.54,2,works great,True,C-422
E-0000370,2023-11-29,Beauty,Brand Alpha,New York,2,131.4,1,nice scent,False,C-76
E-0000371,2023-11-09,Electronics,Brand Gamma,New York,3,16.17,2,poor build,True,C-1479
E-0000372,2023-12-12,Home,Brand Gamma,Karachi,4,318.77,1,cheap materials,True,C-257
E-0000373,2023-12-03,Sports,Brand Alpha,Dubai,3,268.81,1,poor durability,True,C-1269
E-0000374,2024-01-16,Books,Brand Beta,London,2,381.52,1,boring content,True,C-1084
E-0000375,2024-08-31,Beauty,Brand Beta,New York,5,286.75,1,too expensive,True,C-466
E-0000376,2024-01-13,Electronics,Brand Delta,New York,4,173.68,2,love it,False,C-1272
E-0000377,2023-09-27,Books,Brand Alpha,Dubai,1,51.65,2,well written,True,C-1157
E-0000378,2023-06-25,Clothing,Brand Alpha,New York,3,147.46,2,nice fabric,False,C-862
E-0000379,2023-08-28,Clothing,Brand Gamma,Dubai,3,224.96,1,fits perfectly,True,C-809
E-0000380,2024-05-21,Clothing,Brand Beta,Dubai,2,381.97,2,great value,False,C-490
E-0000381,2024-01-01,Sports,Brand Delta,London,4,185.51,2,poor durability,True,C-551
E-0000382,2024-12-14,Beauty,Brand Alpha,Lahore,4,337.61,1,recommend,True,C-708
E-0000383,2024-07-13,Home,Brand Beta,Lahore,1,272.07,3,cheap materials,True,C-305
E-0000384,2024-12-07,Beauty,Brand Delta,Islamabad,2,309.41,1,skin felt great,True,C-1315
E-0000385,2024-12-11,Beauty,Brand Beta,Islamabad,4,144.74,1,skin felt great,False,C-696
E-0000386,2023-08-31,Electronics,Brand Gamma,Dubai,3,293.24,1,highly recommend,False,C-1295
E-0000387,2023-07-29,Sports,Brand Beta,Islamabad,3,248.24,1,poor durability,True,C-937
E-0000388,2024-08-30,Beauty,Brand Alpha,Islamabad,3,149.41,1,too expensive,True,C-353
E-0000389,2024-07-15,Books,Brand Beta,Dubai,3,383.48,3,fast delivery,True,C-919
E-0000390,2023-11-04,Beauty,Brand Alpha,New York,4,337.57,1,skin felt great,True,C-542
E-0000391,2024-03-09,Books,Brand Gamma,Dubai,4,88.37,2,fast delivery,True,C-1044
E-0000392,2023-07-25,Books,Brand Beta,Islamabad,3,194.3,1,,False,C-956
E-0000393,2024-10-30,Sports,Brand Gamma,New York,3,290.15,2,broke after week,False,C-122
E-0000394,2025-01-04,Beauty,Brand Gamma,Islamabad,4,391.82,3,recommend,True,C-620
E-0000395,2024-07-04,Home,Brand Alpha,Islamabad,3,216.46,2,looks premium,True,C-447
E-0000396,2023-09-02,Beauty,Brand Delta,Islamabad,3,110.91,2,too expensive,True,C-1107
E-0000397,2024-07-04,Sports,Brand Delta,New York,5,243.51,1,good grip,True,C-466
E-0000398,2024-08-27,Sports,Brand Beta,Karachi,5,121.74,2,good grip,True,C-987
E-0000399,2024-06-07,Beauty,Brand Alpha,Lahore,2,332.69,2,skin felt great,True,C-618
E-0000400,2023-11-02,Home,Brand Delta,Dubai,1,80.03,2,assembly was hard,True,C-1183
E-0000401,2023-08-14,Sports,Brand Gamma,Islamabad,3,345.62,1,broke after week,True,C-1362
E-0000402,2024-04-12,Clothing,Brand Alpha,New York,4,304.52,1,seams came apart,True,C-1306
E-0000403,2024-10-09,Books,Brand Beta,Islamabad,2,194.17,3,well written,True,C-1188
E-0000404,2023-08-25,Beauty,Brand Beta,London,4,386.91,1,nice scent,True,C-1199
E-0000405,2024-07-24,Beauty,Brand Beta,Karachi,5,84.96,2,caused irritation,True,C-1132
E-0000406,2024-02-14,Beauty,Brand Delta,New York,4,68.4,2,nice scent,True,C-751
E-0000407,2024-12-23,Sports,Brand Gamma,London,3,359.06,2,poor durability,False,C-1331
E-0000408,2023-09-24,Clothing,Brand Gamma,Dubai,2,74.65,2,comfortable and stylish,True,C-2
E-0000409,2024-11-18,Clothing,Brand Delta,Lahore,2,21.01,2,color faded after wash,True,C-1111
E-0000410,2025-01-19,Clothing,Brand Alpha,London,1,168.62,2,fits perfectly,False,C-1496
E-0000411,2023-12-04,Electronics,Brand Delta,London,3,219.83,2,works great,False,C-260
E-0000412,2023-11-27,Beauty,Brand Gamma,Dubai,3,363.73,4,skin felt great,False,C-151
E-0000413,2023-09-13,Electronics,Brand Delta,Islamabad,4,43.79,2,love it,True,C-230
E-0000414,2024-11-01,Sports,Brand Gamma,Dubai,5,244.95,1,broke after week,True,C-456
E-0000415,2024-11-10,Electronics,Brand Gamma,Islamabad,5,377.46,1,highly recommend,True,C-1348
E-0000416,2024-03-26,Books,Brand Alpha,London,4,34.78,1,print quality good,True,C-1312
E-0000417,2023-08-21,Books,Brand Delta,Karachi,3,388.94,5,fast delivery,True,C-269
E-0000418,2024-03-06,Books,Brand Delta,London,2,192.33,2,informative,True,C-41
E-0000419,2024-08-08,Clothing,Brand Delta,Lahore,3,220.41,3,fits perfectly,True,C-330
E-0000420,2024-01-19,Books,Brand Delta,Karachi,5,383.5,4,well written,True,C-1013
E-0000421,2023-11-07,Sports,Brand Alpha,Karachi,5,200.98,3,great for training,True,C-329
E-0000422,2024-10-10,Electronics,Brand Gamma,Karachi,4,336.81,1,disappointed with durability,False,C-13
E-0000423,2025-01-20,Electronics,Brand Delta,New York,5,99.3,2,love it,False,C-1111
E-0000424,2023-08-22,Sports,Brand Gamma,Dubai,3,379.46,1,great for training,True,C-531
E-0000425,2025-01-15,Books,Brand Alpha,Lahore,4,98.03,1,fast delivery,True,C-749
E-0000426,2024-12-10,Books,Brand Alpha,Karachi,4,356.28,2,boring content,True,C-783
E-0000427,2024-11-11,Beauty,Brand Delta,Lahore,2,113.99,1,recommend,True,C-421
E-0000428,2024-08-26,Beauty,Brand Alpha,New York,5,360.16,1,caused irritation,True,C-991
E-0000429,2025-01-04,Beauty,Brand Gamma,London,4,,1,recommend,True,C-6
E-0000430,2024-09-15,Sports,Brand Delta,Dubai,4,399.42,2,broke after week,True,C-533
E-0000431,2023-09-10,Clothing,Brand Delta,Lahore,5,89.02,1,fits perfectly,False,C-1405
E-0000432,2024-02-08,Beauty,Brand Delta,London,3,322.37,3,too expensive,True,C-500
E-0000433,2023-12-16,Sports,Brand Gamma,Islamabad,5,157.1,1,great for training,True,C-665
E-0000434,2023-12-10,Sports,Brand Gamma,London,5,154.58,3,good grip,True,C-277
E-0000435,2023-07-26,Beauty,Brand Beta,Dubai,3,384.24,3,skin felt great,True,C-849
E-0000436,2024-03-29,Clothing,Brand Alpha,London,3,48.44,2,nice fabric,True,C-540
E-0000437,2024-07-17,Home,Brand Gamma,London,2,137.73,1,cheap materials,True,C-738
E-0000438,2023-11-15,Home,Brand Delta,Islamabad,4,48.51,4,cheap materials,True,C-670
E-0000439,2024-06-12,Beauty,Brand Gamma,Islamabad,5,98.17,5,skin felt great,True,C-664
E-0000440,2023-08-22,Beauty,Brand Alpha,Lahore,3,173.72,3,nice scent,True,C-301
E-0000441,2023-11-12,Clothing,Brand Gamma,Dubai,4,50.74,1,nice fabric,True,C-40
E-0000442,2023-12-22,Clothing,Brand Alpha,Dubai,3,38.35,2,comfortable and stylish,True,C-1035
E-0000443,2023-08-21,Beauty,Brand Gamma,London,5,143.06,4,too expensive,True,C-633
E-0000444,2024-01-09,Books,Brand Alpha,New York,5,392.42,2,print quality good,True,C-1218
E-0000445,2023-11-13,Books,Brand Beta,London,5,200.7,1,fast delivery,False,C-1010
E-0000446,2024-06-11,Home,Brand Beta,Karachi,5,276.38,1,cheap materials,True,C-1358
E-0000447,2024-08-02,Home,Brand Delta,London,3,227.0,3,,True,C-6
E-0000448,2023-12-08,Books,Brand Beta,Islamabad,4,333.2,3,print quality good,True,C-1332
E-0000449,2023-07-29,Books,Brand Delta,Dubai,3,107.52,1,boring content,True,C-478
E-0000450,2024-08-09,Books,Brand Delta,Karachi,3,27.17,3,print quality good,True,C-165
E-0000451,2023-08-24,Clothing,Brand Beta,London,5,233.06,2,comfortable and stylish,True,C-967
E-0000452,2024-09-02,Home,Brand Delta,Karachi,5,40.89,3,,True,C-937
E-0000453,2023-12-20,Home,Brand Beta,Karachi,4,24.82,2,assembly was hard,True,C-1346
E-0000454,2024-08-08,Home,Brand Delta,Islamabad,4,234.59,3,looks premium,True,C-421
E-0000455,2024-05-08,Electronics,Brand Beta,Islamabad,3,388.21,3,love it,True,C-992
E-0000456,2024-11-21,Electronics,Brand Alpha,Islamabad,3,146.7,1,works great,True,C-279
E-0000457,2024-05-18,Sports,Brand Alpha,Lahore,3,24.88,2,broke after week,True,C-251
E-0000458,2024-07-11,Home,Brand Delta,London,3,82.55,1,cheap materials,False,C-1027
E-0000459,2023-10-28,Beauty,Brand Delta,Karachi,4,279.2,1,caused irritation,True,C-929
E-0000460,2024-08-01,Beauty,Brand Alpha,New York,3,57.5,2,nice scent,True,C-1150
E-0000461,2024-12-20,Books,Brand Gamma,New York,4,374.52,2,fast delivery,False,C-241
E-0000462,2023-08-12,Beauty,Brand Beta,Dubai,2,270.43,1,caused irritation,True,C-11
E-0000463,2025-01-07,Electronics,Brand Delta,New York,2,273.48,2,disappointed with durability,True,C-655
E-0000464,2024-10-22,Clothing,Brand Delta,New York,4,378.78,1,nice fabric,True,C-378
E-0000465,2023-10-29,Electronics,Brand Delta,Karachi,4,169.35,2,love it,True,C-1267
E-0000466,2024-10-27,Electronics,Brand Beta,Karachi,3,199.91,2,love it,False,C-1109
E-0000467,2024-02-08,Clothing,Brand Delta,Lahore,3,,1,fits perfectly,True,C-1380
E-0000468,2024-06-28,Electronics,Brand Gamma,Islamabad,4,28.42,2,disappointed with durability,True,C-389
E-0000469,2023-12-20,Electronics,Brand Delta,London,4,25.58,1,battery dies fast,True,C-1288
E-0000470,2024-03-03,Beauty,Brand Delta,Lahore,3,342.57,1,caused irritation,True,C-1234
E-0000471,2023-08-07,Books,Brand Alpha,Islamabad,2,124.79,1,boring content,True,C-1271
E-0000472,2024-10-22,Electronics,Brand Alpha,New York,4,161.44,3,highly recommend,True,C-775
E-0000473,2023-10-27,Home,Brand Delta,Lahore,5,361.47,3,looks premium,True,C-1087
E-0000474,2025-01-13,Sports,Brand Gamma,London,3,66.31,1,broke after week,True,C-141
E-0000475,2024-12-07,Clothing,Brand Gamma,Dubai,3,102.88,2,great value,True,C-1348
E-0000476,2023-12-29,Sports,Brand Delta,Lahore,3,367.41,2,good grip,True,C-34
E-0000477,2023-08-09,Electronics,Brand Gamma,London,2,92.12,1,poor build,True,C-401
E-0000478,2025-01-17,Home,Brand Delta,New York,1,257.0,1,looks premium,True,C-1176
E-0000479,2024-10-10,Clothing,Brand Gamma,Dubai,2,266.55,1,seams came apart,True,C-609
E-0000480,2023-08-27,Electronics,Brand Gamma,Dubai,4,319.48,1,battery dies fast,True,C-156
E-0000481,2025-01-17,Electronics,Brand Beta,Islamabad,4,225.45,1,highly recommend,True,C-237
E-0000482,2024-05-01,Sports,Brand Beta,New York,3,230.28,1,good grip,True,C-352
E-0000483,2023-12-05,Home,Brand Alpha,Dubai,5,389.17,1,looks premium,True,C-910
E-0000484,2023-09-18,Clothing,Brand Beta,Islamabad,3,310.53,3,nice fabric,True,C-710
E-0000485,2023-06-10,Beauty,Brand Gamma,London,5,82.33,2,too expensive,True,C-238
E-0000486,2024-12-24,Electronics,Brand Alpha,Karachi,5,123.69,4,disappointed with durability,True,C-411
E-0000487,2024-04-12,Home,Brand Delta,London,3,175.84,1,very useful,True,C-1155
E-0000488,2023-12-26,Beauty,Brand Gamma,Lahore,3,371.48,2,skin felt great,True,C-782
E-0000489,2023-07-23,Electronics,Brand Delta,Islamabad,3,212.83,3,works great,True,C-570
E-0000490,2023-07-21,Beauty,Brand Gamma,London,3,21.45,2,caused irritation,True,C-405
E-0000491,2023-11-19,Books,Brand Delta,London,3,381.05,1,print quality good,True,C-533
E-0000492,2024-06-08,Sports,Brand Gamma,London,4,11.36,1,broke after week,True,C-830
E-0000493,2023-09-26,Electronics,Brand Gamma,Lahore,2,331.46,1,battery dies fast,True,C-1176
E-0000494,2025-01-05,Beauty,Brand Delta,Islamabad,3,386.87,1,recommend,True,C-238
E-0000495,2023-12-25,Electronics,Brand Beta,London,3,86.57,2,disappointed with durability,True,C-1380
E-0000496,2025-01-20,Electronics,Brand Gamma,New York,2,231.45,3,excellent quality,True,C-853
E-0000497,2024-01-20,Electronics,Brand Delta,Dubai,4,196.12,2,love it,True,C-479
E-0000498,2023-12-19,Home,Brand Gamma,London,2,315.13,2,cheap materials,True,C-519
E-0000499,2024-12-03,Home,Brand Gamma,New York,3,35.8,3,very useful,True,C-782
E-0000500,2024-08-07,Books,Brand Beta,London,3,318.92,2,print quality good,True,C-842
E-0000501,2024-12-13,Books,Brand Gamma,Dubai,5,98.24,1,boring content,True,C-206
E-0000502,2024-03-10,Books,Brand Gamma,Karachi,3,369.18,3,fast delivery,True,C-870
E-0000503,2024-04-13,Clothing,Brand Gamma,Lahore,4,369.77,3,fits perfectly,False,C-1086
E-0000504,2024-01-02,Home,Brand Delta,New York,4,90.41,2,looks premium,True,C-378
E-0000505,2024-02-09,Clothing,Brand Gamma,Dubai,2,59.06,2,fits perfectly,True,C-334
E-0000506,2024-06-11,Books,Brand Gamma,London,5,30.56,2,print quality good,True,C-279
E-0000507,2024-02-18,Home,Brand Gamma,London,5,96.68,2,looks premium,False,C-570
E-0000508,2024-09-14,Sports,Brand Beta,New York,4,191.12,1,great for training,True,C-308
E-0000509,2024-05-27,Clothing,Brand Gamma,Dubai,3,167.11,1,great value,True,C-1312
E-0000510,2023-10-03,Home,Brand Delta,Lahore,3,148.33,2,looks premium,True,C-1356
E-0000511,2024-02-08,Home,Brand Beta,Lahore,4,201.18,1,would buy again,True,C-1305
E-0000512,2024-07-19,Sports,Brand Alpha,London,2,244.41,3,broke after week,True,C-291
E-0000513,2023-12-24,Sports,Brand Gamma,Karachi,5,375.72,4,poor durability,True,C-1075
E-0000514,2024-09-07,Electronics,Brand Gamma,Islamabad,5,357.8,2,average at best,True,C-1425
E-0000515,2023-06-14,Beauty,Brand Gamma,New York,5,71.54,3,nice scent,True,C-430
E-0000516,2024-04-23,Clothing,Brand Alpha,Lahore,4,36.33,1,color faded after wash,True,C-1011
E-0000517,2023-06-23,Home,Brand Alpha,New York,2,367.92,1,cheap materials,True,C-1096
E-0000518,2024-06-20,Books,Brand Gamma,Dubai,4,154.79,2,well written,True,C-347
E-0000519,2024-11-27,Sports,Brand Delta,New York,3,165.34,2,good grip,True,C-424
E-0000520,2024-12-14,Books,Brand Delta,New York,1,193.93,1,boring content,True,C-496
E-0000521,2024-10-29,Electronics,Brand Beta,Islamabad,5,253.95,1,poor build,True,C-379
E-0000522,2024-08-15,Books,Brand Beta,New York,2,358.87,2,print quality good,True,C-301
E-0000523,2023-12-19,Books,Brand Delta,Karachi,3,206.79,4,informative,True,C-801
E-0000524,2023-08-28,Books,Brand Gamma,Dubai,3,264.01,2,boring content,True,C-158
E-0000525,2024-11-22,Home,Brand Gamma,Islamabad,4,269.59,1,assembly was hard,True,C-961
E-0000526,2024-11-28,Sports,Brand Delta,Islamabad,2,57.58,2,great for training,True,C-718
E-0000527,2025-01-12,Books,Brand Delta,New York,4,294.33,2,print quality good,True,C-1422
E-0000528,2024-07-19,Clothing,Brand Delta,Dubai,4,53.93,4,comfortable and stylish,False,C-654
E-0000529,2023-09-03,Clothing,Brand Beta,Karachi,5,252.41,1,great value,True,C-1344
E-0000530,2024-10-03,Beauty,Brand Alpha,Karachi,3,194.31,1,skin felt great,True,C-1355
E-0000531,2023-08-26,Beauty,Brand Gamma,Dubai,1,291.15,3,too expensive,False,C-180
E-0000532,2024-05-26,Electronics,Brand Gamma,New York,4,67.13,4,poor build,True,C-449
E-0000533,2024-11-04,Clothing,Brand Beta,New York,3,68.49,3,color faded after wash,False,C-131
E-0000534,2023-10-19,Sports,Brand Alpha,Karachi,4,233.27,2,poor durability,True,C-1212
E-0000535,2024-01-26,Clothing,Brand Beta,Lahore,4,322.69,2,fits perfectly,True,C-1085
E-0000536,2023-10-26,Beauty,Brand Delta,Karachi,2,90.68,2,too expensive,True,C-37
E-0000537,2023-12-18,Electronics,Brand Alpha,London,1,175.86,1,excellent quality,True,C-55
E-0000538,2023-07-04,Books,Brand Delta,New York,3,184.0,2,boring content,True,C-1381
E-0000539,2024-06-05,Sports,Brand Delta,Islamabad,3,,3,good grip,True,C-193
E-0000540,2024-06-30,Clothing,Brand Alpha,Karachi,1,104.82,2,color faded after wash,True,C-1177
E-0000541,2024-03-22,Beauty,Brand Delta,Karachi,4,234.76,3,skin felt great,False,C-1160
E-0000542,2024-08-02,Sports,Brand Delta,London,4,287.13,4,great for training,True,C-1232
E-0000543,2023-09-26,Electronics,Brand Alpha,Lahore,2,28.35,2,poor build,True,C-165
E-0000544,2023-07-24,Sports,Brand Beta,Islamabad,4,251.86,2,good grip,True,C-216
E-0000545,2023-10-12,Home,Brand Delta,Lahore,3,394.32,1,would buy again,False,C-758
E-0000546,2023-07-25,Sports,Brand Beta,Dubai,5,74.76,3,great for training,True,C-493
E-0000547,2023-12-13,Clothing,Brand Gamma,London,3,56.9,3,too small,True,C-1207
E-0000548,2023-06-14,Clothing,Brand Alpha,Islamabad,3,205.63,1,too small,True,C-863
E-0000549,2023-11-11,Beauty,Brand Delta,London,3,37.44,3,nice scent,True,C-1085
E-0000550,2023-07-21,Books,Brand Alpha,Islamabad,3,363.34,1,informative,True,C-697
E-0000551,2023-08-23,Books,Brand Gamma,London,4,325.98,2,well written,True,C-767
E-0000552,2024-09-20,Home,Brand Alpha,London,4,35.02,1,very useful,True,C-1496
E-0000553,2024-01-19,Clothing,Brand Delta,Karachi,3,317.83,3,comfortable and stylish,True,C-811
E-0000554,2025-01-19,Electronics,Brand Alpha,London,2,318.66,2,average at best,True,C-1158
E-0000555,2023-09-26,Home,Brand Beta,Islamabad,4,278.65,4,very useful,True,C-867
E-0000556,2024-08-07,Clothing,Brand Beta,New York,3,113.05,1,too small,True,C-1148
E-0000557,2024-04-08,Beauty,Brand Beta,New York,4,45.2,2,skin felt great,True,C-1107
E-0000558,2024-02-24,Books,Brand Beta,Dubai,3,20.84,2,informative,True,C-1420
E-0000559,2023-12-01,Beauty,Brand Delta,London,3,245.95,4,skin felt great,True,C-333
E-0000560,2024-12-07,Beauty,Brand Gamma,London,2,54.8,3,skin felt great,True,C-1396
E-0000561,2023-07-26,Home,Brand Alpha,New York,2,196.02,2,assembly was hard,True,C-1104
E-0000562,2024-05-02,Sports,Brand Delta,New York,3,139.32,4,good grip,True,C-1469
E-0000563,2024-07-15,Books,Brand Delta,New York,5,148.93,3,boring content,True,C-1307
E-0000564,2024-08-22,Electronics,Brand Beta,Islamabad,3,90.9,4,disappointed with durability,True,C-92
E-0000565,2025-01-06,Sports,Brand Beta,Islamabad,3,227.62,4,poor durability,True,C-613
E-0000566,2023-12-03,Beauty,Brand Alpha,Lahore,4,399.66,2,nice scent,True,C-420
E-0000567,2024-10-03,Books,Brand Alpha,London,3,67.09,2,boring content,True,C-444
E-0000568,2024-01-04,Beauty,Brand Gamma,Karachi,4,106.3,3,,True,C-337
E-0000569,2023-07-29,Sports,Brand Delta,Dubai,4,352.9,2,broke after week,True,C-1165
E-0000570,2024-01-05,Clothing,Brand Alpha,Dubai,3,21.31,2,great value,True,C-816
E-0000571,2024-09-07,Books,Brand Beta,Dubai,5,238.13,3,fast delivery,True,C-901
E-0000572,2024-04-14,Electronics,Brand Alpha,Islamabad,5,190.34,3,excellent quality,False,C-474
E-0000573,2024-08-25,Books,Brand Delta,London,3,128.32,1,print quality good,True,C-883
E-0000574,2024-10-14,Sports,Brand Beta,Islamabad,3,106.21,1,broke after week,True,C-962
E-0000575,2024-06-12,Beauty,Brand Delta,Dubai,3,386.12,3,recommend,True,C-453
E-0000576,2023-09-15,Clothing,Brand Alpha,Islamabad,4,102.97,1,nice fabric,False,C-1454
E-0000577,2023-07-11,Clothing,Brand Alpha,Lahore,4,334.88,4,too small,True,C-148
E-0000578,2023-07-20,Sports,Brand Gamma,Karachi,3,359.55,3,great for training,True,C-1003
E-0000579,2024-07-11,Clothing,Brand Beta,Lahore,3,383.34,1,great value,True,C-875
E-0000580,2023-07-30,Electronics,Brand Delta,Karachi,3,370.77,3,average at best,True,C-846
E-0000581,2023-11-27,Home,Brand Alpha,Islamabad,4,343.74,2,would buy again,True,C-1448
E-0000582,2023-07-01,Home,Brand Delta,Lahore,4,224.82,2,looks premium,False,C-550
E-0000583,2023-09-09,Clothing,Brand Gamma,Islamabad,5,345.97,2,seams came apart,True,C-1485
E-0000584,2024-07-27,Sports,Brand Beta,London,3,54.76,1,broke after week,True,C-618
E-0000585,2024-08-21,Books,Brand Alpha,London,4,137.63,1,boring content,True,C-896
E-0000586,2024-02-01,Books,Brand Beta,Lahore,3,217.82,3,fast delivery,True,C-541
E-0000587,2024-11-10,Electronics,Brand Alpha,Karachi,4,122.05,7,poor build,True,C-1455
E-0000588,2024-08-08,Sports,Brand Delta,Karachi,2,177.95,2,poor durability,True,C-1371
E-0000589,2024-06-25,Home,Brand Delta,New York,4,181.14,1,looks premium,True,C-1015
E-0000590,2023-08-04,Electronics,Brand Beta,New York,4,199.24,4,excellent quality,False,C-1426
E-0000591,2023-10-27,Clothing,Brand Delta,New York,4,177.06,2,great value,True,C-89
E-0000592,2024-03-06,Clothing,Brand Delta,Dubai,3,386.48,1,seams came apart,True,C-916
E-0000593,2024-10-16,Books,Brand Alpha,Karachi,2,172.62,2,informative,True,C-1019
E-0000594,2024-03-09,Books,Brand Gamma,Dubai,5,16.45,2,print quality good,True,C-733
E-0000595,2024-03-24,Electronics,Brand Gamma,Dubai,4,101.02,1,battery dies fast,True,C-1026
E-0000596,2024-05-03,Clothing,Brand Delta,Lahore,3,276.71,2,great value,True,C-54
E-0000597,2023-07-09,Beauty,Brand Alpha,London,3,189.66,1,skin felt great,True,C-1339
E-0000598,2024-05-01,Books,Brand Alpha,Lahore,4,32.27,2,well written,False,C-963
E-0000599,2024-02-18,Clothing,Brand Beta,New York,3,139.2,3,too small,False,C-336
E-0000600,2023-10-26,Sports,Brand Alpha,Karachi,4,148.61,1,good grip,True,C-1091
E-0000601,2023-08-26,Electronics,Brand Gamma,Islamabad,3,180.82,4,poor build,False,C-632
E-0000602,2024-02-23,Clothing,Brand Delta,Karachi,3,373.2,5,fits perfectly,True,C-612
E-0000603,2023-11-01,Books,Brand Delta,Lahore,2,374.66,1,boring content,True,C-216
E-0000604,2024-08-26,Home,Brand Alpha,Islamabad,3,260.72,1,cheap materials,True,C-1003
E-0000605,2023-12-12,Books,Brand Delta,London,3,142.63,3,boring content,True,C-992
E-0000606,2024-08-18,Home,Brand Gamma,Dubai,4,49.85,2,assembly was hard,False,C-154
E-0000607,2025-01-13,Sports,Brand Alpha,New York,5,135.58,2,broke after week,True,C-145
E-0000608,2024-06-03,Sports,Brand Gamma,Karachi,3,268.38,1,broke after week,False,C-352
E-0000609,2023-11-18,Beauty,Brand Delta,New York,4,371.47,1,too expensive,True,C-900
E-0000610,2024-12-03,Beauty,Brand Beta,Islamabad,3,328.69,2,too expensive,True,C-910
E-0000611,2024-01-19,Sports,Brand Alpha,Islamabad,4,46.19,1,broke after week,True,C-713
E-0000612,2023-11-27,Home,Brand Beta,Islamabad,2,228.0,1,would buy again,True,C-980
E-0000613,2024-10-06,Electronics,Brand Delta,Karachi,2,39.39,3,works great,True,C-1025
E-0000614,2024-12-22,Books,Brand Delta,London,1,355.26,2,print quality good,False,C-568
E-0000615,2023-10-13,Clothing,Brand Beta,New York,4,302.36,1,too small,True,C-1086
E-0000616,2023-10-30,Clothing,Brand Alpha,Dubai,4,303.78,2,,False,C-693
E-0000617,2023-12-28,Home,Brand Delta,London,5,90.89,6,would buy again,True,C-796
E-0000618,2024-02-18,Clothing,Brand Delta,Karachi,4,77.21,1,too small,True,C-1268
E-0000619,2024-08-09,Beauty,Brand Alpha,Karachi,3,304.94,1,nice scent,True,C-274
E-0000620,2024-04-04,Electronics,Brand Delta,Islamabad,3,185.83,1,love it,True,C-940
E-0000621,2023-07-10,Home,Brand Alpha,Lahore,3,24.66,3,very useful,True,C-38
E-0000622,2023-09-25,Home,Brand Gamma,New York,5,315.98,1,assembly was hard,True,C-1283
E-0000623,2024-11-21,Electronics,Brand Gamma,London,4,256.03,2,disappointed with durability,True,C-1146
E-0000624,2023-12-02,Beauty,Brand Beta,Islamabad,5,187.32,3,caused irritation,True,C-177
E-0000625,2024-09-28,Books,Brand Beta,Lahore,4,301.7,1,fast delivery,True,C-751
E-0000626,2023-09-28,Sports,Brand Delta,Karachi,5,70.43,2,broke after week,False,C-577
E-0000627,2023-10-11,Clothing,Brand Beta,Lahore,2,97.9,3,nice fabric,False,C-308
E-0000628,2024-08-19,Beauty,Brand Delta,Karachi,3,,2,caused irritation,True,C-721
E-0000629,2024-08-25,Home,Brand Delta,Dubai,4,207.65,3,very useful,True,C-655
E-0000630,2024-04-03,Sports,Brand Delta,London,3,169.06,4,broke after week,False,C-657
E-0000631,2024-02-16,Home,Brand Delta,Karachi,4,397.22,2,very useful,True,C-845
E-0000632,2023-08-10,Electronics,Brand Alpha,London,5,207.62,2,works great,False,C-1011
E-0000633,2024-01-26,Books,Brand Delta,Islamabad,4,294.23,3,boring content,True,C-1239
E-0000634,2023-06-23,Electronics,Brand Alpha,London,2,245.87,2,love it,True,C-11
E-0000635,2024-08-08,Home,Brand Gamma,New York,4,290.27,1,assembly was hard,True,C-306
E-0000636,2024-06-25,Clothing,Brand Beta,New York,3,244.52,2,seams came apart,True,C-272
E-0000637,2024-09-13,Sports,Brand Alpha,New York,1,182.7,1,broke after week,True,C-423
E-0000638,2024-08-14,Sports,Brand Beta,Lahore,4,65.34,1,good grip,True,C-756
E-0000639,2024-06-24,Beauty,Brand Alpha,Karachi,3,127.6,3,too expensive,True,C-461
E-0000640,2024-02-13,Sports,Brand Delta,New York,3,,4,good grip,True,C-819
E-0000641,2023-08-17,Electronics,Brand Beta,New York,3,281.55,3,works great,True,C-678
E-0000642,2025-01-02,Electronics,Brand Alpha,London,4,268.47,1,excellent quality,True,C-790
E-0000643,2023-09-08,Sports,Brand Beta,Lahore,4,16.5,2,poor durability,True,C-268
E-0000644,2024-05-03,Clothing,Brand Beta,Dubai,4,157.28,2,color faded after wash,False,C-1156
E-0000645,2024-09-13,Sports,Brand Gamma,Islamabad,3,11.63,2,broke after week,True,C-900
E-0000646,2023-10-21,Beauty,Brand Beta,Islamabad,4,275.67,2,too expensive,True,C-1197
E-0000647,2024-10-27,Electronics,Brand Beta,Karachi,2,368.33,2,average at best,True,C-1179
E-0000648,2024-09-10,Beauty,Brand Gamma,Islamabad,4,370.64,1,skin felt great,True,C-1064
E-0000649,2024-09-17,Clothing,Brand Beta,Karachi,3,26.68,1,too small,True,C-84
E-0000650,2024-01-07,Electronics,Brand Gamma,Karachi,5,47.43,2,poor build,True,C-1315
E-0000651,2023-12-31,Books,Brand Beta,Islamabad,4,183.44,1,well written,True,C-1214
E-0000652,2024-10-29,Clothing,Brand Alpha,New York,4,339.73,1,fits perfectly,True,C-1218
E-0000653,2024-10-19,Electronics,Brand Gamma,New York,4,371.62,1,poor build,False,C-483
E-0000654,2024-07-02,Beauty,Brand Gamma,New York,2,50.32,1,recommend,True,C-685
E-0000655,2024-12-13,Electronics,Brand Gamma,London,3,131.4,3,poor build,True,C-1414
E-0000656,2024-12-07,Electronics,Brand Delta,Lahore,2,200.31,1,works great,True,C-74
E-0000657,2024-03-27,Electronics,Brand Gamma,London,3,37.85,3,average at best,True,C-1476
E-0000658,2024-02-09,Home,Brand Delta,London,1,129.67,2,would buy again,True,C-293
E-0000659,2023-07-28,Sports,Brand Beta,New York,3,67.27,1,,True,C-1095
E-0000660,2024-02-24,Home,Brand Alpha,New York,2,340.57,1,cheap materials,True,C-1193
E-0000661,2024-02-06,Home,Brand Delta,Islamabad,2,381.31,2,would buy again,True,C-1157
E-0000662,2023-11-07,Beauty,Brand Beta,Karachi,3,228.24,2,nice scent,True,C-137
E-0000663,2024-09-17,Clothing,Brand Delta,Lahore,3,183.21,1,color faded after wash,True,C-632
E-0000664,2024-11-23,Clothing,Brand Gamma,Islamabad,4,184.06,3,color faded after wash,False,C-766
E-0000665,2023-12-22,Electronics,Brand Gamma,London,1,305.07,2,excellent quality,False,C-853
E-0000666,2023-11-21,Home,Brand Delta,Dubai,1,268.88,3,looks premium,False,C-1317
E-0000667,2024-09-30,Sports,Brand Beta,New York,4,384.06,1,great for training,True,C-1004
E-0000668,2024-10-07,Clothing,Brand Beta,Dubai,3,364.6,2,nice fabric,True,C-581
E-0000669,2024-09-13,Sports,Brand Delta,London,3,256.79,3,good grip,True,C-770
E-0000670,2024-04-09,Beauty,Brand Delta,London,5,96.58,1,nice scent,True,C-1034
E-0000671,2023-12-09,Beauty,Brand Gamma,Karachi,3,77.92,3,nice scent,True,C-756
E-0000672,2024-04-27,Beauty,Brand Delta,Dubai,3,288.2,1,,True,C-414
E-0000673,2024-11-22,Home,Brand Beta,London,3,52.49,1,looks premium,True,C-565
E-0000674,2023-11-10,Beauty,Brand Delta,Karachi,4,35.47,2,caused irritation,True,C-1058
E-0000675,2024-10-01,Beauty,Brand Gamma,New York,3,120.29,2,nice scent,True,C-477
E-0000676,2023-06-17,Sports,Brand Gamma,London,5,67.37,2,good grip,True,C-456
E-0000677,2024-06-29,Sports,Brand Alpha,Karachi,5,87.22,1,broke after week,True,C-993
E-0000678,2024-08-11,Electronics,Brand Alpha,London,2,214.72,2,excellent quality,True,C-555
E-0000679,2024-07-28,Electronics,Brand Beta,Dubai,3,106.76,1,average at best,True,C-365
E-0000680,2024-06-14,Beauty,Brand Alpha,Lahore,3,41.96,1,too expensive,True,C-998
E-0000681,2024-03-31,Clothing,Brand Delta,New York,4,201.5,2,comfortable and stylish,True,C-1122
E-0000682,2024-11-05,Electronics,Brand Alpha,Karachi,2,209.42,4,average at best,True,C-237
E-0000683,2023-09-05,Clothing,Brand Beta,London,5,70.49,2,nice fabric,True,C-431
E-0000684,2024-09-28,Books,Brand Gamma,London,2,,1,informative,True,C-961
E-0000685,2025-01-04,Clothing,Brand Gamma,London,2,97.19,1,too small,True,C-154
E-0000686,2023-11-20,Electronics,Brand Delta,Lahore,4,324.24,3,works great,False,C-849
E-0000687,2023-08-08,Books,Brand Beta,Lahore,2,118.98,3,fast delivery,True,C-1036
E-0000688,2024-01-13,Beauty,Brand Beta,Karachi,2,66.79,3,skin felt great,True,C-1414
E-0000689,2024-01-09,Clothing,Brand Gamma,Lahore,5,127.34,2,color faded after wash,True,C-1460
E-0000690,2023-09-29,Books,Brand Gamma,Karachi,3,213.24,2,boring content,False,C-524
E-0000691,2023-12-22,Beauty,Brand Alpha,Karachi,5,28.67,2,recommend,True,C-146
E-0000692,2023-10-18,Home,Brand Delta,Lahore,4,205.55,1,cheap materials,True,C-241
E-0000693,2024-10-01,Beauty,Brand Delta,London,3,204.93,1,skin felt great,True,C-206
E-0000694,2023-06-04,Beauty,Brand Alpha,Lahore,5,82.6,1,too expensive,True,C-732
E-0000695,2023-09-11,Electronics,Brand Gamma,Islamabad,5,338.35,1,works great,True,C-1009
E-0000696,2024-11-02,Books,Brand Alpha,London,2,37.64,3,boring content,False,C-460
E-0000697,2023-06-20,Electronics,Brand Delta,Islamabad,4,117.9,2,battery dies fast,True,C-966
E-0000698,2024-02-21,Clothing,Brand Beta,London,3,68.87,1,comfortable and stylish,True,C-161
E-0000699,2024-03-20,Electronics,Brand Beta,Lahore,2,295.31,3,works great,True,C-979
E-0000700,2024-01-09,Sports,Brand Alpha,Islamabad,4,377.87,1,broke after week,True,C-755
E-0000701,2024-02-25,Clothing,Brand Gamma,New York,2,344.6,1,great value,True,C-528
E-0000702,2024-02-11,Clothing,Brand Delta,New York,1,391.62,2,comfortable and stylish,True,C-309
E-0000703,2023-06-11,Books,Brand Gamma,London,3,99.15,2,print quality good,True,C-1017
E-0000704,2023-12-08,Sports,Brand Delta,New York,2,268.3,2,poor durability,True,C-259
E-0000705,2023-07-02,Clothing,Brand Delta,Islamabad,2,273.58,2,too small,False,C-103
E-0000706,2024-06-12,Sports,Brand Delta,New York,5,44.22,1,great for training,True,C-336
E-0000707,2023-10-11,Beauty,Brand Delta,New York,4,91.68,2,too expensive,True,C-1430
E-0000708,2023-11-07,Home,Brand Beta,Dubai,5,77.71,1,looks premium,True,C-413
E-0000709,2024-12-12,Clothing,Brand Gamma,Lahore,5,203.26,2,too small,True,C-1176
E-0000710,2023-12-25,Home,Brand Delta,London,3,378.98,2,would buy again,True,C-1019
E-0000711,2024-11-02,Electronics,Brand Alpha,Karachi,2,183.56,3,average at best,True,C-1234
E-0000712,2024-01-12,Sports,Brand Gamma,Dubai,2,319.67,1,poor durability,True,C-309
E-0000713,2024-11-01,Books,Brand Delta,New York,4,205.7,2,boring content,True,C-460
E-0000714,2023-06-19,Beauty,Brand Alpha,Karachi,4,54.87,2,skin felt great,True,C-984
E-0000715,2024-08-20,Sports,Brand Delta,Dubai,3,318.98,1,great for training,True,C-546
E-0000716,2025-01-06,Electronics,Brand Alpha,Lahore,4,278.61,2,poor build,True,C-960
E-0000717,2023-08-06,Electronics,Brand Delta,New York,5,,2,highly recommend,False,C-13
E-0000718,2023-12-05,Beauty,Brand Beta,Lahore,5,257.95,1,too expensive,True,C-221
E-0000719,2023-06-14,Home,Brand Gamma,Karachi,3,144.76,2,assembly was hard,True,C-815
E-0000720,2024-12-27,Sports,Brand Gamma,Dubai,2,339.77,5,good grip,False,C-540
E-0000721,2023-06-16,Books,Brand Delta,Karachi,3,91.75,1,boring content,True,C-1480
E-0000722,2024-05-27,Home,Brand Alpha,New York,4,259.66,2,assembly was hard,False,C-1488
E-0000723,2024-06-02,Sports,Brand Alpha,Islamabad,5,14.22,1,poor durability,True,C-1482
E-0000724,2024-05-18,Home,Brand Delta,Karachi,4,311.32,3,looks premium,True,C-481
E-0000725,2024-07-02,Sports,Brand Beta,Lahore,3,275.5,1,good grip,True,C-1043
E-0000726,2024-05-19,Beauty,Brand Beta,London,3,44.53,3,too expensive,True,C-1249
E-0000727,2023-08-01,Electronics,Brand Delta,Lahore,3,246.07,3,average at best,True,C-583
E-0000728,2023-06-15,Books,Brand Gamma,Karachi,1,297.21,1,boring content,True,C-218
E-0000729,2023-06-01,Sports,Brand Delta,Lahore,3,206.62,3,,True,C-597
E-0000730,2024-12-04,Clothing,Brand Delta,London,3,46.16,1,nice fabric,True,C-1218
E-0000731,2024-03-23,Home,Brand Gamma,New York,3,140.55,2,looks premium,True,C-104
E-0000732,2023-09-11,Clothing,Brand Beta,Lahore,2,188.01,1,fits perfectly,True,C-513
E-0000733,2023-06-26,Clothing,Brand Delta,Dubai,4,229.43,3,seams came apart,True,C-1304
E-0000734,2024-08-31,Books,Brand Alpha,Karachi,3,353.61,1,fast delivery,True,C-338
E-0000735,2023-09-12,Sports,Brand Delta,Dubai,4,24.14,1,poor durability,True,C-492
E-0000736,2024-11-21,Books,Brand Alpha,Islamabad,3,34.94,4,well written,True,C-1320
E-0000737,2024-09-17,Books,Brand Gamma,London,3,239.33,3,informative,False,C-281
E-0000738,2023-07-24,Clothing,Brand Alpha,Karachi,5,386.19,2,seams came apart,True,C-1262
E-0000739,2025-01-20,Books,Brand Gamma,Dubai,3,14.68,2,print quality good,False,C-1049
E-0000740,2023-06-10,Clothing,Brand Gamma,New York,5,230.63,2,comfortable and stylish,True,C-1194
E-0000741,2024-05-01,Beauty,Brand Alpha,Karachi,3,63.45,1,recommend,True,C-943
E-0000742,2024-08-21,Sports,Brand Beta,Lahore,5,338.51,2,broke after week,False,C-274
E-0000743,2024-06-09,Clothing,Brand Beta,Lahore,5,314.38,3,nice fabric,True,C-963
E-0000744,2024-12-09,Beauty,Brand Delta,Islamabad,4,278.56,2,nice scent,True,C-20
E-0000745,2023-08-24,Sports,Brand Alpha,New York,4,147.17,1,great for training,False,C-289
E-0000746,2024-06-28,Books,Brand Gamma,Lahore,5,298.27,2,fast delivery,True,C-430
E-0000747,2025-01-01,Beauty,Brand Gamma,Karachi,3,283.64,2,recommend,True,C-1471
E-0000748,2024-03-04,Books,Brand Alpha,New York,4,10.7,2,fast delivery,True,C-1101
E-0000749,2024-05-14,Beauty,Brand Beta,New York,1,322.72,3,skin felt great,True,C-706
E-0000750,2024-11-28,Clothing,Brand Alpha,Islamabad,2,58.1,2,,True,C-633
E-0000751,2024-04-20,Sports,Brand Delta,Islamabad,5,398.96,3,poor durability,True,C-585
E-0000752,2023-07-16,Home,Brand Delta,Lahore,4,318.47,2,cheap materials,False,C-106
E-0000753,2024-04-04,Clothing,Brand Alpha,Dubai,4,321.1,1,color faded after wash,True,C-651
E-0000754,2023-08-30,Beauty,Brand Beta,Dubai,4,377.79,2,caused irritation,True,C-950
E-0000755,2024-07-16,Books,Brand Beta,Karachi,2,399.52,3,print quality good,True,C-142
E-0000756,2024-07-07,Home,Brand Alpha,New York,3,219.81,1,assembly was hard,True,C-472
E-0000757,2024-01-04,Clothing,Brand Beta,Islamabad,3,290.0,1,color faded after wash,True,C-796
E-0000758,2024-02-01,Beauty,Brand Alpha,Karachi,4,284.0,1,skin felt great,True,C-521
E-0000759,2024-06-23,Electronics,Brand Gamma,London,2,302.45,1,disappointed with durability,True,C-922
E-0000760,2023-12-11,Sports,Brand Beta,London,3,115.12,1,great for training,True,C-320
E-0000761,2024-07-20,Books,Brand Delta,London,3,164.99,4,well written,True,C-526
E-0000762,2024-02-10,Home,Brand Delta,Karachi,2,245.71,1,would buy again,True,C-233
E-0000763,2023-07-13,Home,Brand Alpha,New York,4,71.31,1,cheap materials,True,C-284
E-0000764,2024-12-29,Electronics,Brand Gamma,Karachi,4,136.78,4,works great,True,C-506
E-0000765,2023-06-19,Home,Brand Alpha,Islamabad,4,230.84,2,would buy again,False,C-1037
E-0000766,2024-02-20,Clothing,Brand Alpha,London,5,97.47,1,comfortable and stylish,False,C-444
E-0000767,2024-09-17,Sports,Brand Alpha,Lahore,3,47.65,3,broke after week,True,C-924
E-0000768,2023-12-31,Electronics,Brand Beta,Lahore,2,204.06,1,poor build,True,C-343
E-0000769,2024-01-07,Books,Brand Beta,Dubai,1,209.91,3,informative,True,C-215
E-0000770,2024-04-26,Home,Brand Gamma,Islamabad,2,56.94,3,cheap materials,False,C-644
E-0000771,2023-07-13,Electronics,Brand Alpha,Lahore,4,10.87,1,poor build,True,C-935
E-0000772,2023-10-29,Clothing,Brand Gamma,Lahore,4,150.22,3,color faded after wash,True,C-664
E-0000773,2024-08-13,Sports,Brand Alpha,Karachi,5,248.04,1,poor durability,True,C-1061
E-0000774,2024-11-16,Books,Brand Alpha,Lahore,2,225.34,1,fast delivery,True,C-776
E-0000775,2024-04-06,Sports,Brand Beta,Lahore,5,396.64,2,broke after week,True,C-372
E-0000776,2023-11-14,Sports,Brand Delta,Lahore,5,99.71,1,good grip,True,C-382
E-0000777,2024-10-26,Sports,Brand Gamma,Karachi,5,326.1,3,poor durability,False,C-314
E-0000778,2024-06-20,Clothing,Brand Delta,London,1,176.93,1,seams came apart,True,C-573
E-0000779,2024-03-29,Electronics,Brand Alpha,Lahore,3,73.53,1,battery dies fast,True,C-826
E-0000780,2024-09-30,Electronics,Brand Alpha,Dubai,4,317.52,1,highly recommend,True,C-25
E-0000781,2023-12-04,Electronics,Brand Beta,Lahore,2,238.72,1,average at best,True,C-1252
E-0000782,2024-04-18,Books,Brand Delta,New York,3,51.25,1,well written,True,C-990
E-0000783,2023-07-28,Clothing,Brand Gamma,London,5,83.32,2,nice fabric,True,C-195
E-0000784,2024-09-21,Sports,Brand Gamma,London,5,156.73,1,broke after week,True,C-134
E-0000785,2024-01-18,Clothing,Brand Alpha,London,4,222.33,3,comfortable and stylish,True,C-171
E-0000786,2024-10-03,Electronics,Brand Gamma,London,3,238.74,2,poor build,False,C-868
E-0000787,2023-12-20,Books,Brand Alpha,Karachi,2,106.02,1,well written,False,C-329
E-0000788,2024-10-27,Home,Brand Alpha,Dubai,1,251.4,3,would buy again,True,C-458
E-0000789,2024-12-01,Sports,Brand Alpha,London,2,274.82,1,good grip,False,C-215
E-0000790,2023-10-30,Clothing,Brand Alpha,Islamabad,2,145.45,1,comfortable and stylish,True,C-467
E-0000791,2024-11-27,Home,Brand Delta,Karachi,5,226.12,2,very useful,True,C-482
E-0000792,2023-07-03,Clothing,Brand Alpha,Lahore,3,75.18,2,fits perfectly,True,C-98
E-0000793,2024-06-01,Sports,Brand Gamma,Islamabad,5,237.58,3,poor durability,True,C-663
E-0000794,2024-12-05,Clothing,Brand Gamma,Lahore,4,271.28,2,seams came apart,True,C-177
E-0000795,2023-06-07,Beauty,Brand Gamma,Dubai,4,122.66,2,too expensive,True,C-1337
E-0000796,2024-06-07,Sports,Brand Beta,Karachi,3,297.52,2,great for training,True,C-156
E-0000797,2024-04-28,Beauty,Brand Gamma,New York,3,268.15,2,too expensive,True,C-796
E-0000798,2023-12-25,Books,Brand Beta,Karachi,1,,2,print quality good,True,C-1067
E-0000799,2023-11-03,Beauty,Brand Gamma,Dubai,4,105.26,2,recommend,True,C-727
E-0000800,2024-03-27,Home,Brand Gamma,New York,3,125.68,4,assembly was hard,True,C-201
E-0000801,2024-12-20,Books,Brand Delta,New York,2,122.67,3,,False,C-1468
E-0000802,2024-06-13,Sports,Brand Alpha,Dubai,3,63.93,2,poor durability,True,C-1429
E-0000803,2023-06-04,Books,Brand Beta,Islamabad,5,287.8,2,print quality good,True,C-71
E-0000804,2023-08-12,Books,Brand Alpha,Karachi,5,106.58,2,boring content,True,C-1057
E-0000805,2024-09-11,Books,Brand Delta,London,4,22.27,2,informative,True,C-257
E-0000806,2024-09-11,Sports,Brand Alpha,Islamabad,4,185.12,1,poor durability,True,C-1105
E-0000807,2024-10-05,Home,Brand Alpha,Islamabad,3,,1,assembly was hard,True,C-1042
E-0000808,2024-03-16,Beauty,Brand Delta,Islamabad,3,93.0,2,skin felt great,True,C-201
E-0000809,2024-12-16,Books,Brand Delta,Islamabad,3,190.17,2,well written,True,C-971
E-0000810,2023-11-21,Home,Brand Beta,Islamabad,3,327.63,4,would buy again,True,C-1188
E-0000811,2024-08-24,Sports,Brand Gamma,Dubai,4,371.62,3,poor durability,True,C-914
E-0000812,2023-12-27,Books,Brand Alpha,London,3,246.97,1,boring content,True,C-671
E-0000813,2023-08-19,Books,Brand Alpha,Karachi,1,299.34,3,fast delivery,False,C-192
E-0000814,2024-04-26,Clothing,Brand Delta,Islamabad,4,62.68,1,great value,True,C-671
E-0000815,2024-05-11,Electronics,Brand Delta,Islamabad,4,157.4,2,disappointed with durability,True,C-1416
E-0000816,2024-03-14,Sports,Brand Delta,New York,4,386.98,2,broke after week,True,C-177
E-0000817,2023-11-07,Home,Brand Gamma,Dubai,5,228.19,2,cheap materials,True,C-247
E-0000818,2024-04-02,Books,Brand Gamma,Islamabad,4,269.88,2,boring content,True,C-820
E-0000819,2023-07-17,Beauty,Brand Delta,London,5,239.9,2,skin felt great,True,C-218
E-0000820,2025-01-13,Clothing,Brand Gamma,New York,2,40.14,2,fits perfectly,True,C-692
E-0000821,2024-11-16,Home,Brand Delta,Lahore,3,241.63,1,assembly was hard,True,C-108
E-0000822,2023-08-31,Books,Brand Alpha,Lahore,5,140.26,3,print quality good,True,C-483
E-0000823,2023-09-02,Electronics,Brand Alpha,New York,2,36.91,1,highly recommend,True,C-540
E-0000824,2023-12-26,Home,Brand Beta,Lahore,4,93.33,1,very useful,False,C-1219
E-0000825,2023-09-14,Sports,Brand Gamma,Islamabad,3,291.02,1,good grip,True,C-1304
E-0000826,2024-10-25,Books,Brand Delta,New York,2,270.03,4,boring content,True,C-1139
E-0000827,2023-09-06,Electronics,Brand Delta,Dubai,3,163.21,2,excellent quality,True,C-97
E-0000828,2024-08-20,Clothing,Brand Beta,New York,4,338.64,3,fits perfectly,True,C-682
E-0000829,2024-11-05,Electronics,Brand Gamma,Dubai,4,156.22,2,battery dies fast,True,C-724
E-0000830,2024-12-20,Home,Brand Beta,New York,4,192.79,4,looks premium,True,C-255
E-0000831,2024-02-19,Clothing,Brand Gamma,Karachi,4,195.02,2,comfortable and stylish,False,C-1283
E-0000832,2024-10-02,Electronics,Brand Delta,Lahore,4,38.74,1,,True,C-969
E-0000833,2023-07-12,Home,Brand Gamma,Karachi,3,282.89,1,would buy again,True,C-499
E-0000834,2024-05-28,Clothing,Brand Alpha,Lahore,4,251.11,1,fits perfectly,True,C-1227
E-0000835,2023-12-28,Beauty,Brand Alpha,Lahore,3,196.09,1,skin felt great,True,C-1002
E-0000836,2024-06-06,Electronics,Brand Gamma,London,3,291.72,2,highly recommend,True,C-243
E-0000837,2025-01-06,Beauty,Brand Beta,London,2,389.44,2,caused irritation,True,C-440
E-0000838,2024-02-13,Electronics,Brand Gamma,Islamabad,3,144.6,4,excellent quality,True,C-443
E-0000839,2025-01-15,Books,Brand Alpha,Islamabad,1,397.32,1,,False,C-1418
E-0000840,2024-12-31,Home,Brand Delta,Lahore,4,334.1,1,would buy again,False,C-266
E-0000841,2023-12-19,Home,Brand Gamma,Islamabad,4,271.6,1,looks premium,True,C-10
E-0000842,2024-07-30,Beauty,Brand Beta,Karachi,4,322.38,1,caused irritation,True,C-1251
E-0000843,2024-02-29,Sports,Brand Alpha,London,3,302.69,2,broke after week,True,C-275
E-0000844,2024-01-25,Clothing,Brand Delta,New York,3,251.44,2,great value,False,C-1279
E-0000845,2023-08-10,Clothing,Brand Delta,Dubai,3,59.63,2,too small,True,C-1414
E-0000846,2023-07-01,Electronics,Brand Gamma,Dubai,3,231.25,2,battery dies fast,True,C-22
E-0000847,2025-01-14,Home,Brand Gamma,Lahore,5,68.06,2,assembly was hard,True,C-21
E-0000848,2024-05-17,Beauty,Brand Alpha,New York,4,217.09,2,skin felt great,True,C-159
E-0000849,2024-10-31,Beauty,Brand Gamma,Islamabad,5,253.54,2,nice scent,True,C-360
E-0000850,2024-10-26,Clothing,Brand Beta,Islamabad,5,77.71,2,seams came apart,True,C-537
E-0000851,2024-08-25,Beauty,Brand Gamma,Lahore,3,169.3,3,nice scent,False,C-1176
E-0000852,2024-08-23,Electronics,Brand Alpha,Islamabad,5,274.74,3,battery dies fast,True,C-542
E-0000853,2024-05-28,Electronics,Brand Beta,New York,3,315.3,1,average at best,True,C-429
E-0000854,2023-10-20,Beauty,Brand Beta,Islamabad,3,378.6,3,recommend,True,C-229
E-0000855,2024-04-19,Books,Brand Gamma,London,2,71.68,1,print quality good,True,C-193
E-0000856,2024-11-29,Clothing,Brand Beta,Islamabad,3,29.3,1,color faded after wash,True,C-689
E-0000857,2024-11-05,Books,Brand Gamma,Islamabad,1,396.09,3,boring content,False,C-490
E-0000858,2023-07-16,Electronics,Brand Delta,Islamabad,3,64.19,2,battery dies fast,False,C-1152
E-0000859,2023-07-29,Beauty,Brand Beta,Dubai,4,398.88,2,nice scent,True,C-1247
E-0000860,2024-11-18,Books,Brand Delta,London,3,207.76,4,informative,True,C-13
E-0000861,2023-11-26,Beauty,Brand Alpha,Lahore,5,11.76,2,too expensive,True,C-372
E-0000862,2024-04-27,Sports,Brand Delta,London,3,256.1,3,broke after week,True,C-1243
E-0000863,2024-12-29,Books,Brand Gamma,Dubai,3,154.92,1,informative,True,C-401
E-0000864,2023-08-30,Sports,Brand Delta,Dubai,4,307.54,1,great for training,True,C-1257
E-0000865,2023-08-25,Books,Brand Beta,Islamabad,4,308.35,2,informative,False,C-863
E-0000866,2023-09-30,Books,Brand Alpha,Karachi,5,142.24,2,informative,True,C-1039
E-0000867,2023-07-19,Books,Brand Gamma,Lahore,5,190.23,1,fast delivery,True,C-1060
E-0000868,2024-01-29,Electronics,Brand Gamma,Lahore,3,118.83,2,average at best,False,C-76
E-0000869,2023-06-13,Beauty,Brand Delta,Karachi,2,230.01,4,nice scent,True,C-234
E-0000870,2024-08-20,Electronics,Brand Alpha,Islamabad,3,189.48,1,excellent quality,True,C-207
E-0000871,2023-08-09,Beauty,Brand Alpha,Karachi,3,,1,caused irritation,True,C-456
E-0000872,2024-08-07,Beauty,Brand Alpha,London,4,148.91,1,caused irritation,True,C-366
E-0000873,2024-11-28,Electronics,Brand Gamma,Lahore,3,299.61,2,highly recommend,True,C-1338
E-0000874,2024-01-04,Beauty,Brand Gamma,Dubai,3,227.55,2,caused irritation,True,C-102
E-0000875,2024-07-18,Home,Brand Delta,New York,3,119.19,1,very useful,True,C-163
E-0000876,2023-09-02,Home,Brand Gamma,Lahore,2,121.42,2,very useful,True,C-219
E-0000877,2024-12-28,Home,Brand Gamma,Lahore,2,305.48,2,cheap materials,False,C-592
E-0000878,2025-01-12,Home,Brand Delta,New York,3,245.44,1,assembly was hard,True,C-514
E-0000879,2024-06-16,Books,Brand Gamma,Karachi,5,228.78,3,print quality good,True,C-1500
E-0000880,2023-09-30,Books,Brand Beta,London,2,294.62,2,well written,True,C-776
E-0000881,2024-09-07,Clothing,Brand Delta,London,3,184.78,2,color faded after wash,True,C-1120
E-0000882,2024-02-07,Home,Brand Delta,London,5,111.04,1,would buy again,True,C-818
E-0000883,2023-06-02,Clothing,Brand Beta,Lahore,2,,3,fits perfectly,True,C-731
E-0000884,2024-05-08,Clothing,Brand Alpha,London,4,285.52,1,comfortable and stylish,True,C-976
E-0000885,2024-06-25,Sports,Brand Gamma,Lahore,4,319.06,2,great for training,True,C-67
E-0000886,2024-11-13,Electronics,Brand Delta,London,2,114.9,2,disappointed with durability,True,C-1190
E-0000887,2023-07-17,Electronics,Brand Beta,London,1,281.11,1,works great,False,C-489
E-0000888,2024-06-11,Beauty,Brand Beta,Islamabad,3,269.52,3,nice scent,True,C-144
E-0000889,2024-12-06,Books,Brand Delta,Karachi,3,45.03,1,informative,True,C-1159
E-0000890,2023-12-29,Sports,Brand Delta,London,2,83.6,4,poor durability,False,C-925
E-0000891,2024-08-14,Electronics,Brand Delta,London,3,399.48,1,average at best,True,C-119
E-0000892,2024-07-07,Home,Brand Gamma,Lahore,5,294.83,1,very useful,True,C-755
E-0000893,2023-06-27,Books,Brand Delta,Karachi,1,338.04,2,boring content,True,C-1390
E-0000894,2024-01-24,Beauty,Brand Delta,Islamabad,2,134.2,2,nice scent,False,C-890
E-0000895,2023-10-01,Sports,Brand Alpha,Karachi,4,316.62,3,broke after week,False,C-950
E-0000896,2024-05-23,Beauty,Brand Gamma,Dubai,4,393.48,2,nice scent,True,C-1183
E-0000897,2024-11-14,Sports,Brand Alpha,London,5,20.92,1,great for training,True,C-781
E-0000898,2023-08-17,Beauty,Brand Delta,Karachi,3,46.86,1,skin felt great,True,C-1234
E-0000899,2024-12-23,Beauty,Brand Beta,Islamabad,3,80.65,3,too expensive,True,C-1308
E-0000900,2024-04-19,Clothing,Brand Alpha,Lahore,3,106.56,2,,True,C-867
E-0000901,2023-07-26,Electronics,Brand Alpha,Lahore,3,270.89,1,battery dies fast,True,C-372
E-0000902,2024-04-06,Electronics,Brand Beta,Lahore,3,162.69,3,excellent quality,False,C-108
E-0000903,2023-11-20,Electronics,Brand Delta,Dubai,2,304.2,3,love it,True,C-1193
E-0000904,2023-09-06,Sports,Brand Gamma,Lahore,4,116.0,1,great for training,True,C-659
E-0000905,2024-08-18,Books,Brand Beta,Lahore,1,52.02,2,print quality good,True,C-1194
E-0000906,2023-12-21,Clothing,Brand Beta,Lahore,5,110.79,1,comfortable and stylish,True,C-970
E-0000907,2023-09-13,Beauty,Brand Gamma,Lahore,5,141.3,1,recommend,True,C-26
E-0000908,2024-02-04,Home,Brand Delta,Dubai,4,370.83,1,very useful,True,C-1461
E-0000909,2024-04-20,Electronics,Brand Beta,Islamabad,2,257.98,1,excellent quality,True,C-308
E-0000910,2023-09-19,Electronics,Brand Gamma,Dubai,3,94.51,2,excellent quality,True,C-42
E-0000911,2023-08-02,Home,Brand Delta,New York,1,76.76,2,assembly was hard,True,C-1040
E-0000912,2023-09-20,Sports,Brand Gamma,New York,4,,1,broke after week,True,C-535
E-0000913,2024-07-01,Electronics,Brand Alpha,London,3,170.98,2,love it,True,C-644
E-0000914,2024-06-04,Home,Brand Alpha,New York,3,307.33,1,would buy again,True,C-1094
E-0000915,2024-02-09,Home,Brand Alpha,London,4,42.93,1,cheap materials,True,C-1227
E-0000916,2023-11-26,Books,Brand Beta,Islamabad,3,29.8,2,boring content,True,C-1021
E-0000917,2023-12-20,Beauty,Brand Gamma,Lahore,2,109.96,1,recommend,False,C-957
E-0000918,2023-11-10,Electronics,Brand Beta,Dubai,3,209.2,2,average at best,True,C-1290
E-0000919,2024-01-13,Beauty,Brand Beta,Karachi,3,125.72,2,skin felt great,True,C-190
E-0000920,2023-09-14,Beauty,Brand Beta,Dubai,4,140.3,2,caused irritation,True,C-592
E-0000921,2024-09-28,Clothing,Brand Delta,Islamabad,2,378.17,2,great value,True,C-235
E-0000922,2023-09-27,Books,Brand Beta,Dubai,5,161.83,1,fast delivery,True,C-525
E-0000923,2023-06-10,Clothing,Brand Beta,New York,2,15.67,4,seams came apart,True,C-268
E-0000924,2024-11-10,Electronics,Brand Delta,Lahore,3,330.52,3,excellent quality,False,C-1045
E-0000925,2024-01-06,Electronics,Brand Beta,New York,5,159.68,3,excellent quality,True,C-60
E-0000926,2023-10-07,Home,Brand Alpha,Karachi,4,368.23,1,looks premium,False,C-1091
E-0000927,2024-03-31,Sports,Brand Gamma,Karachi,2,308.93,1,good grip,True,C-458
E-0000928,2024-03-06,Electronics,Brand Beta,Karachi,3,337.77,3,average at best,False,C-789
E-0000929,2024-05-25,Electronics,Brand Beta,Dubai,3,384.16,5,love it,False,C-1024
E-0000930,2024-10-16,Electronics,Brand Gamma,Islamabad,3,125.04,1,works great,True,C-491
E-0000931,2024-12-05,Home,Brand Beta,Islamabad,5,278.61,3,would buy again,True,C-729
E-0000932,2023-12-22,Sports,Brand Delta,Dubai,4,114.48,1,great for training,True,C-675
E-0000933,2023-10-30,Books,Brand Gamma,London,4,77.46,2,informative,False,C-520
E-0000934,2025-01-07,Home,Brand Gamma,Lahore,2,331.1,1,assembly was hard,False,C-280
E-0000935,2023-12-27,Sports,Brand Beta,Lahore,5,35.45,1,poor durability,True,C-617
E-0000936,2023-10-16,Books,Brand Gamma,Dubai,4,116.11,2,informative,False,C-1392
E-0000937,2023-06-02,Beauty,Brand Beta,Dubai,4,213.56,1,nice scent,True,C-761
E-0000938,2023-10-03,Clothing,Brand Beta,Lahore,4,386.85,1,seams came apart,True,C-508
E-0000939,2024-05-16,Electronics,Brand Delta,Dubai,4,93.81,3,battery dies fast,True,C-634
E-0000940,2023-07-07,Home,Brand Delta,New York,2,234.84,2,assembly was hard,True,C-146
E-0000941,2024-02-22,Sports,Brand Gamma,Dubai,3,170.86,3,great for training,True,C-1202
E-0000942,2024-08-19,Home,Brand Alpha,Islamabad,1,350.56,1,would buy again,True,C-1294
E-0000943,2024-10-23,Books,Brand Alpha,New York,4,319.16,1,boring content,True,C-1275
E-0000944,2024-09-20,Home,Brand Alpha,Karachi,3,296.84,1,,True,C-51
E-0000945,2024-03-20,Beauty,Brand Alpha,New York,2,238.86,4,caused irritation,True,C-54
E-0000946,2023-12-31,Beauty,Brand Beta,Lahore,3,19.61,2,skin felt great,True,C-1391
E-0000947,2024-12-22,Clothing,Brand Gamma,Dubai,3,41.46,3,color faded after wash,True,C-615
E-0000948,2024-01-28,Books,Brand Alpha,Karachi,3,122.94,1,fast delivery,False,C-691
E-0000949,2023-08-04,Books,Brand Alpha,Lahore,3,366.3,2,fast delivery,True,C-1264
E-0000950,2024-08-17,Sports,Brand Delta,Dubai,4,357.44,1,poor durability,True,C-905
E-0000951,2024-05-11,Electronics,Brand Delta,London,4,179.15,4,works great,True,C-539
E-0000952,2024-04-10,Beauty,Brand Gamma,New York,4,309.05,1,skin felt great,False,C-1399
E-0000953,2023-12-28,Clothing,Brand Beta,Dubai,3,321.33,1,comfortable and stylish,False,C-611
E-0000954,2024-08-23,Electronics,Brand Beta,London,5,11.35,2,battery dies fast,True,C-329
E-0000955,2023-11-07,Electronics,Brand Alpha,Islamabad,3,153.31,2,love it,True,C-775
E-0000956,2024-07-28,Sports,Brand Alpha,New York,5,252.52,4,poor durability,True,C-748
E-0000957,2023-08-08,Clothing,Brand Beta,Dubai,4,61.77,1,color faded after wash,True,C-471
E-0000958,2024-06-26,Home,Brand Alpha,Karachi,5,281.53,1,very useful,True,C-183
E-0000959,2023-11-07,Sports,Brand Delta,Karachi,4,249.41,2,good grip,False,C-1395
E-0000960,2024-08-21,Clothing,Brand Gamma,Dubai,3,124.01,1,fits perfectly,True,C-943
E-0000961,2024-05-23,Books,Brand Beta,Lahore,3,289.35,2,informative,True,C-1199
E-0000962,2024-11-04,Clothing,Brand Beta,Karachi,1,257.43,4,,True,C-212
E-0000963,2024-04-12,Clothing,Brand Beta,New York,3,195.45,2,seams came apart,True,C-240
E-0000964,2023-09-29,Sports,Brand Delta,New York,2,119.0,1,poor durability,False,C-445
E-0000965,2024-03-16,Electronics,Brand Gamma,Islamabad,4,64.57,1,disappointed with durability,True,C-1058
E-0000966,2023-07-14,Books,Brand Beta,London,3,267.82,1,fast delivery,True,C-526
E-0000967,2024-03-26,Clothing,Brand Delta,Islamabad,3,195.59,1,nice fabric,True,C-65
E-0000968,2024-08-13,Clothing,Brand Beta,New York,4,268.27,1,fits perfectly,True,C-620
E-0000969,2024-10-23,Beauty,Brand Beta,Dubai,4,319.83,2,skin felt great,True,C-1311
E-0000970,2024-11-09,Electronics,Brand Beta,Islamabad,5,81.28,3,excellent quality,True,C-1324
E-0000971,2024-06-28,Sports,Brand Delta,Dubai,3,117.51,1,good grip,False,C-1174
E-0000972,2023-07-29,Home,Brand Alpha,London,2,212.95,1,cheap materials,True,C-1002
E-0000973,2024-05-02,Electronics,Brand Delta,New York,3,61.85,2,battery dies fast,True,C-993
E-0000974,2024-03-25,Electronics,Brand Delta,New York,1,151.6,1,poor build,True,C-1136
E-0000975,2023-11-03,Clothing,Brand Beta,New York,3,291.86,2,nice fabric,True,C-1437
E-0000976,2024-12-20,Beauty,Brand Gamma,London,4,31.23,3,skin felt great,True,C-863
E-0000977,2024-09-13,Electronics,Brand Delta,London,3,223.85,1,works great,True,C-961
E-0000978,2024-09-04,Beauty,Brand Beta,Karachi,4,377.51,1,skin felt great,True,C-37
E-0000979,2023-11-29,Clothing,Brand Delta,London,4,347.59,3,seams came apart,True,C-1060
E-0000980,2024-01-21,Beauty,Brand Beta,New York,2,226.59,1,recommend,True,C-721
E-0000981,2023-07-29,Sports,Brand Alpha,New York,2,145.47,3,broke after week,True,C-577
E-0000982,2024-10-23,Sports,Brand Alpha,London,5,254.05,3,broke after week,False,C-65
E-0000983,2024-06-14,Sports,Brand Delta,Islamabad,3,12.69,2,poor durability,True,C-951
E-0000984,2023-07-05,Clothing,Brand Beta,London,4,351.26,2,nice fabric,True,C-110
E-0000985,2023-12-04,Electronics,Brand Delta,London,3,34.37,3,highly recommend,True,C-999
E-0000986,2023-12-09,Books,Brand Beta,Karachi,2,244.87,2,informative,False,C-806
E-0000987,2023-10-09,Books,Brand Beta,New York,4,97.46,2,fast delivery,True,C-5
E-0000988,2024-01-28,Home,Brand Delta,London,3,147.04,2,would buy again,True,C-659
E-0000989,2023-06-01,Home,Brand Gamma,London,4,202.07,4,very useful,True,C-725
E-0000990,2024-11-22,Electronics,Brand Beta,Karachi,3,359.55,3,works great,True,C-406
E-0000991,2024-08-21,Clothing,Brand Alpha,Dubai,3,281.79,3,too small,True,C-177
E-0000992,2024-04-27,Home,Brand Beta,New York,3,199.35,2,looks premium,True,C-1278
E-0000993,2023-11-01,Beauty,Brand Alpha,New York,3,171.92,1,too expensive,True,C-40
E-0000994,2023-06-18,Sports,Brand Beta,Karachi,2,276.54,1,good grip,True,C-1043
E-0000995,2024-06-26,Sports,Brand Gamma,London,5,132.61,2,poor durability,True,C-1121
E-0000996,2024-03-27,Books,Brand Alpha,Dubai,2,353.4,2,boring content,True,C-975
E-0000997,2024-09-08,Beauty,Brand Alpha,Lahore,2,103.12,3,too expensive,True,C-733
E-0000998,2024-04-03,Beauty,Brand Beta,Karachi,3,384.43,1,skin felt great,True,C-512
E-0000999,2024-10-04,Beauty,Brand Alpha,London,4,380.66,1,too expensive,False,C-329
E-0001000,2024-10-08,Electronics,Brand Delta,Islamabad,4,45.97,2,battery dies fast,True,C-179
E-0001001,2023-12-02,Books,Brand Delta,Karachi,4,86.39,2,fast delivery,True,C-802
E-0001002,2024-10-26,Sports,Brand Alpha,Dubai,3,209.15,4,good grip,False,C-63
E-0001003,2024-07-31,Books,Brand Delta,Dubai,3,360.64,2,print quality good,True,C-765
E-0001004,2023-07-13,Sports,Brand Alpha,Islamabad,3,77.09,3,broke after week,True,C-1436
E-0001005,2023-12-21,Clothing,Brand Beta,Dubai,3,326.64,3,comfortable and stylish,True,C-781
E-0001006,2023-11-12,Books,Brand Delta,Islamabad,2,172.06,1,well written,True,C-1223
E-0001007,2023-11-12,Books,Brand Gamma,Islamabad,2,97.01,2,well written,True,C-209
E-0001008,2023-09-25,Home,Brand Gamma,London,4,57.57,2,very useful,False,C-1337
E-0001009,2023-10-17,Clothing,Brand Alpha,Islamabad,4,141.34,1,comfortable and stylish,True,C-1271
E-0001010,2024-12-01,Clothing,Brand Beta,Dubai,5,133.47,2,comfortable and stylish,True,C-1025
E-0001011,2023-06-27,Home,Brand Delta,Karachi,2,54.64,3,very useful,True,C-89
E-0001012,2024-09-01,Sports,Brand Gamma,Karachi,3,218.08,1,good grip,True,C-74
E-0001013,2024-07-30,Clothing,Brand Beta,Dubai,3,63.91,2,too small,True,C-785
E-0001014,2024-12-23,Sports,Brand Delta,Lahore,3,254.21,2,poor durability,True,C-926
E-0001015,2023-09-25,Books,Brand Delta,Karachi,4,280.79,4,informative,True,C-1066
E-0001016,2023-11-05,Books,Brand Gamma,Lahore,3,215.96,1,print quality good,True,C-37
E-0001017,2024-12-09,Sports,Brand Alpha,Islamabad,3,139.38,3,great for training,True,C-1233
E-0001018,2024-03-30,Sports,Brand Gamma,Islamabad,5,142.39,4,broke after week,True,C-301
E-0001019,2024-06-28,Sports,Brand Delta,Lahore,2,188.56,1,good grip,True,C-91
E-0001020,2024-11-15,Beauty,Brand Alpha,Islamabad,4,384.65,4,recommend,True,C-707
E-0001021,2024-12-05,Home,Brand Delta,London,5,333.48,2,looks premium,True,C-255
E-0001022,2024-10-07,Electronics,Brand Beta,New York,3,,1,battery dies fast,True,C-1390
E-0001023,2024-01-19,Clothing,Brand Delta,New York,3,270.95,2,too small,True,C-183
E-0001024,2024-12-28,Clothing,Brand Gamma,London,3,223.04,1,nice fabric,True,C-1117
E-0001025,2023-09-26,Books,Brand Beta,Dubai,5,128.84,1,fast delivery,True,C-337
E-0001026,2024-06-05,Beauty,Brand Delta,London,1,121.76,3,caused irritation,True,C-395
E-0001027,2024-11-05,Clothing,Brand Alpha,Karachi,3,,1,comfortable and stylish,True,C-1448
E-0001028,2024-06-23,Sports,Brand Delta,Karachi,3,234.83,2,great for training,True,C-1322
E-0001029,2023-08-10,Sports,Brand Beta,Lahore,4,192.41,2,broke after week,False,C-180
E-0001030,2023-07-18,Beauty,Brand Beta,Lahore,4,346.79,1,too expensive,True,C-551
E-0001031,2023-11-11,Home,Brand Alpha,Dubai,4,379.45,1,very useful,True,C-950
E-0001032,2024-06-26,Home,Brand Alpha,London,2,374.76,2,would buy again,True,C-844
E-0001033,2023-12-16,Home,Brand Beta,Lahore,4,115.02,3,assembly was hard,True,C-700
E-0001034,2023-09-03,Sports,Brand Beta,Karachi,4,95.69,3,poor durability,True,C-1382
E-0001035,2024-03-19,Electronics,Brand Delta,Dubai,2,250.85,1,disappointed with durability,True,C-295
E-0001036,2024-01-03,Beauty,Brand Beta,London,4,68.9,3,too expensive,True,C-374
E-0001037,2024-09-07,Sports,Brand Beta,Islamabad,2,329.83,2,good grip,False,C-1189
E-0001038,2024-04-26,Home,Brand Gamma,Karachi,4,271.34,1,looks premium,True,C-1443
E-0001039,2024-10-12,Sports,Brand Delta,Islamabad,4,183.99,3,poor durability,True,C-736
E-0001040,2024-11-10,Clothing,Brand Beta,Islamabad,3,223.63,3,comfortable and stylish,True,C-16
E-0001041,2023-06-04,Sports,Brand Beta,Lahore,3,165.27,2,broke after week,True,C-243
E-0001042,2023-10-04,Home,Brand Beta,London,3,91.55,3,would buy again,True,C-131
E-0001043,2023-12-04,Beauty,Brand Beta,Dubai,4,106.1,1,nice scent,True,C-1142
E-0001044,2025-01-20,Home,Brand Beta,London,4,30.81,3,assembly was hard,True,C-1266
E-0001045,2024-11-01,Sports,Brand Gamma,London,1,211.68,1,poor durability,True,C-903
E-0001046,2024-09-23,Beauty,Brand Gamma,Islamabad,4,44.07,4,recommend,True,C-216
E-0001047,2023-11-01,Home,Brand Gamma,London,2,48.15,2,would buy again,False,C-1246
E-0001048,2023-09-28,Electronics,Brand Alpha,London,4,60.35,1,works great,False,C-1180
E-0001049,2024-09-25,Sports,Brand Beta,London,4,320.24,2,broke after week,True,C-672
E-0001050,2024-09-15,Beauty,Brand Gamma,Karachi,3,252.79,2,caused irritation,True,C-373
E-0001051,2024-03-27,Beauty,Brand Alpha,Karachi,4,309.58,4,skin felt great,True,C-680
E-0001052,2024-06-08,Home,Brand Beta,Islamabad,3,214.71,2,looks premium,True,C-306
E-0001053,2024-01-12,Books,Brand Alpha,New York,3,268.15,1,well written,True,C-950
E-0001054,2024-04-12,Home,Brand Gamma,London,2,,3,looks premium,False,C-1456
E-0001055,2024-01-29,Books,Brand Alpha,Islamabad,5,250.0,2,informative,True,C-95
E-0001056,2024-02-25,Electronics,Brand Gamma,Dubai,3,149.08,1,battery dies fast,True,C-1345
E-0001057,2024-04-30,Home,Brand Beta,New York,2,359.98,1,very useful,True,C-1324
E-0001058,2024-02-22,Clothing,Brand Delta,London,3,54.07,2,nice fabric,False,C-443
E-0001059,2024-11-02,Sports,Brand Gamma,Karachi,2,399.3,2,good grip,True,C-292
E-0001060,2024-07-12,Clothing,Brand Delta,Islamabad,3,146.34,4,fits perfectly,True,C-216
E-0001061,2024-07-26,Beauty,Brand Gamma,New York,2,286.79,1,skin felt great,True,C-155
E-0001062,2023-07-18,Beauty,Brand Delta,Karachi,3,351.45,1,caused irritation,True,C-1192
E-0001063,2025-01-17,Sports,Brand Alpha,Islamabad,4,189.07,1,good grip,True,C-1112
E-0001064,2023-06-19,Beauty,Brand Delta,Lahore,2,385.54,2,skin felt great,True,C-776
E-0001065,2024-05-06,Sports,Brand Beta,Karachi,5,128.57,2,good grip,True,C-738
E-0001066,2024-02-11,Books,Brand Beta,Dubai,3,38.09,4,well written,True,C-1008
E-0001067,2023-07-26,Sports,Brand Beta,New York,3,66.06,1,great for training,True,C-167
E-0001068,2023-09-01,Home,Brand Alpha,Islamabad,4,266.78,3,assembly was hard,True,C-658
E-0001069,2024-06-22,Electronics,Brand Delta,Dubai,3,347.81,3,works great,True,C-1442
E-0001070,2024-05-02,Electronics,Brand Beta,Dubai,5,362.12,2,highly recommend,True,C-355
E-0001071,2024-04-29,Sports,Brand Alpha,New York,5,78.12,1,good grip,True,C-1105
E-0001072,2024-08-24,Electronics,Brand Beta,New York,3,296.85,1,poor build,True,C-1496
E-0001073,2024-07-19,Electronics,Brand Gamma,Karachi,3,21.96,1,poor build,True,C-294
E-0001074,2024-03-13,Home,Brand Gamma,Karachi,5,47.92,1,assembly was hard,True,C-1009
E-0001075,2023-11-14,Electronics,Brand Delta,Islamabad,3,264.86,1,works great,False,C-1107
E-0001076,2023-11-15,Clothing,Brand Beta,Lahore,2,274.83,2,fits perfectly,True,C-669
E-0001077,2023-06-08,Beauty,Brand Beta,Dubai,5,325.83,1,skin felt great,False,C-524
E-0001078,2023-12-26,Beauty,Brand Gamma,Lahore,4,238.32,2,skin felt great,True,C-1357
E-0001079,2023-07-07,Beauty,Brand Gamma,London,2,217.59,2,nice scent,False,C-613
E-0001080,2024-03-11,Home,Brand Alpha,Dubai,4,14.49,1,cheap materials,True,C-1454
E-0001081,2024-05-25,Clothing,Brand Alpha,Islamabad,1,140.28,3,fits perfectly,False,C-455
E-0001082,2024-11-01,Home,Brand Gamma,London,3,368.24,2,assembly was hard,False,C-943
E-0001083,2024-11-23,Beauty,Brand Gamma,Lahore,2,229.01,1,skin felt great,True,C-1155
E-0001084,2024-02-05,Beauty,Brand Beta,London,3,184.82,1,caused irritation,True,C-565
E-0001085,2025-01-13,Beauty,Brand Gamma,Karachi,4,146.07,1,nice scent,True,C-861
E-0001086,2024-07-25,Beauty,Brand Beta,New York,3,249.32,3,nice scent,True,C-630
E-0001087,2023-06-24,Clothing,Brand Delta,Islamabad,3,179.43,3,too small,True,C-1464
E-0001088,2023-08-01,Clothing,Brand Alpha,Karachi,3,56.73,2,great value,True,C-1105
E-0001089,2023-12-08,Clothing,Brand Alpha,Karachi,3,362.39,1,too small,True,C-468
E-0001090,2024-10-16,Clothing,Brand Beta,Dubai,5,42.3,3,fits perfectly,False,C-329
E-0001091,2023-08-26,Electronics,Brand Delta,Dubai,3,375.17,1,average at best,True,C-324
E-0001092,2023-09-20,Electronics,Brand Gamma,Karachi,2,134.3,2,love it,True,C-608
E-0001093,2023-12-30,Electronics,Brand Beta,Islamabad,4,153.9,1,love it,True,C-992
E-0001094,2023-06-26,Electronics,Brand Beta,Lahore,3,151.25,2,excellent quality,False,C-745
E-0001095,2023-06-10,Clothing,Brand Beta,Lahore,4,164.52,1,comfortable and stylish,True,C-1348
E-0001096,2023-08-15,Sports,Brand Alpha,London,2,187.07,1,great for training,False,C-777
E-0001097,2024-03-26,Books,Brand Delta,Dubai,2,198.75,2,print quality good,False,C-137
E-0001098,2023-08-01,Clothing,Brand Beta,New York,5,223.2,1,color faded after wash,True,C-556
E-0001099,2024-01-12,Clothing,Brand Gamma,Karachi,4,202.43,2,seams came apart,True,C-980
E-0001100,2024-06-03,Home,Brand Gamma,Lahore,4,344.61,1,would buy again,True,C-122
E-0001101,2024-07-15,Home,Brand Beta,Karachi,3,325.32,3,cheap materials,True,C-548
E-0001102,2024-10-24,Sports,Brand Alpha,Dubai,5,242.94,1,great for training,True,C-1304
E-0001103,2023-12-04,Clothing,Brand Gamma,Dubai,3,366.95,4,seams came apart,True,C-626
E-0001104,2024-05-03,Electronics,Brand Alpha,London,5,294.12,1,excellent quality,True,C-218
E-0001105,2024-07-23,Clothing,Brand Beta,Lahore,4,86.92,1,color faded after wash,False,C-176
E-0001106,2024-05-07,Electronics,Brand Beta,New York,1,70.99,4,highly recommend,False,C-195
E-0001107,2024-01-24,Home,Brand Alpha,London,2,101.93,1,looks premium,True,C-996
E-0001108,2024-09-12,Sports,Brand Gamma,London,2,131.03,1,poor durability,True,C-306
E-0001109,2024-08-01,Sports,Brand Delta,New York,4,332.12,4,good grip,True,C-657
E-0001110,2024-03-14,Electronics,Brand Beta,London,2,362.64,2,average at best,True,C-99
E-0001111,2024-01-21,Beauty,Brand Alpha,New York,3,27.46,2,too expensive,True,C-1441
E-0001112,2023-12-25,Clothing,Brand Beta,London,2,105.92,1,comfortable and stylish,True,C-1272
E-0001113,2023-10-10,Beauty,Brand Alpha,Karachi,4,17.93,2,skin felt great,True,C-878
E-0001114,2023-08-18,Beauty,Brand Beta,Lahore,2,301.53,2,recommend,True,C-988
E-0001115,2023-07-29,Sports,Brand Beta,Karachi,1,84.54,3,broke after week,True,C-1362
E-0001116,2023-07-25,Books,Brand Gamma,Karachi,5,105.26,2,well written,True,C-426
E-0001117,2024-11-03,Electronics,Brand Alpha,Karachi,3,301.86,2,love it,False,C-1069
E-0001118,2023-10-05,Electronics,Brand Beta,Islamabad,4,278.18,2,battery dies fast,True,C-1196
E-0001119,2024-08-18,Books,Brand Gamma,New York,2,313.61,1,boring content,True,C-375
E-0001120,2023-09-14,Books,Brand Gamma,Islamabad,5,144.82,1,well written,True,C-151
E-0001121,2024-11-30,Home,Brand Alpha,London,5,264.67,3,would buy again,True,C-1425
E-0001122,2024-09-15,Books,Brand Gamma,Dubai,5,230.48,3,fast delivery,True,C-965
E-0001123,2023-12-14,Electronics,Brand Gamma,Lahore,3,389.26,1,love it,False,C-264
E-0001124,2024-10-11,Clothing,Brand Beta,New York,3,391.87,3,color faded after wash,True,C-1358
E-0001125,2024-04-15,Books,Brand Delta,New York,3,189.36,2,well written,True,C-635
E-0001126,2024-07-13,Electronics,Brand Gamma,London,4,287.2,3,excellent quality,False,C-600
E-0001127,2023-06-18,Home,Brand Delta,Lahore,2,276.51,6,very useful,True,C-236
E-0001128,2024-04-01,Sports,Brand Alpha,Islamabad,3,274.29,2,poor durability,True,C-1164
E-0001129,2023-07-20,Beauty,Brand Beta,Islamabad,3,85.94,2,skin felt great,True,C-1047
E-0001130,2024-06-26,Electronics,Brand Gamma,Karachi,2,360.62,4,disappointed with durability,True,C-1455
E-0001131,2024-02-17,Clothing,Brand Alpha,Islamabad,2,53.39,4,comfortable and stylish,True,C-953
E-0001132,2024-10-04,Books,Brand Delta,Dubai,4,154.2,3,fast delivery,True,C-1009
E-0001133,2024-07-21,Books,Brand Gamma,Islamabad,1,57.9,2,boring content,True,C-264
E-0001134,2024-02-16,Electronics,Brand Beta,Islamabad,4,238.42,2,average at best,True,C-787
E-0001135,2024-06-25,Home,Brand Gamma,New York,5,358.18,2,would buy again,False,C-1131
E-0001136,2024-01-30,Books,Brand Beta,London,5,95.52,2,print quality good,True,C-1344
E-0001137,2023-08-17,Sports,Brand Delta,Islamabad,3,141.43,2,broke after week,True,C-46
E-0001138,2024-10-09,Books,Brand Delta,Karachi,3,193.66,5,print quality good,True,C-1384
E-0001139,2024-07-27,Clothing,Brand Alpha,London,5,285.9,2,color faded after wash,True,C-720
E-0001140,2024-12-16,Sports,Brand Gamma,London,3,53.33,3,broke after week,False,C-784
E-0001141,2023-12-22,Electronics,Brand Gamma,Dubai,2,175.59,2,poor build,True,C-81
E-0001142,2024-08-17,Electronics,Brand Alpha,Lahore,5,112.85,2,disappointed with durability,True,C-526
E-0001143,2023-11-20,Books,Brand Gamma,Islamabad,4,304.92,3,fast delivery,True,C-1043
E-0001144,2024-06-30,Home,Brand Beta,London,3,198.5,1,looks premium,True,C-148
E-0001145,2023-10-15,Sports,Brand Alpha,London,3,122.82,3,good grip,True,C-1339
E-0001146,2023-08-16,Books,Brand Beta,London,5,124.95,2,boring content,False,C-757
E-0001147,2024-05-28,Beauty,Brand Gamma,Dubai,2,82.21,3,recommend,True,C-325
E-0001148,2024-09-05,Books,Brand Beta,Dubai,4,13.04,2,well written,True,C-1002
E-0001149,2024-02-02,Books,Brand Delta,New York,3,275.8,4,print quality good,True,C-496
E-0001150,2023-08-26,Sports,Brand Alpha,New York,4,94.96,1,great for training,True,C-580
E-0001151,2024-07-11,Sports,Brand Delta,New York,3,,2,good grip,True,C-899
E-0001152,2024-06-19,Home,Brand Alpha,Lahore,3,28.29,4,cheap materials,True,C-234
E-0001153,2024-05-03,Clothing,Brand Gamma,Dubai,3,360.28,3,great value,True,C-1334
E-0001154,2024-10-01,Electronics,Brand Beta,London,4,91.76,2,works great,True,C-325
E-0001155,2024-07-05,Sports,Brand Gamma,New York,4,82.06,4,poor durability,True,C-1239
E-0001156,2024-12-22,Clothing,Brand Alpha,Karachi,3,35.71,2,comfortable and stylish,False,C-1340
E-0001157,2024-06-24,Electronics,Brand Gamma,Lahore,4,158.87,3,excellent quality,True,C-548
E-0001158,2024-01-21,Beauty,Brand Alpha,New York,3,325.01,1,nice scent,True,C-604
E-0001159,2024-08-18,Books,Brand Alpha,New York,2,179.46,2,fast delivery,False,C-1112
E-0001160,2024-01-31,Books,Brand Alpha,Lahore,3,350.81,2,print quality good,True,C-457
E-0001161,2024-06-29,Home,Brand Beta,Islamabad,1,133.71,3,very useful,True,C-522
E-0001162,2024-03-23,Sports,Brand Gamma,Islamabad,4,213.47,2,poor durability,True,C-24
E-0001163,2023-08-08,Clothing,Brand Gamma,Karachi,4,381.9,1,seams came apart,True,C-842
E-0001164,2024-07-03,Books,Brand Beta,Dubai,2,346.2,3,informative,False,C-757
E-0001165,2023-12-27,Home,Brand Gamma,New York,4,275.22,2,assembly was hard,True,C-741
E-0001166,2024-09-11,Beauty,Brand Gamma,Dubai,4,14.83,2,too expensive,False,C-1137
E-0001167,2025-01-11,Home,Brand Beta,London,4,65.39,1,assembly was hard,True,C-158
E-0001168,2023-09-06,Sports,Brand Delta,Islamabad,3,141.74,2,poor durability,True,C-1171
E-0001169,2024-02-06,Sports,Brand Alpha,Karachi,3,134.78,1,broke after week,False,C-1405
E-0001170,2024-09-13,Books,Brand Beta,Islamabad,4,386.23,3,informative,True,C-546
E-0001171,2024-08-18,Clothing,Brand Gamma,Lahore,1,294.77,1,seams came apart,True,C-1004
E-0001172,2023-07-17,Home,Brand Beta,London,2,117.19,2,would buy again,False,C-892
E-0001173,2024-10-26,Beauty,Brand Alpha,London,3,300.66,2,skin felt great,True,C-1117
E-0001174,2024-10-15,Sports,Brand Alpha,Karachi,3,44.31,1,great for training,True,C-1046
E-0001175,2024-11-12,Beauty,Brand Gamma,London,4,174.55,1,recommend,False,C-921
E-0001176,2023-09-06,Sports,Brand Gamma,Karachi,1,20.24,1,great for training,True,C-143
E-0001177,2023-11-25,Sports,Brand Gamma,Dubai,4,103.35,1,broke after week,True,C-109
E-0001178,2023-11-30,Electronics,Brand Beta,Islamabad,5,225.71,2,disappointed with durability,False,C-733
E-0001179,2024-02-06,Books,Brand Gamma,Dubai,3,120.58,3,informative,True,C-149
E-0001180,2024-12-19,Home,Brand Delta,Dubai,4,358.15,1,very useful,True,C-1406
E-0001181,2024-08-28,Clothing,Brand Delta,Lahore,1,311.34,1,nice fabric,True,C-300
E-0001182,2024-10-06,Beauty,Brand Gamma,Karachi,3,391.6,2,too expensive,True,C-1096
E-0001183,2024-04-17,Clothing,Brand Delta,Karachi,3,49.37,3,great value,True,C-127
E-0001184,2023-10-02,Books,Brand Gamma,Islamabad,4,334.31,2,print quality good,True,C-1019
E-0001185,2023-12-16,Books,Brand Alpha,Karachi,4,308.0,1,informative,True,C-1374
E-0001186,2023-09-08,Sports,Brand Beta,London,3,317.57,1,broke after week,False,C-530
E-0001187,2024-10-30,Books,Brand Gamma,Dubai,5,117.91,1,fast delivery,False,C-457
E-0001188,2024-09-22,Books,Brand Beta,London,4,76.17,2,print quality good,True,C-1373
E-0001189,2024-05-10,Clothing,Brand Delta,Islamabad,3,84.4,2,great value,True,C-125
E-0001190,2023-12-11,Home,Brand Gamma,New York,2,127.32,3,assembly was hard,True,C-699
E-0001191,2023-07-20,Home,Brand Beta,London,4,370.95,4,would buy again,True,C-47
E-0001192,2024-03-07,Books,Brand Gamma,Islamabad,3,206.54,2,fast delivery,True,C-1279
E-0001193,2024-02-01,Books,Brand Beta,Lahore,5,111.38,2,print quality good,False,C-1431
E-0001194,2023-10-19,Sports,Brand Alpha,New York,3,81.16,2,great for training,True,C-696
E-0001195,2023-11-27,Electronics,Brand Alpha,Islamabad,5,119.56,1,battery dies fast,True,C-567
E-0001196,2024-06-08,Beauty,Brand Delta,London,3,271.54,2,caused irritation,True,C-1237
E-0001197,2024-11-08,Electronics,Brand Delta,New York,4,261.08,3,poor build,True,C-1054
E-0001198,2024-03-24,Sports,Brand Alpha,Dubai,3,258.96,4,,True,C-416
E-0001199,2024-04-01,Electronics,Brand Gamma,Lahore,1,210.59,1,,True,C-214
E-0001200,2023-09-05,Clothing,Brand Delta,Islamabad,2,165.63,1,nice fabric,True,C-203
E-0001201,2023-12-11,Home,Brand Delta,Karachi,2,283.42,1,assembly was hard,True,C-736
E-0001202,2023-12-17,Sports,Brand Alpha,Karachi,5,208.66,1,great for training,True,C-596
E-0001203,2025-01-15,Electronics,Brand Delta,Islamabad,4,198.7,1,poor build,True,C-153
E-0001204,2024-02-17,Books,Brand Beta,London,2,251.99,1,print quality good,True,C-1107
E-0001205,2024-06-03,Clothing,Brand Gamma,London,5,381.09,1,comfortable and stylish,True,C-1028
E-0001206,2024-03-07,Home,Brand Beta,London,2,162.0,3,looks premium,True,C-251
E-0001207,2023-09-28,Books,Brand Beta,Karachi,3,194.04,1,fast delivery,True,C-950
E-0001208,2024-04-25,Sports,Brand Alpha,Lahore,4,64.76,2,good grip,True,C-497
E-0001209,2023-11-05,Home,Brand Gamma,London,3,160.2,5,assembly was hard,True,C-746
E-0001210,2024-03-22,Sports,Brand Delta,Lahore,5,135.74,2,poor durability,True,C-566
E-0001211,2024-06-06,Clothing,Brand Beta,New York,5,164.57,2,nice fabric,False,C-108
E-0001212,2024-03-18,Sports,Brand Gamma,Karachi,3,306.61,2,broke after week,True,C-1475
E-0001213,2024-01-21,Electronics,Brand Beta,Karachi,3,80.38,4,love it,True,C-1231
E-0001214,2024-06-13,Beauty,Brand Alpha,Dubai,2,192.45,1,nice scent,True,C-502
E-0001215,2024-01-26,Home,Brand Delta,Lahore,3,14.16,2,cheap materials,True,C-141
E-0001216,2023-12-31,Books,Brand Beta,Lahore,3,180.12,6,print quality good,True,C-1396
E-0001217,2024-10-17,Home,Brand Beta,Dubai,4,105.48,2,assembly was hard,True,C-1419
E-0001218,2023-08-13,Home,Brand Gamma,Karachi,3,365.8,1,looks premium,False,C-1324
E-0001219,2024-10-05,Electronics,Brand Alpha,London,3,317.47,1,works great,True,C-438
E-0001220,2023-07-27,Beauty,Brand Gamma,Islamabad,5,316.55,2,nice scent,True,C-797
E-0001221,2024-06-05,Beauty,Brand Gamma,London,4,181.02,2,caused irritation,True,C-871
E-0001222,2024-11-25,Home,Brand Beta,Karachi,2,64.61,2,cheap materials,False,C-636
E-0001223,2024-09-03,Clothing,Brand Alpha,Islamabad,5,152.78,2,great value,True,C-1247
E-0001224,2024-07-02,Beauty,Brand Delta,Dubai,2,22.14,3,skin felt great,True,C-758
E-0001225,2023-07-13,Books,Brand Beta,New York,3,354.59,1,well written,True,C-1080
E-0001226,2024-12-10,Clothing,Brand Alpha,Lahore,3,186.85,1,great value,True,C-748
E-0001227,2023-06-18,Books,Brand Delta,New York,4,154.3,1,boring content,True,C-1117
E-0001228,2024-02-09,Beauty,Brand Gamma,London,3,319.36,3,caused irritation,True,C-669
E-0001229,2025-01-14,Books,Brand Gamma,Dubai,4,193.09,1,informative,False,C-433
E-0001230,2023-12-20,Sports,Brand Gamma,Dubai,3,292.7,2,great for training,True,C-18
E-0001231,2023-06-23,Beauty,Brand Alpha,Karachi,5,343.92,1,too expensive,True,C-1141
E-0001232,2024-03-30,Books,Brand Gamma,Karachi,5,362.48,3,,True,C-1327
E-0001233,2024-08-12,Clothing,Brand Gamma,Karachi,5,206.81,2,nice fabric,True,C-1493
E-0001234,2024-01-16,Beauty,Brand Alpha,London,3,370.8,1,nice scent,True,C-1342
E-0001235,2024-06-12,Beauty,Brand Alpha,New York,5,124.19,1,recommend,True,C-1191
E-0001236,2024-08-16,Sports,Brand Delta,Islamabad,3,218.01,2,poor durability,False,C-153
E-0001237,2023-10-23,Electronics,Brand Beta,Karachi,4,101.68,2,,True,C-1009
E-0001238,2023-06-22,Beauty,Brand Delta,Karachi,4,284.11,1,caused irritation,True,C-156
E-0001239,2024-06-20,Clothing,Brand Beta,London,4,157.45,2,color faded after wash,True,C-386
E-0001240,2024-10-18,Home,Brand Alpha,New York,3,14.93,3,cheap materials,True,C-1475
E-0001241,2023-12-22,Sports,Brand Gamma,Karachi,3,392.4,1,poor durability,True,C-746
E-0001242,2023-09-14,Sports,Brand Alpha,Karachi,4,372.99,2,,True,C-1025
E-0001243,2023-11-04,Clothing,Brand Beta,Lahore,5,93.98,2,comfortable and stylish,True,C-969
E-0001244,2023-11-15,Books,Brand Beta,Islamabad,4,18.25,2,informative,True,C-29
E-0001245,2024-01-08,Beauty,Brand Alpha,Islamabad,1,335.26,1,caused irritation,True,C-400
E-0001246,2023-08-08,Electronics,Brand Beta,Islamabad,3,364.13,1,battery dies fast,True,C-1182
E-0001247,2024-01-23,Electronics,Brand Gamma,London,4,13.54,3,works great,True,C-1301
E-0001248,2023-10-25,Electronics,Brand Gamma,Dubai,4,97.36,2,disappointed with durability,True,C-426
E-0001249,2023-09-15,Beauty,Brand Beta,Karachi,3,208.4,3,too expensive,True,C-127
E-0001250,2023-10-04,Clothing,Brand Alpha,Dubai,1,196.21,1,too small,True,C-653
E-0001251,2024-12-27,Sports,Brand Delta,Karachi,4,72.35,2,,True,C-1150
E-0001252,2024-07-23,Beauty,Brand Beta,Dubai,4,239.58,2,skin felt great,True,C-1053
E-0001253,2023-10-30,Books,Brand Beta,Dubai,2,87.79,2,boring content,True,C-1062
E-0001254,2024-07-10,Clothing,Brand Beta,Karachi,3,175.58,2,nice fabric,True,C-323
E-0001255,2024-01-04,Electronics,Brand Delta,Dubai,4,70.96,1,highly recommend,True,C-268
E-0001256,2024-12-28,Books,Brand Beta,Karachi,4,377.04,2,fast delivery,True,C-758
E-0001257,2023-06-21,Books,Brand Beta,New York,3,67.72,2,print quality good,True,C-277
E-0001258,2024-04-09,Clothing,Brand Delta,Dubai,2,66.31,1,color faded after wash,True,C-725
E-0001259,2023-08-01,Beauty,Brand Delta,Karachi,4,399.27,2,too expensive,True,C-1468
E-0001260,2023-06-12,Clothing,Brand Beta,Karachi,4,238.13,2,great value,False,C-385
E-0001261,2023-07-02,Books,Brand Beta,Islamabad,3,184.24,1,boring content,True,C-1122
E-0001262,2024-11-26,Beauty,Brand Alpha,Karachi,4,20.74,3,skin felt great,True,C-957
E-0001263,2023-08-16,Electronics,Brand Beta,Dubai,4,332.98,2,highly recommend,True,C-1289
E-0001264,2023-11-26,Electronics,Brand Gamma,Islamabad,4,295.57,3,battery dies fast,True,C-1370
E-0001265,2024-04-02,Clothing,Brand Gamma,London,4,300.17,1,comfortable and stylish,True,C-1143
E-0001266,2024-11-17,Beauty,Brand Alpha,London,3,50.01,1,nice scent,True,C-366
E-0001267,2024-07-31,Sports,Brand Beta,Karachi,3,97.64,4,good grip,True,C-693
E-0001268,2024-02-19,Sports,Brand Beta,Karachi,2,311.71,2,poor durability,True,C-142
E-0001269,2024-04-19,Clothing,Brand Delta,Lahore,3,122.05,2,color faded after wash,False,C-667
E-0001270,2023-08-11,Home,Brand Gamma,Dubai,2,142.26,3,cheap materials,True,C-986
E-0001271,2024-12-02,Electronics,Brand Alpha,New York,3,51.48,3,works great,True,C-410
E-0001272,2024-01-27,Books,Brand Alpha,London,4,344.96,2,well written,False,C-596
E-0001273,2024-07-19,Books,Brand Alpha,New York,1,51.34,3,print quality good,True,C-986
E-0001274,2024-02-11,Books,Brand Beta,Lahore,3,131.89,2,informative,True,C-1103
E-0001275,2023-08-22,Home,Brand Delta,London,5,181.26,2,assembly was hard,True,C-122
E-0001276,2024-11-06,Electronics,Brand Delta,Karachi,2,123.07,3,battery dies fast,True,C-108
E-0001277,2024-09-04,Books,Brand Alpha,Karachi,3,151.4,1,fast delivery,True,C-127
E-0001278,2023-09-06,Beauty,Brand Delta,Islamabad,4,116.91,2,recommend,False,C-949
E-0001279,2023-10-08,Home,Brand Gamma,Karachi,3,265.64,2,very useful,True,C-672
E-0001280,2023-11-18,Sports,Brand Gamma,Islamabad,2,205.85,2,good grip,True,C-1493
E-0001281,2024-12-17,Electronics,Brand Gamma,Karachi,3,158.82,2,disappointed with durability,True,C-159
E-0001282,2024-11-30,Home,Brand Gamma,New York,3,344.77,1,would buy again,True,C-1185
E-0001283,2024-06-05,Books,Brand Beta,Islamabad,5,114.47,1,fast delivery,True,C-359
E-0001284,2023-10-08,Electronics,Brand Alpha,Karachi,4,311.33,3,disappointed with durability,True,C-735
E-0001285,2023-09-25,Sports,Brand Alpha,Lahore,4,280.19,2,good grip,True,C-796
E-0001286,2024-12-01,Beauty,Brand Gamma,Karachi,4,67.56,1,nice scent,True,C-749
E-0001287,2024-11-13,Home,Brand Beta,New York,4,167.6,2,would buy again,True,C-142
E-0001288,2024-08-21,Home,Brand Alpha,London,3,67.07,2,very useful,True,C-1092
E-0001289,2023-06-21,Clothing,Brand Alpha,Dubai,2,255.61,2,great value,True,C-432
E-0001290,2024-04-18,Clothing,Brand Beta,Karachi,3,292.26,1,comfortable and stylish,False,C-1292
E-0001291,2023-12-12,Beauty,Brand Delta,Lahore,3,127.77,2,too expensive,True,C-901
E-0001292,2024-09-15,Clothing,Brand Alpha,Dubai,3,363.64,2,nice fabric,True,C-1121
E-0001293,2023-09-20,Electronics,Brand Beta,London,3,273.81,2,battery dies fast,True,C-943
E-0001294,2024-10-15,Clothing,Brand Delta,Dubai,4,257.72,1,great value,True,C-1133
E-0001295,2024-02-19,Electronics,Brand Delta,Karachi,4,,2,works great,True,C-568
E-0001296,2023-11-06,Electronics,Brand Gamma,New York,3,357.79,1,average at best,True,C-1340
E-0001297,2023-11-03,Books,Brand Beta,Lahore,3,35.91,4,well written,True,C-1077
E-0001298,2024-01-10,Sports,Brand Beta,Dubai,4,343.74,3,great for training,True,C-1415
E-0001299,2023-12-11,Sports,Brand Beta,London,5,122.12,1,great for training,False,C-981
E-0001300,2024-10-14,Sports,Brand Delta,Karachi,2,317.09,1,poor durability,True,C-289
E-0001301,2024-06-17,Sports,Brand Beta,Karachi,3,50.8,1,poor durability,True,C-422
E-0001302,2024-07-16,Beauty,Brand Gamma,London,2,24.86,1,skin felt great,True,C-300
E-0001303,2024-09-08,Electronics,Brand Gamma,Dubai,3,312.23,1,excellent quality,True,C-1085
E-0001304,2024-06-06,Clothing,Brand Beta,London,4,319.86,2,fits perfectly,True,C-1038
E-0001305,2023-07-29,Electronics,Brand Alpha,Islamabad,5,205.19,2,highly recommend,True,C-175
E-0001306,2023-09-13,Books,Brand Gamma,Lahore,5,133.79,3,boring content,True,C-832
E-0001307,2024-10-26,Sports,Brand Delta,Islamabad,3,30.4,4,great for training,True,C-885
E-0001308,2024-07-18,Home,Brand Gamma,London,4,161.96,4,would buy again,False,C-89
E-0001309,2024-09-07,Home,Brand Delta,London,4,88.02,3,very useful,True,C-121
E-0001310,2024-12-15,Sports,Brand Delta,Karachi,3,294.75,1,good grip,True,C-836
E-0001311,2023-08-13,Books,Brand Delta,Karachi,5,127.38,1,fast delivery,True,C-282
E-0001312,2024-12-20,Electronics,Brand Alpha,London,5,123.45,1,love it,False,C-1443
E-0001313,2023-06-25,Home,Brand Alpha,Lahore,2,78.66,3,cheap materials,True,C-93
E-0001314,2025-01-19,Electronics,Brand Alpha,New York,2,396.76,3,poor build,False,C-1331
E-0001315,2024-03-13,Beauty,Brand Delta,Dubai,5,82.81,1,too expensive,False,C-1127
E-0001316,2023-08-08,Beauty,Brand Beta,New York,3,40.14,2,too expensive,False,C-300
E-0001317,2024-02-22,Electronics,Brand Alpha,New York,3,243.59,4,poor build,True,C-534
E-0001318,2023-06-18,Electronics,Brand Gamma,Islamabad,5,76.83,1,battery dies fast,True,C-1030
E-0001319,2024-03-14,Beauty,Brand Alpha,Islamabad,3,343.89,3,caused irritation,True,C-864
E-0001320,2024-12-15,Beauty,Brand Beta,Islamabad,4,222.26,2,skin felt great,True,C-223
E-0001321,2023-06-01,Beauty,Brand Delta,Islamabad,3,293.41,4,caused irritation,True,C-949
E-0001322,2024-03-04,Books,Brand Delta,Dubai,2,294.13,1,boring content,True,C-892
E-0001323,2024-02-03,Sports,Brand Beta,Islamabad,3,177.37,4,broke after week,False,C-1460
E-0001324,2024-07-04,Sports,Brand Delta,Karachi,5,,4,broke after week,True,C-857
E-0001325,2024-05-25,Electronics,Brand Gamma,Islamabad,2,396.65,1,average at best,True,C-670
E-0001326,2023-12-18,Electronics,Brand Gamma,London,3,,1,highly recommend,True,C-825
E-0001327,2024-05-03,Sports,Brand Delta,Dubai,2,37.31,2,poor durability,True,C-1067
E-0001328,2023-08-29,Home,Brand Alpha,New York,4,173.81,2,very useful,True,C-575
E-0001329,2024-10-22,Home,Brand Delta,Karachi,2,176.72,2,would buy again,True,C-126
E-0001330,2023-06-18,Home,Brand Beta,Dubai,3,,2,assembly was hard,True,C-1052
E-0001331,2024-07-10,Clothing,Brand Gamma,Karachi,4,24.58,4,color faded after wash,True,C-390
E-0001332,2024-03-06,Clothing,Brand Alpha,Islamabad,2,358.54,1,color faded after wash,True,C-1442
E-0001333,2024-08-13,Electronics,Brand Delta,Karachi,3,17.66,3,disappointed with durability,True,C-272
E-0001334,2023-08-10,Home,Brand Delta,Islamabad,3,284.57,2,very useful,True,C-1124
E-0001335,2025-01-11,Books,Brand Alpha,Dubai,3,179.46,2,fast delivery,True,C-720
E-0001336,2023-11-04,Clothing,Brand Beta,Dubai,3,370.16,2,too small,True,C-397
E-0001337,2023-09-03,Electronics,Brand Delta,New York,2,44.78,3,highly recommend,True,C-1478
E-0001338,2024-01-16,Books,Brand Delta,Karachi,1,362.54,1,print quality good,True,C-712
E-0001339,2024-03-24,Electronics,Brand Gamma,Karachi,2,141.71,3,highly recommend,True,C-81
E-0001340,2023-06-16,Sports,Brand Delta,Islamabad,4,318.48,1,broke after week,True,C-711
E-0001341,2024-09-15,Books,Brand Beta,New York,3,93.32,1,boring content,True,C-1386
E-0001342,2023-07-09,Home,Brand Beta,London,4,275.03,2,looks premium,True,C-747
E-0001343,2024-12-24,Books,Brand Beta,Islamabad,2,176.09,2,print quality good,True,C-372
E-0001344,2023-11-14,Electronics,Brand Beta,London,4,55.53,2,average at best,True,C-615
E-0001345,2023-06-18,Electronics,Brand Delta,Lahore,4,104.92,1,poor build,True,C-887
E-0001346,2023-09-03,Books,Brand Alpha,Karachi,2,209.2,3,print quality good,True,C-440
E-0001347,2024-04-16,Electronics,Brand Delta,Islamabad,3,209.05,2,average at best,True,C-651
E-0001348,2023-07-31,Home,Brand Alpha,New York,2,165.56,2,cheap materials,True,C-1099
E-0001349,2023-06-24,Books,Brand Delta,London,2,36.2,5,boring content,True,C-1093
E-0001350,2023-11-01,Clothing,Brand Alpha,Islamabad,4,206.04,1,great value,False,C-247
E-0001351,2023-11-03,Beauty,Brand Beta,Dubai,4,377.98,4,recommend,True,C-576
E-0001352,2024-09-29,Home,Brand Alpha,Dubai,5,195.17,1,looks premium,True,C-1372
E-0001353,2023-08-24,Clothing,Brand Alpha,Lahore,3,182.66,2,comfortable and stylish,True,C-1008
E-0001354,2024-09-01,Home,Brand Beta,New York,5,337.8,6,very useful,True,C-844
E-0001355,2024-09-21,Clothing,Brand Beta,Karachi,3,322.2,1,nice fabric,True,C-1302
E-0001356,2024-11-04,Beauty,Brand Alpha,London,4,346.75,3,nice scent,False,C-1451
E-0001357,2024-07-20,Beauty,Brand Beta,Lahore,1,237.91,1,too expensive,True,C-677
E-0001358,2024-08-13,Home,Brand Alpha,London,5,170.32,2,looks premium,False,C-598
E-0001359,2024-01-17,Beauty,Brand Delta,Lahore,3,,4,skin felt great,True,C-459
E-0001360,2023-08-20,Books,Brand Gamma,Lahore,3,110.55,1,informative,True,C-936
E-0001361,2024-03-15,Clothing,Brand Gamma,Karachi,4,205.71,1,too small,False,C-1196
E-0001362,2024-11-27,Electronics,Brand Alpha,Karachi,3,223.81,1,battery dies fast,True,C-1141
E-0001363,2024-07-13,Home,Brand Beta,Islamabad,4,268.62,2,would buy again,True,C-726
E-0001364,2023-08-21,Beauty,Brand Beta,Dubai,3,173.84,2,nice scent,True,C-1472
E-0001365,2024-07-10,Books,Brand Delta,London,5,306.28,3,informative,True,C-1262
E-0001366,2024-07-22,Clothing,Brand Delta,Islamabad,3,69.91,3,fits perfectly,False,C-1337
E-0001367,2024-01-24,Beauty,Brand Gamma,Dubai,3,238.64,3,skin felt great,True,C-879
E-0001368,2024-10-25,Electronics,Brand Beta,London,3,353.92,2,poor build,True,C-864
E-0001369,2023-09-12,Home,Brand Alpha,New York,2,253.59,2,looks premium,True,C-176
E-0001370,2024-11-23,Sports,Brand Beta,Lahore,2,80.98,1,great for training,True,C-606
E-0001371,2024-03-25,Books,Brand Gamma,Dubai,4,248.01,2,print quality good,True,C-230
E-0001372,2024-04-05,Beauty,Brand Delta,Karachi,2,33.07,3,recommend,False,C-987
E-0001373,2024-12-14,Books,Brand Alpha,Dubai,3,106.91,2,well written,False,C-301
E-0001374,2024-04-11,Beauty,Brand Beta,Karachi,3,351.29,1,recommend,True,C-716
E-0001375,2024-05-17,Clothing,Brand Beta,Dubai,2,218.95,2,nice fabric,False,C-377
E-0001376,2024-12-23,Beauty,Brand Delta,Lahore,3,203.58,2,,True,C-1256
E-0001377,2023-08-30,Clothing,Brand Beta,Karachi,2,116.93,2,nice fabric,True,C-376
E-0001378,2024-10-05,Beauty,Brand Beta,London,4,232.42,5,too expensive,True,C-1356
E-0001379,2024-07-01,Beauty,Brand Beta,New York,4,168.0,4,nice scent,True,C-699
E-0001380,2024-02-01,Electronics,Brand Gamma,Islamabad,4,265.85,1,,False,C-479
E-0001381,2024-03-05,Home,Brand Gamma,Dubai,2,205.68,3,assembly was hard,False,C-480
E-0001382,2023-08-11,Home,Brand Beta,Karachi,3,209.05,3,cheap materials,True,C-504
E-0001383,2024-07-08,Books,Brand Gamma,Karachi,5,105.37,4,informative,True,C-375
E-0001384,2024-07-31,Clothing,Brand Delta,Islamabad,3,42.42,1,nice fabric,False,C-949
E-0001385,2024-08-19,Clothing,Brand Alpha,Dubai,1,123.94,1,seams came apart,True,C-296
E-0001386,2024-01-22,Books,Brand Delta,Lahore,4,197.82,1,informative,True,C-1435
E-0001387,2023-12-12,Sports,Brand Alpha,Islamabad,3,329.98,2,good grip,True,C-1398
E-0001388,2023-09-18,Sports,Brand Delta,Lahore,2,156.81,1,great for training,True,C-1185
E-0001389,2024-01-06,Sports,Brand Delta,New York,4,213.93,2,broke after week,True,C-515
E-0001390,2024-07-29,Clothing,Brand Delta,London,5,391.9,2,great value,False,C-172
E-0001391,2024-09-28,Electronics,Brand Gamma,Karachi,4,366.46,1,poor build,True,C-150
E-0001392,2024-10-13,Clothing,Brand Alpha,New York,4,144.38,1,seams came apart,True,C-1384
E-0001393,2023-12-07,Books,Brand Alpha,New York,1,226.86,3,well written,True,C-1011
E-0001394,2023-11-02,Electronics,Brand Alpha,Islamabad,3,332.14,1,disappointed with durability,True,C-878
E-0001395,2024-06-07,Home,Brand Gamma,Islamabad,3,189.93,2,looks premium,True,C-1245
E-0001396,2024-08-18,Electronics,Brand Gamma,Lahore,4,193.53,3,works great,True,C-1345
E-0001397,2023-12-05,Beauty,Brand Alpha,Dubai,3,28.51,1,nice scent,True,C-1114
E-0001398,2024-02-22,Beauty,Brand Beta,Islamabad,3,230.97,1,too expensive,True,C-904
E-0001399,2024-06-11,Electronics,Brand Beta,Lahore,2,214.76,2,poor build,False,C-188
E-0001400,2024-06-11,Beauty,Brand Alpha,New York,3,149.04,2,caused irritation,True,C-747
E-0001401,2023-08-26,Beauty,Brand Gamma,New York,4,112.94,2,too expensive,True,C-975
E-0001402,2023-06-10,Clothing,Brand Beta,London,4,373.71,3,great value,False,C-765
E-0001403,2024-04-06,Home,Brand Beta,Dubai,2,334.46,1,would buy again,True,C-240
E-0001404,2023-07-14,Beauty,Brand Gamma,Karachi,4,228.26,2,skin felt great,False,C-1309
E-0001405,2024-12-31,Beauty,Brand Beta,Lahore,5,151.45,2,too expensive,True,C-152
E-0001406,2024-08-23,Books,Brand Delta,Lahore,5,160.6,2,boring content,True,C-181
E-0001407,2024-10-26,Sports,Brand Gamma,Islamabad,4,289.29,1,broke after week,True,C-819
E-0001408,2024-06-20,Electronics,Brand Alpha,Lahore,3,179.1,2,disappointed with durability,True,C-129
E-0001409,2024-07-09,Books,Brand Delta,Dubai,1,209.27,3,fast delivery,True,C-765
E-0001410,2024-01-21,Books,Brand Gamma,Karachi,3,234.87,4,boring content,True,C-637
E-0001411,2024-07-15,Beauty,Brand Delta,Karachi,3,258.37,3,caused irritation,True,C-762
E-0001412,2024-03-25,Beauty,Brand Beta,Lahore,3,220.03,1,recommend,True,C-1051
E-0001413,2024-03-12,Electronics,Brand Delta,New York,5,216.33,1,excellent quality,False,C-517
E-0001414,2023-10-20,Beauty,Brand Beta,Karachi,3,293.97,1,caused irritation,False,C-43
E-0001415,2023-09-03,Books,Brand Alpha,Islamabad,2,259.36,1,print quality good,True,C-430
E-0001416,2024-01-12,Sports,Brand Delta,Karachi,3,129.41,2,poor durability,False,C-264
E-0001417,2024-08-12,Sports,Brand Gamma,Karachi,3,100.62,3,poor durability,False,C-133
E-0001418,2024-10-06,Electronics,Brand Alpha,Dubai,5,58.04,1,love it,True,C-1408
E-0001419,2024-07-11,Books,Brand Delta,New York,3,37.04,1,boring content,True,C-1044
E-0001420,2024-07-12,Home,Brand Delta,Karachi,1,113.51,1,very useful,True,C-487
E-0001421,2024-03-24,Sports,Brand Gamma,Dubai,2,77.23,2,poor durability,True,C-768
E-0001422,2023-12-05,Clothing,Brand Beta,Dubai,4,309.89,2,great value,True,C-934
E-0001423,2023-10-16,Clothing,Brand Alpha,Lahore,5,199.12,2,comfortable and stylish,True,C-341
E-0001424,2024-04-19,Electronics,Brand Gamma,Karachi,5,238.76,1,works great,True,C-887
E-0001425,2023-11-19,Sports,Brand Beta,Lahore,4,151.92,2,broke after week,True,C-51
E-0001426,2024-11-30,Home,Brand Gamma,Karachi,4,38.29,1,very useful,False,C-266
E-0001427,2024-09-14,Electronics,Brand Beta,Dubai,4,118.27,1,excellent quality,True,C-394
E-0001428,2024-03-12,Electronics,Brand Beta,Islamabad,3,139.24,1,excellent quality,True,C-768
E-0001429,2024-09-20,Books,Brand Delta,Lahore,4,372.79,1,informative,True,C-588
E-0001430,2024-02-05,Books,Brand Alpha,London,4,100.62,1,well written,True,C-1262
E-0001431,2024-10-16,Sports,Brand Delta,London,3,365.62,3,great for training,True,C-551
E-0001432,2023-10-09,Beauty,Brand Gamma,London,5,364.15,7,skin felt great,True,C-1269
E-0001433,2023-06-30,Beauty,Brand Delta,Dubai,3,306.92,3,,False,C-643
E-0001434,2024-08-30,Electronics,Brand Alpha,Islamabad,4,191.5,1,disappointed with durability,True,C-894
E-0001435,2024-12-27,Beauty,Brand Alpha,Dubai,3,21.0,4,too expensive,True,C-283
E-0001436,2023-12-20,Sports,Brand Alpha,London,5,105.95,2,broke after week,True,C-871
E-0001437,2025-01-01,Electronics,Brand Gamma,Dubai,3,381.89,2,excellent quality,True,C-1191
E-0001438,2024-10-16,Books,Brand Beta,Islamabad,2,142.58,1,fast delivery,True,C-299
E-0001439,2024-06-22,Clothing,Brand Alpha,Karachi,2,127.41,2,comfortable and stylish,True,C-1368
E-0001440,2024-07-17,Beauty,Brand Alpha,Karachi,3,275.2,3,too expensive,True,C-1123
E-0001441,2024-11-15,Beauty,Brand Beta,New York,4,213.54,1,caused irritation,True,C-1011
E-0001442,2024-12-17,Clothing,Brand Alpha,Karachi,3,317.18,4,too small,True,C-563
E-0001443,2023-11-04,Electronics,Brand Beta,London,3,259.79,2,works great,True,C-415
E-0001444,2024-09-20,Home,Brand Alpha,London,3,387.54,1,very useful,True,C-250
E-0001445,2023-06-29,Sports,Brand Gamma,Dubai,1,284.4,3,great for training,True,C-576
E-0001446,2024-07-13,Clothing,Brand Alpha,Dubai,3,364.35,3,great value,True,C-878
E-0001447,2023-12-05,Sports,Brand Alpha,Islamabad,4,229.49,3,broke after week,True,C-1177
E-0001448,2024-12-07,Books,Brand Gamma,London,5,39.67,3,print quality good,True,C-1193
E-0001449,2024-09-22,Clothing,Brand Gamma,Dubai,3,262.38,3,great value,True,C-603
E-0001450,2023-07-05,Clothing,Brand Delta,London,5,376.17,2,too small,True,C-1182
E-0001451,2024-09-02,Sports,Brand Alpha,London,2,260.36,4,poor durability,True,C-1335
E-0001452,2024-12-14,Electronics,Brand Alpha,Karachi,3,323.34,1,love it,True,C-567
E-0001453,2023-07-25,Clothing,Brand Beta,Islamabad,4,367.78,1,seams came apart,True,C-86
E-0001454,2024-08-01,Beauty,Brand Alpha,Dubai,4,276.51,2,skin felt great,True,C-153
E-0001455,2024-03-26,Clothing,Brand Alpha,Dubai,2,81.91,3,,True,C-429
E-0001456,2023-06-09,Sports,Brand Alpha,New York,3,167.56,3,great for training,True,C-1327
E-0001457,2023-08-25,Beauty,Brand Beta,Islamabad,2,390.82,1,nice scent,True,C-320
E-0001458,2024-04-18,Books,Brand Beta,New York,4,358.61,1,print quality good,True,C-1137
E-0001459,2023-07-14,Books,Brand Delta,Islamabad,4,115.38,1,boring content,False,C-667
E-0001460,2024-12-12,Beauty,Brand Gamma,Lahore,4,52.81,2,too expensive,True,C-117
E-0001461,2024-08-07,Home,Brand Alpha,New York,2,16.09,2,very useful,True,C-164
E-0001462,2023-07-22,Home,Brand Beta,London,5,361.13,1,,True,C-320
E-0001463,2024-04-20,Clothing,Brand Beta,Lahore,5,373.75,1,too small,False,C-997
E-0001464,2025-01-01,Electronics,Brand Alpha,New York,2,129.31,2,average at best,True,C-1072
E-0001465,2023-09-23,Electronics,Brand Gamma,New York,3,163.31,1,poor build,True,C-1336
E-0001466,2024-01-05,Electronics,Brand Delta,Dubai,4,102.16,1,disappointed with durability,True,C-417
E-0001467,2024-03-04,Books,Brand Gamma,Dubai,2,316.08,3,well written,True,C-772
E-0001468,2024-01-01,Sports,Brand Delta,Lahore,2,136.69,1,great for training,True,C-380
E-0001469,2024-12-22,Clothing,Brand Beta,Lahore,4,283.8,3,nice fabric,True,C-1050
E-0001470,2023-10-24,Electronics,Brand Alpha,London,1,219.91,2,average at best,True,C-626
E-0001471,2024-01-18,Beauty,Brand Alpha,Islamabad,3,291.79,3,nice scent,True,C-398
E-0001472,2024-06-24,Home,Brand Gamma,Dubai,3,178.32,3,assembly was hard,True,C-100
E-0001473,2023-10-19,Clothing,Brand Alpha,Islamabad,5,243.93,2,seams came apart,True,C-476
E-0001474,2023-07-19,Sports,Brand Beta,Dubai,3,155.04,7,good grip,True,C-445
E-0001475,2023-10-30,Books,Brand Gamma,Lahore,3,341.01,3,well written,True,C-1299
E-0001476,2024-06-13,Electronics,Brand Alpha,Karachi,5,265.34,1,highly recommend,False,C-284
E-0001477,2024-06-21,Electronics,Brand Delta,Islamabad,3,249.39,1,highly recommend,True,C-66
E-0001478,2024-04-26,Beauty,Brand Alpha,Dubai,5,68.36,3,recommend,True,C-1047
E-0001479,2024-09-29,Electronics,Brand Delta,London,4,320.98,6,excellent quality,True,C-169
E-0001480,2024-08-24,Clothing,Brand Beta,Lahore,4,323.94,1,great value,True,C-1451
E-0001481,2024-04-29,Books,Brand Beta,Karachi,3,357.74,1,print quality good,True,C-1112
E-0001482,2023-06-09,Home,Brand Gamma,Islamabad,2,389.85,1,looks premium,True,C-1018
E-0001483,2024-08-21,Sports,Brand Alpha,London,2,304.46,1,good grip,True,C-735
E-0001484,2024-09-29,Sports,Brand Gamma,Karachi,4,53.0,1,good grip,False,C-231
E-0001485,2023-11-04,Books,Brand Alpha,Islamabad,2,302.92,2,fast delivery,True,C-1054
E-0001486,2024-09-03,Home,Brand Alpha,Dubai,2,173.6,4,cheap materials,True,C-969
E-0001487,2024-05-02,Sports,Brand Alpha,London,2,34.23,1,good grip,False,C-656
E-0001488,2023-07-26,Beauty,Brand Gamma,Lahore,2,79.36,2,recommend,True,C-802
E-0001489,2024-12-21,Beauty,Brand Alpha,Karachi,3,244.58,2,recommend,True,C-1442
E-0001490,2023-08-22,Clothing,Brand Beta,Dubai,4,169.63,2,seams came apart,True,C-1141
E-0001491,2023-11-16,Clothing,Brand Gamma,London,4,162.57,2,great value,True,C-77
E-0001492,2023-08-04,Clothing,Brand Alpha,Dubai,4,41.87,3,seams came apart,True,C-861
E-0001493,2023-08-23,Home,Brand Alpha,New York,4,34.65,2,assembly was hard,True,C-1418
E-0001494,2024-12-13,Home,Brand Gamma,London,4,308.12,3,would buy again,True,C-1036
E-0001495,2024-03-09,Sports,Brand Beta,Islamabad,3,269.93,2,good grip,True,C-1129
E-0001496,2024-07-31,Home,Brand Gamma,Lahore,3,208.86,3,assembly was hard,True,C-89
E-0001497,2025-01-06,Books,Brand Alpha,Islamabad,3,83.26,1,well written,True,C-792
E-0001498,2023-12-11,Beauty,Brand Beta,London,3,350.77,3,too expensive,True,C-1453
E-0001499,2024-06-08,Sports,Brand Alpha,Lahore,2,286.9,1,broke after week,True,C-1188
E-0001500,2024-07-21,Sports,Brand Alpha,Karachi,4,308.37,1,good grip,True,C-711
E-0001501,2024-10-24,Books,Brand Beta,Karachi,4,346.62,1,fast delivery,True,C-92
E-0001502,2024-01-26,Clothing,Brand Delta,Islamabad,1,275.59,1,color faded after wash,True,C-583
E-0001503,2024-04-02,Books,Brand Beta,Karachi,5,378.46,1,well written,True,C-384
E-0001504,2024-04-14,Clothing,Brand Beta,New York,3,18.17,2,great value,True,C-1348
E-0001505,2023-10-05,Clothing,Brand Delta,Islamabad,3,384.08,3,color faded after wash,True,C-776
E-0001506,2023-07-09,Clothing,Brand Alpha,Dubai,3,187.75,4,fits perfectly,True,C-1236
E-0001507,2023-06-20,Beauty,Brand Beta,Islamabad,2,305.16,1,skin felt great,True,C-111
E-0001508,2023-09-03,Home,Brand Alpha,Lahore,2,58.79,3,very useful,False,C-1132
E-0001509,2024-02-14,Sports,Brand Gamma,Karachi,5,161.61,3,broke after week,True,C-1367
E-0001510,2024-07-30,Clothing,Brand Delta,London,3,25.19,1,color faded after wash,True,C-411
E-0001511,2023-10-13,Electronics,Brand Beta,Karachi,4,216.73,2,love it,True,C-1107
E-0001512,2024-04-25,Electronics,Brand Beta,Lahore,3,317.74,3,love it,True,C-69
E-0001513,2024-07-06,Clothing,Brand Alpha,London,3,241.98,2,color faded after wash,True,C-275
E-0001514,2024-02-20,Home,Brand Delta,Dubai,5,302.77,1,very useful,True,C-334
E-0001515,2024-04-10,Home,Brand Beta,Lahore,2,75.08,3,assembly was hard,True,C-1158
E-0001516,2024-12-30,Books,Brand Delta,Karachi,3,139.07,1,boring content,False,C-1035
E-0001517,2023-08-21,Home,Brand Alpha,New York,3,67.68,3,looks premium,False,C-36
E-0001518,2024-01-16,Clothing,Brand Alpha,London,4,358.66,2,too small,False,C-797
E-0001519,2024-05-07,Electronics,Brand Delta,New York,5,266.29,1,excellent quality,True,C-45
E-0001520,2023-10-08,Books,Brand Delta,Lahore,4,399.49,3,boring content,True,C-337
E-0001521,2023-10-05,Sports,Brand Beta,Dubai,1,386.45,4,good grip,False,C-456
E-0001522,2024-05-14,Electronics,Brand Gamma,London,3,238.71,2,disappointed with durability,True,C-1339
E-0001523,2024-02-08,Beauty,Brand Beta,Karachi,3,205.3,2,recommend,True,C-1255
E-0001524,2024-06-22,Home,Brand Delta,London,5,169.58,2,would buy again,True,C-231
E-0001525,2024-12-21,Books,Brand Beta,Dubai,2,357.51,1,well written,True,C-1149
E-0001526,2025-01-06,Beauty,Brand Beta,Islamabad,5,125.56,2,skin felt great,True,C-1352
E-0001527,2024-12-13,Sports,Brand Delta,New York,4,63.78,5,poor durability,True,C-893
E-0001528,2024-06-17,Clothing,Brand Gamma,Dubai,3,197.64,4,seams came apart,True,C-1070
E-0001529,2024-10-05,Home,Brand Gamma,London,5,197.26,2,cheap materials,True,C-362
E-0001530,2024-07-25,Beauty,Brand Alpha,New York,4,227.62,1,,True,C-27
E-0001531,2024-01-06,Home,Brand Alpha,New York,3,203.43,3,looks premium,False,C-839
E-0001532,2024-06-17,Beauty,Brand Beta,Karachi,3,32.19,2,skin felt great,True,C-1002
E-0001533,2023-07-16,Electronics,Brand Gamma,Dubai,3,123.0,3,highly recommend,False,C-87
E-0001534,2023-10-17,Beauty,Brand Alpha,Lahore,5,140.11,2,recommend,True,C-439
E-0001535,2023-09-18,Books,Brand Gamma,Islamabad,3,211.11,2,informative,True,C-975
E-0001536,2023-06-07,Home,Brand Beta,Islamabad,4,209.66,1,assembly was hard,False,C-170
E-0001537,2024-03-03,Sports,Brand Delta,Lahore,2,329.14,1,poor durability,True,C-444
E-0001538,2023-09-06,Clothing,Brand Delta,Lahore,5,273.0,3,color faded after wash,True,C-250
E-0001539,2023-10-10,Sports,Brand Alpha,New York,3,236.08,2,poor durability,True,C-832
E-0001540,2024-08-11,Books,Brand Alpha,New York,3,248.21,1,informative,True,C-154
E-0001541,2023-11-11,Home,Brand Beta,Karachi,4,126.34,2,looks premium,True,C-1201
E-0001542,2023-09-15,Electronics,Brand Gamma,New York,3,250.71,1,works great,True,C-1190
E-0001543,2024-06-18,Beauty,Brand Delta,Dubai,5,254.39,1,too expensive,True,C-950
E-0001544,2024-01-02,Sports,Brand Gamma,Lahore,5,77.11,1,broke after week,True,C-449
E-0001545,2024-07-30,Clothing,Brand Gamma,Dubai,3,138.1,1,nice fabric,True,C-88
E-0001546,2025-01-01,Sports,Brand Beta,New York,3,234.11,5,good grip,True,C-1437
E-0001547,2023-12-23,Home,Brand Beta,Dubai,2,248.93,1,cheap materials,True,C-933
E-0001548,2023-10-02,Books,Brand Alpha,New York,3,123.61,1,well written,True,C-356
E-0001549,2023-07-02,Sports,Brand Gamma,Lahore,4,122.88,4,good grip,True,C-800
E-0001550,2024-12-06,Clothing,Brand Alpha,Karachi,2,217.7,2,comfortable and stylish,False,C-1413
E-0001551,2023-07-06,Sports,Brand Gamma,Karachi,3,,5,good grip,True,C-987
E-0001552,2023-06-09,Home,Brand Delta,London,3,379.5,1,looks premium,True,C-1265
E-0001553,2023-11-22,Beauty,Brand Gamma,London,4,279.42,1,caused irritation,True,C-170
E-0001554,2024-10-25,Home,Brand Gamma,Dubai,4,140.24,1,looks premium,True,C-1458
E-0001555,2023-12-05,Books,Brand Alpha,Islamabad,1,321.98,2,fast delivery,True,C-875
E-0001556,2024-09-27,Books,Brand Delta,London,3,352.1,1,boring content,True,C-1178
E-0001557,2024-02-09,Sports,Brand Alpha,London,2,346.84,2,good grip,False,C-605
E-0001558,2024-01-09,Clothing,Brand Delta,Islamabad,4,328.47,1,too small,False,C-960
E-0001559,2024-01-02,Clothing,Brand Delta,Dubai,3,68.68,1,comfortable and stylish,True,C-1399
E-0001560,2024-06-21,Sports,Brand Delta,London,5,282.02,1,broke after week,True,C-90
E-0001561,2024-12-09,Electronics,Brand Alpha,London,3,146.11,2,disappointed with durability,True,C-814
E-0001562,2023-12-05,Sports,Brand Alpha,Lahore,4,77.24,1,broke after week,True,C-756
E-0001563,2024-09-18,Beauty,Brand Alpha,Karachi,2,64.19,1,skin felt great,True,C-1025
E-0001564,2023-10-17,Electronics,Brand Gamma,New York,5,107.03,2,average at best,False,C-1202
E-0001565,2023-07-17,Beauty,Brand Delta,Karachi,3,87.79,2,caused irritation,True,C-1137
E-0001566,2024-05-15,Beauty,Brand Alpha,New York,2,50.06,2,skin felt great,True,C-1229
E-0001567,2024-01-09,Home,Brand Delta,New York,3,296.46,2,very useful,False,C-489
E-0001568,2024-11-03,Beauty,Brand Gamma,Islamabad,5,311.81,2,recommend,True,C-536
E-0001569,2024-07-03,Electronics,Brand Beta,New York,2,162.56,1,disappointed with durability,True,C-1011
E-0001570,2024-02-22,Home,Brand Delta,Islamabad,4,228.27,1,cheap materials,True,C-128
E-0001571,2024-07-06,Home,Brand Delta,New York,4,350.74,1,very useful,True,C-241
E-0001572,2024-01-15,Books,Brand Delta,New York,3,204.2,1,well written,True,C-300
E-0001573,2025-01-06,Beauty,Brand Beta,New York,4,289.1,4,skin felt great,True,C-693
E-0001574,2024-09-23,Books,Brand Gamma,Karachi,4,252.83,1,well written,True,C-1088
E-0001575,2023-06-09,Electronics,Brand Beta,Lahore,2,340.59,1,excellent quality,True,C-32
E-0001576,2023-11-08,Beauty,Brand Gamma,Karachi,5,255.24,1,skin felt great,True,C-1391
E-0001577,2023-09-11,Home,Brand Alpha,London,3,159.51,5,would buy again,True,C-995
E-0001578,2023-06-07,Electronics,Brand Alpha,Karachi,2,362.72,1,works great,True,C-1274
E-0001579,2024-12-15,Electronics,Brand Delta,London,3,89.98,1,highly recommend,True,C-1196
E-0001580,2024-02-23,Home,Brand Beta,Karachi,1,215.12,1,very useful,True,C-931
E-0001581,2024-01-19,Home,Brand Delta,New York,4,172.33,1,very useful,True,C-810
E-0001582,2024-01-18,Clothing,Brand Alpha,New York,3,99.39,1,comfortable and stylish,True,C-598
E-0001583,2023-07-05,Books,Brand Alpha,Karachi,3,382.09,2,informative,False,C-886
E-0001584,2024-06-02,Home,Brand Alpha,Islamabad,5,130.52,2,assembly was hard,True,C-1341
E-0001585,2024-03-13,Clothing,Brand Gamma,New York,4,319.1,1,color faded after wash,True,C-1106
E-0001586,2024-12-17,Electronics,Brand Delta,New York,4,391.15,2,disappointed with durability,True,C-1273
E-0001587,2024-09-21,Beauty,Brand Delta,New York,3,146.91,1,recommend,False,C-444
E-0001588,2024-04-06,Electronics,Brand Beta,Lahore,2,64.75,1,excellent quality,True,C-66
E-0001589,2023-09-16,Home,Brand Alpha,London,5,27.6,2,very useful,True,C-28
E-0001590,2023-11-25,Electronics,Brand Beta,Dubai,3,195.6,1,average at best,True,C-494
E-0001591,2024-10-12,Electronics,Brand Gamma,Lahore,2,272.54,1,disappointed with durability,True,C-952
E-0001592,2024-10-21,Home,Brand Alpha,Lahore,3,,1,cheap materials,True,C-1240
E-0001593,2024-06-15,Home,Brand Delta,New York,3,172.75,2,assembly was hard,True,C-200
E-0001594,2023-09-08,Home,Brand Beta,Islamabad,5,132.99,1,assembly was hard,False,C-1086
E-0001595,2023-08-21,Books,Brand Delta,Karachi,1,300.53,2,well written,False,C-262
E-0001596,2024-12-22,Sports,Brand Gamma,Islamabad,4,345.64,3,great for training,True,C-181
E-0001597,2024-05-01,Electronics,Brand Gamma,Dubai,1,39.98,4,battery dies fast,True,C-76
E-0001598,2023-07-18,Sports,Brand Gamma,Islamabad,2,210.89,3,poor durability,True,C-1209
E-0001599,2024-07-20,Beauty,Brand Beta,Islamabad,3,99.54,3,too expensive,True,C-461
E-0001600,2024-07-23,Electronics,Brand Gamma,New York,4,48.39,5,highly recommend,True,C-190
E-0001601,2023-06-29,Electronics,Brand Beta,Islamabad,3,28.5,1,disappointed with durability,True,C-275
E-0001602,2024-07-05,Sports,Brand Delta,Lahore,3,343.35,1,great for training,True,C-767
E-0001603,2024-03-17,Clothing,Brand Beta,Dubai,5,110.36,1,color faded after wash,True,C-1388
E-0001604,2023-09-04,Beauty,Brand Gamma,Islamabad,3,260.4,2,recommend,True,C-841
E-0001605,2023-11-26,Clothing,Brand Delta,New York,3,48.98,5,too small,True,C-1222
E-0001606,2023-09-11,Books,Brand Beta,Karachi,3,237.67,2,print quality good,True,C-53
E-0001607,2024-11-08,Home,Brand Delta,London,3,108.07,2,very useful,True,C-1133
E-0001608,2024-07-15,Sports,Brand Delta,Islamabad,4,55.22,2,good grip,True,C-738
E-0001609,2024-02-29,Books,Brand Alpha,London,5,202.46,1,informative,True,C-1040
E-0001610,2023-07-19,Books,Brand Gamma,Islamabad,3,194.22,2,informative,True,C-227
E-0001611,2025-01-05,Beauty,Brand Beta,Dubai,3,167.0,3,nice scent,True,C-1106
E-0001612,2024-02-11,Books,Brand Beta,Dubai,5,40.29,1,informative,True,C-854
E-0001613,2024-07-17,Beauty,Brand Delta,New York,3,238.53,4,skin felt great,True,C-947
E-0001614,2023-10-06,Clothing,Brand Alpha,New York,3,392.29,1,color faded after wash,True,C-383
E-0001615,2023-08-19,Books,Brand Alpha,Karachi,3,343.6,3,fast delivery,True,C-844
E-0001616,2023-08-29,Electronics,Brand Delta,New York,3,387.64,2,love it,True,C-377
E-0001617,2023-06-28,Sports,Brand Delta,Islamabad,5,215.92,2,poor durability,True,C-1414
E-0001618,2024-07-24,Clothing,Brand Alpha,New York,4,158.76,1,nice fabric,True,C-1458
E-0001619,2024-02-08,Home,Brand Beta,Islamabad,3,201.82,1,,True,C-229
E-0001620,2024-05-06,Electronics,Brand Delta,Dubai,2,354.44,2,highly recommend,False,C-1418
E-0001621,2024-12-24,Electronics,Brand Gamma,Dubai,4,299.96,2,highly recommend,True,C-907
E-0001622,2024-11-27,Clothing,Brand Gamma,New York,3,98.13,2,seams came apart,True,C-1285
E-0001623,2024-12-08,Books,Brand Alpha,Islamabad,2,274.24,3,fast delivery,True,C-192
E-0001624,2024-05-09,Books,Brand Delta,London,1,279.3,2,boring content,False,C-1113
E-0001625,2024-02-17,Beauty,Brand Alpha,London,5,20.34,1,nice scent,False,C-992
E-0001626,2024-12-30,Sports,Brand Beta,Islamabad,1,34.74,2,good grip,True,C-724
E-0001627,2023-07-06,Electronics,Brand Gamma,London,2,278.77,2,average at best,True,C-763
E-0001628,2023-09-16,Beauty,Brand Delta,New York,4,108.06,3,nice scent,True,C-200
E-0001629,2023-07-03,Clothing,Brand Gamma,New York,3,212.81,1,too small,True,C-1250
E-0001630,2023-10-07,Books,Brand Alpha,Islamabad,2,200.95,1,boring content,True,C-190
E-0001631,2024-10-14,Home,Brand Alpha,Lahore,3,320.05,5,assembly was hard,True,C-1080
E-0001632,2025-01-02,Books,Brand Beta,Lahore,5,313.44,2,informative,False,C-1105
E-0001633,2023-11-22,Clothing,Brand Gamma,Dubai,4,47.91,1,color faded after wash,True,C-1420
E-0001634,2024-12-16,Beauty,Brand Beta,Islamabad,3,132.58,4,skin felt great,False,C-1231
E-0001635,2025-01-01,Sports,Brand Delta,Dubai,2,12.51,5,great for training,True,C-376
E-0001636,2023-07-21,Home,Brand Delta,New York,2,14.89,1,assembly was hard,True,C-743
E-0001637,2024-08-07,Electronics,Brand Beta,Karachi,1,211.89,2,battery dies fast,False,C-957
E-0001638,2024-05-23,Books,Brand Alpha,Dubai,4,45.52,2,print quality good,True,C-414
E-0001639,2024-05-06,Electronics,Brand Beta,Karachi,2,,3,disappointed with durability,True,C-983
E-0001640,2024-08-18,Home,Brand Gamma,Karachi,5,323.71,2,very useful,True,C-297
E-0001641,2024-12-23,Sports,Brand Alpha,London,4,225.42,1,good grip,True,C-962
E-0001642,2023-09-30,Sports,Brand Gamma,Dubai,4,232.15,2,poor durability,True,C-383
E-0001643,2024-04-01,Sports,Brand Gamma,Dubai,3,361.23,1,poor durability,True,C-424
E-0001644,2024-02-06,Beauty,Brand Delta,Karachi,3,239.87,2,caused irritation,True,C-688
E-0001645,2024-05-16,Electronics,Brand Beta,London,4,315.78,1,poor build,False,C-1251
E-0001646,2024-02-21,Home,Brand Alpha,Islamabad,4,100.44,2,very useful,False,C-1054
E-0001647,2023-11-21,Sports,Brand Alpha,London,1,151.16,1,good grip,True,C-1489
E-0001648,2024-06-10,Electronics,Brand Gamma,New York,3,352.32,1,highly recommend,False,C-495
E-0001649,2023-09-25,Home,Brand Beta,London,5,309.72,1,cheap materials,False,C-920
E-0001650,2024-05-07,Books,Brand Gamma,Dubai,4,69.48,2,fast delivery,True,C-850
E-0001651,2024-11-14,Clothing,Brand Delta,Islamabad,4,16.13,1,too small,True,C-619
E-0001652,2024-12-27,Home,Brand Gamma,London,2,193.49,3,,True,C-1020
E-0001653,2023-06-09,Home,Brand Alpha,New York,3,128.68,3,looks premium,True,C-803
E-0001654,2023-11-27,Home,Brand Delta,Islamabad,1,52.04,2,cheap materials,True,C-28
E-0001655,2023-07-20,Beauty,Brand Delta,Karachi,4,186.02,1,too expensive,True,C-860
E-0001656,2024-07-23,Beauty,Brand Beta,Karachi,3,61.71,3,recommend,True,C-818
E-0001657,2023-10-07,Electronics,Brand Beta,London,3,395.09,2,works great,True,C-458
E-0001658,2024-04-08,Beauty,Brand Delta,New York,2,262.29,2,recommend,False,C-990
E-0001659,2023-07-10,Sports,Brand Alpha,Dubai,5,340.27,4,great for training,True,C-892
E-0001660,2024-08-08,Electronics,Brand Gamma,London,2,287.88,2,works great,True,C-1447
E-0001661,2024-04-14,Home,Brand Alpha,Karachi,4,321.19,1,assembly was hard,True,C-964
E-0001662,2023-08-28,Home,Brand Alpha,New York,3,315.05,3,cheap materials,True,C-741
E-0001663,2024-01-23,Books,Brand Gamma,Lahore,4,374.84,5,informative,False,C-1357
E-0001664,2024-12-04,Electronics,Brand Gamma,Karachi,4,187.76,2,love it,True,C-1011
E-0001665,2025-01-19,Sports,Brand Gamma,Islamabad,3,130.0,3,great for training,True,C-25
E-0001666,2025-01-12,Books,Brand Gamma,Karachi,3,114.1,3,boring content,False,C-439
E-0001667,2024-05-18,Electronics,Brand Alpha,Karachi,5,199.42,1,poor build,True,C-714
E-0001668,2023-10-20,Clothing,Brand Alpha,Islamabad,2,308.15,3,nice fabric,True,C-590
E-0001669,2024-03-22,Home,Brand Alpha,Dubai,3,201.98,2,assembly was hard,False,C-1118
E-0001670,2024-11-09,Clothing,Brand Gamma,Lahore,3,215.06,1,nice fabric,True,C-592
E-0001671,2023-06-19,Sports,Brand Alpha,Dubai,4,288.27,2,good grip,True,C-340
E-0001672,2024-12-02,Home,Brand Beta,New York,3,191.06,5,assembly was hard,False,C-424
E-0001673,2023-11-14,Books,Brand Gamma,London,4,265.38,3,print quality good,True,C-131
E-0001674,2023-08-27,Sports,Brand Beta,Karachi,3,199.57,2,great for training,True,C-189
E-0001675,2023-10-21,Clothing,Brand Alpha,Lahore,3,164.2,2,seams came apart,True,C-421
E-0001676,2024-04-13,Electronics,Brand Gamma,Islamabad,3,169.07,3,average at best,True,C-730
E-0001677,2025-01-14,Sports,Brand Beta,Lahore,1,192.87,1,poor durability,False,C-314
E-0001678,2023-09-25,Books,Brand Beta,Dubai,5,22.26,2,informative,True,C-186
E-0001679,2023-11-10,Home,Brand Delta,London,4,271.34,2,assembly was hard,False,C-1060
E-0001680,2024-04-09,Beauty,Brand Beta,London,4,272.64,3,caused irritation,True,C-295
E-0001681,2024-06-28,Beauty,Brand Delta,Dubai,2,227.33,2,skin felt great,False,C-86
E-0001682,2024-07-27,Beauty,Brand Delta,New York,4,58.65,2,too expensive,True,C-1364
E-0001683,2024-08-12,Books,Brand Gamma,New York,3,398.79,2,print quality good,True,C-557
E-0001684,2024-09-05,Home,Brand Alpha,New York,3,120.71,2,looks premium,False,C-1047
E-0001685,2024-11-14,Beauty,Brand Beta,Karachi,3,46.93,3,nice scent,True,C-664
E-0001686,2023-06-10,Home,Brand Alpha,Islamabad,2,334.02,4,cheap materials,False,C-358
E-0001687,2023-11-27,Books,Brand Delta,London,3,105.23,2,well written,True,C-1361
E-0001688,2023-06-21,Books,Brand Alpha,London,4,52.2,1,fast delivery,False,C-628
E-0001689,2023-06-12,Electronics,Brand Alpha,Lahore,3,338.04,1,average at best,False,C-386
E-0001690,2024-09-24,Home,Brand Alpha,Lahore,3,205.61,1,would buy again,True,C-911
E-0001691,2024-04-03,Home,Brand Delta,New York,4,25.48,1,looks premium,True,C-1145
E-0001692,2024-06-03,Books,Brand Delta,Lahore,2,377.02,2,print quality good,True,C-478
E-0001693,2023-12-20,Sports,Brand Alpha,New York,3,228.88,2,great for training,True,C-1224
E-0001694,2024-01-20,Beauty,Brand Alpha,Lahore,4,320.34,1,recommend,False,C-227
E-0001695,2023-08-14,Sports,Brand Gamma,Lahore,3,359.81,3,good grip,True,C-231
E-0001696,2024-10-28,Beauty,Brand Alpha,Islamabad,5,213.49,1,skin felt great,False,C-1354
E-0001697,2024-05-06,Home,Brand Delta,Islamabad,2,170.77,1,looks premium,True,C-1065
E-0001698,2023-12-08,Sports,Brand Beta,Dubai,4,183.64,1,broke after week,True,C-21
E-0001699,2023-10-09,Sports,Brand Beta,New York,3,158.85,3,poor durability,True,C-1327
E-0001700,2024-11-02,Electronics,Brand Alpha,Lahore,2,206.48,1,poor build,True,C-1227
E-0001701,2024-04-05,Electronics,Brand Beta,New York,2,276.95,1,love it,True,C-182
E-0001702,2024-06-25,Electronics,Brand Beta,London,3,166.64,2,love it,True,C-1124
E-0001703,2023-06-01,Sports,Brand Alpha,London,2,277.76,1,poor durability,False,C-913
E-0001704,2024-10-12,Sports,Brand Alpha,Karachi,5,169.67,2,good grip,True,C-634
E-0001705,2024-12-21,Home,Brand Gamma,Karachi,5,146.77,4,cheap materials,True,C-1127
E-0001706,2024-09-25,Sports,Brand Delta,New York,4,123.34,1,broke after week,True,C-1262
E-0001707,2024-09-22,Beauty,Brand Gamma,London,3,189.69,2,nice scent,True,C-372
E-0001708,2023-07-10,Electronics,Brand Beta,Dubai,2,237.57,3,excellent quality,True,C-1244
E-0001709,2024-03-03,Books,Brand Alpha,Dubai,2,357.18,1,print quality good,True,C-1083
E-0001710,2023-08-18,Sports,Brand Beta,Dubai,1,271.29,2,broke after week,True,C-375
E-0001711,2024-08-24,Sports,Brand Gamma,Lahore,2,77.22,1,broke after week,True,C-844
E-0001712,2024-07-02,Beauty,Brand Gamma,New York,5,151.94,2,too expensive,True,C-380
E-0001713,2023-10-09,Home,Brand Gamma,New York,4,112.05,3,looks premium,True,C-175
E-0001714,2024-05-04,Home,Brand Alpha,Islamabad,5,253.36,3,looks premium,True,C-1442
E-0001715,2024-12-07,Home,Brand Delta,Islamabad,2,221.26,1,looks premium,True,C-309
E-0001716,2024-07-02,Sports,Brand Beta,New York,1,378.58,2,,False,C-129
E-0001717,2024-12-26,Clothing,Brand Delta,Dubai,3,354.03,4,seams came apart,True,C-1085
E-0001718,2024-10-24,Books,Brand Gamma,Islamabad,4,64.61,1,print quality good,False,C-854
E-0001719,2024-11-18,Electronics,Brand Alpha,London,2,,1,,True,C-78
E-0001720,2024-06-21,Beauty,Brand Delta,London,3,226.72,2,too expensive,False,C-580
E-0001721,2023-08-14,Sports,Brand Alpha,London,3,309.1,4,good grip,True,C-958
E-0001722,2024-03-15,Clothing,Brand Beta,Islamabad,2,264.58,1,color faded after wash,True,C-1047
E-0001723,2024-02-13,Electronics,Brand Gamma,Lahore,3,200.57,1,highly recommend,True,C-1147
E-0001724,2024-12-02,Electronics,Brand Gamma,Islamabad,5,186.45,2,works great,False,C-44
E-0001725,2023-06-11,Electronics,Brand Gamma,Dubai,4,351.65,3,works great,True,C-1082
E-0001726,2023-12-05,Electronics,Brand Beta,Karachi,4,261.67,1,love it,False,C-569
E-0001727,2024-01-30,Clothing,Brand Gamma,Lahore,4,312.67,3,too small,True,C-141
E-0001728,2023-07-07,Sports,Brand Alpha,Dubai,4,137.18,2,broke after week,True,C-1268
E-0001729,2024-06-17,Home,Brand Alpha,Dubai,4,50.27,2,looks premium,True,C-769
E-0001730,2023-12-01,Beauty,Brand Delta,Lahore,5,237.61,1,recommend,True,C-541
E-0001731,2024-08-28,Beauty,Brand Gamma,Islamabad,3,147.87,1,too expensive,True,C-972
E-0001732,2023-12-13,Beauty,Brand Alpha,Dubai,3,31.27,2,caused irritation,True,C-154
E-0001733,2024-10-23,Books,Brand Gamma,New York,3,185.13,1,,True,C-1087
E-0001734,2024-07-02,Home,Brand Alpha,London,5,142.85,3,assembly was hard,False,C-1451
E-0001735,2024-03-16,Books,Brand Delta,Lahore,4,338.21,2,print quality good,True,C-1367
E-0001736,2023-12-29,Books,Brand Alpha,Dubai,3,170.49,3,fast delivery,True,C-312
E-0001737,2024-11-09,Electronics,Brand Beta,London,1,177.01,2,poor build,True,C-345
E-0001738,2024-11-07,Home,Brand Beta,Dubai,2,114.44,3,assembly was hard,False,C-979
E-0001739,2023-06-15,Home,Brand Gamma,Dubai,3,388.11,2,looks premium,False,C-330
E-0001740,2023-07-28,Electronics,Brand Alpha,New York,3,89.65,2,love it,True,C-23
E-0001741,2023-10-04,Beauty,Brand Gamma,Dubai,5,339.47,2,nice scent,True,C-642
E-0001742,2024-04-14,Clothing,Brand Delta,London,2,256.28,3,fits perfectly,True,C-1494
E-0001743,2024-07-02,Sports,Brand Delta,Lahore,3,65.51,4,good grip,True,C-1480
E-0001744,2024-10-08,Beauty,Brand Alpha,London,3,310.51,1,skin felt great,True,C-1300
E-0001745,2024-12-31,Books,Brand Delta,Dubai,3,113.53,1,print quality good,False,C-752
E-0001746,2024-09-28,Books,Brand Beta,Lahore,1,230.12,3,informative,True,C-1148
E-0001747,2024-11-10,Clothing,Brand Beta,Dubai,3,324.19,3,comfortable and stylish,True,C-77
E-0001748,2024-04-11,Electronics,Brand Beta,Karachi,3,162.93,4,disappointed with durability,True,C-265
E-0001749,2023-09-02,Home,Brand Alpha,Karachi,3,149.54,2,looks premium,True,C-412
E-0001750,2023-11-22,Books,Brand Alpha,Lahore,2,85.03,3,well written,True,C-151
E-0001751,2024-06-16,Clothing,Brand Beta,Lahore,4,114.0,1,,False,C-72
E-0001752,2024-04-16,Beauty,Brand Gamma,London,3,275.56,2,nice scent,True,C-1427
E-0001753,2024-08-31,Clothing,Brand Gamma,Islamabad,3,98.6,3,color faded after wash,True,C-116
E-0001754,2024-02-15,Electronics,Brand Delta,Karachi,2,193.74,2,excellent quality,True,C-331
E-0001755,2024-03-06,Electronics,Brand Delta,Karachi,1,304.01,1,poor build,True,C-397
E-0001756,2023-12-17,Home,Brand Gamma,Lahore,3,242.03,4,very useful,True,C-541
E-0001757,2023-08-24,Home,Brand Gamma,Lahore,2,58.53,1,would buy again,True,C-15
E-0001758,2024-08-12,Clothing,Brand Alpha,Islamabad,4,327.17,1,seams came apart,True,C-1428
E-0001759,2024-02-10,Home,Brand Alpha,Islamabad,5,156.57,3,cheap materials,True,C-254
E-0001760,2023-10-21,Beauty,Brand Gamma,Dubai,2,380.56,1,skin felt great,True,C-436
E-0001761,2024-12-26,Electronics,Brand Delta,Karachi,4,131.98,2,disappointed with durability,False,C-733
E-0001762,2024-05-04,Home,Brand Alpha,Islamabad,4,196.82,2,very useful,True,C-643
E-0001763,2024-02-18,Clothing,Brand Beta,Dubai,3,392.73,2,too small,False,C-173
E-0001764,2023-07-20,Sports,Brand Beta,London,4,43.94,1,great for training,True,C-1035
E-0001765,2024-06-16,Clothing,Brand Beta,New York,1,51.0,1,great value,True,C-965
E-0001766,2024-12-04,Electronics,Brand Gamma,New York,3,47.05,2,works great,True,C-266
E-0001767,2024-12-14,Beauty,Brand Alpha,Lahore,2,249.98,2,nice scent,True,C-709
E-0001768,2023-11-21,Books,Brand Gamma,London,5,293.86,3,boring content,False,C-909
E-0001769,2023-07-10,Sports,Brand Gamma,Karachi,2,209.11,1,poor durability,True,C-229
E-0001770,2023-09-19,Clothing,Brand Alpha,Karachi,1,304.74,1,nice fabric,True,C-1010
E-0001771,2023-09-29,Sports,Brand Delta,Karachi,4,329.1,1,poor durability,True,C-1047
E-0001772,2023-11-21,Books,Brand Delta,Dubai,2,336.64,1,fast delivery,True,C-149
E-0001773,2023-11-22,Home,Brand Beta,New York,4,229.47,3,assembly was hard,True,C-351
E-0001774,2023-11-27,Sports,Brand Alpha,Dubai,4,171.36,3,good grip,True,C-1013
E-0001775,2024-04-04,Home,Brand Alpha,Dubai,2,168.97,2,cheap materials,True,C-133
E-0001776,2024-10-23,Clothing,Brand Gamma,London,2,266.13,1,comfortable and stylish,True,C-482
E-0001777,2024-09-08,Sports,Brand Gamma,New York,3,319.32,2,broke after week,True,C-1158
E-0001778,2024-07-15,Books,Brand Gamma,Karachi,3,307.09,1,well written,True,C-1365
E-0001779,2023-12-23,Sports,Brand Beta,London,3,204.03,2,broke after week,True,C-1080
E-0001780,2023-11-01,Home,Brand Gamma,London,2,304.98,2,assembly was hard,False,C-322
E-0001781,2023-07-04,Electronics,Brand Gamma,Karachi,1,145.22,1,,False,C-349
E-0001782,2024-07-17,Sports,Brand Beta,Lahore,2,246.69,1,great for training,True,C-445
E-0001783,2024-01-22,Home,Brand Alpha,New York,3,184.45,1,assembly was hard,True,C-658
E-0001784,2023-11-12,Home,Brand Delta,London,4,393.33,2,cheap materials,True,C-253
E-0001785,2024-09-14,Sports,Brand Beta,New York,5,184.51,2,good grip,True,C-451
E-0001786,2024-02-03,Home,Brand Alpha,Lahore,3,224.27,2,cheap materials,False,C-1477
E-0001787,2024-01-23,Beauty,Brand Gamma,Karachi,3,266.48,2,skin felt great,False,C-402
E-0001788,2023-08-06,Beauty,Brand Beta,Islamabad,1,97.1,1,skin felt great,True,C-685
E-0001789,2024-11-03,Books,Brand Gamma,Karachi,5,168.22,3,boring content,True,C-1258
E-0001790,2023-10-09,Clothing,Brand Beta,London,3,271.45,3,too small,True,C-50
E-0001791,2024-12-02,Beauty,Brand Beta,Karachi,3,196.37,3,nice scent,False,C-665
E-0001792,2024-07-01,Home,Brand Delta,Islamabad,2,241.07,2,assembly was hard,False,C-139
E-0001793,2024-01-24,Beauty,Brand Delta,Dubai,2,341.44,4,too expensive,True,C-756
E-0001794,2023-11-27,Sports,Brand Gamma,Islamabad,3,258.37,1,,True,C-1174
E-0001795,2024-08-29,Books,Brand Beta,New York,5,304.96,1,print quality good,True,C-742
E-0001796,2024-06-27,Electronics,Brand Gamma,New York,4,167.64,2,battery dies fast,True,C-180
E-0001797,2024-02-28,Electronics,Brand Beta,London,4,27.34,1,average at best,True,C-738
E-0001798,2023-10-06,Sports,Brand Delta,Lahore,5,168.12,1,broke after week,False,C-587
E-0001799,2024-09-22,Sports,Brand Gamma,New York,4,95.61,1,good grip,True,C-1040
E-0001800,2024-07-27,Books,Brand Beta,Karachi,4,67.72,4,fast delivery,True,C-722
E-0001801,2024-07-01,Home,Brand Alpha,Islamabad,2,306.66,2,cheap materials,True,C-1295
E-0001802,2024-10-01,Books,Brand Alpha,Islamabad,4,353.63,4,informative,True,C-489
E-0001803,2024-10-06,Books,Brand Gamma,Islamabad,4,157.86,3,fast delivery,True,C-1426
E-0001804,2024-07-12,Clothing,Brand Beta,New York,1,105.19,2,great value,True,C-832
E-0001805,2024-11-18,Home,Brand Gamma,Lahore,2,343.45,3,assembly was hard,True,C-1214
E-0001806,2024-07-30,Clothing,Brand Delta,Islamabad,2,287.8,1,too small,False,C-1478
E-0001807,2024-01-04,Books,Brand Delta,New York,5,93.64,3,boring content,True,C-1197
E-0001808,2023-06-07,Books,Brand Gamma,New York,4,151.55,2,boring content,True,C-537
E-0001809,2023-08-18,Beauty,Brand Delta,Karachi,3,310.98,2,caused irritation,True,C-288
E-0001810,2024-01-09,Home,Brand Alpha,Islamabad,3,68.44,2,assembly was hard,True,C-461
E-0001811,2023-12-10,Beauty,Brand Delta,Lahore,3,46.48,1,skin felt great,True,C-616
E-0001812,2023-08-03,Books,Brand Gamma,London,5,294.82,1,print quality good,True,C-33
E-0001813,2023-11-21,Sports,Brand Beta,Dubai,4,140.86,1,great for training,False,C-306
E-0001814,2024-05-07,Clothing,Brand Beta,London,5,339.28,2,too small,True,C-1294
E-0001815,2023-08-23,Books,Brand Delta,Lahore,2,273.52,3,fast delivery,True,C-1117
E-0001816,2023-12-02,Books,Brand Alpha,New York,3,343.11,2,print quality good,False,C-547
E-0001817,2024-05-04,Clothing,Brand Alpha,Dubai,3,393.95,4,great value,True,C-1464
E-0001818,2024-01-22,Sports,Brand Gamma,Islamabad,3,193.56,2,good grip,True,C-169
E-0001819,2024-10-01,Books,Brand Delta,London,4,67.96,2,print quality good,True,C-674
E-0001820,2023-11-14,Electronics,Brand Delta,New York,3,297.43,1,disappointed with durability,True,C-14
E-0001821,2023-07-14,Beauty,Brand Alpha,London,4,253.37,2,too expensive,True,C-977
E-0001822,2023-11-22,Sports,Brand Delta,New York,4,274.03,3,good grip,True,C-1054
E-0001823,2023-09-27,Sports,Brand Beta,Dubai,2,265.49,1,broke after week,True,C-977
E-0001824,2023-11-10,Sports,Brand Delta,Islamabad,4,305.32,2,good grip,True,C-1144
E-0001825,2023-11-24,Sports,Brand Alpha,London,3,57.47,1,broke after week,True,C-150
E-0001826,2023-09-12,Sports,Brand Alpha,London,2,71.86,2,poor durability,True,C-1045
E-0001827,2024-05-22,Clothing,Brand Gamma,New York,2,294.46,2,color faded after wash,False,C-319
E-0001828,2024-12-01,Books,Brand Delta,Karachi,3,357.76,2,print quality good,True,C-532
E-0001829,2023-11-13,Home,Brand Beta,Dubai,3,21.87,2,looks premium,True,C-1207
E-0001830,2024-09-20,Books,Brand Alpha,Dubai,4,224.31,1,print quality good,True,C-1434
E-0001831,2025-01-18,Electronics,Brand Delta,London,3,43.97,2,poor build,True,C-532
E-0001832,2023-10-29,Sports,Brand Gamma,London,4,124.07,2,great for training,False,C-1000
E-0001833,2023-12-01,Beauty,Brand Beta,Lahore,3,196.7,2,too expensive,False,C-423
E-0001834,2024-06-03,Sports,Brand Delta,Lahore,4,123.74,4,great for training,True,C-331
E-0001835,2024-09-10,Clothing,Brand Delta,Karachi,2,369.56,3,nice fabric,True,C-475
E-0001836,2024-02-22,Beauty,Brand Delta,Dubai,5,74.6,4,caused irritation,False,C-955
E-0001837,2024-01-12,Electronics,Brand Alpha,Lahore,2,230.58,1,works great,True,C-1268
E-0001838,2023-08-15,Books,Brand Alpha,Islamabad,1,82.9,3,boring content,True,C-745
E-0001839,2023-07-12,Books,Brand Beta,Karachi,3,38.5,1,print quality good,True,C-8
E-0001840,2023-11-25,Clothing,Brand Alpha,Karachi,3,158.51,1,great value,True,C-551
E-0001841,2024-12-03,Clothing,Brand Alpha,Karachi,3,337.0,3,nice fabric,False,C-547
E-0001842,2024-02-07,Sports,Brand Beta,Karachi,3,352.97,3,good grip,True,C-1135
E-0001843,2023-10-06,Electronics,Brand Beta,Dubai,4,152.0,1,love it,True,C-18
E-0001844,2024-02-18,Home,Brand Gamma,Karachi,5,292.3,1,assembly was hard,True,C-1496
E-0001845,2023-11-23,Home,Brand Alpha,Islamabad,4,227.12,1,looks premium,True,C-1293
E-0001846,2023-07-15,Sports,Brand Beta,New York,4,136.36,2,poor durability,True,C-231
E-0001847,2023-12-12,Clothing,Brand Alpha,Dubai,4,365.15,1,color faded after wash,True,C-1441
E-0001848,2024-01-30,Beauty,Brand Gamma,Islamabad,3,78.26,2,recommend,True,C-1063
E-0001849,2024-01-15,Clothing,Brand Alpha,Dubai,4,127.01,2,too small,True,C-1015
E-0001850,2023-08-02,Beauty,Brand Gamma,Lahore,3,156.64,2,recommend,True,C-963
E-0001851,2023-07-16,Beauty,Brand Delta,Dubai,5,155.62,2,caused irritation,True,C-1374
E-0001852,2023-10-25,Sports,Brand Alpha,New York,3,125.27,1,poor durability,True,C-593
E-0001853,2024-09-22,Clothing,Brand Delta,Karachi,4,54.72,3,fits perfectly,True,C-1041
E-0001854,2024-02-24,Electronics,Brand Gamma,London,3,284.45,2,love it,True,C-1139
E-0001855,2023-08-08,Electronics,Brand Gamma,Lahore,3,177.77,1,battery dies fast,True,C-1276
E-0001856,2024-02-25,Electronics,Brand Alpha,New York,3,131.77,1,average at best,True,C-914
E-0001857,2023-10-02,Electronics,Brand Delta,Islamabad,3,232.77,2,highly recommend,True,C-149
E-0001858,2023-09-28,Clothing,Brand Delta,New York,4,263.19,2,,True,C-349
E-0001859,2024-04-21,Clothing,Brand Delta,Karachi,4,39.01,4,great value,False,C-1020
E-0001860,2024-06-24,Clothing,Brand Alpha,Dubai,5,122.27,2,nice fabric,True,C-268
E-0001861,2023-07-29,Books,Brand Beta,Dubai,4,231.12,1,print quality good,False,C-624
E-0001862,2024-11-28,Beauty,Brand Beta,Karachi,3,268.88,2,recommend,True,C-541
E-0001863,2024-12-23,Electronics,Brand Beta,Dubai,2,195.67,2,battery dies fast,True,C-1457
E-0001864,2023-10-06,Home,Brand Alpha,London,5,339.03,3,assembly was hard,True,C-228
E-0001865,2024-08-13,Books,Brand Alpha,London,3,11.93,4,,True,C-818
E-0001866,2023-12-20,Clothing,Brand Beta,Lahore,2,195.73,1,seams came apart,True,C-44
E-0001867,2023-11-12,Books,Brand Beta,Karachi,4,328.93,1,fast delivery,False,C-145
E-0001868,2023-10-16,Books,Brand Gamma,Lahore,5,169.28,2,fast delivery,True,C-524
E-0001869,2024-05-12,Beauty,Brand Beta,Lahore,3,187.33,2,caused irritation,True,C-509
E-0001870,2024-07-31,Electronics,Brand Beta,London,5,389.52,4,works great,True,C-65
E-0001871,2024-01-18,Clothing,Brand Beta,London,4,366.17,2,color faded after wash,True,C-1106
E-0001872,2024-06-01,Electronics,Brand Delta,Dubai,4,161.85,3,works great,True,C-1407
E-0001873,2023-08-05,Home,Brand Alpha,Islamabad,5,48.73,2,would buy again,True,C-400
E-0001874,2024-07-13,Books,Brand Delta,Dubai,5,284.87,2,boring content,True,C-954
E-0001875,2023-08-02,Books,Brand Beta,New York,4,316.22,2,print quality good,False,C-808
E-0001876,2024-05-12,Sports,Brand Beta,Karachi,2,374.99,1,broke after week,True,C-664
E-0001877,2023-11-23,Sports,Brand Delta,Islamabad,4,248.31,2,broke after week,True,C-1175
E-0001878,2025-01-12,Sports,Brand Alpha,Islamabad,5,19.45,2,broke after week,True,C-344
E-0001879,2024-08-19,Electronics,Brand Gamma,London,4,390.53,4,,True,C-1078
E-0001880,2023-08-18,Home,Brand Gamma,London,4,238.92,1,would buy again,True,C-1374
E-0001881,2024-01-05,Sports,Brand Delta,Dubai,3,368.23,3,great for training,True,C-820
E-0001882,2024-03-17,Beauty,Brand Delta,London,3,126.58,2,caused irritation,True,C-1266
E-0001883,2023-12-29,Beauty,Brand Delta,New York,3,262.26,2,skin felt great,True,C-1022
E-0001884,2023-08-07,Beauty,Brand Gamma,Lahore,4,87.72,1,skin felt great,True,C-1061
E-0001885,2024-08-16,Clothing,Brand Gamma,Dubai,4,163.6,3,comfortable and stylish,True,C-1041
E-0001886,2023-06-06,Books,Brand Alpha,New York,4,161.31,2,informative,True,C-1103
E-0001887,2023-11-11,Beauty,Brand Delta,London,3,260.15,3,too expensive,True,C-442
E-0001888,2024-09-29,Electronics,Brand Gamma,London,4,268.6,2,excellent quality,True,C-535
E-0001889,2024-02-10,Electronics,Brand Gamma,Dubai,4,287.47,1,average at best,True,C-1015
E-0001890,2024-08-25,Home,Brand Delta,Islamabad,4,181.53,1,very useful,True,C-325
E-0001891,2024-04-17,Electronics,Brand Delta,Karachi,2,60.7,1,love it,True,C-696
E-0001892,2023-09-21,Electronics,Brand Alpha,Dubai,2,290.73,2,disappointed with durability,True,C-1429
E-0001893,2023-11-21,Home,Brand Alpha,New York,4,22.43,2,looks premium,True,C-565
E-0001894,2023-10-30,Home,Brand Gamma,Lahore,3,263.17,5,looks premium,True,C-1411
E-0001895,2023-06-18,Clothing,Brand Alpha,London,3,167.39,1,great value,True,C-159
E-0001896,2024-02-18,Home,Brand Alpha,London,3,319.52,4,cheap materials,True,C-1045
E-0001897,2024-12-10,Beauty,Brand Alpha,New York,3,386.83,3,caused irritation,False,C-1308
E-0001898,2024-03-27,Home,Brand Beta,Islamabad,4,213.11,2,very useful,True,C-1174
E-0001899,2024-11-24,Clothing,Brand Gamma,Islamabad,2,385.86,2,nice fabric,True,C-371
E-0001900,2024-01-03,Home,Brand Gamma,London,3,174.83,3,assembly was hard,True,C-1365
E-0001901,2023-08-16,Books,Brand Gamma,London,3,99.4,1,informative,True,C-1062
E-0001902,2024-07-22,Home,Brand Delta,Dubai,4,375.55,2,very useful,True,C-16
E-0001903,2024-05-18,Sports,Brand Beta,Dubai,4,353.3,2,good grip,True,C-909
E-0001904,2023-08-04,Clothing,Brand Delta,Dubai,3,48.23,1,nice fabric,False,C-607
E-0001905,2024-03-19,Sports,Brand Alpha,Dubai,3,,1,great for training,True,C-895
E-0001906,2023-09-24,Sports,Brand Beta,Islamabad,2,384.92,2,good grip,False,C-422
E-0001907,2023-08-12,Sports,Brand Delta,London,4,292.46,3,great for training,True,C-717
E-0001908,2024-12-17,Books,Brand Gamma,Dubai,2,248.93,3,informative,True,C-958
E-0001909,2023-10-18,Electronics,Brand Alpha,Karachi,2,357.74,6,disappointed with durability,True,C-126
E-0001910,2023-08-18,Beauty,Brand Gamma,Lahore,5,,2,recommend,True,C-159
E-0001911,2024-09-12,Beauty,Brand Gamma,New York,4,377.17,1,skin felt great,True,C-585
E-0001912,2024-12-24,Electronics,Brand Delta,Dubai,3,226.57,1,works great,True,C-523
E-0001913,2024-08-17,Beauty,Brand Gamma,Karachi,4,149.31,1,nice scent,True,C-932
E-0001914,2024-03-15,Beauty,Brand Gamma,Islamabad,4,218.99,1,caused irritation,True,C-308
E-0001915,2023-10-23,Home,Brand Delta,Dubai,4,380.69,2,very useful,True,C-68
E-0001916,2024-08-27,Clothing,Brand Beta,Islamabad,4,197.36,1,,True,C-611
E-0001917,2023-08-20,Electronics,Brand Alpha,London,3,399.27,3,highly recommend,True,C-1222
E-0001918,2023-12-04,Beauty,Brand Delta,Lahore,3,274.05,4,recommend,True,C-843
E-0001919,2023-09-18,Clothing,Brand Gamma,Karachi,4,259.64,2,color faded after wash,True,C-262
E-0001920,2024-03-22,Books,Brand Beta,Karachi,4,305.52,1,well written,True,C-527
E-0001921,2024-02-12,Beauty,Brand Beta,London,2,83.74,1,nice scent,False,C-1055
E-0001922,2023-10-17,Sports,Brand Alpha,London,4,348.63,2,good grip,True,C-891
E-0001923,2023-10-11,Electronics,Brand Alpha,Karachi,1,177.04,2,disappointed with durability,True,C-762
E-0001924,2024-06-26,Electronics,Brand Alpha,Lahore,1,325.43,2,disappointed with durability,False,C-1086
E-0001925,2024-06-27,Books,Brand Beta,Dubai,4,261.28,3,informative,True,C-923
E-0001926,2024-12-06,Home,Brand Delta,Lahore,5,184.22,1,looks premium,True,C-1362
E-0001927,2024-07-21,Beauty,Brand Alpha,Dubai,4,182.27,2,recommend,False,C-1116
E-0001928,2024-12-11,Sports,Brand Beta,London,2,205.82,1,broke after week,True,C-709
E-0001929,2024-07-31,Beauty,Brand Gamma,New York,2,34.01,1,skin felt great,True,C-1395
E-0001930,2024-07-10,Books,Brand Gamma,Karachi,5,300.11,5,fast delivery,True,C-22
E-0001931,2024-12-23,Home,Brand Beta,Islamabad,4,305.02,3,looks premium,True,C-227
E-0001932,2024-07-11,Electronics,Brand Alpha,Dubai,3,329.62,1,poor build,True,C-180
E-0001933,2024-11-15,Books,Brand Alpha,Dubai,3,215.52,2,informative,True,C-10
E-0001934,2024-02-09,Electronics,Brand Gamma,Lahore,3,224.68,3,battery dies fast,True,C-1485
E-0001935,2024-12-21,Clothing,Brand Delta,London,1,121.91,1,nice fabric,True,C-542
E-0001936,2025-01-12,Electronics,Brand Delta,Islamabad,3,50.02,4,works great,True,C-847
E-0001937,2024-07-15,Books,Brand Gamma,Islamabad,5,346.42,2,print quality good,True,C-217
E-0001938,2023-10-10,Beauty,Brand Gamma,Dubai,2,85.78,2,nice scent,True,C-160
E-0001939,2024-09-01,Beauty,Brand Alpha,London,5,206.45,1,recommend,True,C-512
E-0001940,2024-01-21,Beauty,Brand Gamma,Dubai,4,312.14,1,skin felt great,True,C-1146
E-0001941,2023-11-30,Clothing,Brand Gamma,Islamabad,1,314.27,2,fits perfectly,True,C-1314
E-0001942,2024-03-13,Sports,Brand Delta,London,4,37.02,1,good grip,True,C-1390
E-0001943,2024-08-25,Home,Brand Beta,Lahore,2,74.51,3,assembly was hard,True,C-393
E-0001944,2023-10-23,Clothing,Brand Alpha,London,5,252.22,3,too small,True,C-1456
E-0001945,2024-06-20,Sports,Brand Beta,New York,4,148.0,2,good grip,True,C-1457
E-0001946,2024-11-11,Sports,Brand Delta,Lahore,2,288.26,2,poor durability,True,C-652
E-0001947,2024-09-18,Electronics,Brand Beta,London,2,93.84,2,poor build,True,C-1080
E-0001948,2024-10-24,Sports,Brand Delta,Islamabad,3,262.03,1,poor durability,True,C-156
E-0001949,2024-06-23,Books,Brand Delta,New York,4,267.59,1,well written,True,C-1488
E-0001950,2024-07-26,Sports,Brand Beta,Dubai,2,323.19,1,great for training,True,C-86
E-0001951,2024-07-19,Home,Brand Beta,New York,4,316.53,1,looks premium,True,C-176
E-0001952,2023-08-29,Books,Brand Beta,London,3,307.98,1,fast delivery,True,C-1190
E-0001953,2023-09-23,Sports,Brand Gamma,Islamabad,2,250.16,3,good grip,True,C-501
E-0001954,2024-10-16,Clothing,Brand Delta,London,4,363.14,1,too small,True,C-1415
E-0001955,2023-07-11,Books,Brand Alpha,London,3,368.76,4,well written,True,C-697
E-0001956,2024-11-12,Sports,Brand Gamma,London,3,117.96,1,poor durability,True,C-467
E-0001957,2024-06-15,Clothing,Brand Delta,Islamabad,4,41.91,2,great value,True,C-262
E-0001958,2024-01-26,Clothing,Brand Delta,Lahore,2,124.36,2,seams came apart,True,C-666
E-0001959,2024-10-21,Beauty,Brand Beta,Karachi,3,277.37,2,recommend,True,C-899
E-0001960,2024-02-23,Books,Brand Beta,Islamabad,1,69.17,2,print quality good,True,C-1154
E-0001961,2023-07-16,Sports,Brand Alpha,Islamabad,4,191.33,2,good grip,False,C-364
E-0001962,2024-03-19,Clothing,Brand Delta,Karachi,4,266.75,3,fits perfectly,True,C-276
E-0001963,2024-01-22,Sports,Brand Beta,New York,4,348.32,1,good grip,True,C-189
E-0001964,2024-11-28,Clothing,Brand Alpha,Dubai,4,176.81,3,great value,True,C-494
E-0001965,2024-04-09,Electronics,Brand Alpha,Karachi,4,224.52,1,battery dies fast,True,C-973
E-0001966,2023-12-21,Sports,Brand Delta,New York,3,384.33,2,broke after week,True,C-164
E-0001967,2024-11-29,Clothing,Brand Alpha,Lahore,4,44.3,1,color faded after wash,True,C-30
E-0001968,2024-09-19,Clothing,Brand Delta,London,4,343.23,2,nice fabric,True,C-1141
E-0001969,2024-12-28,Clothing,Brand Delta,Dubai,1,52.01,4,nice fabric,True,C-92
E-0001970,2024-11-24,Sports,Brand Delta,London,5,262.45,3,poor durability,True,C-239
E-0001971,2024-09-07,Books,Brand Gamma,Islamabad,2,306.69,3,boring content,True,C-922
E-0001972,2023-06-30,Beauty,Brand Beta,Dubai,2,397.15,2,caused irritation,True,C-1367
E-0001973,2023-07-22,Clothing,Brand Delta,Lahore,2,341.24,5,color faded after wash,True,C-275
E-0001974,2023-10-03,Books,Brand Delta,Karachi,3,240.53,2,well written,True,C-546
E-0001975,2024-08-12,Books,Brand Alpha,Islamabad,3,316.8,2,boring content,True,C-264
E-0001976,2024-03-14,Beauty,Brand Gamma,London,2,184.81,4,too expensive,True,C-705
E-0001977,2023-10-23,Clothing,Brand Delta,Dubai,2,344.54,1,seams came apart,False,C-647
E-0001978,2024-08-30,Beauty,Brand Beta,Karachi,3,89.67,1,recommend,False,C-1111
E-0001979,2023-07-12,Sports,Brand Beta,Dubai,1,347.37,1,good grip,True,C-1180
E-0001980,2023-09-14,Books,Brand Alpha,Lahore,5,70.47,3,boring content,True,C-107
E-0001981,2024-09-28,Sports,Brand Gamma,New York,3,108.64,2,good grip,True,C-1264
E-0001982,2024-07-23,Home,Brand Gamma,London,3,179.06,1,very useful,False,C-1098
E-0001983,2024-04-12,Books,Brand Beta,New York,4,359.37,3,print quality good,True,C-793
E-0001984,2024-02-17,Clothing,Brand Delta,Lahore,4,296.92,1,great value,False,C-1048
E-0001985,2024-08-30,Beauty,Brand Beta,Islamabad,2,318.77,2,caused irritation,True,C-1234
E-0001986,2024-04-14,Electronics,Brand Beta,London,3,188.14,2,average at best,True,C-532
E-0001987,2023-12-13,Sports,Brand Beta,New York,4,304.49,1,poor durability,False,C-600
E-0001988,2024-04-18,Electronics,Brand Delta,London,2,60.63,1,average at best,True,C-635
E-0001989,2023-07-07,Home,Brand Alpha,Lahore,3,359.87,1,cheap materials,True,C-1346
E-0001990,2024-07-23,Beauty,Brand Alpha,New York,3,151.62,3,recommend,True,C-864
E-0001991,2024-06-13,Clothing,Brand Delta,Lahore,3,248.08,2,fits perfectly,True,C-647
E-0001992,2024-02-10,Clothing,Brand Delta,New York,3,26.42,2,too small,True,C-1336
E-0001993,2023-12-10,Beauty,Brand Delta,Karachi,4,53.04,1,recommend,True,C-1412
E-0001994,2025-01-20,Books,Brand Gamma,Karachi,3,142.25,3,fast delivery,True,C-246
E-0001995,2024-10-22,Beauty,Brand Delta,Karachi,4,29.75,4,nice scent,True,C-373
E-0001996,2024-01-17,Sports,Brand Gamma,Lahore,3,202.69,2,broke after week,True,C-1407
E-0001997,2023-08-05,Books,Brand Alpha,London,5,45.08,1,boring content,True,C-1481
E-0001998,2023-07-31,Sports,Brand Gamma,London,3,25.67,1,good grip,True,C-1207
E-0001999,2023-09-14,Books,Brand Beta,London,4,294.0,3,print quality good,True,C-1037
E-0002000,2023-12-13,Electronics,Brand Beta,Lahore,4,304.99,2,works great,True,C-220
E-0002001,2024-02-03,Home,Brand Gamma,Karachi,3,175.68,1,would buy again,True,C-591
E-0002002,2024-06-24,Clothing,Brand Delta,Karachi,4,380.91,1,nice fabric,False,C-1225
E-0002003,2023-07-22,Electronics,Brand Gamma,Dubai,4,48.02,3,works great,True,C-756
E-0002004,2024-04-06,Beauty,Brand Gamma,Dubai,5,76.91,2,nice scent,True,C-1486
E-0002005,2024-06-08,Beauty,Brand Delta,Islamabad,2,395.55,2,too expensive,True,C-730
E-0002006,2024-08-01,Books,Brand Alpha,Islamabad,4,386.05,2,fast delivery,True,C-1379
E-0002007,2024-10-31,Clothing,Brand Gamma,Dubai,4,26.33,2,seams came apart,True,C-129
E-0002008,2025-01-13,Books,Brand Gamma,London,2,189.56,2,well written,True,C-218
E-0002009,2024-08-18,Sports,Brand Gamma,Dubai,4,184.18,1,broke after week,False,C-980
E-0002010,2024-03-28,Books,Brand Beta,New York,2,344.39,3,fast delivery,False,C-551
E-0002011,2023-12-07,Home,Brand Gamma,London,3,,2,cheap materials,True,C-1173
E-0002012,2024-06-07,Beauty,Brand Alpha,Dubai,4,216.43,1,too expensive,True,C-1246
E-0002013,2023-11-26,Beauty,Brand Delta,New York,3,24.45,2,too expensive,True,C-813
E-0002014,2024-05-03,Home,Brand Delta,Dubai,4,199.75,3,looks premium,True,C-668
E-0002015,2023-11-01,Electronics,Brand Alpha,Lahore,5,196.31,3,excellent quality,True,C-934
E-0002016,2023-11-21,Clothing,Brand Gamma,Karachi,3,59.5,1,fits perfectly,True,C-270
E-0002017,2023-07-20,Books,Brand Delta,Islamabad,3,14.03,4,informative,True,C-1102
E-0002018,2024-04-25,Beauty,Brand Gamma,New York,4,233.67,2,nice scent,True,C-1205
E-0002019,2023-10-19,Sports,Brand Delta,London,4,333.09,2,great for training,True,C-1403
E-0002020,2024-10-23,Clothing,Brand Delta,Islamabad,3,189.24,1,comfortable and stylish,True,C-911
E-0002021,2024-10-23,Beauty,Brand Beta,Lahore,4,203.6,3,recommend,True,C-578
E-0002022,2024-04-22,Books,Brand Alpha,New York,3,205.68,2,well written,True,C-579
E-0002023,2023-08-20,Home,Brand Delta,Lahore,3,269.07,3,would buy again,True,C-563
E-0002024,2023-07-25,Books,Brand Delta,Islamabad,3,,2,well written,True,C-378
E-0002025,2024-09-19,Beauty,Brand Beta,New York,2,361.84,2,nice scent,True,C-1304
E-0002026,2023-09-24,Home,Brand Gamma,London,4,130.65,3,looks premium,True,C-231
E-0002027,2024-09-18,Clothing,Brand Alpha,Karachi,3,227.22,1,seams came apart,True,C-1105
E-0002028,2023-09-02,Electronics,Brand Gamma,London,4,89.7,1,excellent quality,True,C-58
E-0002029,2024-04-07,Home,Brand Delta,London,4,179.98,1,cheap materials,True,C-493
E-0002030,2024-03-27,Clothing,Brand Beta,Lahore,3,54.38,2,nice fabric,True,C-258
E-0002031,2024-04-01,Home,Brand Gamma,Karachi,4,36.46,1,looks premium,True,C-1443
E-0002032,2024-02-04,Sports,Brand Beta,London,4,45.17,2,great for training,True,C-738
E-0002033,2023-08-10,Sports,Brand Alpha,New York,3,245.6,1,,True,C-34
E-0002034,2024-05-22,Electronics,Brand Gamma,Lahore,2,201.66,2,love it,False,C-1098
E-0002035,2023-06-02,Beauty,Brand Alpha,Islamabad,4,395.83,1,nice scent,True,C-656
E-0002036,2023-09-10,Books,Brand Gamma,Karachi,1,242.0,1,fast delivery,True,C-590
E-0002037,2023-07-06,Home,Brand Delta,Lahore,4,154.48,1,,True,C-622
E-0002038,2024-06-07,Beauty,Brand Gamma,Islamabad,3,174.07,3,skin felt great,False,C-1024
E-0002039,2023-11-30,Home,Brand Beta,Islamabad,2,71.5,1,would buy again,True,C-137
E-0002040,2023-07-03,Home,Brand Gamma,Karachi,3,314.77,3,would buy again,True,C-512
E-0002041,2024-06-25,Books,Brand Beta,Islamabad,3,314.29,3,print quality good,True,C-445
E-0002042,2024-02-28,Clothing,Brand Alpha,Dubai,5,62.46,2,fits perfectly,True,C-1029
E-0002043,2023-06-06,Sports,Brand Gamma,London,4,259.21,1,poor durability,True,C-32
E-0002044,2023-06-20,Books,Brand Gamma,New York,3,365.51,1,informative,True,C-1231
E-0002045,2024-02-15,Electronics,Brand Alpha,Islamabad,3,100.79,2,battery dies fast,False,C-520
E-0002046,2024-06-22,Electronics,Brand Gamma,London,2,361.9,2,disappointed with durability,True,C-969
E-0002047,2024-05-23,Home,Brand Alpha,London,3,278.44,2,looks premium,True,C-1156
E-0002048,2024-02-16,Electronics,Brand Beta,New York,3,131.92,2,battery dies fast,True,C-1397
E-0002049,2024-09-26,Electronics,Brand Delta,New York,4,340.19,1,love it,True,C-317
E-0002050,2023-10-21,Electronics,Brand Beta,Dubai,3,95.11,3,highly recommend,True,C-253
E-0002051,2024-02-29,Beauty,Brand Gamma,Lahore,2,164.81,1,recommend,True,C-1042
E-0002052,2023-11-10,Beauty,Brand Beta,Dubai,3,204.81,4,nice scent,True,C-677
E-0002053,2024-05-18,Books,Brand Beta,Karachi,4,259.19,1,,True,C-187
E-0002054,2024-04-08,Home,Brand Gamma,Islamabad,4,278.82,1,assembly was hard,True,C-282
E-0002055,2024-09-06,Beauty,Brand Beta,London,3,80.31,2,skin felt great,True,C-251
E-0002056,2024-04-27,Sports,Brand Alpha,London,3,37.49,2,great for training,False,C-1432
E-0002057,2024-06-14,Electronics,Brand Gamma,Dubai,4,371.02,1,disappointed with durability,True,C-212
E-0002058,2024-09-01,Clothing,Brand Delta,Islamabad,3,39.21,3,seams came apart,False,C-1220
E-0002059,2023-07-17,Books,Brand Delta,London,5,145.76,2,informative,True,C-88
E-0002060,2024-03-07,Beauty,Brand Gamma,New York,5,318.02,4,caused irritation,True,C-1224
E-0002061,2023-07-22,Home,Brand Delta,Lahore,5,149.86,2,cheap materials,True,C-1009
E-0002062,2024-06-28,Books,Brand Delta,London,3,31.41,3,fast delivery,True,C-485
E-0002063,2024-05-04,Clothing,Brand Gamma,Islamabad,4,378.15,1,seams came apart,True,C-1334
E-0002064,2024-02-22,Home,Brand Alpha,Dubai,3,65.46,2,very useful,False,C-1253
E-0002065,2023-09-06,Electronics,Brand Beta,Dubai,3,99.79,1,disappointed with durability,False,C-615
E-0002066,2023-06-14,Beauty,Brand Gamma,Lahore,3,111.33,2,recommend,True,C-226
E-0002067,2023-09-21,Home,Brand Beta,New York,5,19.57,2,very useful,True,C-822
E-0002068,2023-08-30,Books,Brand Gamma,London,3,303.24,2,,True,C-167
E-0002069,2023-08-23,Clothing,Brand Alpha,London,5,89.02,1,great value,True,C-967
E-0002070,2024-12-31,Books,Brand Alpha,London,4,73.51,3,boring content,True,C-96
E-0002071,2024-03-08,Electronics,Brand Delta,Islamabad,4,199.53,1,love it,False,C-248
E-0002072,2024-09-13,Beauty,Brand Gamma,New York,3,324.93,1,,False,C-747
E-0002073,2023-07-07,Electronics,Brand Gamma,Lahore,2,288.12,3,poor build,True,C-454
E-0002074,2024-12-21,Clothing,Brand Gamma,Karachi,5,119.38,3,too small,True,C-260
E-0002075,2025-01-06,Sports,Brand Delta,London,3,34.28,4,broke after week,True,C-1440
E-0002076,2024-07-20,Books,Brand Alpha,Islamabad,2,155.63,4,fast delivery,True,C-96
E-0002077,2024-04-07,Clothing,Brand Beta,London,5,284.54,3,seams came apart,True,C-1199
E-0002078,2024-05-05,Home,Brand Gamma,New York,4,389.4,4,would buy again,True,C-194
E-0002079,2025-01-16,Home,Brand Delta,Lahore,5,197.11,2,cheap materials,True,C-869
E-0002080,2024-11-16,Books,Brand Beta,Karachi,2,274.52,2,informative,True,C-1324
E-0002081,2023-09-30,Books,Brand Alpha,London,2,376.51,1,boring content,False,C-300
E-0002082,2023-09-17,Home,Brand Gamma,Karachi,2,208.67,2,looks premium,False,C-1365
E-0002083,2023-09-23,Sports,Brand Beta,London,4,33.67,2,great for training,True,C-606
E-0002084,2023-12-21,Electronics,Brand Gamma,Dubai,2,,1,battery dies fast,False,C-1378
E-0002085,2023-12-17,Sports,Brand Gamma,London,1,257.43,1,broke after week,True,C-993
E-0002086,2024-01-26,Sports,Brand Alpha,Dubai,4,374.7,2,great for training,True,C-475
E-0002087,2023-12-06,Beauty,Brand Alpha,London,4,215.34,2,recommend,False,C-819
E-0002088,2024-04-19,Home,Brand Delta,Karachi,4,365.94,1,very useful,True,C-977
E-0002089,2024-09-25,Clothing,Brand Gamma,New York,4,379.7,3,great value,False,C-435
E-0002090,2024-10-31,Clothing,Brand Beta,Karachi,4,325.98,2,too small,False,C-792
E-0002091,2024-04-24,Home,Brand Gamma,Dubai,4,75.02,1,very useful,True,C-1292
E-0002092,2024-07-08,Clothing,Brand Alpha,Karachi,5,332.16,1,nice fabric,True,C-1337
E-0002093,2024-01-05,Beauty,Brand Gamma,Karachi,3,361.06,1,nice scent,True,C-1416
E-0002094,2023-12-21,Sports,Brand Gamma,Karachi,3,234.98,1,good grip,True,C-1273
E-0002095,2023-11-24,Beauty,Brand Alpha,New York,3,78.28,2,skin felt great,True,C-353
E-0002096,2024-03-22,Books,Brand Delta,New York,3,210.94,1,fast delivery,True,C-125
E-0002097,2024-12-28,Clothing,Brand Alpha,Islamabad,2,172.79,2,seams came apart,True,C-689
E-0002098,2024-05-01,Beauty,Brand Alpha,London,4,340.79,1,skin felt great,True,C-1270
E-0002099,2024-11-03,Beauty,Brand Gamma,Karachi,4,218.96,1,recommend,True,C-1055
E-0002100,2024-05-31,Home,Brand Gamma,Karachi,3,190.11,4,very useful,True,C-426
E-0002101,2024-03-28,Home,Brand Beta,London,2,218.0,4,cheap materials,True,C-1210
E-0002102,2023-09-11,Books,Brand Gamma,Dubai,4,,1,well written,True,C-1221
E-0002103,2023-07-18,Sports,Brand Beta,Karachi,2,188.32,2,poor durability,True,C-1009
E-0002104,2023-12-10,Beauty,Brand Alpha,Islamabad,2,262.13,2,too expensive,False,C-1130
E-0002105,2024-05-17,Beauty,Brand Delta,Islamabad,4,303.52,2,nice scent,True,C-1092
E-0002106,2024-11-02,Books,Brand Alpha,London,2,73.46,2,well written,True,C-543
E-0002107,2024-06-04,Sports,Brand Gamma,Karachi,1,379.7,2,broke after week,True,C-569
E-0002108,2024-09-01,Beauty,Brand Alpha,New York,4,277.19,2,caused irritation,True,C-445
E-0002109,2023-11-03,Electronics,Brand Delta,Islamabad,4,211.56,1,highly recommend,True,C-1058
E-0002110,2023-07-11,Sports,Brand Alpha,Islamabad,3,52.52,4,great for training,True,C-438
E-0002111,2024-12-10,Books,Brand Gamma,New York,3,161.0,4,print quality good,True,C-938
E-0002112,2024-07-17,Clothing,Brand Gamma,Karachi,4,39.31,2,nice fabric,True,C-11
E-0002113,2024-09-29,Beauty,Brand Alpha,Islamabad,1,21.68,2,caused irritation,False,C-802
E-0002114,2024-02-06,Home,Brand Gamma,Dubai,3,232.89,1,would buy again,True,C-1067
E-0002115,2023-07-18,Home,Brand Gamma,Islamabad,4,339.44,2,would buy again,True,C-1360
E-0002116,2024-06-29,Sports,Brand Beta,Dubai,2,218.69,2,great for training,False,C-1474
E-0002117,2024-12-09,Books,Brand Delta,London,5,101.66,1,informative,False,C-308
E-0002118,2024-06-10,Home,Brand Alpha,Lahore,3,111.26,2,looks premium,False,C-429
E-0002119,2024-03-11,Books,Brand Alpha,London,3,360.89,3,boring content,True,C-1083
E-0002120,2023-08-11,Home,Brand Beta,Lahore,4,341.84,2,very useful,True,C-1041
E-0002121,2024-11-30,Home,Brand Alpha,Karachi,2,232.13,1,assembly was hard,True,C-1442
E-0002122,2024-11-04,Sports,Brand Beta,Lahore,4,74.5,3,poor durability,True,C-1195
E-0002123,2024-10-07,Sports,Brand Delta,Islamabad,3,151.54,2,good grip,True,C-1453
E-0002124,2024-01-18,Books,Brand Delta,London,3,367.82,1,well written,True,C-1187
E-0002125,2023-06-23,Beauty,Brand Alpha,Islamabad,3,330.74,1,too expensive,True,C-126
E-0002126,2024-04-03,Sports,Brand Gamma,Lahore,3,95.19,4,good grip,True,C-943
E-0002127,2024-12-08,Sports,Brand Alpha,Karachi,2,378.38,3,poor durability,True,C-1044
E-0002128,2023-07-01,Electronics,Brand Delta,Dubai,4,,1,highly recommend,True,C-1410
E-0002129,2024-06-18,Clothing,Brand Beta,Karachi,5,239.0,1,seams came apart,True,C-937
E-0002130,2023-06-21,Electronics,Brand Beta,Dubai,4,309.53,2,battery dies fast,True,C-15
E-0002131,2024-12-01,Clothing,Brand Delta,Islamabad,2,301.58,1,great value,False,C-1057
E-0002132,2023-08-18,Books,Brand Gamma,Islamabad,3,280.12,3,print quality good,False,C-18
E-0002133,2024-10-20,Sports,Brand Delta,Karachi,3,11.12,2,good grip,True,C-90
E-0002134,2024-03-22,Clothing,Brand Delta,London,4,312.78,3,great value,True,C-1393
E-0002135,2024-06-26,Books,Brand Beta,Lahore,2,319.57,3,boring content,True,C-878
E-0002136,2024-07-09,Home,Brand Alpha,Lahore,3,131.27,2,,True,C-245
E-0002137,2024-02-15,Books,Brand Delta,Dubai,3,392.61,3,print quality good,True,C-531
E-0002138,2024-07-25,Electronics,Brand Alpha,New York,5,213.91,1,average at best,True,C-841
E-0002139,2024-07-07,Beauty,Brand Gamma,London,3,92.42,2,nice scent,True,C-643
E-0002140,2024-01-27,Home,Brand Gamma,Lahore,3,303.55,4,very useful,False,C-587
E-0002141,2024-02-03,Sports,Brand Alpha,Islamabad,4,145.92,1,poor durability,False,C-726
E-0002142,2024-03-27,Electronics,Brand Beta,New York,5,173.13,2,highly recommend,True,C-441
E-0002143,2024-04-27,Clothing,Brand Beta,Lahore,3,50.28,2,comfortable and stylish,True,C-1006
E-0002144,2023-08-11,Books,Brand Gamma,Karachi,5,286.52,3,print quality good,False,C-604
E-0002145,2023-07-05,Books,Brand Alpha,Dubai,4,209.21,2,well written,True,C-950
E-0002146,2024-05-01,Home,Brand Beta,Lahore,3,103.74,1,cheap materials,True,C-502
E-0002147,2023-12-09,Beauty,Brand Alpha,Dubai,4,157.85,1,too expensive,False,C-637
E-0002148,2024-06-14,Home,Brand Alpha,Karachi,3,282.41,1,cheap materials,True,C-761
E-0002149,2024-08-07,Sports,Brand Gamma,New York,3,334.1,1,great for training,True,C-1097
E-0002150,2023-12-31,Beauty,Brand Gamma,Islamabad,2,264.05,3,caused irritation,True,C-1434
E-0002151,2024-03-19,Home,Brand Beta,Dubai,3,40.09,3,would buy again,True,C-1026
E-0002152,2024-07-29,Home,Brand Beta,London,4,250.11,6,very useful,True,C-649
E-0002153,2024-10-19,Electronics,Brand Delta,Karachi,2,177.06,2,battery dies fast,True,C-327
E-0002154,2024-08-27,Books,Brand Delta,New York,4,357.22,3,boring content,True,C-1289
E-0002155,2024-11-29,Home,Brand Alpha,New York,2,181.07,2,would buy again,True,C-599
E-0002156,2024-07-30,Sports,Brand Alpha,Dubai,5,92.04,1,poor durability,True,C-769
E-0002157,2024-07-28,Home,Brand Gamma,Dubai,5,64.22,1,would buy again,True,C-1070
E-0002158,2023-10-04,Beauty,Brand Delta,London,4,285.45,2,caused irritation,True,C-225
E-0002159,2023-11-21,Beauty,Brand Gamma,Lahore,2,277.52,1,skin felt great,False,C-656
E-0002160,2024-02-13,Clothing,Brand Alpha,Dubai,3,35.04,1,color faded after wash,True,C-1423
E-0002161,2023-12-17,Sports,Brand Beta,London,2,21.49,4,great for training,True,C-296
E-0002162,2024-10-15,Books,Brand Beta,Dubai,2,142.02,3,print quality good,True,C-971
E-0002163,2023-12-27,Electronics,Brand Delta,Dubai,2,148.07,2,poor build,True,C-1230
E-0002164,2023-06-18,Beauty,Brand Delta,New York,4,231.87,2,nice scent,True,C-851
E-0002165,2023-11-09,Home,Brand Gamma,Dubai,4,312.72,2,assembly was hard,True,C-899
E-0002166,2023-07-30,Home,Brand Beta,Lahore,5,54.5,1,cheap materials,False,C-718
E-0002167,2024-03-30,Sports,Brand Alpha,Lahore,4,271.21,1,good grip,False,C-742
E-0002168,2024-09-22,Clothing,Brand Gamma,Islamabad,3,147.89,1,fits perfectly,True,C-950
E-0002169,2023-09-06,Clothing,Brand Gamma,Lahore,2,296.8,2,fits perfectly,True,C-1492
E-0002170,2024-08-04,Clothing,Brand Alpha,Lahore,2,225.14,1,too small,True,C-849
E-0002171,2024-12-18,Books,Brand Beta,Lahore,4,177.14,1,informative,False,C-801
E-0002172,2024-12-08,Sports,Brand Gamma,Karachi,5,140.68,1,poor durability,True,C-1030
E-0002173,2023-09-20,Beauty,Brand Alpha,New York,4,313.55,1,nice scent,True,C-738
E-0002174,2024-02-19,Sports,Brand Beta,London,4,38.56,1,great for training,True,C-361
E-0002175,2024-01-31,Books,Brand Gamma,Islamabad,3,219.17,5,informative,True,C-757
E-0002176,2024-12-21,Home,Brand Beta,Karachi,1,167.63,1,would buy again,True,C-287
E-0002177,2023-08-18,Beauty,Brand Alpha,Islamabad,4,134.42,1,too expensive,True,C-15
E-0002178,2024-02-09,Sports,Brand Beta,Lahore,1,24.47,1,poor durability,True,C-116
E-0002179,2024-09-26,Electronics,Brand Beta,Karachi,2,216.47,3,highly recommend,True,C-411
E-0002180,2023-10-12,Beauty,Brand Gamma,New York,4,282.82,1,too expensive,True,C-649
E-0002181,2024-06-02,Books,Brand Beta,Lahore,3,318.65,2,print quality good,True,C-697
E-0002182,2024-02-05,Beauty,Brand Delta,Islamabad,3,245.97,1,skin felt great,True,C-364
E-0002183,2023-11-11,Home,Brand Delta,Lahore,3,383.85,1,,False,C-1363
E-0002184,2023-11-13,Sports,Brand Alpha,Karachi,4,72.93,2,great for training,True,C-976
E-0002185,2024-01-24,Electronics,Brand Gamma,Karachi,3,199.72,1,disappointed with durability,True,C-1010
E-0002186,2024-12-23,Beauty,Brand Alpha,Dubai,3,306.12,2,skin felt great,True,C-270
E-0002187,2024-11-30,Home,Brand Gamma,Lahore,3,261.8,2,looks premium,True,C-1461
E-0002188,2024-02-22,Sports,Brand Delta,Dubai,4,262.49,3,broke after week,True,C-1338
E-0002189,2024-07-05,Books,Brand Alpha,Karachi,4,13.43,1,well written,False,C-1348
E-0002190,2024-10-23,Home,Brand Beta,Karachi,3,292.42,3,cheap materials,True,C-842
E-0002191,2024-12-29,Beauty,Brand Alpha,Dubai,4,315.17,1,nice scent,True,C-462
E-0002192,2024-08-03,Clothing,Brand Alpha,Karachi,3,352.99,1,seams came apart,True,C-506
E-0002193,2024-04-21,Sports,Brand Gamma,Karachi,3,361.64,1,poor durability,True,C-652
E-0002194,2024-04-05,Books,Brand Delta,Islamabad,4,156.84,2,informative,True,C-1405
E-0002195,2025-01-05,Home,Brand Delta,Karachi,4,,2,would buy again,True,C-15
E-0002196,2023-06-09,Books,Brand Gamma,London,5,142.34,1,fast delivery,True,C-672
E-0002197,2024-05-05,Sports,Brand Delta,Karachi,4,280.15,4,broke after week,True,C-567
E-0002198,2024-05-16,Sports,Brand Gamma,Lahore,3,134.72,4,poor durability,True,C-49
E-0002199,2023-11-12,Sports,Brand Delta,Islamabad,5,194.05,1,,True,C-429
E-0002200,2023-07-11,Sports,Brand Alpha,Lahore,4,150.67,1,poor durability,True,C-1468
E-0002201,2023-10-24,Beauty,Brand Beta,Lahore,3,357.79,4,too expensive,True,C-602
E-0002202,2024-06-20,Home,Brand Gamma,Dubai,2,264.04,2,would buy again,True,C-541
E-0002203,2024-06-13,Beauty,Brand Gamma,Lahore,3,307.05,2,recommend,True,C-512
E-0002204,2024-08-13,Home,Brand Alpha,London,3,316.63,1,very useful,True,C-1427
E-0002205,2023-09-08,Books,Brand Gamma,Islamabad,3,295.28,2,informative,True,C-830
E-0002206,2024-12-27,Books,Brand Beta,Lahore,4,295.91,1,well written,False,C-300
E-0002207,2024-09-02,Sports,Brand Delta,Lahore,3,396.44,2,broke after week,True,C-4
E-0002208,2024-05-24,Sports,Brand Delta,Karachi,3,353.13,4,great for training,True,C-1338
E-0002209,2024-02-02,Beauty,Brand Alpha,Dubai,2,138.3,2,nice scent,True,C-42
E-0002210,2024-01-05,Sports,Brand Beta,Islamabad,4,83.03,1,great for training,True,C-1124
E-0002211,2023-11-12,Beauty,Brand Alpha,Dubai,2,136.79,1,skin felt great,True,C-471
E-0002212,2024-07-25,Beauty,Brand Beta,New York,4,127.97,2,nice scent,True,C-106
E-0002213,2024-09-14,Electronics,Brand Gamma,London,2,122.04,1,,True,C-167
E-0002214,2024-07-23,Electronics,Brand Delta,Lahore,5,75.21,3,works great,True,C-581
E-0002215,2024-05-26,Clothing,Brand Delta,Karachi,3,382.55,1,comfortable and stylish,False,C-868
E-0002216,2024-04-04,Sports,Brand Alpha,Karachi,2,76.89,2,great for training,True,C-1298
E-0002217,2023-11-21,Sports,Brand Delta,Islamabad,5,384.96,1,great for training,True,C-297
E-0002218,2023-10-04,Books,Brand Beta,Karachi,3,,4,informative,True,C-1267
E-0002219,2023-11-22,Books,Brand Alpha,Dubai,5,284.53,1,boring content,True,C-1212
E-0002220,2024-03-10,Sports,Brand Delta,Lahore,3,221.23,2,broke after week,False,C-1320
E-0002221,2023-11-06,Sports,Brand Beta,Karachi,3,229.25,2,great for training,True,C-160
E-0002222,2024-03-17,Beauty,Brand Alpha,London,4,66.48,1,recommend,True,C-467
E-0002223,2023-06-26,Books,Brand Delta,Dubai,2,367.02,2,fast delivery,True,C-323
E-0002224,2024-11-23,Sports,Brand Delta,New York,3,377.19,4,broke after week,True,C-369
E-0002225,2024-08-11,Electronics,Brand Delta,Dubai,2,44.97,3,highly recommend,True,C-512
E-0002226,2024-04-24,Home,Brand Beta,Islamabad,2,396.07,1,assembly was hard,True,C-495
E-0002227,2024-09-07,Electronics,Brand Delta,Dubai,3,143.6,1,excellent quality,True,C-152
E-0002228,2024-08-17,Home,Brand Beta,Islamabad,5,379.62,2,would buy again,True,C-81
E-0002229,2024-01-26,Beauty,Brand Beta,Islamabad,2,43.84,2,recommend,True,C-1130
E-0002230,2023-08-09,Beauty,Brand Gamma,Lahore,4,323.01,4,skin felt great,False,C-1483
E-0002231,2023-09-25,Clothing,Brand Gamma,Islamabad,5,333.32,1,too small,False,C-167
E-0002232,2024-11-22,Beauty,Brand Beta,Lahore,1,393.73,2,recommend,False,C-435
E-0002233,2023-11-14,Books,Brand Alpha,New York,2,316.39,1,well written,True,C-386
E-0002234,2024-01-21,Clothing,Brand Alpha,Islamabad,2,121.12,1,comfortable and stylish,False,C-357
E-0002235,2023-10-21,Sports,Brand Alpha,Islamabad,4,62.69,1,poor durability,True,C-78
E-0002236,2023-09-07,Books,Brand Gamma,New York,3,23.04,2,well written,True,C-180
E-0002237,2024-10-31,Clothing,Brand Delta,London,3,383.4,1,color faded after wash,True,C-586
E-0002238,2023-10-20,Sports,Brand Delta,Islamabad,4,218.03,3,good grip,True,C-314
E-0002239,2023-12-11,Home,Brand Gamma,Karachi,3,,3,very useful,True,C-138
E-0002240,2023-06-10,Clothing,Brand Delta,Dubai,4,124.56,1,comfortable and stylish,True,C-327
E-0002241,2024-09-21,Sports,Brand Gamma,Karachi,4,273.69,2,good grip,False,C-1363
E-0002242,2023-10-26,Electronics,Brand Beta,Karachi,2,330.31,3,love it,True,C-288
E-0002243,2023-11-21,Electronics,Brand Gamma,New York,4,204.59,2,highly recommend,True,C-178
E-0002244,2024-05-14,Beauty,Brand Beta,Karachi,4,225.07,2,skin felt great,True,C-781
E-0002245,2023-11-06,Electronics,Brand Delta,Islamabad,4,226.24,1,excellent quality,False,C-1273
E-0002246,2024-02-20,Electronics,Brand Gamma,Islamabad,3,287.3,1,excellent quality,True,C-619
E-0002247,2023-12-28,Electronics,Brand Beta,Dubai,5,197.8,1,poor build,True,C-202
E-0002248,2024-10-26,Beauty,Brand Beta,Islamabad,3,343.16,3,caused irritation,True,C-4
E-0002249,2023-10-12,Clothing,Brand Gamma,Islamabad,3,324.84,1,great value,True,C-1115
E-0002250,2023-11-14,Sports,Brand Gamma,London,5,330.75,3,great for training,True,C-588
E-0002251,2023-07-14,Home,Brand Delta,Dubai,4,191.66,1,would buy again,True,C-690
E-0002252,2024-10-21,Sports,Brand Alpha,Dubai,4,84.84,1,broke after week,False,C-87
E-0002253,2023-06-18,Home,Brand Gamma,Lahore,2,,4,would buy again,True,C-78
E-0002254,2024-04-02,Electronics,Brand Beta,Karachi,3,99.1,3,poor build,True,C-203
E-0002255,2023-11-22,Beauty,Brand Alpha,London,2,399.09,1,too expensive,True,C-1127
E-0002256,2024-12-02,Clothing,Brand Gamma,Dubai,5,340.3,2,seams came apart,True,C-1482
E-0002257,2023-09-16,Home,Brand Gamma,London,3,266.7,3,looks premium,True,C-259
E-0002258,2025-01-01,Electronics,Brand Alpha,Karachi,2,360.3,3,battery dies fast,True,C-1039
E-0002259,2023-06-05,Electronics,Brand Gamma,Lahore,2,189.7,1,battery dies fast,False,C-408
E-0002260,2024-08-30,Electronics,Brand Delta,London,4,280.79,2,works great,True,C-772
E-0002261,2024-01-16,Electronics,Brand Delta,Karachi,4,314.89,1,excellent quality,True,C-572
E-0002262,2024-11-11,Electronics,Brand Delta,London,4,169.61,2,works great,True,C-1411
E-0002263,2023-08-20,Clothing,Brand Delta,New York,4,344.78,1,fits perfectly,True,C-434
E-0002264,2024-09-25,Clothing,Brand Gamma,Islamabad,4,130.64,2,nice fabric,True,C-1440
E-0002265,2024-10-04,Electronics,Brand Delta,Dubai,2,45.86,2,disappointed with durability,False,C-1441
E-0002266,2024-10-06,Books,Brand Gamma,Karachi,2,213.48,2,boring content,True,C-235
E-0002267,2024-08-05,Books,Brand Gamma,New York,3,295.84,1,informative,True,C-318
E-0002268,2023-07-17,Books,Brand Gamma,New York,3,22.98,4,boring content,True,C-258
E-0002269,2024-12-07,Books,Brand Delta,Karachi,3,200.68,2,well written,True,C-1487
E-0002270,2024-07-21,Electronics,Brand Alpha,Dubai,4,284.69,2,excellent quality,True,C-80
E-0002271,2024-01-04,Sports,Brand Gamma,Karachi,4,201.64,1,great for training,True,C-1212
E-0002272,2024-10-12,Sports,Brand Beta,Karachi,4,126.88,2,broke after week,True,C-956
E-0002273,2024-01-31,Electronics,Brand Alpha,Karachi,4,28.96,1,poor build,False,C-1495
E-0002274,2024-05-09,Electronics,Brand Delta,New York,4,138.64,1,average at best,True,C-527
E-0002275,2024-06-09,Home,Brand Alpha,Dubai,3,132.78,3,very useful,False,C-325
E-0002276,2023-10-12,Beauty,Brand Beta,Islamabad,4,196.8,2,caused irritation,True,C-1103
E-0002277,2024-03-16,Beauty,Brand Alpha,Dubai,5,206.64,2,skin felt great,True,C-1472
E-0002278,2024-04-25,Home,Brand Gamma,Islamabad,5,287.12,2,very useful,True,C-1401
E-0002279,2024-05-07,Books,Brand Gamma,London,4,292.42,4,well written,True,C-50
E-0002280,2024-11-10,Sports,Brand Alpha,London,3,159.93,1,good grip,False,C-405
E-0002281,2024-12-28,Sports,Brand Delta,Islamabad,4,334.69,3,great for training,True,C-520
E-0002282,2023-08-15,Books,Brand Alpha,Dubai,5,226.39,2,fast delivery,True,C-88
E-0002283,2024-05-27,Electronics,Brand Delta,Karachi,3,346.88,1,disappointed with durability,True,C-972
E-0002284,2023-08-31,Sports,Brand Gamma,Dubai,2,326.66,2,poor durability,True,C-1311
E-0002285,2024-08-16,Books,Brand Gamma,Lahore,4,17.14,1,well written,True,C-742
E-0002286,2024-10-26,Home,Brand Delta,Dubai,2,245.01,1,looks premium,True,C-1423
E-0002287,2024-02-28,Sports,Brand Alpha,New York,4,75.22,1,broke after week,True,C-928
E-0002288,2025-01-18,Books,Brand Delta,London,2,61.72,2,boring content,True,C-20
E-0002289,2023-10-08,Clothing,Brand Beta,Dubai,5,81.31,4,seams came apart,True,C-336
E-0002290,2024-06-28,Electronics,Brand Alpha,Dubai,1,222.76,3,excellent quality,True,C-1158
E-0002291,2023-09-28,Sports,Brand Beta,Karachi,4,393.83,3,poor durability,True,C-740
E-0002292,2023-06-20,Home,Brand Gamma,New York,4,372.85,2,looks premium,True,C-1063
E-0002293,2024-10-11,Clothing,Brand Delta,Lahore,4,158.74,1,seams came apart,True,C-265
E-0002294,2023-06-09,Electronics,Brand Beta,Dubai,4,52.66,2,poor build,False,C-1334
E-0002295,2024-06-03,Home,Brand Delta,New York,2,160.71,3,assembly was hard,True,C-855
E-0002296,2024-02-11,Electronics,Brand Alpha,New York,3,20.53,1,poor build,True,C-1331
E-0002297,2024-09-05,Home,Brand Gamma,Lahore,4,337.67,3,looks premium,True,C-1057
E-0002298,2024-12-10,Electronics,Brand Beta,Lahore,4,360.2,1,battery dies fast,False,C-938
E-0002299,2024-05-18,Books,Brand Beta,London,3,235.0,2,informative,False,C-1004
E-0002300,2023-07-31,Sports,Brand Alpha,New York,4,200.13,1,broke after week,True,C-68
E-0002301,2024-03-08,Clothing,Brand Alpha,Karachi,2,218.63,3,too small,True,C-386
E-0002302,2023-08-11,Books,Brand Alpha,New York,4,191.89,1,well written,True,C-1121
E-0002303,2024-03-09,Clothing,Brand Delta,London,3,299.3,2,color faded after wash,True,C-1017
E-0002304,2024-01-30,Home,Brand Alpha,Islamabad,4,129.27,1,cheap materials,True,C-848
E-0002305,2024-01-23,Books,Brand Alpha,Karachi,4,103.77,3,print quality good,True,C-426
E-0002306,2024-08-28,Clothing,Brand Gamma,Dubai,4,100.84,4,great value,True,C-687
E-0002307,2024-09-05,Beauty,Brand Gamma,New York,1,62.27,1,recommend,True,C-808
E-0002308,2024-10-31,Electronics,Brand Delta,Lahore,1,293.06,1,love it,True,C-61
E-0002309,2025-01-12,Clothing,Brand Alpha,Lahore,3,358.58,1,great value,True,C-453
E-0002310,2024-06-15,Clothing,Brand Gamma,New York,1,336.1,2,fits perfectly,True,C-639
E-0002311,2023-06-05,Beauty,Brand Delta,Lahore,4,365.55,3,caused irritation,True,C-442
E-0002312,2023-06-05,Beauty,Brand Delta,Lahore,4,91.92,3,too expensive,True,C-1391
E-0002313,2024-10-11,Sports,Brand Beta,London,2,59.83,3,broke after week,True,C-935
E-0002314,2025-01-01,Beauty,Brand Beta,New York,5,175.41,1,too expensive,True,C-460
E-0002315,2023-08-06,Electronics,Brand Gamma,Karachi,5,133.22,3,love it,True,C-1053
E-0002316,2024-08-22,Clothing,Brand Alpha,Karachi,3,332.65,4,great value,True,C-258
E-0002317,2023-07-28,Sports,Brand Alpha,Karachi,4,349.4,2,poor durability,True,C-176
E-0002318,2024-05-15,Books,Brand Beta,Karachi,1,188.29,1,well written,True,C-1057
E-0002319,2023-10-15,Clothing,Brand Beta,Dubai,3,231.02,1,color faded after wash,True,C-444
E-0002320,2024-11-21,Electronics,Brand Gamma,New York,3,182.04,1,poor build,True,C-202
E-0002321,2023-08-19,Clothing,Brand Gamma,Karachi,3,221.76,1,fits perfectly,True,C-794
E-0002322,2024-10-12,Home,Brand Gamma,Dubai,4,332.19,2,assembly was hard,True,C-927
E-0002323,2023-09-28,Clothing,Brand Gamma,Dubai,4,291.63,1,nice fabric,True,C-344
E-0002324,2024-12-17,Clothing,Brand Delta,New York,3,161.38,2,too small,True,C-1444
E-0002325,2023-12-01,Beauty,Brand Delta,Lahore,3,160.7,2,too expensive,True,C-1248
E-0002326,2023-10-23,Electronics,Brand Alpha,New York,2,98.49,4,battery dies fast,True,C-1020
E-0002327,2023-07-29,Books,Brand Delta,New York,3,54.28,3,well written,True,C-1338
E-0002328,2025-01-15,Electronics,Brand Gamma,London,4,302.02,1,love it,True,C-190
E-0002329,2023-08-23,Clothing,Brand Alpha,Karachi,4,339.53,1,great value,True,C-709
E-0002330,2023-11-29,Sports,Brand Delta,Dubai,1,221.44,2,great for training,True,C-232
E-0002331,2024-08-14,Books,Brand Alpha,Islamabad,2,100.99,1,well written,True,C-63
E-0002332,2024-12-30,Beauty,Brand Delta,London,5,115.28,2,nice scent,True,C-1169
E-0002333,2024-09-30,Electronics,Brand Alpha,Lahore,2,127.04,2,highly recommend,True,C-375
E-0002334,2024-12-31,Sports,Brand Beta,Dubai,2,15.63,2,great for training,True,C-829
E-0002335,2024-10-16,Beauty,Brand Gamma,Karachi,4,114.46,2,too expensive,True,C-623
E-0002336,2024-04-29,Electronics,Brand Beta,Dubai,5,251.19,3,works great,True,C-1359
E-0002337,2024-06-19,Beauty,Brand Alpha,Dubai,3,213.32,1,skin felt great,False,C-299
E-0002338,2023-11-03,Books,Brand Gamma,London,4,262.5,1,boring content,True,C-1132
E-0002339,2024-10-19,Beauty,Brand Beta,Islamabad,5,329.74,1,nice scent,True,C-1167
E-0002340,2024-09-18,Sports,Brand Gamma,New York,5,374.13,1,broke after week,True,C-1193
E-0002341,2024-05-23,Beauty,Brand Gamma,Dubai,3,272.27,2,too expensive,True,C-1223
E-0002342,2023-08-30,Home,Brand Delta,Dubai,3,305.66,2,assembly was hard,True,C-275
E-0002343,2024-10-22,Clothing,Brand Delta,New York,2,23.89,2,great value,True,C-297
E-0002344,2024-01-20,Books,Brand Alpha,Islamabad,5,68.04,1,print quality good,False,C-1190
E-0002345,2023-10-02,Books,Brand Beta,Lahore,3,252.57,4,print quality good,True,C-1172
E-0002346,2024-04-13,Books,Brand Beta,Dubai,4,145.18,3,fast delivery,True,C-1224
E-0002347,2023-09-09,Books,Brand Beta,Dubai,4,302.34,3,boring content,True,C-272
E-0002348,2023-08-15,Electronics,Brand Alpha,Karachi,3,154.76,1,excellent quality,True,C-389
E-0002349,2024-04-27,Sports,Brand Delta,Islamabad,2,201.23,2,great for training,True,C-187
E-0002350,2023-11-05,Clothing,Brand Gamma,Karachi,3,47.55,6,comfortable and stylish,True,C-544
E-0002351,2023-09-07,Sports,Brand Beta,London,4,117.4,1,good grip,True,C-1445
E-0002352,2024-10-24,Beauty,Brand Delta,Islamabad,3,370.61,2,nice scent,True,C-1488
E-0002353,2023-12-15,Clothing,Brand Gamma,Islamabad,5,386.13,2,color faded after wash,True,C-1366
E-0002354,2024-07-23,Sports,Brand Beta,London,4,42.76,3,broke after week,True,C-1227
E-0002355,2024-07-19,Clothing,Brand Alpha,Lahore,2,90.22,2,nice fabric,True,C-522
E-0002356,2024-09-23,Clothing,Brand Beta,New York,1,304.45,4,comfortable and stylish,False,C-998
E-0002357,2023-09-03,Electronics,Brand Alpha,Lahore,2,106.75,1,battery dies fast,True,C-624
E-0002358,2024-06-27,Books,Brand Alpha,Lahore,3,374.68,4,well written,True,C-1312
E-0002359,2024-04-19,Beauty,Brand Gamma,Dubai,3,258.11,1,caused irritation,True,C-821
E-0002360,2024-09-13,Home,Brand Beta,Islamabad,2,243.23,1,very useful,True,C-183
E-0002361,2024-03-20,Books,Brand Gamma,Karachi,4,127.74,2,informative,True,C-612
E-0002362,2025-01-10,Sports,Brand Alpha,Karachi,4,307.99,2,broke after week,True,C-114
E-0002363,2023-06-01,Sports,Brand Alpha,Islamabad,3,243.16,4,poor durability,True,C-28
E-0002364,2024-04-30,Sports,Brand Delta,Dubai,4,264.72,3,poor durability,True,C-1281
E-0002365,2024-07-15,Books,Brand Beta,Islamabad,4,141.21,2,fast delivery,True,C-650
E-0002366,2024-01-01,Electronics,Brand Delta,London,3,89.07,2,battery dies fast,True,C-1094
E-0002367,2024-04-28,Beauty,Brand Beta,Islamabad,5,174.78,3,nice scent,True,C-152
E-0002368,2023-10-09,Home,Brand Gamma,Karachi,2,77.98,2,very useful,True,C-578
E-0002369,2023-07-19,Beauty,Brand Alpha,New York,4,213.41,2,caused irritation,True,C-858
E-0002370,2024-07-15,Home,Brand Beta,Karachi,3,58.07,2,cheap materials,True,C-1481
E-0002371,2023-08-17,Beauty,Brand Beta,Dubai,4,75.7,2,too expensive,True,C-1369
E-0002372,2024-03-30,Electronics,Brand Beta,New York,3,24.65,3,poor build,True,C-170
E-0002373,2024-04-06,Electronics,Brand Gamma,New York,3,214.55,3,love it,True,C-158
E-0002374,2024-05-22,Sports,Brand Delta,London,2,213.81,2,poor durability,False,C-1044
E-0002375,2023-12-05,Home,Brand Beta,Islamabad,4,117.08,1,would buy again,True,C-1213
E-0002376,2023-12-05,Home,Brand Alpha,Dubai,5,302.75,3,assembly was hard,True,C-240
E-0002377,2023-09-03,Electronics,Brand Gamma,New York,4,13.21,1,poor build,True,C-1302
E-0002378,2023-12-08,Clothing,Brand Gamma,Dubai,4,209.83,3,color faded after wash,True,C-1117
E-0002379,2023-06-04,Books,Brand Beta,Islamabad,2,90.97,3,boring content,True,C-702
E-0002380,2024-06-22,Electronics,Brand Alpha,Islamabad,2,121.64,4,battery dies fast,True,C-1080
E-0002381,2024-01-19,Books,Brand Alpha,Islamabad,5,14.81,2,print quality good,True,C-428
E-0002382,2023-07-24,Electronics,Brand Alpha,Lahore,5,340.63,1,disappointed with durability,True,C-298
E-0002383,2024-11-18,Home,Brand Gamma,London,2,396.92,1,would buy again,False,C-363
E-0002384,2024-08-17,Books,Brand Delta,Dubai,3,93.21,1,print quality good,True,C-450
E-0002385,2023-08-27,Clothing,Brand Delta,Karachi,2,52.47,2,seams came apart,True,C-858
E-0002386,2023-11-11,Clothing,Brand Gamma,New York,3,301.36,1,nice fabric,True,C-293
E-0002387,2023-12-17,Home,Brand Alpha,London,4,54.74,1,cheap materials,True,C-1449
E-0002388,2024-04-30,Books,Brand Delta,New York,3,,2,informative,True,C-719
E-0002389,2023-08-24,Sports,Brand Gamma,Karachi,2,161.23,4,broke after week,True,C-1144
E-0002390,2024-04-18,Clothing,Brand Delta,Dubai,4,277.21,3,nice fabric,True,C-372
E-0002391,2024-09-17,Electronics,Brand Beta,Karachi,5,149.26,4,works great,True,C-782
E-0002392,2023-11-01,Electronics,Brand Delta,Islamabad,2,147.89,3,works great,True,C-875
E-0002393,2024-05-28,Clothing,Brand Gamma,London,2,177.12,3,seams came apart,True,C-1347
E-0002394,2023-12-31,Sports,Brand Beta,New York,3,156.92,1,great for training,True,C-1
E-0002395,2024-12-26,Beauty,Brand Alpha,Dubai,4,,1,too expensive,False,C-162
E-0002396,2024-11-05,Sports,Brand Alpha,Lahore,3,157.13,1,good grip,True,C-858
E-0002397,2023-10-21,Clothing,Brand Delta,Karachi,4,17.97,3,comfortable and stylish,True,C-125
E-0002398,2023-07-22,Sports,Brand Delta,Lahore,5,208.77,3,broke after week,False,C-47
E-0002399,2024-10-07,Clothing,Brand Alpha,Karachi,4,279.01,1,too small,True,C-237
E-0002400,2024-01-10,Books,Brand Delta,Karachi,2,67.9,1,well written,True,C-271
E-0002401,2024-02-11,Sports,Brand Gamma,Lahore,3,323.62,4,poor durability,True,C-383
E-0002402,2024-09-10,Electronics,Brand Delta,Islamabad,3,182.17,1,works great,True,C-235
E-0002403,2024-06-14,Sports,Brand Beta,New York,3,15.44,3,broke after week,True,C-614
E-0002404,2023-10-22,Books,Brand Delta,Karachi,3,304.05,3,fast delivery,False,C-1177
E-0002405,2024-12-18,Home,Brand Gamma,Lahore,4,12.14,1,very useful,False,C-1078
E-0002406,2024-01-26,Sports,Brand Delta,Lahore,3,166.5,1,broke after week,True,C-664
E-0002407,2024-05-30,Books,Brand Gamma,New York,2,64.67,1,well written,True,C-1076
E-0002408,2024-08-27,Home,Brand Delta,Lahore,4,150.0,3,looks premium,True,C-491
E-0002409,2024-02-27,Electronics,Brand Gamma,New York,2,54.38,1,average at best,False,C-63
E-0002410,2023-07-10,Home,Brand Gamma,Dubai,4,363.71,1,,False,C-1065
E-0002411,2023-09-24,Clothing,Brand Alpha,New York,3,161.43,1,color faded after wash,True,C-227
E-0002412,2024-01-22,Sports,Brand Delta,Islamabad,3,289.81,2,great for training,False,C-393
E-0002413,2023-11-13,Sports,Brand Delta,Islamabad,5,118.7,2,broke after week,True,C-1386
E-0002414,2024-10-26,Beauty,Brand Gamma,New York,4,114.1,3,skin felt great,True,C-397
E-0002415,2024-04-02,Electronics,Brand Delta,London,1,81.07,2,love it,True,C-829
E-0002416,2024-09-14,Electronics,Brand Beta,Karachi,4,326.51,3,works great,True,C-84
E-0002417,2024-03-27,Sports,Brand Gamma,Lahore,1,47.87,3,broke after week,False,C-189
E-0002418,2023-10-24,Books,Brand Alpha,New York,3,280.63,2,print quality good,False,C-1187
E-0002419,2024-07-02,Clothing,Brand Gamma,Dubai,5,214.84,2,nice fabric,False,C-981
E-0002420,2024-03-11,Electronics,Brand Gamma,Dubai,2,321.94,2,highly recommend,True,C-1463
E-0002421,2024-10-03,Home,Brand Beta,Dubai,4,377.46,2,very useful,False,C-763
E-0002422,2024-05-27,Clothing,Brand Alpha,London,3,393.13,4,too small,True,C-99
E-0002423,2024-09-22,Electronics,Brand Alpha,Islamabad,5,360.04,1,highly recommend,True,C-1235
E-0002424,2023-11-11,Books,Brand Gamma,Lahore,3,87.23,3,boring content,True,C-370
E-0002425,2024-12-15,Beauty,Brand Alpha,Dubai,4,151.65,3,caused irritation,True,C-161
E-0002426,2023-12-07,Books,Brand Beta,Dubai,4,154.24,3,print quality good,False,C-153
E-0002427,2024-04-11,Home,Brand Alpha,Lahore,3,257.55,3,assembly was hard,False,C-1208
E-0002428,2023-12-03,Books,Brand Gamma,Islamabad,2,,2,well written,False,C-1129
E-0002429,2024-01-05,Electronics,Brand Gamma,London,3,357.63,4,average at best,False,C-1130
E-0002430,2024-08-06,Sports,Brand Alpha,Dubai,1,119.8,2,great for training,False,C-55
E-0002431,2024-04-22,Electronics,Brand Alpha,London,5,276.88,2,highly recommend,True,C-805
E-0002432,2023-12-01,Electronics,Brand Alpha,New York,3,273.6,2,excellent quality,True,C-230
E-0002433,2023-10-20,Home,Brand Alpha,London,2,43.74,4,cheap materials,True,C-493
E-0002434,2024-10-22,Books,Brand Alpha,Islamabad,3,248.69,1,fast delivery,True,C-1106
E-0002435,2024-02-16,Sports,Brand Beta,Lahore,4,326.47,2,poor durability,True,C-1056
E-0002436,2024-04-18,Beauty,Brand Gamma,Dubai,3,343.7,5,nice scent,True,C-734
E-0002437,2023-12-13,Sports,Brand Delta,Karachi,4,226.16,1,good grip,True,C-517
E-0002438,2024-04-13,Beauty,Brand Gamma,New York,5,39.33,1,caused irritation,False,C-1448
E-0002439,2023-08-22,Books,Brand Delta,Islamabad,1,227.74,3,print quality good,True,C-51
E-0002440,2024-05-19,Clothing,Brand Gamma,London,5,266.61,3,fits perfectly,True,C-1238
E-0002441,2024-01-05,Clothing,Brand Alpha,Islamabad,5,36.33,1,too small,False,C-959
E-0002442,2024-06-15,Beauty,Brand Alpha,Dubai,5,349.19,1,recommend,True,C-526
E-0002443,2024-06-23,Clothing,Brand Beta,Karachi,2,265.43,2,comfortable and stylish,True,C-1448
E-0002444,2024-11-28,Sports,Brand Delta,Karachi,3,387.25,2,broke after week,False,C-895
E-0002445,2023-06-17,Clothing,Brand Beta,Islamabad,5,148.68,1,comfortable and stylish,True,C-614
E-0002446,2024-03-07,Beauty,Brand Delta,Karachi,3,197.53,2,skin felt great,True,C-1079
E-0002447,2023-12-31,Sports,Brand Alpha,Karachi,3,156.07,1,poor durability,True,C-1132
E-0002448,2024-02-22,Electronics,Brand Alpha,Lahore,4,47.78,4,excellent quality,True,C-776
E-0002449,2024-04-23,Books,Brand Beta,Islamabad,4,68.32,2,informative,False,C-115
E-0002450,2024-04-13,Books,Brand Alpha,Islamabad,4,162.65,2,fast delivery,True,C-1156
E-0002451,2023-06-18,Electronics,Brand Alpha,New York,2,121.25,1,highly recommend,False,C-807
E-0002452,2024-05-05,Books,Brand Delta,New York,4,142.72,3,fast delivery,True,C-185
E-0002453,2024-11-26,Electronics,Brand Delta,Karachi,3,188.03,1,love it,False,C-862
E-0002454,2024-05-11,Home,Brand Gamma,Dubai,2,388.21,3,assembly was hard,True,C-269
E-0002455,2023-08-03,Clothing,Brand Beta,Lahore,4,273.18,3,great value,True,C-217
E-0002456,2024-01-17,Beauty,Brand Alpha,Karachi,5,31.69,1,skin felt great,True,C-818
E-0002457,2024-05-17,Home,Brand Gamma,London,2,193.5,2,would buy again,True,C-1037
E-0002458,2024-05-27,Beauty,Brand Alpha,New York,3,45.68,1,nice scent,True,C-1179
E-0002459,2024-09-09,Sports,Brand Delta,London,4,170.86,3,broke after week,True,C-574
E-0002460,2024-12-19,Clothing,Brand Gamma,Lahore,5,163.19,1,seams came apart,True,C-814
E-0002461,2024-06-05,Electronics,Brand Alpha,Dubai,5,31.48,1,poor build,False,C-24
E-0002462,2023-10-17,Sports,Brand Beta,Islamabad,5,397.2,2,poor durability,True,C-781
E-0002463,2024-01-17,Books,Brand Alpha,Lahore,4,22.9,2,informative,False,C-120
E-0002464,2024-05-20,Books,Brand Delta,New York,4,64.18,2,print quality good,True,C-1458
E-0002465,2024-08-11,Sports,Brand Delta,Karachi,2,373.52,3,poor durability,True,C-1497
E-0002466,2024-05-07,Beauty,Brand Alpha,Islamabad,3,383.56,2,recommend,True,C-409
E-0002467,2024-03-07,Home,Brand Beta,Dubai,4,135.21,3,very useful,True,C-500
E-0002468,2024-11-25,Electronics,Brand Alpha,New York,3,326.28,2,excellent quality,False,C-1264
E-0002469,2025-01-19,Beauty,Brand Delta,Lahore,3,199.46,2,skin felt great,False,C-474
E-0002470,2024-12-03,Beauty,Brand Gamma,Lahore,1,181.75,2,,True,C-33
E-0002471,2024-08-27,Sports,Brand Delta,Karachi,4,277.84,2,good grip,True,C-1162
E-0002472,2024-12-28,Books,Brand Gamma,Dubai,3,148.96,3,informative,True,C-395
E-0002473,2024-07-05,Sports,Brand Gamma,Lahore,3,346.88,1,,True,C-359
E-0002474,2023-08-25,Home,Brand Alpha,New York,5,21.94,1,assembly was hard,True,C-634
E-0002475,2024-06-04,Beauty,Brand Alpha,Islamabad,3,108.16,2,skin felt great,True,C-722
E-0002476,2024-01-02,Sports,Brand Delta,London,5,169.25,1,good grip,True,C-244
E-0002477,2024-05-06,Electronics,Brand Alpha,Islamabad,5,,5,average at best,True,C-43
E-0002478,2024-04-04,Books,Brand Beta,Dubai,5,190.93,3,fast delivery,True,C-188
E-0002479,2024-05-11,Books,Brand Beta,New York,3,144.16,3,print quality good,True,C-204
E-0002480,2023-09-08,Electronics,Brand Delta,London,2,44.24,1,works great,True,C-718
E-0002481,2025-01-17,Clothing,Brand Alpha,Lahore,4,138.7,2,great value,True,C-1259
E-0002482,2024-05-05,Clothing,Brand Alpha,Karachi,2,130.04,2,comfortable and stylish,True,C-138
E-0002483,2024-06-19,Books,Brand Gamma,Islamabad,4,398.59,3,boring content,True,C-1240
E-0002484,2024-04-26,Beauty,Brand Beta,Karachi,2,55.78,1,recommend,True,C-918
E-0002485,2024-03-03,Clothing,Brand Beta,New York,2,226.66,2,color faded after wash,True,C-59
E-0002486,2023-09-08,Books,Brand Gamma,London,2,63.77,2,fast delivery,True,C-72
E-0002487,2023-08-10,Books,Brand Alpha,Islamabad,2,324.61,1,print quality good,True,C-387
E-0002488,2024-04-20,Clothing,Brand Gamma,Karachi,5,162.15,2,seams came apart,True,C-1333
E-0002489,2023-09-05,Sports,Brand Alpha,Islamabad,2,125.71,4,good grip,True,C-1328
E-0002490,2023-11-21,Beauty,Brand Gamma,Dubai,3,174.98,4,nice scent,True,C-670
E-0002491,2024-04-14,Home,Brand Alpha,Dubai,5,252.13,1,cheap materials,True,C-655
E-0002492,2024-03-12,Clothing,Brand Gamma,Lahore,5,371.7,4,great value,True,C-306
E-0002493,2024-01-16,Clothing,Brand Delta,Karachi,3,329.79,5,too small,True,C-21
E-0002494,2024-10-30,Beauty,Brand Beta,Karachi,2,209.01,1,recommend,True,C-171
E-0002495,2023-08-19,Electronics,Brand Alpha,Lahore,3,399.37,2,disappointed with durability,True,C-25
E-0002496,2024-04-27,Beauty,Brand Delta,Islamabad,3,94.65,1,recommend,True,C-1072
E-0002497,2023-09-11,Books,Brand Delta,New York,3,,2,well written,True,C-812
E-0002498,2024-11-26,Electronics,Brand Alpha,Lahore,4,229.24,1,poor build,True,C-1242
E-0002499,2024-06-02,Home,Brand Delta,Dubai,4,282.99,4,cheap materials,True,C-1074
E-0002500,2023-09-23,Sports,Brand Delta,Islamabad,4,287.28,2,broke after week,False,C-1408
E-0002501,2024-12-09,Beauty,Brand Alpha,Lahore,3,51.96,1,too expensive,True,C-857
E-0002502,2023-07-16,Beauty,Brand Delta,Lahore,3,222.25,2,caused irritation,True,C-367
E-0002503,2024-10-01,Beauty,Brand Beta,Karachi,3,371.05,1,skin felt great,True,C-1163
E-0002504,2024-01-05,Books,Brand Gamma,Islamabad,3,319.44,2,informative,False,C-715
E-0002505,2024-12-11,Clothing,Brand Beta,Karachi,1,98.34,2,too small,True,C-444
E-0002506,2024-12-16,Books,Brand Delta,Lahore,4,188.67,1,fast delivery,True,C-519
E-0002507,2023-06-17,Sports,Brand Alpha,Karachi,2,169.22,2,broke after week,True,C-382
E-0002508,2023-07-30,Clothing,Brand Delta,Karachi,3,50.02,3,color faded after wash,True,C-684
E-0002509,2023-06-30,Home,Brand Gamma,Lahore,4,153.5,3,assembly was hard,False,C-1378
E-0002510,2024-07-21,Home,Brand Beta,London,4,149.32,2,would buy again,True,C-902
E-0002511,2024-11-03,Sports,Brand Beta,Lahore,4,245.21,2,great for training,False,C-857
E-0002512,2024-02-07,Beauty,Brand Delta,Lahore,3,199.72,2,caused irritation,False,C-958
E-0002513,2024-10-22,Beauty,Brand Alpha,Karachi,2,219.64,1,skin felt great,True,C-1277
E-0002514,2024-06-15,Home,Brand Gamma,Dubai,3,94.04,1,assembly was hard,True,C-256
E-0002515,2024-02-12,Beauty,Brand Beta,Dubai,4,227.03,2,nice scent,True,C-480
E-0002516,2023-09-18,Clothing,Brand Gamma,London,2,,1,too small,True,C-153
E-0002517,2024-10-22,Books,Brand Alpha,Lahore,4,283.17,2,boring content,True,C-1168
E-0002518,2024-10-02,Home,Brand Delta,Lahore,5,320.63,2,looks premium,True,C-573
E-0002519,2023-07-21,Books,Brand Delta,Dubai,3,78.26,3,fast delivery,True,C-356
E-0002520,2024-08-12,Beauty,Brand Alpha,London,3,68.02,4,nice scent,True,C-979
E-0002521,2024-02-14,Clothing,Brand Beta,New York,2,131.34,2,nice fabric,True,C-742
E-0002522,2023-08-01,Clothing,Brand Alpha,Karachi,3,230.13,1,nice fabric,True,C-1126
E-0002523,2023-07-20,Books,Brand Beta,Dubai,5,171.71,3,boring content,True,C-991
E-0002524,2024-03-17,Sports,Brand Delta,Lahore,3,372.18,2,poor durability,True,C-1154
E-0002525,2023-10-05,Home,Brand Gamma,Islamabad,3,235.77,2,assembly was hard,True,C-1454
E-0002526,2023-10-02,Electronics,Brand Beta,Islamabad,3,153.54,1,poor build,True,C-1457
E-0002527,2023-09-27,Electronics,Brand Alpha,London,4,189.91,2,excellent quality,True,C-919
E-0002528,2024-09-20,Home,Brand Gamma,Lahore,1,397.41,4,would buy again,True,C-1009
E-0002529,2024-08-10,Home,Brand Delta,Dubai,4,28.48,2,cheap materials,True,C-500
E-0002530,2023-06-19,Electronics,Brand Delta,Dubai,2,380.64,2,battery dies fast,True,C-11
E-0002531,2024-03-09,Home,Brand Gamma,Dubai,4,238.67,3,very useful,True,C-1156
E-0002532,2024-06-25,Sports,Brand Delta,Lahore,1,150.88,2,great for training,False,C-639
E-0002533,2024-05-17,Clothing,Brand Delta,Islamabad,4,13.25,1,nice fabric,True,C-421
E-0002534,2024-02-12,Sports,Brand Gamma,Lahore,3,29.4,3,broke after week,True,C-88
E-0002535,2023-06-04,Books,Brand Beta,Lahore,5,215.27,2,informative,False,C-822
E-0002536,2024-06-01,Sports,Brand Beta,Islamabad,5,276.93,2,broke after week,False,C-1304
E-0002537,2024-05-19,Beauty,Brand Delta,London,4,261.56,1,nice scent,True,C-695
E-0002538,2023-07-11,Home,Brand Delta,Karachi,3,384.58,1,looks premium,True,C-537
E-0002539,2024-08-04,Electronics,Brand Delta,Dubai,4,88.96,2,highly recommend,True,C-861
E-0002540,2024-07-25,Sports,Brand Alpha,New York,4,271.19,2,broke after week,True,C-1111
E-0002541,2024-04-12,Home,Brand Gamma,Karachi,3,214.52,2,assembly was hard,True,C-303
E-0002542,2024-05-31,Sports,Brand Delta,Islamabad,2,91.64,3,poor durability,True,C-1080
E-0002543,2024-09-20,Beauty,Brand Gamma,Lahore,2,195.85,1,too expensive,True,C-732
E-0002544,2023-06-26,Books,Brand Gamma,Dubai,4,382.94,2,fast delivery,True,C-860
E-0002545,2024-06-11,Home,Brand Gamma,Lahore,2,259.3,2,looks premium,False,C-1083
E-0002546,2024-03-18,Home,Brand Beta,London,5,127.85,2,very useful,True,C-300
E-0002547,2024-06-25,Sports,Brand Beta,New York,4,366.27,1,good grip,False,C-1078
E-0002548,2024-10-06,Beauty,Brand Alpha,New York,4,31.87,2,nice scent,True,C-1155
E-0002549,2023-12-21,Sports,Brand Alpha,Dubai,2,227.04,3,poor durability,True,C-735
E-0002550,2024-01-12,Books,Brand Alpha,New York,5,353.45,3,fast delivery,True,C-405
E-0002551,2024-02-02,Sports,Brand Delta,Lahore,4,172.12,2,good grip,True,C-995
E-0002552,2023-10-19,Clothing,Brand Delta,Karachi,3,64.18,2,fits perfectly,True,C-686
E-0002553,2023-09-21,Sports,Brand Gamma,Islamabad,5,367.83,2,great for training,False,C-847
E-0002554,2023-12-09,Books,Brand Delta,Islamabad,4,392.51,2,print quality good,True,C-1278
E-0002555,2023-10-21,Beauty,Brand Gamma,Karachi,4,150.37,4,caused irritation,True,C-696
E-0002556,2024-12-07,Beauty,Brand Delta,Islamabad,3,151.32,1,skin felt great,True,C-1424
E-0002557,2023-08-16,Electronics,Brand Delta,New York,3,34.75,1,love it,True,C-75
E-0002558,2023-06-09,Beauty,Brand Beta,Karachi,4,71.49,1,too expensive,True,C-1125
E-0002559,2024-03-28,Clothing,Brand Delta,Karachi,4,108.79,3,fits perfectly,True,C-435
E-0002560,2023-12-24,Clothing,Brand Beta,Islamabad,4,265.77,3,nice fabric,True,C-269
E-0002561,2024-11-24,Books,Brand Gamma,Dubai,4,170.66,1,print quality good,True,C-1205
E-0002562,2024-10-28,Sports,Brand Delta,Dubai,4,287.98,2,poor durability,True,C-941
E-0002563,2023-10-03,Beauty,Brand Delta,Karachi,3,61.1,1,too expensive,True,C-1363
E-0002564,2023-06-26,Books,Brand Delta,London,3,59.05,1,informative,False,C-128
E-0002565,2023-07-03,Beauty,Brand Delta,New York,3,20.41,1,nice scent,True,C-186
E-0002566,2024-12-09,Electronics,Brand Alpha,New York,5,157.71,3,love it,True,C-370
E-0002567,2023-08-22,Books,Brand Beta,Islamabad,4,58.0,1,fast delivery,True,C-779
E-0002568,2024-04-13,Clothing,Brand Beta,New York,5,379.94,2,seams came apart,True,C-1464
E-0002569,2023-10-10,Books,Brand Gamma,London,1,66.63,2,well written,True,C-277
E-0002570,2024-08-18,Home,Brand Beta,New York,3,89.15,1,looks premium,True,C-892
E-0002571,2023-09-08,Electronics,Brand Delta,Islamabad,5,267.42,4,,True,C-742
E-0002572,2024-09-10,Sports,Brand Alpha,Karachi,3,228.84,1,poor durability,True,C-123
E-0002573,2025-01-14,Sports,Brand Alpha,New York,5,258.54,3,poor durability,True,C-1244
E-0002574,2023-06-26,Home,Brand Gamma,New York,4,389.59,2,looks premium,True,C-528
E-0002575,2024-09-12,Electronics,Brand Alpha,Lahore,4,308.58,4,average at best,True,C-468
E-0002576,2023-12-17,Books,Brand Beta,Karachi,5,211.81,2,informative,True,C-1211
E-0002577,2023-09-29,Electronics,Brand Alpha,Islamabad,3,28.07,2,love it,True,C-446
E-0002578,2023-12-09,Clothing,Brand Gamma,New York,1,168.77,2,fits perfectly,False,C-481
E-0002579,2023-07-22,Beauty,Brand Beta,New York,4,267.77,2,too expensive,True,C-1305
E-0002580,2024-08-13,Sports,Brand Gamma,Islamabad,4,142.61,2,poor durability,True,C-666
E-0002581,2024-05-27,Sports,Brand Gamma,London,4,201.51,3,,True,C-28
E-0002582,2024-11-03,Clothing,Brand Beta,Lahore,1,64.21,3,nice fabric,True,C-1117
E-0002583,2023-09-07,Books,Brand Gamma,New York,4,275.28,1,,True,C-1465
E-0002584,2024-08-09,Beauty,Brand Gamma,Lahore,4,226.31,3,nice scent,True,C-1193
E-0002585,2023-06-20,Beauty,Brand Gamma,Islamabad,3,270.1,2,skin felt great,False,C-215
E-0002586,2023-07-11,Clothing,Brand Delta,Lahore,4,92.59,1,too small,False,C-998
E-0002587,2024-08-20,Sports,Brand Gamma,New York,2,325.23,1,good grip,True,C-863
E-0002588,2024-02-19,Home,Brand Gamma,Dubai,3,399.89,3,very useful,True,C-682
E-0002589,2024-06-12,Beauty,Brand Beta,New York,3,208.47,1,recommend,True,C-23
E-0002590,2024-02-15,Books,Brand Gamma,Lahore,2,323.07,1,print quality good,True,C-1432
E-0002591,2023-07-04,Electronics,Brand Gamma,Dubai,5,331.57,3,poor build,True,C-721
E-0002592,2024-01-19,Electronics,Brand Alpha,New York,4,298.29,1,works great,True,C-834
E-0002593,2023-12-25,Sports,Brand Alpha,Karachi,5,251.33,3,broke after week,False,C-1072
E-0002594,2024-07-06,Electronics,Brand Beta,Karachi,3,129.47,1,excellent quality,True,C-1003
E-0002595,2023-11-24,Clothing,Brand Gamma,Dubai,3,167.61,3,fits perfectly,True,C-688
E-0002596,2024-11-25,Home,Brand Beta,Islamabad,3,25.18,1,cheap materials,True,C-395
E-0002597,2023-10-18,Beauty,Brand Alpha,Karachi,3,94.46,1,caused irritation,True,C-697
E-0002598,2023-07-13,Sports,Brand Alpha,Karachi,3,96.84,1,great for training,True,C-1417
E-0002599,2024-11-23,Electronics,Brand Delta,London,5,132.75,1,average at best,True,C-372
E-0002600,2023-12-01,Sports,Brand Gamma,Dubai,1,140.72,1,broke after week,True,C-470
E-0002601,2025-01-07,Books,Brand Alpha,Dubai,3,32.94,1,informative,True,C-657
E-0002602,2024-02-21,Sports,Brand Beta,New York,5,34.41,2,broke after week,True,C-1008
E-0002603,2024-01-21,Electronics,Brand Delta,Lahore,1,366.19,2,works great,True,C-741
E-0002604,2024-09-04,Home,Brand Beta,Karachi,2,88.64,2,very useful,False,C-1023
E-0002605,2024-05-30,Books,Brand Alpha,Dubai,3,294.79,2,informative,False,C-241
E-0002606,2024-08-10,Books,Brand Alpha,New York,5,168.42,2,print quality good,True,C-858
E-0002607,2024-01-15,Home,Brand Beta,Islamabad,3,36.32,3,cheap materials,True,C-461
E-0002608,2023-09-16,Clothing,Brand Beta,Dubai,4,,2,nice fabric,True,C-27
E-0002609,2024-05-11,Clothing,Brand Alpha,Lahore,2,40.92,2,comfortable and stylish,True,C-1393
E-0002610,2024-10-03,Beauty,Brand Alpha,Karachi,3,215.15,2,nice scent,True,C-1007
E-0002611,2024-02-11,Clothing,Brand Gamma,New York,4,304.83,1,too small,True,C-238
E-0002612,2024-02-28,Books,Brand Gamma,New York,4,115.97,2,fast delivery,True,C-929
E-0002613,2023-10-17,Home,Brand Alpha,London,4,297.98,1,very useful,True,C-1304
E-0002614,2024-01-09,Books,Brand Gamma,Lahore,3,189.84,2,fast delivery,True,C-1225
E-0002615,2024-01-25,Clothing,Brand Delta,Karachi,2,56.45,2,seams came apart,True,C-832
E-0002616,2023-08-14,Beauty,Brand Gamma,Dubai,3,388.76,4,nice scent,True,C-1140
E-0002617,2023-12-03,Beauty,Brand Gamma,Lahore,2,309.46,2,nice scent,True,C-1016
E-0002618,2023-11-27,Beauty,Brand Alpha,London,5,271.9,2,caused irritation,True,C-148
E-0002619,2024-07-25,Sports,Brand Delta,Dubai,2,330.74,4,good grip,True,C-216
E-0002620,2024-07-23,Sports,Brand Delta,Islamabad,3,379.66,2,good grip,True,C-1428
E-0002621,2024-09-25,Electronics,Brand Beta,New York,5,201.87,3,works great,False,C-732
E-0002622,2024-11-04,Sports,Brand Beta,Islamabad,3,281.98,2,poor durability,True,C-1064
E-0002623,2024-09-03,Books,Brand Beta,Lahore,5,217.26,2,well written,True,C-1247
E-0002624,2024-01-01,Home,Brand Delta,Lahore,2,379.89,2,assembly was hard,True,C-344
E-0002625,2023-08-09,Beauty,Brand Gamma,Islamabad,4,82.54,2,too expensive,True,C-1260
E-0002626,2024-10-28,Books,Brand Gamma,Dubai,3,155.31,2,boring content,True,C-88
E-0002627,2024-08-03,Books,Brand Alpha,New York,4,329.5,1,boring content,True,C-893
E-0002628,2024-04-06,Beauty,Brand Delta,Karachi,3,331.56,2,caused irritation,True,C-395
E-0002629,2024-05-24,Electronics,Brand Delta,Karachi,5,175.11,2,love it,False,C-560
E-0002630,2023-10-18,Beauty,Brand Delta,Dubai,5,314.77,2,recommend,True,C-978
E-0002631,2024-09-03,Books,Brand Beta,Islamabad,1,229.08,3,informative,True,C-752
E-0002632,2023-07-27,Beauty,Brand Delta,Dubai,3,374.73,1,skin felt great,True,C-362
E-0002633,2024-01-16,Home,Brand Gamma,New York,5,182.88,2,assembly was hard,False,C-284
E-0002634,2024-11-23,Sports,Brand Delta,New York,2,274.37,2,broke after week,False,C-546
E-0002635,2023-06-07,Beauty,Brand Beta,Lahore,5,64.45,2,caused irritation,True,C-648
E-0002636,2023-09-14,Clothing,Brand Alpha,Karachi,3,294.97,2,nice fabric,True,C-689
E-0002637,2024-11-28,Books,Brand Delta,Lahore,5,,1,boring content,True,C-1227
E-0002638,2024-02-23,Clothing,Brand Delta,Lahore,5,158.68,1,comfortable and stylish,True,C-674
E-0002639,2024-11-21,Sports,Brand Alpha,Lahore,3,151.0,1,poor durability,True,C-39
E-0002640,2024-04-08,Home,Brand Beta,Dubai,3,218.55,2,looks premium,True,C-488
E-0002641,2024-02-25,Sports,Brand Alpha,Karachi,5,374.94,2,good grip,True,C-181
E-0002642,2024-01-24,Books,Brand Delta,New York,5,253.4,4,boring content,True,C-635
E-0002643,2024-01-02,Beauty,Brand Alpha,Lahore,4,266.61,3,too expensive,True,C-1391
E-0002644,2024-08-22,Home,Brand Beta,Dubai,5,20.77,3,assembly was hard,True,C-669
E-0002645,2023-09-21,Home,Brand Gamma,Karachi,4,165.62,2,assembly was hard,True,C-210
E-0002646,2024-05-08,Beauty,Brand Alpha,London,2,158.23,3,nice scent,True,C-401
E-0002647,2024-05-28,Beauty,Brand Gamma,London,2,142.09,2,skin felt great,True,C-1381
E-0002648,2024-04-16,Clothing,Brand Delta,New York,3,261.78,1,fits perfectly,True,C-1172
E-0002649,2024-01-04,Beauty,Brand Delta,Islamabad,4,52.25,2,recommend,True,C-505
E-0002650,2024-09-06,Electronics,Brand Alpha,Dubai,3,319.38,1,,True,C-104
E-0002651,2024-07-31,Home,Brand Beta,London,3,176.54,1,assembly was hard,True,C-990
E-0002652,2024-10-26,Books,Brand Gamma,London,3,257.47,1,print quality good,True,C-863
E-0002653,2023-09-09,Books,Brand Alpha,Lahore,4,95.95,2,well written,True,C-447
E-0002654,2023-08-12,Clothing,Brand Alpha,Dubai,3,327.19,1,comfortable and stylish,True,C-372
E-0002655,2024-06-30,Beauty,Brand Delta,Karachi,3,18.77,2,skin felt great,True,C-250
E-0002656,2024-12-28,Sports,Brand Beta,London,3,22.16,1,poor durability,False,C-909
E-0002657,2024-03-20,Sports,Brand Beta,London,2,162.25,2,great for training,True,C-498
E-0002658,2025-01-14,Books,Brand Delta,New York,4,14.42,2,well written,True,C-860
E-0002659,2025-01-03,Sports,Brand Beta,New York,3,199.71,2,poor durability,True,C-1178
E-0002660,2024-02-13,Sports,Brand Delta,Dubai,4,31.46,2,good grip,True,C-1195
E-0002661,2023-07-29,Beauty,Brand Delta,Lahore,4,60.52,4,caused irritation,True,C-268
E-0002662,2024-08-04,Home,Brand Alpha,Karachi,2,174.76,1,assembly was hard,False,C-193
E-0002663,2024-12-08,Beauty,Brand Gamma,New York,2,300.5,1,too expensive,True,C-586
E-0002664,2023-06-17,Beauty,Brand Gamma,Dubai,3,114.84,2,nice scent,True,C-275
E-0002665,2024-11-17,Sports,Brand Delta,Karachi,2,165.16,1,good grip,False,C-136
E-0002666,2024-02-26,Electronics,Brand Gamma,Karachi,3,36.18,2,disappointed with durability,True,C-1479
E-0002667,2024-03-19,Electronics,Brand Beta,Islamabad,3,158.28,1,average at best,True,C-968
E-0002668,2024-01-19,Clothing,Brand Alpha,New York,3,179.15,1,seams came apart,True,C-51
E-0002669,2024-06-19,Sports,Brand Alpha,London,4,263.72,4,broke after week,True,C-312
E-0002670,2024-10-28,Home,Brand Delta,Karachi,4,185.18,1,cheap materials,True,C-918
E-0002671,2024-12-10,Beauty,Brand Gamma,Karachi,4,49.78,1,skin felt great,True,C-424
E-0002672,2024-11-01,Sports,Brand Beta,London,4,341.76,3,great for training,True,C-1426
E-0002673,2024-12-03,Sports,Brand Delta,Dubai,3,327.62,2,poor durability,True,C-521
E-0002674,2024-03-27,Home,Brand Beta,Islamabad,4,177.75,2,cheap materials,True,C-392
E-0002675,2023-07-13,Books,Brand Delta,Karachi,4,285.05,3,informative,True,C-621
E-0002676,2024-05-11,Sports,Brand Gamma,Lahore,5,212.93,6,broke after week,True,C-1287
E-0002677,2024-01-24,Books,Brand Beta,New York,3,281.94,2,boring content,True,C-956
E-0002678,2024-06-22,Sports,Brand Delta,New York,5,69.43,1,,False,C-1219
E-0002679,2024-12-02,Books,Brand Gamma,Dubai,4,308.5,1,well written,True,C-1062
E-0002680,2024-12-01,Home,Brand Beta,Karachi,5,269.69,1,very useful,True,C-406
E-0002681,2023-08-12,Clothing,Brand Beta,Karachi,3,125.45,1,seams came apart,True,C-1085
E-0002682,2023-07-01,Beauty,Brand Alpha,Islamabad,3,122.74,3,nice scent,True,C-104
E-0002683,2024-11-27,Clothing,Brand Alpha,New York,4,254.56,3,seams came apart,True,C-645
E-0002684,2023-07-13,Clothing,Brand Gamma,New York,3,309.41,2,seams came apart,True,C-1370
E-0002685,2024-02-23,Beauty,Brand Alpha,London,5,66.82,4,too expensive,True,C-10
E-0002686,2023-07-30,Electronics,Brand Gamma,Islamabad,5,25.86,1,average at best,False,C-103
E-0002687,2024-01-19,Electronics,Brand Alpha,Dubai,5,350.34,1,disappointed with durability,True,C-996
E-0002688,2024-11-10,Beauty,Brand Beta,Islamabad,2,22.46,1,caused irritation,True,C-218
E-0002689,2023-07-29,Books,Brand Beta,Dubai,3,377.45,1,print quality good,True,C-286
E-0002690,2023-11-11,Beauty,Brand Gamma,Karachi,3,266.84,1,nice scent,True,C-1266
E-0002691,2023-07-12,Sports,Brand Alpha,Islamabad,3,379.96,2,good grip,True,C-364
E-0002692,2024-12-30,Books,Brand Gamma,Dubai,1,151.68,1,fast delivery,False,C-884
E-0002693,2024-10-09,Beauty,Brand Gamma,London,4,169.34,3,caused irritation,True,C-50
E-0002694,2024-04-19,Home,Brand Beta,New York,2,205.79,2,cheap materials,True,C-124
E-0002695,2024-02-11,Sports,Brand Beta,Islamabad,1,358.51,2,good grip,True,C-1372
E-0002696,2023-10-10,Clothing,Brand Beta,Karachi,2,260.53,2,nice fabric,True,C-517
E-0002697,2023-06-17,Beauty,Brand Gamma,Dubai,1,10.17,2,,True,C-400
E-0002698,2024-06-04,Sports,Brand Beta,Dubai,2,230.56,2,great for training,True,C-1188
E-0002699,2024-01-24,Clothing,Brand Delta,Dubai,2,196.38,2,seams came apart,True,C-1220
E-0002700,2024-04-02,Electronics,Brand Delta,London,1,161.67,1,highly recommend,True,C-1011
E-0002701,2024-07-07,Home,Brand Gamma,Karachi,3,218.28,1,very useful,True,C-693
E-0002702,2024-03-19,Books,Brand Delta,New York,4,181.5,2,informative,True,C-708
E-0002703,2024-07-31,Clothing,Brand Beta,Lahore,2,353.98,2,nice fabric,False,C-212
E-0002704,2023-06-03,Home,Brand Alpha,Lahore,4,188.11,3,would buy again,True,C-563
E-0002705,2024-12-29,Books,Brand Alpha,Karachi,4,180.59,1,boring content,True,C-700
E-0002706,2023-11-24,Home,Brand Gamma,Karachi,5,13.04,2,cheap materials,True,C-131
E-0002707,2024-10-03,Beauty,Brand Delta,London,4,14.46,2,nice scent,False,C-1101
E-0002708,2024-03-31,Beauty,Brand Delta,Karachi,2,366.43,1,skin felt great,True,C-1452
E-0002709,2023-09-09,Clothing,Brand Beta,New York,3,194.65,5,nice fabric,True,C-124
E-0002710,2024-05-08,Home,Brand Alpha,Lahore,1,195.0,3,assembly was hard,True,C-1355
E-0002711,2024-03-14,Beauty,Brand Beta,Karachi,2,72.64,3,caused irritation,True,C-1451
E-0002712,2023-09-26,Sports,Brand Beta,Karachi,2,338.07,3,good grip,False,C-1049
E-0002713,2024-07-22,Home,Brand Gamma,London,3,343.76,1,assembly was hard,False,C-1244
E-0002714,2024-08-19,Home,Brand Delta,Lahore,2,192.98,3,very useful,True,C-488
E-0002715,2024-11-29,Clothing,Brand Delta,Dubai,5,352.3,3,comfortable and stylish,True,C-124
E-0002716,2023-11-02,Clothing,Brand Alpha,Dubai,2,133.54,1,fits perfectly,True,C-1221
E-0002717,2024-08-20,Sports,Brand Delta,Islamabad,3,134.92,2,broke after week,True,C-733
E-0002718,2023-06-14,Home,Brand Delta,New York,5,234.6,2,would buy again,True,C-456
E-0002719,2024-12-13,Home,Brand Gamma,Karachi,2,139.27,2,very useful,True,C-311
E-0002720,2023-11-22,Sports,Brand Gamma,Lahore,4,25.69,2,poor durability,True,C-162
E-0002721,2024-08-24,Books,Brand Beta,New York,3,24.77,5,fast delivery,True,C-1160
E-0002722,2024-06-03,Home,Brand Alpha,Karachi,2,166.96,2,would buy again,False,C-594
E-0002723,2024-01-18,Books,Brand Beta,Dubai,3,178.5,1,boring content,True,C-925
E-0002724,2024-08-02,Sports,Brand Beta,Karachi,3,252.99,3,broke after week,True,C-962
E-0002725,2023-06-09,Electronics,Brand Gamma,London,4,160.02,2,works great,True,C-256
E-0002726,2023-11-14,Books,Brand Alpha,Lahore,3,14.05,1,informative,True,C-20
E-0002727,2024-01-18,Electronics,Brand Alpha,Lahore,4,375.98,2,works great,False,C-1145
E-0002728,2024-09-19,Sports,Brand Alpha,New York,3,84.07,4,poor durability,True,C-231
E-0002729,2023-09-08,Electronics,Brand Alpha,Karachi,3,15.29,2,works great,True,C-543
E-0002730,2024-12-18,Electronics,Brand Delta,Islamabad,5,352.36,2,disappointed with durability,True,C-923
E-0002731,2024-03-03,Books,Brand Gamma,New York,5,90.12,1,fast delivery,True,C-538
E-0002732,2024-12-30,Home,Brand Gamma,Karachi,3,243.95,2,would buy again,True,C-698
E-0002733,2024-07-31,Books,Brand Alpha,Lahore,4,30.71,4,informative,True,C-733
E-0002734,2023-08-16,Sports,Brand Beta,New York,4,238.72,1,good grip,True,C-1267
E-0002735,2023-06-16,Books,Brand Alpha,Lahore,3,335.79,2,informative,True,C-1379
E-0002736,2023-12-18,Electronics,Brand Delta,London,2,215.92,3,works great,True,C-1126
E-0002737,2024-07-19,Beauty,Brand Delta,London,4,271.4,2,too expensive,True,C-895
E-0002738,2023-07-10,Books,Brand Beta,Lahore,1,190.44,1,boring content,True,C-522
E-0002739,2024-08-17,Electronics,Brand Gamma,London,4,340.28,2,battery dies fast,True,C-925
E-0002740,2024-04-30,Sports,Brand Beta,London,3,304.0,3,broke after week,True,C-1456
E-0002741,2024-09-02,Electronics,Brand Alpha,Islamabad,3,130.47,1,disappointed with durability,True,C-885
E-0002742,2024-12-20,Beauty,Brand Beta,Dubai,4,195.76,1,skin felt great,True,C-471
E-0002743,2024-12-20,Home,Brand Gamma,New York,4,152.71,1,assembly was hard,True,C-733
E-0002744,2024-06-08,Books,Brand Alpha,New York,2,158.19,1,print quality good,False,C-689
E-0002745,2024-05-07,Books,Brand Alpha,Islamabad,1,131.29,2,informative,True,C-127
E-0002746,2025-01-07,Sports,Brand Delta,New York,2,79.95,1,good grip,True,C-794
E-0002747,2024-10-07,Beauty,Brand Delta,Dubai,5,363.72,3,,True,C-611
E-0002748,2024-03-04,Books,Brand Gamma,Islamabad,2,331.02,1,fast delivery,True,C-1457
E-0002749,2023-07-03,Electronics,Brand Alpha,Dubai,4,185.66,1,excellent quality,False,C-1370
E-0002750,2024-10-21,Sports,Brand Delta,London,2,162.35,3,great for training,False,C-442
E-0002751,2024-07-01,Beauty,Brand Alpha,London,3,282.24,3,skin felt great,True,C-413
E-0002752,2024-01-01,Books,Brand Gamma,Islamabad,1,266.52,3,well written,True,C-17
E-0002753,2023-11-01,Home,Brand Delta,New York,2,168.6,3,would buy again,True,C-357
E-0002754,2024-11-27,Clothing,Brand Delta,Lahore,3,38.04,2,nice fabric,True,C-1404
E-0002755,2024-06-25,Clothing,Brand Beta,Karachi,4,258.33,3,great value,False,C-565
E-0002756,2023-10-19,Electronics,Brand Alpha,Islamabad,5,125.45,1,love it,False,C-317
E-0002757,2023-06-08,Beauty,Brand Alpha,London,4,254.75,1,skin felt great,True,C-676
E-0002758,2024-03-27,Clothing,Brand Delta,Dubai,3,253.24,6,comfortable and stylish,True,C-943
E-0002759,2023-12-09,Home,Brand Delta,New York,5,216.7,2,assembly was hard,True,C-129
E-0002760,2023-06-16,Home,Brand Delta,New York,5,278.46,1,cheap materials,True,C-1473
E-0002761,2024-08-03,Beauty,Brand Delta,Lahore,2,230.2,2,skin felt great,True,C-1451
E-0002762,2023-07-06,Sports,Brand Alpha,New York,2,48.75,2,broke after week,True,C-658
E-0002763,2024-02-09,Sports,Brand Gamma,London,4,263.13,3,good grip,True,C-1330
E-0002764,2023-11-13,Home,Brand Delta,New York,3,212.05,4,very useful,False,C-1479
E-0002765,2024-04-14,Clothing,Brand Gamma,Islamabad,4,205.7,2,nice fabric,True,C-288
E-0002766,2024-08-23,Home,Brand Delta,Karachi,4,117.36,1,very useful,True,C-1003
E-0002767,2024-09-18,Electronics,Brand Gamma,London,3,331.37,3,average at best,False,C-267
E-0002768,2025-01-03,Sports,Brand Gamma,New York,4,193.19,1,good grip,True,C-890
E-0002769,2024-01-24,Sports,Brand Alpha,Dubai,3,216.26,3,great for training,True,C-562
E-0002770,2024-03-07,Sports,Brand Beta,Dubai,2,297.05,2,good grip,True,C-1334
E-0002771,2024-04-20,Sports,Brand Gamma,New York,2,353.14,4,broke after week,True,C-774
E-0002772,2023-08-17,Books,Brand Gamma,Karachi,4,208.83,3,print quality good,True,C-1346
E-0002773,2023-06-08,Home,Brand Delta,New York,2,129.09,2,would buy again,True,C-1083
E-0002774,2024-11-14,Books,Brand Alpha,London,3,367.05,2,informative,True,C-310
E-0002775,2023-07-11,Home,Brand Gamma,Islamabad,4,73.75,1,very useful,True,C-1080
E-0002776,2024-06-12,Home,Brand Delta,Islamabad,2,121.27,1,cheap materials,False,C-1065
E-0002777,2024-06-02,Electronics,Brand Alpha,New York,4,257.4,1,excellent quality,True,C-603
E-0002778,2024-01-24,Beauty,Brand Delta,Islamabad,4,375.69,1,recommend,True,C-209
E-0002779,2024-06-01,Sports,Brand Alpha,New York,2,315.51,2,great for training,True,C-124
E-0002780,2024-04-07,Electronics,Brand Beta,Lahore,4,367.61,3,works great,True,C-1293
E-0002781,2023-08-18,Electronics,Brand Beta,Karachi,4,276.43,3,average at best,True,C-1144
E-0002782,2024-11-25,Home,Brand Delta,New York,4,164.12,2,would buy again,False,C-1470
E-0002783,2024-06-29,Sports,Brand Gamma,Islamabad,3,130.96,4,great for training,False,C-1424
E-0002784,2023-06-24,Books,Brand Gamma,New York,3,168.85,1,informative,True,C-191
E-0002785,2023-08-11,Electronics,Brand Delta,London,3,258.33,2,,True,C-813
E-0002786,2024-11-20,Clothing,Brand Beta,New York,4,384.95,2,fits perfectly,True,C-918
E-0002787,2024-10-29,Sports,Brand Delta,Islamabad,3,94.39,4,broke after week,False,C-36
E-0002788,2024-03-06,Home,Brand Alpha,Islamabad,5,387.96,2,very useful,True,C-289
E-0002789,2023-09-03,Books,Brand Delta,Dubai,5,94.35,1,print quality good,True,C-265
E-0002790,2023-07-23,Electronics,Brand Alpha,New York,5,251.5,1,poor build,True,C-38
E-0002791,2024-07-07,Beauty,Brand Beta,Dubai,5,390.95,1,too expensive,True,C-512
E-0002792,2023-07-11,Books,Brand Gamma,London,2,217.69,2,well written,True,C-1136
E-0002793,2024-07-20,Sports,Brand Beta,Islamabad,3,267.47,3,poor durability,True,C-556
E-0002794,2023-12-03,Beauty,Brand Beta,Lahore,3,89.49,2,skin felt great,True,C-1072
E-0002795,2024-08-09,Electronics,Brand Delta,London,2,300.28,3,excellent quality,False,C-347
E-0002796,2024-07-25,Sports,Brand Gamma,New York,3,281.74,4,poor durability,True,C-467
E-0002797,2024-03-30,Sports,Brand Beta,Lahore,3,239.02,1,good grip,False,C-1077
E-0002798,2024-10-18,Home,Brand Alpha,New York,3,17.52,1,looks premium,True,C-972
E-0002799,2024-02-09,Home,Brand Gamma,Lahore,2,39.97,1,very useful,True,C-8
E-0002800,2024-01-28,Sports,Brand Alpha,New York,5,312.04,3,,True,C-998
E-0002801,2023-10-01,Home,Brand Beta,Lahore,2,242.95,4,assembly was hard,True,C-75
E-0002802,2024-10-23,Beauty,Brand Gamma,Lahore,3,109.01,4,recommend,True,C-996
E-0002803,2024-08-01,Books,Brand Alpha,New York,4,31.83,2,print quality good,True,C-1247
E-0002804,2024-11-17,Sports,Brand Gamma,Dubai,3,38.83,4,poor durability,True,C-143
E-0002805,2024-12-24,Books,Brand Delta,London,3,221.33,3,fast delivery,True,C-820
E-0002806,2023-06-25,Home,Brand Delta,London,3,88.18,2,,True,C-1344
E-0002807,2023-07-10,Sports,Brand Delta,London,3,222.23,2,great for training,True,C-1135
E-0002808,2023-07-24,Electronics,Brand Gamma,New York,3,10.55,1,love it,True,C-1041
E-0002809,2024-10-23,Home,Brand Alpha,New York,2,167.82,2,cheap materials,True,C-685
E-0002810,2023-08-16,Electronics,Brand Beta,Karachi,3,148.92,1,excellent quality,False,C-1103
E-0002811,2024-03-13,Beauty,Brand Gamma,New York,5,303.56,4,skin felt great,True,C-474
E-0002812,2023-06-21,Electronics,Brand Beta,Karachi,1,227.03,1,average at best,True,C-1314
E-0002813,2023-10-26,Beauty,Brand Delta,Lahore,3,289.06,3,caused irritation,True,C-294
E-0002814,2024-09-27,Sports,Brand Beta,London,4,211.2,2,poor durability,True,C-1397
E-0002815,2024-10-05,Clothing,Brand Delta,Karachi,3,341.84,1,seams came apart,True,C-887
E-0002816,2023-08-09,Sports,Brand Beta,Lahore,2,129.1,2,poor durability,True,C-239
E-0002817,2023-11-19,Books,Brand Beta,Lahore,3,96.2,1,well written,False,C-316
E-0002818,2023-09-26,Clothing,Brand Alpha,Dubai,3,99.94,1,color faded after wash,True,C-243
E-0002819,2024-04-23,Beauty,Brand Alpha,Karachi,4,280.12,2,skin felt great,False,C-655
E-0002820,2024-01-18,Books,Brand Delta,Lahore,5,132.66,2,well written,False,C-549
E-0002821,2025-01-14,Beauty,Brand Beta,New York,3,289.48,3,caused irritation,True,C-851
E-0002822,2025-01-05,Beauty,Brand Delta,New York,3,112.49,3,recommend,True,C-1428
E-0002823,2024-06-02,Sports,Brand Gamma,Lahore,5,230.2,3,poor durability,True,C-1482
E-0002824,2024-09-11,Home,Brand Gamma,London,3,328.47,3,cheap materials,True,C-801
E-0002825,2023-07-09,Electronics,Brand Alpha,Lahore,3,91.51,1,battery dies fast,True,C-113
E-0002826,2024-09-28,Beauty,Brand Delta,Dubai,4,254.11,2,too expensive,True,C-1073
E-0002827,2024-01-27,Books,Brand Delta,Islamabad,3,12.57,1,boring content,True,C-455
E-0002828,2024-07-07,Beauty,Brand Alpha,Dubai,3,289.36,2,caused irritation,False,C-1298
E-0002829,2024-10-30,Beauty,Brand Alpha,Lahore,3,323.3,1,recommend,True,C-119
E-0002830,2024-11-17,Electronics,Brand Gamma,Lahore,3,307.31,2,works great,True,C-658
E-0002831,2024-06-04,Electronics,Brand Beta,Islamabad,3,319.01,1,average at best,True,C-1105
E-0002832,2023-10-11,Clothing,Brand Alpha,Karachi,4,41.58,2,too small,False,C-1490
E-0002833,2024-10-11,Books,Brand Beta,Lahore,1,155.07,1,informative,False,C-1164
E-0002834,2024-05-28,Books,Brand Alpha,New York,3,81.35,2,fast delivery,True,C-68
E-0002835,2024-02-28,Home,Brand Alpha,Dubai,4,260.23,1,very useful,True,C-1471
E-0002836,2024-05-22,Electronics,Brand Alpha,New York,5,131.65,1,battery dies fast,True,C-701
E-0002837,2024-02-23,Beauty,Brand Alpha,Karachi,4,137.91,1,recommend,True,C-1172
E-0002838,2025-01-10,Home,Brand Beta,New York,3,160.75,2,would buy again,False,C-1242
E-0002839,2023-07-21,Sports,Brand Beta,New York,3,141.17,3,good grip,False,C-1446
E-0002840,2023-06-07,Beauty,Brand Beta,Lahore,2,266.66,1,caused irritation,True,C-651
E-0002841,2024-01-26,Sports,Brand Gamma,New York,4,295.73,4,broke after week,True,C-782
E-0002842,2023-09-11,Clothing,Brand Gamma,Islamabad,2,379.04,1,color faded after wash,True,C-615
E-0002843,2023-11-01,Electronics,Brand Beta,New York,5,25.42,2,average at best,True,C-1397
E-0002844,2024-11-20,Beauty,Brand Beta,New York,3,,1,too expensive,True,C-1411
E-0002845,2025-01-05,Sports,Brand Gamma,Dubai,5,298.41,1,great for training,True,C-31
E-0002846,2024-07-15,Beauty,Brand Alpha,New York,4,329.47,2,recommend,True,C-757
E-0002847,2023-11-27,Electronics,Brand Beta,London,4,28.52,2,disappointed with durability,True,C-335
E-0002848,2024-10-13,Clothing,Brand Alpha,Dubai,5,282.76,1,great value,True,C-1078
E-0002849,2024-01-10,Beauty,Brand Delta,London,3,330.81,2,nice scent,True,C-1308
E-0002850,2024-02-18,Beauty,Brand Beta,London,2,187.21,2,nice scent,True,C-992
E-0002851,2023-09-28,Clothing,Brand Alpha,Karachi,2,142.71,1,fits perfectly,True,C-782
E-0002852,2023-07-17,Beauty,Brand Alpha,Dubai,2,296.0,1,nice scent,True,C-553
E-0002853,2024-08-05,Sports,Brand Beta,Dubai,3,352.76,2,poor durability,True,C-586
E-0002854,2023-11-30,Electronics,Brand Beta,Dubai,2,294.54,2,average at best,True,C-808
E-0002855,2023-08-30,Sports,Brand Beta,New York,3,261.97,2,broke after week,True,C-804
E-0002856,2024-12-05,Clothing,Brand Gamma,Islamabad,3,,2,fits perfectly,True,C-1264
E-0002857,2023-06-21,Clothing,Brand Alpha,Islamabad,3,329.1,1,nice fabric,True,C-1336
E-0002858,2023-09-15,Clothing,Brand Gamma,Dubai,4,98.33,2,great value,True,C-965
E-0002859,2024-04-19,Books,Brand Gamma,New York,4,334.03,2,informative,False,C-317
E-0002860,2023-10-20,Beauty,Brand Delta,Lahore,2,235.37,2,skin felt great,True,C-703
E-0002861,2024-12-12,Books,Brand Alpha,Islamabad,4,33.27,1,fast delivery,True,C-472
E-0002862,2023-11-21,Clothing,Brand Gamma,New York,3,328.46,1,comfortable and stylish,True,C-1031
E-0002863,2024-05-29,Sports,Brand Alpha,Islamabad,4,278.69,5,broke after week,True,C-193
E-0002864,2023-08-14,Clothing,Brand Beta,Karachi,4,108.44,2,too small,True,C-1497
E-0002865,2024-03-21,Sports,Brand Alpha,London,2,84.44,3,poor durability,True,C-311
E-0002866,2023-11-25,Home,Brand Alpha,Karachi,4,118.19,2,very useful,False,C-845
E-0002867,2024-01-30,Sports,Brand Alpha,Lahore,4,160.16,2,good grip,True,C-56
E-0002868,2024-11-02,Sports,Brand Delta,London,3,234.06,1,great for training,True,C-547
E-0002869,2024-11-29,Electronics,Brand Delta,Islamabad,2,183.9,2,average at best,True,C-790
E-0002870,2024-10-13,Clothing,Brand Beta,Karachi,3,243.48,1,seams came apart,True,C-1304
E-0002871,2023-09-19,Home,Brand Alpha,Dubai,2,59.8,2,would buy again,True,C-1171
E-0002872,2024-08-22,Beauty,Brand Delta,Karachi,3,380.24,2,recommend,True,C-186
E-0002873,2023-09-25,Beauty,Brand Beta,Lahore,2,109.24,2,recommend,False,C-597
E-0002874,2024-02-04,Books,Brand Beta,Karachi,3,364.74,1,fast delivery,True,C-421
E-0002875,2024-02-02,Books,Brand Delta,Karachi,3,137.92,2,well written,True,C-1203
E-0002876,2024-09-23,Books,Brand Beta,Islamabad,3,323.69,1,informative,True,C-941
E-0002877,2024-10-31,Sports,Brand Alpha,Islamabad,4,381.33,3,good grip,False,C-650
E-0002878,2024-01-16,Beauty,Brand Delta,London,3,242.9,1,caused irritation,True,C-59
E-0002879,2024-08-21,Books,Brand Alpha,Lahore,5,372.8,1,boring content,True,C-142
E-0002880,2024-05-13,Electronics,Brand Gamma,London,1,245.14,1,works great,True,C-505
E-0002881,2024-01-29,Electronics,Brand Delta,London,3,147.42,3,average at best,False,C-1410
E-0002882,2023-07-07,Clothing,Brand Delta,Islamabad,4,13.97,2,color faded after wash,True,C-691
E-0002883,2023-06-26,Home,Brand Beta,Islamabad,3,214.52,2,,True,C-1331
E-0002884,2024-08-12,Home,Brand Alpha,London,3,298.95,4,assembly was hard,True,C-304
E-0002885,2023-10-27,Books,Brand Alpha,Karachi,2,261.88,3,fast delivery,True,C-357
E-0002886,2023-08-10,Beauty,Brand Alpha,Lahore,2,98.56,3,skin felt great,False,C-467
E-0002887,2024-02-06,Books,Brand Alpha,Islamabad,4,114.4,1,print quality good,True,C-994
E-0002888,2023-07-08,Electronics,Brand Gamma,New York,4,154.71,1,average at best,True,C-279
E-0002889,2024-01-04,Electronics,Brand Beta,London,4,168.65,1,average at best,False,C-555
E-0002890,2023-08-01,Electronics,Brand Alpha,Karachi,3,96.78,2,,True,C-1157
E-0002891,2024-10-24,Electronics,Brand Beta,Karachi,4,101.8,1,average at best,True,C-661
E-0002892,2023-08-10,Clothing,Brand Alpha,Karachi,4,173.87,3,color faded after wash,True,C-1410
E-0002893,2023-11-02,Electronics,Brand Beta,New York,1,225.44,2,highly recommend,True,C-654
E-0002894,2023-07-13,Sports,Brand Beta,London,2,301.66,3,great for training,False,C-1061
E-0002895,2023-11-20,Beauty,Brand Alpha,Dubai,4,373.21,3,skin felt great,True,C-289
E-0002896,2024-05-04,Home,Brand Alpha,Karachi,2,300.33,3,very useful,True,C-567
E-0002897,2024-07-29,Electronics,Brand Beta,Karachi,5,40.21,1,average at best,True,C-1276
E-0002898,2023-07-11,Beauty,Brand Alpha,Karachi,4,115.88,3,too expensive,True,C-1372
E-0002899,2023-11-30,Home,Brand Delta,London,3,126.69,2,would buy again,True,C-172
E-0002900,2023-11-12,Home,Brand Alpha,Lahore,4,70.93,1,very useful,True,C-855
E-0002901,2023-08-18,Books,Brand Alpha,Islamabad,3,119.3,1,fast delivery,True,C-1345
E-0002902,2024-09-11,Clothing,Brand Alpha,Dubai,4,125.86,2,color faded after wash,True,C-1448
E-0002903,2024-01-21,Beauty,Brand Beta,Lahore,4,382.15,4,caused irritation,True,C-991
E-0002904,2024-02-27,Electronics,Brand Alpha,London,5,181.07,1,average at best,True,C-1102
E-0002905,2024-12-06,Beauty,Brand Delta,Islamabad,3,373.31,1,caused irritation,True,C-636
E-0002906,2024-09-18,Electronics,Brand Alpha,London,3,164.57,3,battery dies fast,True,C-790
E-0002907,2023-09-27,Beauty,Brand Beta,London,3,301.73,2,caused irritation,False,C-721
E-0002908,2023-09-11,Electronics,Brand Alpha,Islamabad,3,38.74,3,,True,C-1317
E-0002909,2023-10-20,Beauty,Brand Beta,New York,5,100.54,2,too expensive,True,C-43
E-0002910,2023-09-05,Beauty,Brand Beta,Karachi,4,391.52,1,too expensive,True,C-471
E-0002911,2023-06-01,Home,Brand Alpha,Karachi,3,173.4,4,cheap materials,True,C-1007
E-0002912,2024-05-30,Sports,Brand Delta,New York,3,350.74,2,poor durability,False,C-1332
E-0002913,2025-01-09,Clothing,Brand Beta,Dubai,4,185.52,1,seams came apart,True,C-1258
E-0002914,2024-06-09,Home,Brand Beta,Karachi,3,336.08,1,very useful,False,C-12
E-0002915,2023-06-15,Sports,Brand Beta,Lahore,5,262.54,1,broke after week,True,C-1016
E-0002916,2024-08-24,Clothing,Brand Beta,London,2,191.54,1,seams came apart,True,C-337
E-0002917,2024-03-26,Clothing,Brand Gamma,Lahore,3,167.49,2,fits perfectly,True,C-914
E-0002918,2024-10-14,Home,Brand Beta,Dubai,3,47.87,3,assembly was hard,True,C-1204
E-0002919,2023-12-23,Clothing,Brand Gamma,London,5,251.53,2,too small,True,C-932
E-0002920,2024-02-23,Sports,Brand Gamma,Karachi,3,364.96,3,great for training,True,C-1479
E-0002921,2024-03-18,Books,Brand Alpha,Islamabad,4,136.22,1,print quality good,True,C-1020
E-0002922,2023-11-10,Sports,Brand Beta,London,3,132.53,2,great for training,True,C-763
E-0002923,2023-12-08,Electronics,Brand Gamma,London,4,309.93,2,works great,True,C-227
E-0002924,2024-05-26,Home,Brand Gamma,London,3,77.82,3,assembly was hard,True,C-472
E-0002925,2023-07-22,Beauty,Brand Beta,Karachi,3,372.97,3,recommend,True,C-948
E-0002926,2023-06-04,Books,Brand Delta,Karachi,3,217.22,2,well written,True,C-1418
E-0002927,2024-12-15,Beauty,Brand Alpha,Islamabad,3,350.06,2,recommend,True,C-438
E-0002928,2023-12-11,Books,Brand Gamma,London,2,271.66,1,fast delivery,True,C-1285
E-0002929,2023-08-21,Sports,Brand Beta,Islamabad,4,95.87,5,great for training,True,C-679
E-0002930,2023-12-09,Beauty,Brand Beta,New York,4,,4,recommend,True,C-112
E-0002931,2024-10-04,Sports,Brand Alpha,Dubai,4,207.02,2,great for training,True,C-602
E-0002932,2024-09-12,Clothing,Brand Beta,Dubai,4,127.9,2,great value,True,C-554
E-0002933,2023-11-06,Sports,Brand Gamma,London,3,212.94,2,,True,C-801
E-0002934,2024-11-04,Beauty,Brand Beta,New York,3,112.94,1,too expensive,False,C-1271
E-0002935,2024-09-16,Clothing,Brand Gamma,Karachi,1,142.92,2,comfortable and stylish,True,C-580
E-0002936,2023-12-03,Sports,Brand Gamma,Dubai,3,255.65,2,good grip,True,C-973
E-0002937,2024-04-20,Books,Brand Beta,Islamabad,2,283.38,1,boring content,True,C-602
E-0002938,2024-01-07,Books,Brand Alpha,Karachi,2,264.26,2,print quality good,False,C-145
E-0002939,2023-08-21,Electronics,Brand Alpha,London,4,60.96,2,battery dies fast,True,C-1184
E-0002940,2024-01-04,Electronics,Brand Beta,Lahore,3,186.93,2,love it,True,C-94
E-0002941,2023-08-25,Electronics,Brand Gamma,London,4,170.74,1,love it,True,C-764
E-0002942,2024-08-30,Books,Brand Alpha,Lahore,2,108.23,3,informative,True,C-1207
E-0002943,2023-11-12,Beauty,Brand Delta,Dubai,4,37.5,3,skin felt great,True,C-323
E-0002944,2023-09-25,Home,Brand Gamma,New York,5,305.1,2,assembly was hard,True,C-810
E-0002945,2024-03-23,Electronics,Brand Gamma,Karachi,4,133.24,4,love it,True,C-265
E-0002946,2024-05-12,Home,Brand Beta,London,2,17.69,2,assembly was hard,True,C-749
E-0002947,2024-08-24,Clothing,Brand Gamma,Islamabad,2,135.01,1,comfortable and stylish,True,C-461
E-0002948,2024-11-05,Home,Brand Beta,New York,5,241.99,2,looks premium,False,C-775
E-0002949,2024-09-30,Home,Brand Delta,New York,5,387.39,2,assembly was hard,True,C-351
E-0002950,2023-09-04,Beauty,Brand Beta,London,4,75.45,1,skin felt great,True,C-1031
E-0002951,2023-11-08,Books,Brand Alpha,Lahore,3,217.99,2,boring content,True,C-911
E-0002952,2023-06-20,Electronics,Brand Delta,Islamabad,1,76.13,2,disappointed with durability,True,C-582
E-0002953,2023-10-26,Sports,Brand Gamma,Dubai,4,349.48,2,broke after week,True,C-1198
E-0002954,2024-09-24,Home,Brand Delta,London,3,257.06,2,would buy again,True,C-1382
E-0002955,2023-12-20,Sports,Brand Alpha,Islamabad,3,72.51,3,great for training,False,C-1082
E-0002956,2024-01-25,Sports,Brand Gamma,Islamabad,4,135.41,1,good grip,True,C-147
E-0002957,2023-10-16,Sports,Brand Beta,Dubai,4,159.8,1,broke after week,True,C-1389
E-0002958,2024-11-20,Home,Brand Beta,London,3,220.44,3,assembly was hard,True,C-54
E-0002959,2024-04-05,Beauty,Brand Alpha,Islamabad,3,280.62,1,skin felt great,True,C-40
E-0002960,2024-07-31,Sports,Brand Beta,Lahore,2,26.76,7,broke after week,True,C-230
E-0002961,2024-07-24,Electronics,Brand Alpha,Islamabad,4,218.18,2,excellent quality,False,C-893
E-0002962,2023-12-09,Beauty,Brand Beta,New York,3,153.29,1,skin felt great,False,C-635
E-0002963,2025-01-18,Beauty,Brand Beta,New York,1,68.56,1,skin felt great,False,C-991
E-0002964,2023-08-27,Books,Brand Gamma,Karachi,2,220.7,1,informative,True,C-275
E-0002965,2024-11-06,Beauty,Brand Alpha,New York,2,302.0,2,nice scent,True,C-291
E-0002966,2024-01-12,Sports,Brand Gamma,Lahore,3,258.99,1,broke after week,True,C-885
E-0002967,2023-07-05,Sports,Brand Beta,New York,1,160.29,3,good grip,True,C-475
E-0002968,2024-12-29,Clothing,Brand Delta,Karachi,4,339.41,3,nice fabric,True,C-745
E-0002969,2023-12-23,Home,Brand Gamma,Islamabad,3,102.6,1,very useful,True,C-949
E-0002970,2024-05-14,Books,Brand Alpha,Karachi,2,113.44,1,informative,True,C-1490
E-0002971,2024-01-14,Sports,Brand Delta,New York,3,,2,good grip,True,C-1450
E-0002972,2024-12-10,Books,Brand Beta,Lahore,2,128.73,1,print quality good,False,C-1398
E-0002973,2023-12-08,Beauty,Brand Beta,New York,5,346.77,1,skin felt great,True,C-145
E-0002974,2024-09-13,Electronics,Brand Gamma,Karachi,4,125.18,1,poor build,True,C-862
E-0002975,2023-08-26,Home,Brand Delta,Islamabad,4,380.58,3,very useful,True,C-1433
E-0002976,2024-09-11,Books,Brand Gamma,London,3,151.35,4,print quality good,True,C-1318
E-0002977,2023-07-22,Books,Brand Alpha,New York,3,295.24,3,well written,True,C-271
E-0002978,2023-10-03,Clothing,Brand Beta,Islamabad,2,326.08,3,comfortable and stylish,True,C-967
E-0002979,2025-01-03,Books,Brand Delta,London,3,160.19,1,boring content,True,C-1251
E-0002980,2024-04-13,Clothing,Brand Gamma,Lahore,5,222.58,4,great value,True,C-311
E-0002981,2024-12-16,Clothing,Brand Gamma,Islamabad,4,356.69,1,seams came apart,True,C-43
E-0002982,2024-04-01,Books,Brand Gamma,Islamabad,4,196.06,2,print quality good,True,C-577
E-0002983,2024-06-29,Clothing,Brand Gamma,New York,5,235.65,2,nice fabric,True,C-287
E-0002984,2023-07-21,Electronics,Brand Alpha,London,5,51.3,1,excellent quality,True,C-341
E-0002985,2024-11-13,Clothing,Brand Beta,Lahore,4,269.4,3,color faded after wash,True,C-311
E-0002986,2024-07-10,Books,Brand Alpha,Dubai,2,150.53,5,boring content,True,C-1429
E-0002987,2024-08-04,Home,Brand Gamma,London,5,110.61,2,looks premium,True,C-86
E-0002988,2023-06-03,Books,Brand Alpha,Islamabad,2,226.49,2,well written,False,C-138
E-0002989,2024-10-30,Beauty,Brand Beta,Islamabad,4,68.42,3,recommend,True,C-1267
E-0002990,2024-01-13,Home,Brand Gamma,New York,4,279.99,1,very useful,True,C-605
E-0002991,2024-02-28,Beauty,Brand Gamma,London,3,21.01,2,too expensive,True,C-47
E-0002992,2025-01-13,Books,Brand Delta,Karachi,4,139.1,2,informative,True,C-221
E-0002993,2025-01-06,Sports,Brand Delta,Dubai,4,68.41,2,poor durability,False,C-615
E-0002994,2024-02-25,Beauty,Brand Delta,Lahore,5,132.27,3,nice scent,True,C-660
E-0002995,2024-06-05,Electronics,Brand Gamma,London,4,112.45,2,disappointed with durability,True,C-650
E-0002996,2024-12-07,Electronics,Brand Beta,London,4,327.15,1,excellent quality,True,C-6
E-0002997,2024-02-01,Books,Brand Alpha,New York,2,20.79,1,well written,True,C-599
E-0002998,2023-09-14,Clothing,Brand Delta,Islamabad,4,183.43,2,too small,False,C-192
E-0002999,2024-07-15,Books,Brand Gamma,New York,4,169.89,2,informative,True,C-1436
E-0003000,2024-09-21,Clothing,Brand Gamma,Lahore,3,57.84,2,comfortable and stylish,True,C-1271
E-0003001,2024-10-23,Books,Brand Delta,Islamabad,5,351.49,3,print quality good,True,C-606
E-0003002,2024-06-08,Home,Brand Beta,Lahore,5,129.29,2,looks premium,True,C-750
E-0003003,2024-07-12,Clothing,Brand Delta,Lahore,2,241.28,2,great value,True,C-1203
E-0003004,2024-04-04,Electronics,Brand Gamma,New York,2,303.35,3,average at best,True,C-674
E-0003005,2023-10-31,Home,Brand Delta,Lahore,4,188.83,1,assembly was hard,True,C-456
E-0003006,2023-12-30,Home,Brand Beta,Dubai,3,328.25,3,looks premium,True,C-805
E-0003007,2023-06-11,Books,Brand Delta,New York,4,150.73,1,well written,True,C-748
E-0003008,2024-11-03,Sports,Brand Delta,Karachi,4,,1,broke after week,True,C-453
E-0003009,2023-11-14,Home,Brand Alpha,Lahore,4,227.35,1,assembly was hard,True,C-408
E-0003010,2024-04-22,Sports,Brand Delta,Karachi,4,221.38,1,broke after week,True,C-1467
E-0003011,2024-11-11,Sports,Brand Alpha,London,5,47.23,1,good grip,True,C-876
E-0003012,2024-04-15,Books,Brand Delta,Islamabad,3,383.73,1,print quality good,False,C-1213
E-0003013,2024-07-22,Electronics,Brand Beta,Islamabad,3,353.16,1,average at best,True,C-907
E-0003014,2024-12-22,Home,Brand Delta,New York,4,117.65,4,cheap materials,True,C-964
E-0003015,2024-11-07,Electronics,Brand Delta,Karachi,4,58.3,1,average at best,True,C-637
E-0003016,2024-01-02,Sports,Brand Alpha,New York,3,340.89,4,broke after week,True,C-1485
E-0003017,2023-07-31,Home,Brand Gamma,Islamabad,3,236.11,1,,True,C-309
E-0003018,2023-07-21,Sports,Brand Beta,New York,5,178.24,2,great for training,True,C-961
E-0003019,2024-10-19,Home,Brand Gamma,Dubai,5,107.13,1,assembly was hard,True,C-453
E-0003020,2023-07-14,Beauty,Brand Gamma,Lahore,2,36.05,2,recommend,True,C-195
E-0003021,2024-03-27,Clothing,Brand Gamma,Lahore,4,336.28,2,,True,C-821
E-0003022,2024-07-12,Clothing,Brand Beta,Lahore,4,332.81,2,color faded after wash,True,C-539
E-0003023,2024-02-12,Sports,Brand Beta,Karachi,1,112.4,2,poor durability,False,C-865
E-0003024,2023-08-17,Books,Brand Beta,Islamabad,5,396.63,1,well written,True,C-1475
E-0003025,2024-09-07,Electronics,Brand Alpha,London,2,256.38,2,love it,False,C-738
E-0003026,2024-02-04,Home,Brand Beta,Dubai,4,171.79,3,would buy again,False,C-766
E-0003027,2023-10-25,Home,Brand Alpha,Dubai,3,68.7,1,cheap materials,True,C-1444
E-0003028,2024-04-21,Clothing,Brand Delta,London,2,388.41,3,seams came apart,True,C-290
E-0003029,2023-06-01,Sports,Brand Alpha,Dubai,3,174.15,3,great for training,False,C-1493
E-0003030,2023-11-05,Beauty,Brand Alpha,New York,3,122.59,3,nice scent,True,C-1089
E-0003031,2023-10-16,Clothing,Brand Gamma,Lahore,3,139.88,1,seams came apart,True,C-795
E-0003032,2024-08-19,Books,Brand Beta,Karachi,1,319.42,2,informative,False,C-370
E-0003033,2024-03-07,Clothing,Brand Alpha,Islamabad,3,73.51,2,too small,True,C-15
E-0003034,2023-12-29,Electronics,Brand Gamma,New York,5,248.03,1,battery dies fast,True,C-702
E-0003035,2024-07-14,Sports,Brand Gamma,New York,2,122.69,4,great for training,True,C-1080
E-0003036,2023-07-23,Home,Brand Alpha,London,5,203.49,3,looks premium,True,C-636
E-0003037,2024-11-19,Electronics,Brand Gamma,Karachi,5,137.61,1,disappointed with durability,True,C-728
E-0003038,2025-01-14,Sports,Brand Gamma,Lahore,3,267.37,5,good grip,False,C-1
E-0003039,2023-08-25,Electronics,Brand Gamma,Islamabad,5,346.41,2,average at best,True,C-319
E-0003040,2023-11-15,Home,Brand Gamma,Dubai,5,239.34,2,assembly was hard,True,C-77
E-0003041,2023-12-03,Clothing,Brand Gamma,Karachi,2,33.76,3,comfortable and stylish,False,C-630
E-0003042,2024-01-04,Electronics,Brand Gamma,Dubai,4,371.55,1,poor build,True,C-937
E-0003043,2024-01-20,Sports,Brand Gamma,Islamabad,5,241.3,1,,True,C-594
E-0003044,2024-02-20,Books,Brand Gamma,Karachi,4,250.02,1,well written,True,C-33
E-0003045,2023-11-13,Clothing,Brand Gamma,London,1,15.61,1,fits perfectly,True,C-1447
E-0003046,2024-03-29,Sports,Brand Gamma,Islamabad,4,399.63,8,broke after week,True,C-737
E-0003047,2024-12-19,Books,Brand Alpha,Karachi,2,76.5,1,well written,True,C-18
E-0003048,2024-05-10,Clothing,Brand Beta,Dubai,2,83.28,1,fits perfectly,True,C-1379
E-0003049,2024-12-04,Books,Brand Alpha,London,3,44.32,2,informative,False,C-1379
E-0003050,2023-09-08,Electronics,Brand Beta,Lahore,3,362.07,2,poor build,True,C-695
E-0003051,2023-07-25,Home,Brand Delta,New York,4,85.07,4,would buy again,True,C-1000
E-0003052,2024-06-09,Clothing,Brand Delta,New York,4,332.94,1,color faded after wash,True,C-188
E-0003053,2023-07-29,Beauty,Brand Alpha,New York,3,276.06,4,caused irritation,True,C-319
E-0003054,2023-07-05,Sports,Brand Delta,Dubai,4,368.48,2,great for training,True,C-1163
E-0003055,2024-01-10,Electronics,Brand Alpha,Islamabad,4,102.6,3,average at best,True,C-1411
E-0003056,2025-01-18,Electronics,Brand Gamma,New York,2,379.55,1,battery dies fast,False,C-979
E-0003057,2024-06-15,Electronics,Brand Delta,Dubai,5,195.24,1,battery dies fast,True,C-1152
E-0003058,2023-10-03,Electronics,Brand Gamma,Islamabad,3,11.59,2,battery dies fast,True,C-329
E-0003059,2023-12-29,Clothing,Brand Gamma,New York,4,102.76,2,seams came apart,True,C-870
E-0003060,2024-07-25,Clothing,Brand Alpha,London,3,357.58,2,fits perfectly,True,C-1013
E-0003061,2023-08-05,Beauty,Brand Alpha,Islamabad,1,202.29,1,,False,C-643
E-0003062,2024-08-19,Books,Brand Beta,Karachi,2,321.35,2,fast delivery,True,C-974
E-0003063,2024-07-19,Books,Brand Alpha,Lahore,3,96.34,3,boring content,True,C-1167
E-0003064,2023-11-03,Beauty,Brand Alpha,Lahore,3,172.9,1,too expensive,True,C-993
E-0003065,2023-09-29,Clothing,Brand Gamma,New York,3,204.83,2,nice fabric,True,C-1392
E-0003066,2023-09-27,Beauty,Brand Alpha,New York,5,89.28,2,nice scent,False,C-981
E-0003067,2024-10-11,Sports,Brand Beta,Dubai,3,282.62,2,poor durability,True,C-686
E-0003068,2024-12-28,Clothing,Brand Beta,Karachi,4,381.89,1,great value,True,C-1197
E-0003069,2023-08-25,Electronics,Brand Delta,Karachi,4,159.13,1,poor build,True,C-431
E-0003070,2024-11-24,Sports,Brand Gamma,Dubai,2,385.03,1,great for training,False,C-770
E-0003071,2024-09-17,Books,Brand Delta,Lahore,5,290.73,1,well written,True,C-1395
E-0003072,2024-05-12,Clothing,Brand Gamma,Lahore,1,295.65,1,fits perfectly,True,C-1380
E-0003073,2023-09-22,Sports,Brand Delta,Dubai,4,41.51,1,good grip,True,C-773
E-0003074,2024-02-23,Home,Brand Beta,Dubai,3,159.82,3,looks premium,True,C-12
E-0003075,2023-07-14,Clothing,Brand Delta,New York,4,129.13,3,color faded after wash,True,C-1424
E-0003076,2024-03-09,Sports,Brand Delta,Dubai,5,312.81,1,poor durability,True,C-220
E-0003077,2024-10-24,Beauty,Brand Gamma,Dubai,4,282.57,2,nice scent,True,C-781
E-0003078,2023-11-15,Electronics,Brand Delta,New York,2,58.68,3,excellent quality,False,C-720
E-0003079,2024-10-08,Beauty,Brand Beta,New York,5,379.25,2,caused irritation,False,C-888
E-0003080,2024-10-06,Electronics,Brand Beta,Lahore,2,141.49,2,,True,C-1239
E-0003081,2023-08-17,Electronics,Brand Beta,Islamabad,4,38.88,1,highly recommend,True,C-1169
E-0003082,2023-12-17,Clothing,Brand Delta,Islamabad,3,361.87,1,great value,True,C-70
E-0003083,2024-07-03,Home,Brand Alpha,Islamabad,3,81.39,2,assembly was hard,True,C-1117
E-0003084,2024-08-28,Clothing,Brand Alpha,Lahore,2,202.42,1,fits perfectly,True,C-582
E-0003085,2023-12-30,Electronics,Brand Delta,Islamabad,3,226.21,3,love it,True,C-1061
E-0003086,2023-09-20,Electronics,Brand Gamma,Lahore,4,104.35,2,excellent quality,True,C-132
E-0003087,2023-07-02,Home,Brand Gamma,London,4,,2,very useful,True,C-1172
E-0003088,2023-10-10,Home,Brand Beta,Karachi,2,91.18,1,cheap materials,True,C-439
E-0003089,2024-01-23,Electronics,Brand Beta,Islamabad,2,116.42,3,poor build,True,C-741
E-0003090,2023-09-18,Electronics,Brand Beta,New York,3,131.16,2,poor build,False,C-1481
E-0003091,2025-01-04,Electronics,Brand Delta,Lahore,3,332.58,1,average at best,True,C-829
E-0003092,2024-09-28,Beauty,Brand Beta,Karachi,3,128.22,1,caused irritation,True,C-1473
E-0003093,2024-06-21,Beauty,Brand Alpha,Islamabad,3,133.01,1,nice scent,True,C-91
E-0003094,2024-03-04,Beauty,Brand Alpha,Dubai,4,95.01,3,too expensive,True,C-919
E-0003095,2024-08-02,Electronics,Brand Delta,New York,5,310.07,1,love it,True,C-863
E-0003096,2024-07-07,Beauty,Brand Delta,Lahore,3,115.55,3,nice scent,True,C-1268
E-0003097,2025-01-09,Books,Brand Beta,New York,1,211.43,2,boring content,True,C-242
E-0003098,2023-07-31,Books,Brand Gamma,London,3,136.38,1,fast delivery,True,C-399
E-0003099,2024-10-31,Sports,Brand Alpha,Karachi,3,170.93,2,broke after week,True,C-1116
E-0003100,2023-11-05,Home,Brand Beta,New York,1,,1,cheap materials,True,C-320
E-0003101,2024-08-11,Home,Brand Gamma,London,2,279.07,3,very useful,False,C-1478
E-0003102,2023-06-19,Beauty,Brand Alpha,Lahore,2,27.59,3,caused irritation,True,C-446
E-0003103,2024-11-11,Clothing,Brand Delta,Lahore,2,215.01,6,color faded after wash,True,C-1244
E-0003104,2023-08-18,Beauty,Brand Gamma,New York,3,354.1,2,nice scent,True,C-1023
E-0003105,2024-12-01,Clothing,Brand Alpha,Islamabad,3,328.89,2,too small,True,C-947
E-0003106,2023-09-24,Home,Brand Alpha,London,4,343.78,2,looks premium,True,C-1054
E-0003107,2024-03-10,Clothing,Brand Gamma,Karachi,4,158.02,2,too small,True,C-746
E-0003108,2024-04-12,Beauty,Brand Delta,Islamabad,2,18.02,2,skin felt great,True,C-1003
E-0003109,2023-06-04,Beauty,Brand Gamma,Lahore,2,106.29,1,too expensive,True,C-938
E-0003110,2024-07-03,Home,Brand Delta,Dubai,2,84.28,3,assembly was hard,True,C-879
E-0003111,2024-10-31,Electronics,Brand Delta,New York,4,195.24,2,battery dies fast,True,C-997
E-0003112,2024-07-15,Books,Brand Gamma,Lahore,3,129.44,4,print quality good,True,C-1284
E-0003113,2023-06-01,Clothing,Brand Beta,Karachi,4,356.79,2,comfortable and stylish,True,C-487
E-0003114,2023-12-19,Books,Brand Alpha,Islamabad,4,355.63,1,informative,True,C-1474
E-0003115,2024-03-13,Electronics,Brand Delta,Lahore,3,332.72,2,disappointed with durability,True,C-364
E-0003116,2024-02-10,Books,Brand Beta,Karachi,5,204.81,3,fast delivery,False,C-489
E-0003117,2023-07-04,Books,Brand Delta,London,1,217.91,2,informative,False,C-85
E-0003118,2023-12-04,Beauty,Brand Beta,Lahore,3,351.83,3,skin felt great,True,C-781
E-0003119,2024-08-09,Home,Brand Delta,New York,4,58.4,2,assembly was hard,True,C-1261
E-0003120,2024-10-16,Clothing,Brand Gamma,Dubai,2,226.83,2,,True,C-1224
E-0003121,2023-10-20,Home,Brand Delta,Karachi,4,34.64,2,very useful,True,C-1154
E-0003122,2024-02-12,Home,Brand Gamma,Islamabad,3,377.17,1,looks premium,True,C-1332
E-0003123,2024-10-04,Home,Brand Delta,Lahore,5,115.43,4,cheap materials,True,C-670
E-0003124,2024-06-02,Electronics,Brand Alpha,Islamabad,5,274.54,2,battery dies fast,True,C-616
E-0003125,2024-04-25,Clothing,Brand Alpha,London,4,138.24,3,great value,True,C-1227
E-0003126,2023-08-11,Beauty,Brand Gamma,London,3,154.78,1,caused irritation,True,C-1389
E-0003127,2024-10-04,Beauty,Brand Delta,London,1,184.56,4,nice scent,True,C-400
E-0003128,2024-11-02,Electronics,Brand Beta,New York,5,64.73,5,excellent quality,True,C-757
E-0003129,2024-09-13,Electronics,Brand Alpha,Lahore,3,129.51,2,works great,False,C-1011
E-0003130,2024-02-13,Sports,Brand Alpha,New York,3,62.18,1,broke after week,True,C-1200
E-0003131,2023-10-26,Books,Brand Gamma,Dubai,3,111.94,1,well written,True,C-1318
E-0003132,2024-07-02,Sports,Brand Delta,Lahore,3,283.92,3,broke after week,False,C-215
E-0003133,2023-08-22,Books,Brand Delta,Karachi,3,137.51,1,print quality good,True,C-574
E-0003134,2023-07-02,Beauty,Brand Alpha,Lahore,5,331.83,2,caused irritation,True,C-471
E-0003135,2023-08-31,Sports,Brand Alpha,Islamabad,3,115.19,1,great for training,True,C-10
E-0003136,2024-12-22,Home,Brand Beta,New York,3,377.31,3,looks premium,True,C-636
E-0003137,2024-03-08,Beauty,Brand Gamma,Lahore,2,230.35,1,caused irritation,True,C-44
E-0003138,2024-05-27,Home,Brand Alpha,Karachi,2,180.32,1,cheap materials,False,C-1075
E-0003139,2023-08-19,Electronics,Brand Delta,Karachi,3,54.03,4,highly recommend,True,C-156
E-0003140,2024-01-31,Sports,Brand Gamma,Karachi,3,326.27,1,good grip,True,C-1324
E-0003141,2023-10-27,Sports,Brand Alpha,Karachi,3,127.68,2,poor durability,False,C-458
E-0003142,2024-11-22,Beauty,Brand Delta,London,4,216.17,4,nice scent,False,C-1360
E-0003143,2024-12-04,Sports,Brand Gamma,Lahore,3,37.58,1,poor durability,False,C-791
E-0003144,2024-10-20,Clothing,Brand Gamma,New York,2,337.97,3,too small,True,C-999
E-0003145,2023-10-15,Clothing,Brand Gamma,Lahore,5,156.49,1,fits perfectly,False,C-799
E-0003146,2023-11-01,Electronics,Brand Beta,New York,3,394.83,2,poor build,True,C-800
E-0003147,2024-08-22,Beauty,Brand Beta,Lahore,5,394.35,2,caused irritation,True,C-916
E-0003148,2024-01-15,Beauty,Brand Delta,Dubai,2,11.81,1,skin felt great,True,C-1489
E-0003149,2024-09-01,Books,Brand Alpha,Lahore,5,210.4,3,well written,True,C-502
E-0003150,2024-02-08,Sports,Brand Gamma,Karachi,2,54.42,4,broke after week,False,C-743
E-0003151,2024-11-03,Home,Brand Alpha,Dubai,4,265.41,1,would buy again,True,C-860
E-0003152,2024-10-20,Sports,Brand Beta,Islamabad,5,169.64,1,broke after week,False,C-592
E-0003153,2024-09-17,Clothing,Brand Alpha,Karachi,3,35.97,2,seams came apart,True,C-751
E-0003154,2023-11-13,Clothing,Brand Delta,Dubai,4,26.56,1,great value,True,C-701
E-0003155,2024-09-04,Clothing,Brand Beta,London,4,102.02,2,comfortable and stylish,False,C-315
E-0003156,2024-10-29,Electronics,Brand Gamma,Karachi,4,18.0,2,works great,False,C-844
E-0003157,2023-07-29,Books,Brand Alpha,Karachi,4,311.81,1,well written,True,C-420
E-0003158,2024-05-19,Electronics,Brand Alpha,Dubai,3,39.48,1,excellent quality,True,C-1366
E-0003159,2023-06-05,Home,Brand Alpha,Karachi,3,164.68,3,very useful,True,C-125
E-0003160,2024-01-12,Electronics,Brand Alpha,Lahore,3,324.71,3,works great,True,C-375
E-0003161,2024-04-30,Electronics,Brand Beta,New York,3,168.94,5,works great,True,C-164
E-0003162,2023-11-23,Books,Brand Gamma,Dubai,2,363.76,3,well written,True,C-1146
E-0003163,2024-05-17,Clothing,Brand Beta,Karachi,3,155.23,1,great value,True,C-1041
E-0003164,2024-09-04,Beauty,Brand Delta,Dubai,3,103.9,1,caused irritation,True,C-1316
E-0003165,2023-11-16,Clothing,Brand Alpha,Islamabad,5,340.67,4,seams came apart,True,C-1138
E-0003166,2024-08-09,Electronics,Brand Delta,Dubai,3,364.52,1,highly recommend,True,C-614
E-0003167,2024-06-19,Books,Brand Beta,New York,2,135.86,2,well written,True,C-277
E-0003168,2023-11-10,Sports,Brand Gamma,New York,3,357.56,3,broke after week,False,C-783
E-0003169,2024-04-25,Books,Brand Alpha,Islamabad,1,347.26,1,fast delivery,True,C-1023
E-0003170,2024-01-27,Home,Brand Alpha,Lahore,4,37.71,1,would buy again,True,C-449
E-0003171,2024-08-09,Clothing,Brand Gamma,Islamabad,3,26.21,4,nice fabric,True,C-514
E-0003172,2024-02-04,Electronics,Brand Gamma,Dubai,3,207.11,2,works great,False,C-255
E-0003173,2023-08-24,Electronics,Brand Beta,Islamabad,3,124.69,1,average at best,True,C-1086
E-0003174,2024-06-27,Books,Brand Beta,Dubai,4,202.02,1,boring content,True,C-1316
E-0003175,2023-09-14,Books,Brand Gamma,Lahore,3,268.18,2,well written,True,C-1026
E-0003176,2023-06-18,Electronics,Brand Gamma,London,3,282.57,1,average at best,False,C-916
E-0003177,2024-03-23,Electronics,Brand Gamma,London,1,310.98,3,poor build,True,C-1500
E-0003178,2024-03-16,Books,Brand Gamma,Islamabad,2,145.64,2,fast delivery,True,C-1312
E-0003179,2023-10-29,Books,Brand Delta,Lahore,4,252.63,1,well written,True,C-1345
E-0003180,2023-11-06,Clothing,Brand Beta,Islamabad,3,125.9,2,too small,False,C-380
E-0003181,2023-09-25,Clothing,Brand Gamma,New York,2,193.64,1,comfortable and stylish,True,C-8
E-0003182,2024-09-24,Sports,Brand Alpha,Karachi,5,277.41,2,broke after week,True,C-732
E-0003183,2023-11-09,Clothing,Brand Beta,London,3,136.52,1,fits perfectly,True,C-1442
E-0003184,2024-06-03,Electronics,Brand Gamma,Islamabad,4,354.01,1,love it,True,C-1179
E-0003185,2024-02-08,Beauty,Brand Alpha,Dubai,3,39.71,3,nice scent,True,C-576
E-0003186,2023-06-13,Clothing,Brand Alpha,Islamabad,4,274.4,3,fits perfectly,True,C-379
E-0003187,2024-07-22,Electronics,Brand Delta,Lahore,4,74.97,1,excellent quality,True,C-99
E-0003188,2024-07-31,Books,Brand Alpha,Lahore,1,85.55,3,fast delivery,False,C-1110
E-0003189,2024-07-11,Clothing,Brand Beta,Dubai,5,215.34,1,seams came apart,False,C-107
E-0003190,2024-02-08,Beauty,Brand Alpha,New York,3,225.25,1,skin felt great,True,C-666
E-0003191,2023-09-09,Home,Brand Gamma,London,4,187.14,2,cheap materials,True,C-1477
E-0003192,2024-04-07,Clothing,Brand Gamma,Dubai,4,312.44,1,color faded after wash,True,C-538
E-0003193,2024-08-04,Electronics,Brand Beta,Karachi,3,334.72,2,average at best,True,C-1233
E-0003194,2024-04-28,Clothing,Brand Beta,London,4,50.41,2,too small,False,C-739
E-0003195,2024-12-22,Electronics,Brand Gamma,Lahore,4,240.26,2,excellent quality,True,C-390
E-0003196,2024-12-26,Beauty,Brand Gamma,New York,4,67.01,2,nice scent,True,C-1319
E-0003197,2024-11-22,Beauty,Brand Alpha,New York,2,307.04,2,skin felt great,True,C-770
E-0003198,2024-08-28,Sports,Brand Beta,London,3,313.99,4,poor durability,True,C-403
E-0003199,2024-01-07,Home,Brand Beta,New York,3,144.01,5,would buy again,True,C-65
E-0003200,2023-06-11,Electronics,Brand Gamma,Dubai,4,246.16,2,love it,True,C-1200
E-0003201,2024-07-03,Books,Brand Alpha,Islamabad,4,45.37,2,informative,False,C-157
E-0003202,2023-07-22,Beauty,Brand Alpha,Dubai,4,143.66,2,nice scent,True,C-1130
E-0003203,2024-07-30,Sports,Brand Beta,New York,3,398.15,1,poor durability,True,C-1428
E-0003204,2023-10-15,Clothing,Brand Alpha,Islamabad,4,321.8,2,color faded after wash,False,C-1188
E-0003205,2023-12-30,Electronics,Brand Beta,Lahore,4,326.33,3,love it,True,C-850
E-0003206,2024-09-26,Books,Brand Alpha,London,2,121.58,3,boring content,False,C-1404
E-0003207,2024-12-14,Clothing,Brand Delta,London,5,26.4,2,great value,False,C-1124
E-0003208,2023-12-12,Books,Brand Alpha,Lahore,3,159.37,1,print quality good,False,C-1382
E-0003209,2024-04-22,Sports,Brand Delta,Dubai,2,391.18,1,poor durability,True,C-868
E-0003210,2024-03-18,Home,Brand Beta,Islamabad,5,346.14,1,cheap materials,False,C-18
E-0003211,2024-12-06,Home,Brand Alpha,Lahore,4,206.87,3,assembly was hard,True,C-1080
E-0003212,2024-11-29,Beauty,Brand Beta,London,5,221.27,2,too expensive,True,C-860
E-0003213,2024-09-24,Clothing,Brand Alpha,Dubai,3,332.11,5,color faded after wash,False,C-1263
E-0003214,2024-07-06,Electronics,Brand Beta,New York,4,246.42,3,highly recommend,True,C-1175
E-0003215,2025-01-07,Beauty,Brand Gamma,London,3,227.5,1,too expensive,False,C-835
E-0003216,2024-10-20,Sports,Brand Beta,London,3,367.3,1,broke after week,True,C-722
E-0003217,2024-06-06,Electronics,Brand Delta,Dubai,1,25.86,2,excellent quality,True,C-486
E-0003218,2024-08-22,Home,Brand Delta,Islamabad,4,92.49,2,assembly was hard,True,C-837
E-0003219,2024-06-26,Books,Brand Gamma,New York,4,189.88,4,,True,C-1222
E-0003220,2024-10-30,Clothing,Brand Beta,Lahore,3,283.33,2,seams came apart,True,C-360
E-0003221,2023-12-03,Sports,Brand Delta,Karachi,4,224.82,2,great for training,True,C-20
E-0003222,2024-10-28,Home,Brand Beta,Lahore,3,256.58,1,would buy again,True,C-1277
E-0003223,2024-01-14,Electronics,Brand Gamma,London,3,259.53,1,highly recommend,True,C-327
E-0003224,2024-03-16,Electronics,Brand Delta,New York,3,310.43,2,poor build,True,C-845
E-0003225,2023-12-05,Books,Brand Gamma,Dubai,4,69.0,3,fast delivery,False,C-1176
E-0003226,2024-11-07,Sports,Brand Gamma,Islamabad,3,320.45,1,good grip,True,C-270
E-0003227,2024-08-19,Clothing,Brand Gamma,New York,3,104.97,1,fits perfectly,True,C-984
E-0003228,2024-02-09,Beauty,Brand Beta,Islamabad,2,395.51,2,recommend,True,C-439
E-0003229,2023-12-31,Home,Brand Delta,London,3,188.9,3,looks premium,True,C-637
E-0003230,2024-08-12,Books,Brand Delta,Islamabad,3,181.38,1,well written,True,C-400
E-0003231,2024-12-30,Books,Brand Alpha,Lahore,1,44.14,3,boring content,False,C-515
E-0003232,2024-10-12,Books,Brand Delta,Dubai,4,326.07,3,informative,True,C-219
E-0003233,2024-08-31,Sports,Brand Gamma,Karachi,2,65.69,1,great for training,True,C-77
E-0003234,2023-12-13,Home,Brand Delta,London,2,204.84,2,cheap materials,True,C-219
E-0003235,2023-06-23,Books,Brand Alpha,Islamabad,3,105.64,3,informative,True,C-621
E-0003236,2023-06-29,Sports,Brand Beta,Dubai,5,165.23,2,great for training,True,C-549
E-0003237,2023-10-04,Electronics,Brand Alpha,Dubai,2,65.05,2,disappointed with durability,True,C-650
E-0003238,2023-07-02,Electronics,Brand Beta,Dubai,5,326.86,1,excellent quality,True,C-1084
E-0003239,2024-07-05,Books,Brand Beta,London,4,19.72,2,boring content,True,C-1408
E-0003240,2024-07-20,Beauty,Brand Gamma,Dubai,2,177.36,2,too expensive,True,C-353
E-0003241,2023-08-26,Beauty,Brand Gamma,New York,3,265.66,1,recommend,False,C-927
E-0003242,2025-01-06,Books,Brand Delta,London,2,122.1,1,print quality good,True,C-592
E-0003243,2024-02-28,Home,Brand Beta,Islamabad,5,27.57,2,would buy again,True,C-131
E-0003244,2023-07-26,Beauty,Brand Beta,Karachi,4,22.84,3,recommend,False,C-764
E-0003245,2024-07-05,Home,Brand Gamma,Dubai,3,389.5,1,cheap materials,True,C-155
E-0003246,2024-10-30,Sports,Brand Delta,Dubai,4,92.58,2,broke after week,True,C-1311
E-0003247,2024-02-28,Sports,Brand Gamma,New York,2,277.93,2,poor durability,True,C-649
E-0003248,2024-06-23,Books,Brand Gamma,New York,4,347.83,3,print quality good,True,C-725
E-0003249,2024-11-05,Beauty,Brand Gamma,Dubai,3,359.11,2,skin felt great,True,C-1372
E-0003250,2023-12-10,Sports,Brand Beta,Lahore,3,88.58,1,poor durability,True,C-1096
E-0003251,2024-12-12,Home,Brand Gamma,Lahore,5,35.48,3,would buy again,True,C-308
E-0003252,2024-02-27,Sports,Brand Gamma,Dubai,3,319.19,2,great for training,True,C-597
E-0003253,2023-06-26,Electronics,Brand Beta,New York,4,257.42,3,average at best,True,C-90
E-0003254,2024-12-15,Sports,Brand Gamma,London,5,292.14,2,good grip,True,C-870
E-0003255,2025-01-02,Clothing,Brand Beta,Karachi,4,382.71,1,comfortable and stylish,True,C-1188
E-0003256,2024-03-03,Electronics,Brand Alpha,Islamabad,3,,2,poor build,False,C-1021
E-0003257,2024-12-07,Home,Brand Alpha,Lahore,2,,1,would buy again,True,C-1483
E-0003258,2025-01-12,Beauty,Brand Beta,Lahore,2,232.03,3,nice scent,True,C-215
E-0003259,2023-12-28,Clothing,Brand Alpha,Lahore,5,89.01,1,too small,True,C-275
E-0003260,2023-07-10,Home,Brand Delta,Karachi,5,329.67,1,cheap materials,False,C-99
E-0003261,2023-06-04,Clothing,Brand Gamma,Dubai,4,279.83,2,color faded after wash,True,C-656
E-0003262,2024-07-20,Home,Brand Delta,Dubai,3,239.9,1,very useful,False,C-1370
E-0003263,2023-09-01,Books,Brand Alpha,Karachi,2,264.17,2,,True,C-688
E-0003264,2024-03-20,Sports,Brand Delta,Dubai,5,304.91,1,poor durability,True,C-135
E-0003265,2024-12-07,Books,Brand Alpha,Islamabad,5,357.57,2,informative,True,C-562
E-0003266,2023-07-23,Clothing,Brand Gamma,London,2,65.55,1,nice fabric,True,C-320
E-0003267,2024-08-19,Electronics,Brand Alpha,Lahore,4,232.1,2,battery dies fast,True,C-1415
E-0003268,2024-04-14,Books,Brand Alpha,Karachi,4,336.93,1,well written,True,C-202
E-0003269,2024-01-04,Beauty,Brand Beta,Dubai,4,331.8,4,recommend,True,C-329
E-0003270,2023-11-27,Sports,Brand Gamma,Dubai,2,361.12,1,great for training,True,C-825
E-0003271,2024-12-06,Beauty,Brand Beta,Islamabad,3,15.59,3,recommend,True,C-839
E-0003272,2023-08-07,Clothing,Brand Delta,Dubai,5,107.76,3,nice fabric,True,C-1461
E-0003273,2024-08-05,Home,Brand Beta,Karachi,4,16.22,3,would buy again,True,C-115
E-0003274,2024-01-27,Beauty,Brand Alpha,Dubai,4,37.67,3,caused irritation,True,C-180
E-0003275,2024-02-28,Beauty,Brand Gamma,New York,4,390.39,3,nice scent,True,C-721
E-0003276,2024-02-07,Home,Brand Beta,Dubai,3,363.04,1,assembly was hard,True,C-71
E-0003277,2023-12-03,Beauty,Brand Alpha,Dubai,4,243.9,1,caused irritation,True,C-1306
E-0003278,2024-11-27,Clothing,Brand Beta,Karachi,2,353.38,1,nice fabric,True,C-929
E-0003279,2024-10-25,Books,Brand Delta,New York,2,343.14,1,boring content,True,C-1197
E-0003280,2025-01-17,Electronics,Brand Alpha,Lahore,3,41.99,1,battery dies fast,False,C-647
E-0003281,2025-01-10,Clothing,Brand Delta,Lahore,4,29.9,1,comfortable and stylish,True,C-1047
E-0003282,2023-12-04,Electronics,Brand Gamma,Islamabad,3,324.33,3,excellent quality,True,C-1035
E-0003283,2023-10-11,Books,Brand Beta,Dubai,3,393.05,2,print quality good,True,C-1344
E-0003284,2024-09-02,Clothing,Brand Beta,London,2,183.79,2,great value,True,C-1018
E-0003285,2024-03-07,Electronics,Brand Beta,Lahore,4,,4,average at best,True,C-815
E-0003286,2024-05-27,Clothing,Brand Gamma,London,4,293.47,3,color faded after wash,True,C-617
E-0003287,2023-06-08,Electronics,Brand Gamma,Karachi,4,,1,highly recommend,True,C-832
E-0003288,2024-04-10,Sports,Brand Beta,Islamabad,2,206.27,2,good grip,True,C-1154
E-0003289,2024-02-04,Books,Brand Delta,Karachi,4,177.38,1,boring content,True,C-1392
E-0003290,2024-04-11,Books,Brand Alpha,Dubai,3,376.59,2,fast delivery,True,C-1096
E-0003291,2024-06-25,Home,Brand Alpha,Karachi,1,318.61,1,very useful,False,C-707
E-0003292,2023-07-27,Books,Brand Delta,London,5,15.04,1,boring content,True,C-706
E-0003293,2024-08-01,Clothing,Brand Gamma,London,4,128.72,3,fits perfectly,True,C-689
E-0003294,2024-12-06,Electronics,Brand Alpha,New York,2,118.26,4,average at best,True,C-888
E-0003295,2024-11-15,Sports,Brand Alpha,Lahore,3,95.23,1,great for training,True,C-824
E-0003296,2025-01-07,Home,Brand Beta,Karachi,2,188.52,2,would buy again,True,C-431
E-0003297,2024-07-23,Home,Brand Delta,Islamabad,3,169.41,1,,False,C-170
E-0003298,2024-07-23,Electronics,Brand Beta,Karachi,4,375.34,1,love it,True,C-727
E-0003299,2023-08-05,Clothing,Brand Delta,New York,3,389.39,2,great value,True,C-1486
E-0003300,2024-02-25,Home,Brand Gamma,London,3,343.28,1,looks premium,True,C-385
E-0003301,2023-11-10,Clothing,Brand Beta,Karachi,3,153.92,2,too small,True,C-1330
E-0003302,2023-09-19,Beauty,Brand Gamma,Karachi,5,91.16,2,too expensive,True,C-978
E-0003303,2024-02-12,Beauty,Brand Alpha,Lahore,2,231.04,2,nice scent,True,C-452
E-0003304,2023-10-03,Sports,Brand Gamma,London,3,331.11,2,poor durability,True,C-582
E-0003305,2023-09-13,Electronics,Brand Delta,Dubai,4,142.17,4,works great,True,C-225
E-0003306,2023-06-03,Beauty,Brand Gamma,New York,2,272.85,1,too expensive,True,C-1185
E-0003307,2023-07-25,Electronics,Brand Alpha,London,4,364.57,1,disappointed with durability,True,C-1221
E-0003308,2023-12-10,Beauty,Brand Beta,Karachi,4,255.1,1,caused irritation,True,C-499
E-0003309,2023-06-04,Clothing,Brand Alpha,Karachi,4,353.29,4,color faded after wash,True,C-237
E-0003310,2023-09-02,Home,Brand Delta,Dubai,4,17.48,1,would buy again,True,C-1276
E-0003311,2023-06-15,Books,Brand Gamma,Dubai,3,151.74,2,fast delivery,True,C-997
E-0003312,2023-08-15,Home,Brand Beta,Dubai,3,338.91,2,looks premium,False,C-1318
E-0003313,2024-12-17,Beauty,Brand Beta,Karachi,3,166.38,1,caused irritation,True,C-385
E-0003314,2023-07-04,Clothing,Brand Beta,Islamabad,4,335.34,3,too small,True,C-491
E-0003315,2024-05-12,Electronics,Brand Beta,London,2,313.8,1,disappointed with durability,True,C-1324
E-0003316,2024-07-08,Electronics,Brand Delta,Lahore,3,344.34,1,poor build,True,C-1299
E-0003317,2024-08-27,Home,Brand Delta,Lahore,3,86.53,2,would buy again,False,C-1389
E-0003318,2024-03-02,Electronics,Brand Alpha,Dubai,2,380.62,2,average at best,True,C-454
E-0003319,2023-10-31,Books,Brand Delta,Karachi,4,379.54,2,informative,True,C-990
E-0003320,2023-10-12,Books,Brand Delta,Dubai,5,300.68,3,print quality good,True,C-473
E-0003321,2024-01-08,Beauty,Brand Alpha,New York,5,267.96,1,too expensive,True,C-1148
E-0003322,2024-12-03,Clothing,Brand Alpha,London,4,56.59,2,too small,True,C-621
E-0003323,2024-01-10,Sports,Brand Delta,Dubai,5,258.47,2,good grip,True,C-673
E-0003324,2023-10-31,Electronics,Brand Beta,Karachi,2,25.09,3,poor build,True,C-573
E-0003325,2024-06-02,Books,Brand Alpha,New York,2,167.39,1,well written,True,C-807
E-0003326,2023-07-01,Beauty,Brand Delta,Islamabad,3,17.62,5,recommend,True,C-937
E-0003327,2023-07-08,Beauty,Brand Alpha,Islamabad,5,282.38,1,nice scent,True,C-1478
E-0003328,2024-02-26,Electronics,Brand Delta,Lahore,4,98.08,5,excellent quality,True,C-413
E-0003329,2023-07-23,Sports,Brand Beta,New York,4,334.62,1,broke after week,True,C-1491
E-0003330,2023-12-21,Electronics,Brand Delta,Islamabad,4,24.92,1,love it,False,C-943
E-0003331,2024-10-02,Sports,Brand Gamma,Karachi,2,197.87,2,great for training,True,C-1281
E-0003332,2023-07-02,Home,Brand Alpha,Lahore,4,398.03,7,very useful,True,C-1004
E-0003333,2024-04-02,Sports,Brand Gamma,London,3,362.61,1,great for training,True,C-187
E-0003334,2024-12-09,Beauty,Brand Gamma,Dubai,3,270.74,2,caused irritation,True,C-808
E-0003335,2023-10-31,Sports,Brand Alpha,Islamabad,1,283.17,2,great for training,True,C-1081
E-0003336,2023-10-31,Books,Brand Gamma,Lahore,1,15.17,2,boring content,True,C-401
E-0003337,2024-03-25,Home,Brand Beta,Islamabad,3,136.17,3,looks premium,True,C-1425
E-0003338,2024-04-03,Home,Brand Alpha,Lahore,4,75.96,1,would buy again,True,C-618
E-0003339,2024-02-29,Books,Brand Beta,London,2,288.14,2,boring content,False,C-1074
E-0003340,2024-07-03,Home,Brand Alpha,London,3,78.7,2,looks premium,True,C-999
E-0003341,2024-10-01,Home,Brand Alpha,Lahore,1,169.49,2,assembly was hard,True,C-1187
E-0003342,2025-01-18,Electronics,Brand Delta,Karachi,1,183.77,2,battery dies fast,True,C-107
E-0003343,2024-03-31,Sports,Brand Gamma,Karachi,5,310.46,1,poor durability,True,C-387
E-0003344,2024-01-07,Sports,Brand Gamma,New York,4,378.71,3,great for training,True,C-1415
E-0003345,2024-02-18,Books,Brand Beta,London,5,130.95,2,informative,True,C-1300
E-0003346,2024-10-18,Home,Brand Gamma,Karachi,2,357.23,1,very useful,True,C-1053
E-0003347,2023-11-16,Beauty,Brand Alpha,Karachi,2,371.98,4,skin felt great,True,C-816
E-0003348,2024-08-25,Books,Brand Alpha,Lahore,1,294.91,4,boring content,True,C-1478
E-0003349,2025-01-19,Books,Brand Beta,New York,5,272.32,3,boring content,True,C-1022
E-0003350,2024-12-08,Home,Brand Beta,London,4,178.7,4,very useful,True,C-539
E-0003351,2023-12-01,Sports,Brand Beta,Islamabad,1,351.71,2,good grip,True,C-1016
E-0003352,2023-08-26,Home,Brand Gamma,New York,1,44.72,2,very useful,True,C-514
E-0003353,2024-05-08,Beauty,Brand Alpha,London,1,140.3,1,too expensive,True,C-583
E-0003354,2024-07-31,Books,Brand Delta,Dubai,3,223.97,1,boring content,True,C-1225
E-0003355,2024-09-09,Home,Brand Delta,Dubai,2,240.62,2,would buy again,True,C-101
E-0003356,2024-12-30,Home,Brand Gamma,London,4,242.11,3,very useful,True,C-1476
E-0003357,2024-03-07,Clothing,Brand Beta,Dubai,3,255.8,1,too small,True,C-512
E-0003358,2024-01-31,Electronics,Brand Gamma,Dubai,2,28.59,2,poor build,True,C-1011
E-0003359,2023-09-05,Electronics,Brand Delta,London,3,14.02,5,highly recommend,True,C-741
E-0003360,2023-08-15,Books,Brand Gamma,New York,2,348.7,1,informative,True,C-159
E-0003361,2024-10-29,Home,Brand Alpha,Dubai,5,152.91,2,assembly was hard,True,C-1136
E-0003362,2024-04-11,Home,Brand Delta,Lahore,3,341.32,4,would buy again,True,C-150
E-0003363,2025-01-16,Sports,Brand Gamma,Lahore,3,251.89,2,broke after week,True,C-241
E-0003364,2024-09-08,Sports,Brand Gamma,Dubai,3,195.83,3,great for training,True,C-1221
E-0003365,2024-11-15,Books,Brand Beta,New York,4,75.28,1,well written,True,C-203
E-0003366,2024-11-16,Electronics,Brand Gamma,Dubai,5,355.04,1,poor build,True,C-1405
E-0003367,2023-07-05,Clothing,Brand Beta,London,4,218.4,3,too small,False,C-963
E-0003368,2024-08-17,Books,Brand Alpha,Karachi,2,215.87,1,well written,True,C-935
E-0003369,2024-10-29,Books,Brand Beta,New York,3,348.17,1,well written,True,C-843
E-0003370,2023-09-22,Electronics,Brand Beta,Lahore,2,254.57,1,disappointed with durability,False,C-209
E-0003371,2023-07-14,Clothing,Brand Delta,New York,3,212.5,2,great value,False,C-1251
E-0003372,2023-06-11,Beauty,Brand Alpha,Lahore,2,85.89,2,too expensive,True,C-659
E-0003373,2024-08-28,Beauty,Brand Beta,New York,4,257.71,1,recommend,True,C-422
E-0003374,2023-09-06,Sports,Brand Alpha,Lahore,3,316.97,3,poor durability,False,C-1099
E-0003375,2024-01-23,Clothing,Brand Alpha,New York,2,247.38,2,great value,True,C-1202
E-0003376,2023-07-28,Books,Brand Delta,New York,3,275.48,2,well written,True,C-181
E-0003377,2024-05-12,Home,Brand Alpha,London,3,217.98,3,looks premium,True,C-923
E-0003378,2024-08-21,Clothing,Brand Gamma,London,4,158.88,2,seams came apart,True,C-1445
E-0003379,2024-11-17,Home,Brand Delta,Karachi,5,165.91,1,would buy again,True,C-209
E-0003380,2024-12-22,Beauty,Brand Beta,London,5,145.44,2,too expensive,True,C-1346
E-0003381,2024-04-13,Home,Brand Alpha,London,4,126.45,2,cheap materials,True,C-518
E-0003382,2024-03-24,Electronics,Brand Delta,Islamabad,1,96.67,3,highly recommend,True,C-918
E-0003383,2023-12-14,Books,Brand Alpha,London,4,175.49,2,boring content,True,C-1034
E-0003384,2024-02-16,Sports,Brand Gamma,Karachi,3,260.52,2,poor durability,True,C-107
E-0003385,2024-06-02,Sports,Brand Alpha,New York,3,58.43,2,broke after week,True,C-1114
E-0003386,2024-11-17,Sports,Brand Alpha,Dubai,3,217.45,1,good grip,True,C-1374
E-0003387,2023-12-25,Electronics,Brand Delta,Dubai,3,129.2,2,disappointed with durability,True,C-1196
E-0003388,2024-12-27,Electronics,Brand Gamma,Dubai,4,39.95,1,highly recommend,True,C-33
E-0003389,2023-07-21,Home,Brand Gamma,London,3,313.55,1,cheap materials,True,C-472
E-0003390,2023-08-01,Clothing,Brand Delta,London,3,98.47,1,nice fabric,True,C-387
E-0003391,2024-01-15,Clothing,Brand Delta,Lahore,2,210.21,3,seams came apart,False,C-918
E-0003392,2023-08-03,Beauty,Brand Gamma,Islamabad,3,375.07,1,skin felt great,True,C-326
E-0003393,2023-12-31,Clothing,Brand Alpha,Karachi,5,130.41,2,comfortable and stylish,True,C-185
E-0003394,2024-04-16,Books,Brand Beta,Lahore,3,398.59,1,fast delivery,True,C-255
E-0003395,2025-01-04,Clothing,Brand Delta,Dubai,4,18.64,3,,True,C-1140
E-0003396,2024-01-27,Beauty,Brand Alpha,Dubai,3,172.48,1,caused irritation,True,C-1232
E-0003397,2023-09-29,Beauty,Brand Delta,Karachi,4,203.4,1,too expensive,False,C-237
E-0003398,2023-08-22,Sports,Brand Alpha,Lahore,5,29.37,2,good grip,True,C-439
E-0003399,2024-07-07,Electronics,Brand Alpha,Karachi,4,216.47,2,love it,True,C-1276
E-0003400,2024-02-23,Sports,Brand Delta,Islamabad,4,255.11,3,great for training,True,C-1467
E-0003401,2024-04-24,Home,Brand Alpha,Karachi,2,138.59,3,cheap materials,False,C-1213
E-0003402,2024-07-20,Home,Brand Gamma,Islamabad,1,59.0,4,cheap materials,True,C-115
E-0003403,2024-08-21,Electronics,Brand Gamma,Lahore,3,71.93,1,works great,True,C-156
E-0003404,2024-09-13,Electronics,Brand Gamma,London,3,187.51,3,works great,True,C-683
E-0003405,2024-05-10,Books,Brand Alpha,Lahore,1,150.67,1,fast delivery,True,C-336
E-0003406,2023-06-08,Books,Brand Alpha,Karachi,3,30.99,2,well written,True,C-1406
E-0003407,2024-11-17,Books,Brand Delta,Karachi,3,293.44,2,informative,True,C-1303
E-0003408,2024-02-06,Electronics,Brand Delta,Dubai,3,56.02,1,excellent quality,True,C-784
E-0003409,2023-07-10,Clothing,Brand Gamma,Lahore,5,176.95,1,fits perfectly,False,C-450
E-0003410,2023-10-08,Books,Brand Delta,Islamabad,4,42.93,1,boring content,True,C-58
E-0003411,2023-08-30,Books,Brand Alpha,New York,3,309.15,1,well written,True,C-206
E-0003412,2024-11-12,Home,Brand Gamma,Dubai,5,116.19,3,assembly was hard,True,C-280
E-0003413,2024-11-12,Electronics,Brand Beta,London,4,33.28,1,disappointed with durability,True,C-358
E-0003414,2024-12-08,Home,Brand Delta,Dubai,3,300.58,3,looks premium,True,C-1107
E-0003415,2024-05-09,Sports,Brand Gamma,Dubai,4,82.58,3,broke after week,True,C-647
E-0003416,2024-03-25,Electronics,Brand Delta,Islamabad,4,88.77,2,average at best,True,C-933
E-0003417,2023-09-13,Books,Brand Alpha,Islamabad,2,139.2,2,boring content,True,C-698
E-0003418,2023-12-07,Beauty,Brand Beta,Karachi,3,279.57,1,skin felt great,False,C-952
E-0003419,2023-07-24,Books,Brand Beta,Karachi,5,319.07,1,informative,True,C-1037
E-0003420,2024-01-22,Books,Brand Delta,Islamabad,4,253.48,2,boring content,True,C-26
E-0003421,2024-10-18,Beauty,Brand Delta,London,3,115.03,1,recommend,True,C-1082
E-0003422,2025-01-03,Electronics,Brand Delta,Islamabad,1,258.22,2,battery dies fast,True,C-520
E-0003423,2023-11-18,Beauty,Brand Alpha,New York,3,196.94,3,too expensive,True,C-749
E-0003424,2023-12-27,Electronics,Brand Gamma,Dubai,5,235.2,1,excellent quality,True,C-188
E-0003425,2024-12-25,Beauty,Brand Beta,New York,2,388.56,2,caused irritation,False,C-117
E-0003426,2023-11-13,Home,Brand Gamma,London,2,322.52,1,very useful,True,C-10
E-0003427,2024-08-28,Beauty,Brand Delta,Lahore,5,183.62,3,nice scent,True,C-310
E-0003428,2024-07-06,Electronics,Brand Delta,Karachi,5,383.78,1,poor build,False,C-821
E-0003429,2024-09-15,Sports,Brand Alpha,New York,5,164.65,2,good grip,True,C-342
E-0003430,2023-07-03,Beauty,Brand Delta,Dubai,4,201.05,1,caused irritation,True,C-950
E-0003431,2023-10-11,Books,Brand Alpha,Islamabad,3,58.91,2,informative,True,C-336
E-0003432,2023-08-25,Beauty,Brand Gamma,London,3,340.34,3,nice scent,True,C-237
E-0003433,2024-12-01,Books,Brand Alpha,New York,2,383.51,1,informative,False,C-1054
E-0003434,2024-01-18,Books,Brand Alpha,New York,3,100.72,3,print quality good,True,C-663
E-0003435,2023-10-09,Electronics,Brand Delta,Islamabad,3,24.78,1,works great,True,C-1276
E-0003436,2023-09-15,Home,Brand Alpha,Lahore,5,42.12,2,very useful,False,C-148
E-0003437,2024-01-20,Electronics,Brand Gamma,Lahore,5,205.29,1,highly recommend,True,C-173
E-0003438,2023-08-07,Sports,Brand Delta,New York,3,185.73,1,great for training,True,C-288
E-0003439,2024-06-22,Electronics,Brand Beta,Dubai,2,298.71,3,love it,True,C-1332
E-0003440,2024-02-08,Beauty,Brand Gamma,Islamabad,4,274.78,1,recommend,True,C-1387
E-0003441,2024-04-18,Books,Brand Beta,New York,3,17.34,1,boring content,True,C-990
E-0003442,2023-07-22,Electronics,Brand Delta,Karachi,4,97.55,1,highly recommend,True,C-302
E-0003443,2023-07-07,Clothing,Brand Beta,Lahore,4,48.92,2,comfortable and stylish,False,C-1229
E-0003444,2024-01-04,Sports,Brand Beta,London,4,394.09,2,good grip,True,C-1476
E-0003445,2024-06-10,Electronics,Brand Gamma,Karachi,2,189.4,2,love it,True,C-1134
E-0003446,2023-08-07,Beauty,Brand Beta,Dubai,1,140.0,1,nice scent,True,C-238
E-0003447,2024-05-13,Books,Brand Alpha,Islamabad,2,292.7,2,fast delivery,True,C-678
E-0003448,2024-08-03,Sports,Brand Beta,New York,4,51.27,3,poor durability,True,C-894
E-0003449,2023-06-01,Books,Brand Gamma,Dubai,5,282.19,2,boring content,True,C-68
E-0003450,2024-04-05,Home,Brand Beta,Lahore,3,324.75,3,would buy again,True,C-1049
E-0003451,2024-03-20,Electronics,Brand Delta,Dubai,2,158.99,1,love it,False,C-1003
E-0003452,2023-12-05,Clothing,Brand Delta,Karachi,5,250.36,1,too small,True,C-272
E-0003453,2024-06-11,Clothing,Brand Alpha,Lahore,4,250.95,1,nice fabric,True,C-778
E-0003454,2024-04-18,Home,Brand Beta,Karachi,4,240.13,1,assembly was hard,True,C-104
E-0003455,2023-12-25,Clothing,Brand Delta,Islamabad,4,379.0,3,fits perfectly,True,C-523
E-0003456,2024-11-24,Electronics,Brand Alpha,Karachi,3,228.17,1,poor build,True,C-204
E-0003457,2024-10-02,Books,Brand Gamma,Dubai,3,15.96,1,informative,True,C-65
E-0003458,2024-05-16,Books,Brand Delta,London,2,114.33,2,print quality good,True,C-523
E-0003459,2023-08-11,Clothing,Brand Beta,Dubai,3,232.43,3,great value,True,C-419
E-0003460,2023-10-24,Beauty,Brand Beta,Lahore,3,259.69,2,too expensive,True,C-1053
E-0003461,2023-07-21,Books,Brand Gamma,Lahore,3,123.41,2,informative,False,C-288
E-0003462,2024-09-05,Sports,Brand Delta,Dubai,3,14.54,2,broke after week,True,C-347
E-0003463,2024-09-16,Clothing,Brand Gamma,Lahore,3,375.93,1,too small,False,C-634
E-0003464,2025-01-12,Beauty,Brand Beta,London,1,72.17,2,nice scent,True,C-430
E-0003465,2024-05-04,Home,Brand Delta,London,3,83.26,1,assembly was hard,True,C-722
E-0003466,2024-03-14,Electronics,Brand Delta,New York,4,260.07,1,disappointed with durability,False,C-1348
E-0003467,2023-06-12,Home,Brand Gamma,Lahore,4,327.67,1,,True,C-471
E-0003468,2023-10-13,Electronics,Brand Beta,Lahore,2,295.02,5,excellent quality,True,C-1416
E-0003469,2023-11-13,Home,Brand Gamma,London,2,238.59,2,very useful,True,C-173
E-0003470,2024-10-17,Home,Brand Alpha,London,3,136.98,3,looks premium,True,C-889
E-0003471,2024-10-05,Electronics,Brand Delta,Lahore,4,161.83,1,works great,True,C-1061
E-0003472,2023-07-19,Sports,Brand Alpha,New York,3,399.73,1,poor durability,True,C-216
E-0003473,2023-07-30,Beauty,Brand Gamma,London,4,314.85,2,recommend,True,C-749
E-0003474,2023-09-07,Home,Brand Alpha,Lahore,4,74.12,2,very useful,True,C-581
E-0003475,2024-03-16,Sports,Brand Delta,Lahore,5,392.5,3,good grip,True,C-596
E-0003476,2024-12-23,Electronics,Brand Delta,New York,2,357.3,1,love it,True,C-294
E-0003477,2023-10-28,Books,Brand Delta,New York,3,316.56,2,fast delivery,True,C-862
E-0003478,2024-04-19,Sports,Brand Gamma,Karachi,3,323.83,2,poor durability,True,C-1031
E-0003479,2023-07-11,Sports,Brand Alpha,Karachi,5,130.01,1,great for training,True,C-554
E-0003480,2023-08-24,Books,Brand Alpha,London,3,319.04,2,fast delivery,True,C-1221
E-0003481,2024-11-15,Sports,Brand Alpha,Karachi,4,79.79,2,broke after week,False,C-98
E-0003482,2023-07-17,Sports,Brand Delta,Karachi,2,363.56,2,poor durability,True,C-1290
E-0003483,2023-09-07,Sports,Brand Beta,London,3,127.15,1,poor durability,True,C-607
E-0003484,2023-06-23,Clothing,Brand Beta,New York,4,17.84,2,,False,C-154
E-0003485,2024-08-18,Sports,Brand Alpha,Karachi,1,40.76,1,poor durability,False,C-1408
E-0003486,2024-09-08,Sports,Brand Beta,New York,4,253.49,3,broke after week,True,C-274
E-0003487,2024-06-30,Home,Brand Beta,Karachi,4,207.47,2,assembly was hard,True,C-1220
E-0003488,2023-07-13,Sports,Brand Delta,London,3,14.85,3,good grip,True,C-111
E-0003489,2024-08-22,Clothing,Brand Gamma,Islamabad,2,99.81,2,nice fabric,True,C-582
E-0003490,2024-08-14,Books,Brand Beta,Lahore,4,174.82,1,boring content,False,C-746
E-0003491,2024-08-06,Beauty,Brand Alpha,Dubai,5,253.45,3,skin felt great,False,C-879
E-0003492,2023-06-13,Sports,Brand Alpha,Dubai,3,296.24,1,,False,C-242
E-0003493,2024-08-23,Sports,Brand Beta,Lahore,3,155.74,2,broke after week,True,C-660
E-0003494,2024-05-01,Sports,Brand Gamma,London,3,152.52,1,good grip,True,C-1143
E-0003495,2024-09-30,Home,Brand Gamma,New York,3,365.15,2,would buy again,True,C-579
E-0003496,2024-11-14,Clothing,Brand Beta,Lahore,2,133.7,2,great value,True,C-218
E-0003497,2024-10-16,Books,Brand Gamma,London,2,205.78,1,fast delivery,True,C-771
E-0003498,2023-08-15,Beauty,Brand Beta,Karachi,5,201.76,1,skin felt great,True,C-1138
E-0003499,2024-01-09,Electronics,Brand Alpha,London,4,26.55,4,battery dies fast,False,C-1416
E-0003500,2024-08-09,Books,Brand Delta,New York,5,53.01,5,boring content,True,C-239
E-0003501,2023-11-10,Electronics,Brand Alpha,New York,5,242.12,1,poor build,True,C-1492
E-0003502,2025-01-01,Home,Brand Alpha,New York,2,305.7,2,very useful,False,C-918
E-0003503,2024-03-30,Beauty,Brand Delta,Dubai,4,309.49,2,caused irritation,True,C-1342
E-0003504,2024-06-01,Home,Brand Alpha,New York,3,269.84,2,would buy again,True,C-48
E-0003505,2025-01-18,Home,Brand Delta,Lahore,4,318.44,1,assembly was hard,True,C-1410
E-0003506,2024-02-04,Beauty,Brand Delta,Islamabad,3,37.35,2,caused irritation,True,C-814
E-0003507,2023-07-05,Sports,Brand Gamma,Dubai,3,119.72,3,broke after week,True,C-360
E-0003508,2023-10-20,Clothing,Brand Alpha,New York,1,218.64,3,seams came apart,True,C-397
E-0003509,2024-08-31,Sports,Brand Delta,Lahore,4,104.89,2,good grip,True,C-195
E-0003510,2023-11-24,Clothing,Brand Beta,Dubai,5,,1,great value,True,C-816
E-0003511,2024-04-14,Electronics,Brand Gamma,London,3,216.53,1,works great,True,C-139
E-0003512,2024-04-04,Clothing,Brand Alpha,Islamabad,5,318.08,2,nice fabric,True,C-627
E-0003513,2024-06-08,Books,Brand Alpha,London,4,309.83,2,well written,True,C-1115
E-0003514,2024-05-15,Beauty,Brand Gamma,Islamabad,3,53.86,1,skin felt great,True,C-218
E-0003515,2024-11-27,Clothing,Brand Beta,Dubai,4,330.87,2,great value,True,C-645
E-0003516,2024-12-02,Home,Brand Gamma,Lahore,3,257.83,3,assembly was hard,True,C-781
E-0003517,2023-09-05,Beauty,Brand Beta,London,1,385.46,1,nice scent,True,C-851
E-0003518,2024-05-09,Clothing,Brand Beta,Dubai,3,64.95,2,comfortable and stylish,True,C-434
E-0003519,2024-01-05,Home,Brand Delta,New York,3,335.4,2,cheap materials,True,C-878
E-0003520,2024-03-25,Clothing,Brand Gamma,New York,4,385.67,2,comfortable and stylish,True,C-43
E-0003521,2023-09-08,Beauty,Brand Gamma,Karachi,2,330.26,2,too expensive,True,C-374
E-0003522,2024-05-18,Sports,Brand Beta,London,3,330.98,3,broke after week,True,C-874
E-0003523,2023-07-24,Electronics,Brand Gamma,New York,4,369.05,3,excellent quality,False,C-1244
E-0003524,2023-07-20,Sports,Brand Gamma,Lahore,3,362.81,2,broke after week,True,C-1140
E-0003525,2025-01-05,Books,Brand Alpha,Islamabad,1,192.07,2,well written,True,C-710
E-0003526,2023-06-03,Books,Brand Beta,Lahore,1,60.48,1,fast delivery,True,C-1236
E-0003527,2024-04-07,Beauty,Brand Delta,Islamabad,5,13.06,4,too expensive,True,C-665
E-0003528,2023-11-22,Electronics,Brand Delta,Karachi,3,139.82,1,love it,True,C-95
E-0003529,2024-07-12,Beauty,Brand Gamma,Lahore,3,79.77,3,caused irritation,True,C-48
E-0003530,2023-12-01,Electronics,Brand Gamma,Islamabad,2,399.22,2,average at best,True,C-1362
E-0003531,2024-05-04,Electronics,Brand Gamma,London,3,,1,battery dies fast,True,C-615
E-0003532,2023-10-04,Electronics,Brand Beta,Karachi,4,172.15,2,love it,True,C-1408
E-0003533,2024-08-04,Home,Brand Delta,Lahore,3,106.12,1,very useful,True,C-80
E-0003534,2023-06-06,Books,Brand Beta,Karachi,4,56.32,3,print quality good,True,C-1326
E-0003535,2024-11-18,Home,Brand Gamma,Karachi,4,325.31,1,would buy again,True,C-1335
E-0003536,2024-09-10,Beauty,Brand Beta,Islamabad,1,33.94,1,caused irritation,True,C-317
E-0003537,2023-06-28,Home,Brand Beta,Karachi,4,,3,assembly was hard,True,C-1281
E-0003538,2023-10-07,Sports,Brand Gamma,New York,4,41.85,2,broke after week,True,C-570
E-0003539,2024-06-18,Books,Brand Delta,New York,3,369.99,1,boring content,True,C-257
E-0003540,2023-11-08,Clothing,Brand Gamma,New York,4,103.15,1,fits perfectly,True,C-1083
E-0003541,2023-08-31,Electronics,Brand Delta,Dubai,4,163.93,1,average at best,True,C-1438
E-0003542,2024-06-26,Electronics,Brand Alpha,New York,4,283.92,4,highly recommend,True,C-1365
E-0003543,2024-12-27,Home,Brand Gamma,Dubai,3,367.9,2,assembly was hard,True,C-194
E-0003544,2023-08-11,Beauty,Brand Beta,London,3,62.54,3,nice scent,True,C-645
E-0003545,2024-01-21,Books,Brand Delta,London,3,50.28,1,fast delivery,True,C-346
E-0003546,2024-02-03,Books,Brand Gamma,Karachi,4,10.38,3,informative,True,C-1314
E-0003547,2024-11-17,Beauty,Brand Gamma,Dubai,2,135.57,2,skin felt great,True,C-188
E-0003548,2024-07-27,Home,Brand Beta,Lahore,3,281.14,1,assembly was hard,True,C-627
E-0003549,2023-10-05,Sports,Brand Delta,Islamabad,3,125.32,2,poor durability,True,C-1270
E-0003550,2024-06-20,Beauty,Brand Gamma,London,3,281.85,1,caused irritation,True,C-572
E-0003551,2023-10-28,Clothing,Brand Delta,Islamabad,5,368.32,4,comfortable and stylish,True,C-836
E-0003552,2025-01-07,Books,Brand Gamma,Lahore,3,190.65,1,fast delivery,True,C-996
E-0003553,2023-11-26,Books,Brand Alpha,London,2,392.93,1,boring content,True,C-1218
E-0003554,2024-10-28,Electronics,Brand Beta,London,1,311.51,2,average at best,True,C-1032
E-0003555,2024-02-05,Electronics,Brand Delta,Dubai,4,104.81,1,highly recommend,False,C-934
E-0003556,2024-09-21,Beauty,Brand Gamma,Lahore,2,398.38,3,,True,C-111
E-0003557,2024-06-20,Beauty,Brand Delta,Dubai,2,43.66,1,skin felt great,True,C-623
E-0003558,2023-12-28,Beauty,Brand Beta,London,4,161.81,2,nice scent,False,C-1482
E-0003559,2024-08-03,Home,Brand Gamma,New York,4,96.9,1,looks premium,False,C-980
E-0003560,2023-11-02,Sports,Brand Delta,Karachi,4,44.56,2,broke after week,True,C-1166
E-0003561,2023-06-13,Home,Brand Beta,Dubai,3,334.55,1,would buy again,True,C-612
E-0003562,2024-08-18,Beauty,Brand Delta,Karachi,3,134.1,2,recommend,True,C-415
E-0003563,2024-01-20,Sports,Brand Delta,Islamabad,3,240.37,1,good grip,True,C-1116
E-0003564,2024-09-12,Books,Brand Beta,Lahore,4,243.77,1,print quality good,True,C-1118
E-0003565,2024-05-16,Home,Brand Delta,Islamabad,5,162.25,4,cheap materials,True,C-90
E-0003566,2024-05-31,Books,Brand Delta,Dubai,1,49.45,1,print quality good,True,C-452
E-0003567,2024-03-04,Books,Brand Alpha,New York,3,298.07,1,well written,True,C-66
E-0003568,2024-08-24,Sports,Brand Gamma,Dubai,2,227.61,2,poor durability,True,C-1333
E-0003569,2023-09-26,Sports,Brand Beta,Dubai,4,241.66,1,good grip,True,C-872
E-0003570,2024-04-14,Books,Brand Alpha,Dubai,3,91.28,4,fast delivery,True,C-240
E-0003571,2024-03-09,Beauty,Brand Beta,Islamabad,4,124.42,2,,True,C-309
E-0003572,2023-06-24,Home,Brand Delta,London,4,329.77,2,very useful,True,C-1318
E-0003573,2024-05-24,Beauty,Brand Alpha,Karachi,2,216.53,2,nice scent,True,C-711
E-0003574,2024-01-31,Books,Brand Delta,Karachi,4,359.06,2,informative,True,C-326
E-0003575,2024-01-15,Clothing,Brand Beta,Islamabad,4,273.87,1,seams came apart,True,C-794
E-0003576,2024-09-27,Home,Brand Gamma,Karachi,3,392.91,2,would buy again,True,C-27
E-0003577,2024-03-10,Beauty,Brand Alpha,Islamabad,3,249.06,4,skin felt great,True,C-817
E-0003578,2024-03-24,Clothing,Brand Delta,London,4,181.35,1,nice fabric,True,C-159
E-0003579,2024-11-14,Books,Brand Beta,London,4,219.27,2,fast delivery,True,C-915
E-0003580,2023-08-24,Electronics,Brand Gamma,London,4,315.3,4,disappointed with durability,True,C-1036
E-0003581,2024-05-27,Electronics,Brand Gamma,Karachi,4,239.14,2,love it,False,C-1098
E-0003582,2024-02-02,Electronics,Brand Delta,Islamabad,3,114.83,2,poor build,True,C-237
E-0003583,2024-12-20,Books,Brand Alpha,New York,4,310.91,2,informative,False,C-1400
E-0003584,2023-08-24,Electronics,Brand Alpha,Karachi,5,81.48,2,love it,True,C-1245
E-0003585,2023-10-09,Books,Brand Beta,Karachi,4,12.34,1,well written,True,C-162
E-0003586,2024-01-10,Clothing,Brand Gamma,Lahore,3,102.99,2,seams came apart,False,C-1157
E-0003587,2023-11-03,Electronics,Brand Delta,Islamabad,2,158.81,3,works great,True,C-94
E-0003588,2024-09-17,Books,Brand Gamma,Dubai,4,148.77,3,well written,False,C-240
E-0003589,2023-10-20,Electronics,Brand Delta,Dubai,2,80.15,1,average at best,True,C-1470
E-0003590,2024-04-14,Books,Brand Alpha,Lahore,3,135.2,2,fast delivery,True,C-1350
E-0003591,2023-07-10,Electronics,Brand Beta,London,3,133.81,2,battery dies fast,True,C-740
E-0003592,2023-07-15,Electronics,Brand Alpha,New York,4,34.5,1,love it,True,C-403
E-0003593,2024-11-29,Beauty,Brand Gamma,Dubai,3,207.4,1,skin felt great,False,C-936
E-0003594,2023-11-06,Clothing,Brand Alpha,Karachi,5,215.04,1,nice fabric,True,C-1407
E-0003595,2024-06-23,Sports,Brand Gamma,New York,1,219.45,2,great for training,True,C-229
E-0003596,2024-05-30,Beauty,Brand Gamma,Lahore,3,186.72,1,nice scent,True,C-339
E-0003597,2023-07-30,Books,Brand Alpha,Islamabad,4,380.2,2,boring content,True,C-287
E-0003598,2023-06-13,Clothing,Brand Beta,London,3,348.06,1,great value,True,C-1365
E-0003599,2023-08-12,Home,Brand Beta,Lahore,5,142.11,2,assembly was hard,True,C-1346
E-0003600,2024-02-26,Beauty,Brand Gamma,Dubai,2,116.45,2,nice scent,True,C-1473
E-0003601,2023-08-04,Home,Brand Gamma,New York,5,317.88,2,very useful,True,C-589
E-0003602,2023-06-04,Beauty,Brand Delta,Dubai,5,182.87,2,caused irritation,True,C-970
E-0003603,2024-11-16,Sports,Brand Beta,Islamabad,4,133.74,1,good grip,True,C-1402
E-0003604,2023-06-02,Home,Brand Delta,London,5,157.44,5,very useful,False,C-1098
E-0003605,2023-10-31,Sports,Brand Beta,Karachi,3,68.71,1,good grip,False,C-872
E-0003606,2024-07-23,Clothing,Brand Beta,Dubai,3,391.06,2,comfortable and stylish,True,C-1426
E-0003607,2024-11-23,Electronics,Brand Gamma,New York,4,159.09,2,disappointed with durability,True,C-1336
E-0003608,2024-02-13,Home,Brand Gamma,New York,4,325.17,2,looks premium,False,C-172
E-0003609,2023-12-22,Sports,Brand Alpha,London,4,252.48,2,good grip,True,C-1038
E-0003610,2023-06-25,Sports,Brand Gamma,Dubai,4,278.47,2,broke after week,True,C-763
E-0003611,2024-07-31,Sports,Brand Beta,Karachi,3,396.64,1,poor durability,True,C-838
E-0003612,2024-06-27,Beauty,Brand Beta,Dubai,4,231.68,1,too expensive,False,C-1442
E-0003613,2023-10-27,Clothing,Brand Gamma,London,4,299.8,3,,True,C-265
E-0003614,2024-07-01,Home,Brand Delta,Dubai,4,375.6,3,looks premium,False,C-750
E-0003615,2024-10-14,Home,Brand Gamma,Islamabad,3,339.76,3,looks premium,True,C-158
E-0003616,2023-12-02,Sports,Brand Gamma,London,4,17.76,3,good grip,True,C-342
E-0003617,2024-10-15,Electronics,Brand Beta,New York,3,66.95,1,highly recommend,True,C-1345
E-0003618,2024-07-21,Electronics,Brand Beta,Dubai,2,335.08,2,battery dies fast,True,C-935
E-0003619,2025-01-13,Books,Brand Delta,Dubai,2,145.8,2,boring content,True,C-289
E-0003620,2024-04-25,Beauty,Brand Gamma,Lahore,3,142.71,5,recommend,True,C-1126
E-0003621,2024-11-01,Beauty,Brand Gamma,Islamabad,4,316.05,1,nice scent,True,C-972
E-0003622,2025-01-16,Home,Brand Gamma,Islamabad,3,329.87,1,looks premium,True,C-1115
E-0003623,2024-05-04,Books,Brand Alpha,Karachi,3,35.51,2,print quality good,True,C-203
E-0003624,2024-03-09,Home,Brand Beta,Lahore,4,148.54,1,assembly was hard,True,C-684
E-0003625,2024-06-27,Home,Brand Beta,Karachi,2,118.56,1,very useful,True,C-1489
E-0003626,2023-09-15,Books,Brand Delta,London,2,190.03,1,fast delivery,True,C-81
E-0003627,2023-08-09,Home,Brand Beta,Dubai,3,116.54,2,looks premium,False,C-437
E-0003628,2024-06-04,Books,Brand Beta,Karachi,5,160.73,2,print quality good,True,C-894
E-0003629,2023-08-08,Home,Brand Gamma,Lahore,5,162.05,3,looks premium,True,C-1493
E-0003630,2024-03-04,Home,Brand Delta,New York,5,213.48,2,cheap materials,True,C-220
E-0003631,2024-05-27,Clothing,Brand Delta,Islamabad,4,244.66,3,too small,True,C-303
E-0003632,2023-07-29,Clothing,Brand Beta,Dubai,5,180.87,2,nice fabric,True,C-1293
E-0003633,2024-04-05,Home,Brand Beta,Islamabad,3,23.94,2,very useful,True,C-1081
E-0003634,2024-12-06,Sports,Brand Alpha,Lahore,3,32.88,1,good grip,True,C-1318
E-0003635,2023-07-24,Electronics,Brand Gamma,Karachi,4,281.92,1,works great,True,C-402
E-0003636,2023-10-22,Home,Brand Alpha,Dubai,3,164.37,1,assembly was hard,True,C-408
E-0003637,2023-07-02,Sports,Brand Delta,New York,4,145.09,2,good grip,True,C-1285
E-0003638,2023-09-07,Beauty,Brand Delta,New York,2,143.82,2,caused irritation,True,C-1063
E-0003639,2024-09-26,Clothing,Brand Alpha,Lahore,5,126.41,2,great value,True,C-1125
E-0003640,2023-11-29,Clothing,Brand Delta,Karachi,5,62.86,3,too small,True,C-801
E-0003641,2023-11-14,Beauty,Brand Delta,Islamabad,2,383.75,2,recommend,True,C-1261
E-0003642,2023-10-01,Sports,Brand Beta,Lahore,3,281.38,3,good grip,True,C-380
E-0003643,2024-08-31,Home,Brand Beta,Lahore,3,,1,very useful,True,C-1270
E-0003644,2024-08-19,Clothing,Brand Gamma,London,5,327.3,1,great value,True,C-977
E-0003645,2023-11-24,Clothing,Brand Delta,Islamabad,4,295.68,1,nice fabric,True,C-812
E-0003646,2023-07-21,Books,Brand Beta,Dubai,3,397.14,2,fast delivery,True,C-1266
E-0003647,2024-06-15,Home,Brand Gamma,London,3,109.39,2,would buy again,False,C-1393
E-0003648,2024-08-08,Home,Brand Alpha,Dubai,4,246.12,1,would buy again,True,C-500
E-0003649,2024-09-14,Beauty,Brand Gamma,Islamabad,3,169.06,1,skin felt great,True,C-685
E-0003650,2024-01-31,Electronics,Brand Gamma,Dubai,3,212.76,1,love it,True,C-798
E-0003651,2024-04-27,Home,Brand Gamma,London,3,366.09,1,very useful,True,C-109
E-0003652,2024-10-29,Clothing,Brand Delta,New York,4,179.94,3,nice fabric,True,C-1208
E-0003653,2024-05-22,Books,Brand Gamma,Dubai,4,64.57,2,print quality good,True,C-980
E-0003654,2024-02-12,Clothing,Brand Gamma,Dubai,5,238.26,3,great value,True,C-1076
E-0003655,2024-09-11,Books,Brand Beta,New York,4,47.99,4,informative,True,C-1052
E-0003656,2023-12-04,Clothing,Brand Alpha,London,2,151.56,4,nice fabric,True,C-881
E-0003657,2024-04-26,Sports,Brand Alpha,New York,2,,4,broke after week,False,C-6
E-0003658,2023-11-18,Books,Brand Delta,Islamabad,4,352.73,1,fast delivery,False,C-218
E-0003659,2023-10-08,Electronics,Brand Delta,New York,3,364.29,2,poor build,True,C-1269
E-0003660,2024-01-11,Clothing,Brand Gamma,New York,2,246.23,1,fits perfectly,True,C-932
E-0003661,2024-05-05,Electronics,Brand Alpha,Karachi,3,28.78,2,excellent quality,False,C-1461
E-0003662,2024-08-15,Books,Brand Gamma,Dubai,4,296.7,1,well written,True,C-598
E-0003663,2023-07-27,Sports,Brand Alpha,Karachi,3,70.96,1,good grip,True,C-825
E-0003664,2023-10-08,Clothing,Brand Gamma,Islamabad,5,250.2,3,great value,True,C-925
E-0003665,2024-02-07,Clothing,Brand Delta,London,5,64.91,2,color faded after wash,False,C-1010
E-0003666,2023-10-03,Sports,Brand Beta,Dubai,2,127.14,1,broke after week,True,C-108
E-0003667,2024-09-23,Home,Brand Alpha,New York,1,229.91,3,assembly was hard,True,C-866
E-0003668,2024-10-01,Sports,Brand Alpha,London,4,249.04,5,good grip,True,C-167
E-0003669,2024-09-02,Sports,Brand Beta,Dubai,3,354.27,1,broke after week,True,C-814
E-0003670,2024-09-13,Beauty,Brand Alpha,Karachi,3,316.9,1,caused irritation,True,C-660
E-0003671,2024-07-12,Clothing,Brand Beta,New York,4,149.04,2,color faded after wash,True,C-404
E-0003672,2024-11-22,Sports,Brand Beta,Islamabad,3,391.6,2,great for training,True,C-651
E-0003673,2024-08-15,Home,Brand Delta,Karachi,3,332.86,1,looks premium,True,C-291
E-0003674,2023-08-21,Beauty,Brand Alpha,Lahore,5,370.51,1,too expensive,True,C-158
E-0003675,2023-06-01,Clothing,Brand Alpha,Karachi,2,338.51,3,great value,True,C-532
E-0003676,2024-07-22,Electronics,Brand Gamma,Islamabad,3,119.48,4,works great,True,C-651
E-0003677,2024-07-17,Sports,Brand Delta,Islamabad,1,377.9,4,great for training,True,C-712
E-0003678,2024-08-18,Sports,Brand Delta,Karachi,4,359.58,1,good grip,True,C-1068
E-0003679,2024-11-27,Sports,Brand Alpha,New York,4,323.96,3,good grip,True,C-1073
E-0003680,2023-10-26,Beauty,Brand Alpha,Lahore,3,261.0,2,recommend,True,C-1037
E-0003681,2023-09-20,Clothing,Brand Alpha,Karachi,5,40.53,1,nice fabric,True,C-399
E-0003682,2024-06-20,Electronics,Brand Gamma,Lahore,3,134.54,1,poor build,True,C-659
E-0003683,2024-07-21,Home,Brand Beta,Lahore,3,10.11,2,assembly was hard,True,C-1477
E-0003684,2024-12-13,Electronics,Brand Beta,Karachi,2,52.3,3,excellent quality,True,C-1163
E-0003685,2024-02-29,Books,Brand Gamma,Lahore,3,344.99,2,fast delivery,True,C-89
E-0003686,2023-11-01,Electronics,Brand Gamma,Lahore,3,364.82,2,works great,True,C-1209
E-0003687,2023-11-25,Sports,Brand Gamma,Lahore,3,144.14,2,great for training,True,C-276
E-0003688,2023-11-11,Electronics,Brand Delta,New York,3,150.44,1,works great,True,C-1437
E-0003689,2024-03-25,Beauty,Brand Delta,New York,4,300.31,2,skin felt great,True,C-1378
E-0003690,2024-10-26,Books,Brand Gamma,New York,4,40.15,1,fast delivery,False,C-1000
E-0003691,2024-08-24,Clothing,Brand Beta,London,2,70.65,3,seams came apart,True,C-267
E-0003692,2023-11-27,Clothing,Brand Beta,Islamabad,2,273.66,2,color faded after wash,True,C-803
E-0003693,2024-07-06,Electronics,Brand Gamma,Dubai,2,357.91,1,battery dies fast,True,C-112
E-0003694,2024-12-07,Clothing,Brand Delta,London,4,27.8,1,color faded after wash,True,C-1249
E-0003695,2024-04-21,Sports,Brand Beta,Lahore,5,247.94,3,great for training,False,C-114
E-0003696,2024-11-12,Books,Brand Beta,New York,5,303.31,2,print quality good,True,C-565
E-0003697,2023-11-29,Books,Brand Alpha,Karachi,2,38.2,1,well written,False,C-833
E-0003698,2024-02-17,Home,Brand Gamma,Islamabad,5,195.58,1,cheap materials,True,C-384
E-0003699,2023-08-04,Home,Brand Delta,Dubai,5,126.54,2,would buy again,True,C-1137
E-0003700,2023-07-27,Electronics,Brand Gamma,New York,2,281.9,2,battery dies fast,True,C-1040
E-0003701,2024-04-23,Electronics,Brand Gamma,London,2,199.97,3,excellent quality,False,C-1221
E-0003702,2024-09-01,Electronics,Brand Gamma,Lahore,2,119.59,1,average at best,True,C-622
E-0003703,2024-09-29,Electronics,Brand Alpha,London,1,266.71,2,highly recommend,True,C-243
E-0003704,2023-10-26,Clothing,Brand Delta,Islamabad,1,64.36,1,color faded after wash,True,C-28
E-0003705,2024-05-03,Home,Brand Beta,New York,3,123.57,2,cheap materials,False,C-688
E-0003706,2023-07-31,Books,Brand Delta,London,5,21.63,1,well written,True,C-150
E-0003707,2023-10-12,Books,Brand Beta,Karachi,2,78.18,4,well written,True,C-756
E-0003708,2024-07-27,Books,Brand Alpha,Islamabad,4,397.21,1,fast delivery,False,C-856
E-0003709,2023-11-05,Electronics,Brand Delta,London,4,132.05,2,battery dies fast,True,C-694
E-0003710,2024-10-13,Beauty,Brand Delta,Lahore,1,220.93,3,recommend,True,C-681
E-0003711,2024-05-12,Home,Brand Beta,Dubai,3,28.53,1,assembly was hard,True,C-1423
E-0003712,2024-02-08,Books,Brand Gamma,Karachi,4,142.84,2,fast delivery,True,C-193
E-0003713,2023-12-04,Home,Brand Gamma,Dubai,4,304.29,2,very useful,True,C-371
E-0003714,2024-02-20,Clothing,Brand Alpha,Islamabad,5,362.64,1,color faded after wash,True,C-946
E-0003715,2024-07-05,Electronics,Brand Gamma,New York,2,89.08,3,battery dies fast,True,C-525
E-0003716,2024-04-02,Beauty,Brand Gamma,Islamabad,4,,3,caused irritation,True,C-358
E-0003717,2023-11-25,Electronics,Brand Gamma,New York,5,18.7,4,poor build,True,C-298
E-0003718,2023-08-04,Home,Brand Delta,Dubai,4,391.9,4,assembly was hard,True,C-715
E-0003719,2024-05-17,Electronics,Brand Delta,Karachi,4,149.99,3,average at best,False,C-1262
E-0003720,2024-02-11,Sports,Brand Beta,Islamabad,5,181.17,4,good grip,True,C-1448
E-0003721,2023-06-05,Electronics,Brand Delta,Karachi,3,360.53,2,excellent quality,True,C-52
E-0003722,2023-06-01,Electronics,Brand Delta,New York,4,371.68,2,disappointed with durability,False,C-754
E-0003723,2023-10-13,Sports,Brand Gamma,Dubai,3,388.89,2,good grip,True,C-1416
E-0003724,2024-01-22,Clothing,Brand Beta,Islamabad,2,358.98,3,great value,True,C-1202
E-0003725,2024-03-24,Electronics,Brand Delta,Dubai,4,33.39,2,average at best,True,C-945
E-0003726,2024-06-13,Home,Brand Beta,Karachi,5,149.36,1,looks premium,False,C-249
E-0003727,2024-05-23,Books,Brand Gamma,Islamabad,3,272.3,3,informative,True,C-1084
E-0003728,2024-10-03,Clothing,Brand Delta,Islamabad,3,43.78,1,comfortable and stylish,False,C-197
E-0003729,2024-07-19,Home,Brand Alpha,Karachi,2,397.43,2,looks premium,True,C-1226
E-0003730,2024-08-01,Clothing,Brand Beta,London,4,308.11,3,nice fabric,True,C-873
E-0003731,2024-04-04,Sports,Brand Beta,Dubai,2,316.1,1,good grip,True,C-650
E-0003732,2024-07-30,Electronics,Brand Alpha,Lahore,4,394.35,1,average at best,True,C-863
E-0003733,2024-08-09,Electronics,Brand Delta,Islamabad,3,30.91,3,highly recommend,True,C-1186
E-0003734,2024-12-19,Beauty,Brand Beta,New York,5,203.26,2,skin felt great,True,C-1464
E-0003735,2024-03-18,Sports,Brand Alpha,Karachi,3,255.12,2,great for training,True,C-952
E-0003736,2023-07-14,Electronics,Brand Alpha,Dubai,3,83.97,4,battery dies fast,True,C-852
E-0003737,2024-11-05,Beauty,Brand Gamma,Lahore,3,143.58,2,too expensive,False,C-312
E-0003738,2024-11-28,Sports,Brand Gamma,Dubai,4,66.12,1,poor durability,True,C-1436
E-0003739,2023-08-19,Books,Brand Alpha,Islamabad,2,211.82,2,fast delivery,True,C-1397
E-0003740,2023-06-16,Sports,Brand Delta,Lahore,3,359.74,1,great for training,True,C-1155
E-0003741,2023-06-08,Electronics,Brand Delta,New York,2,144.19,1,love it,False,C-326
E-0003742,2023-10-23,Beauty,Brand Alpha,New York,4,68.32,2,skin felt great,True,C-1236
E-0003743,2024-03-22,Electronics,Brand Gamma,London,2,21.71,2,disappointed with durability,True,C-104
E-0003744,2024-05-23,Books,Brand Delta,Karachi,2,268.12,1,informative,True,C-501
E-0003745,2025-01-11,Beauty,Brand Beta,Karachi,5,324.54,1,caused irritation,False,C-1413
E-0003746,2023-06-22,Books,Brand Delta,New York,2,134.64,1,boring content,True,C-308
E-0003747,2023-12-30,Sports,Brand Delta,New York,4,118.64,1,poor durability,True,C-545
E-0003748,2024-08-02,Electronics,Brand Alpha,Dubai,1,321.05,2,love it,True,C-643
E-0003749,2024-11-04,Sports,Brand Beta,Dubai,2,212.94,2,good grip,True,C-1381
E-0003750,2025-01-08,Electronics,Brand Delta,Dubai,3,93.41,2,works great,True,C-1193
E-0003751,2024-02-10,Books,Brand Delta,Lahore,2,223.03,2,print quality good,True,C-177
E-0003752,2024-05-15,Books,Brand Gamma,London,4,24.22,3,fast delivery,True,C-1315
E-0003753,2024-07-05,Books,Brand Gamma,New York,4,58.04,4,fast delivery,True,C-1365
E-0003754,2023-08-14,Beauty,Brand Beta,Karachi,3,80.24,1,caused irritation,True,C-759
E-0003755,2024-10-22,Beauty,Brand Gamma,New York,5,398.8,3,recommend,True,C-531
E-0003756,2024-03-24,Electronics,Brand Gamma,Dubai,4,284.7,3,disappointed with durability,True,C-939
E-0003757,2024-06-27,Home,Brand Gamma,Islamabad,3,328.62,3,would buy again,True,C-676
E-0003758,2024-01-19,Beauty,Brand Beta,New York,4,281.96,2,caused irritation,True,C-1203
E-0003759,2024-01-12,Beauty,Brand Delta,Islamabad,4,393.69,1,too expensive,True,C-537
E-0003760,2023-08-07,Clothing,Brand Beta,New York,3,36.53,3,seams came apart,True,C-853
E-0003761,2024-03-31,Clothing,Brand Alpha,Islamabad,2,309.94,2,comfortable and stylish,True,C-269
E-0003762,2024-02-15,Electronics,Brand Delta,New York,3,42.21,2,excellent quality,False,C-374
E-0003763,2024-07-31,Books,Brand Alpha,Islamabad,4,373.46,4,boring content,True,C-444
E-0003764,2024-04-08,Clothing,Brand Beta,London,3,276.21,3,comfortable and stylish,True,C-866
E-0003765,2024-01-06,Home,Brand Delta,Islamabad,2,211.48,1,cheap materials,True,C-1067
E-0003766,2024-01-22,Books,Brand Beta,Islamabad,3,379.41,3,print quality good,True,C-298
E-0003767,2024-08-29,Electronics,Brand Delta,Lahore,3,334.04,1,highly recommend,True,C-350
E-0003768,2024-02-27,Sports,Brand Delta,London,5,333.11,1,poor durability,True,C-362
E-0003769,2024-03-20,Books,Brand Delta,New York,3,127.52,4,well written,True,C-596
E-0003770,2024-09-07,Clothing,Brand Beta,Dubai,5,79.8,2,nice fabric,False,C-28
E-0003771,2024-03-10,Clothing,Brand Alpha,Dubai,2,353.26,1,comfortable and stylish,True,C-98
E-0003772,2024-04-21,Sports,Brand Gamma,New York,3,238.53,2,great for training,True,C-1167
E-0003773,2023-08-10,Clothing,Brand Delta,Islamabad,3,329.66,2,comfortable and stylish,False,C-1271
E-0003774,2024-10-08,Beauty,Brand Beta,Dubai,4,79.18,3,recommend,True,C-995
E-0003775,2024-03-28,Clothing,Brand Beta,Islamabad,4,159.68,1,color faded after wash,True,C-811
E-0003776,2025-01-13,Home,Brand Beta,Lahore,5,345.87,2,cheap materials,True,C-1314
E-0003777,2024-08-22,Beauty,Brand Gamma,London,5,358.29,2,nice scent,True,C-1375
E-0003778,2023-08-26,Clothing,Brand Beta,Lahore,5,95.77,2,fits perfectly,True,C-1118
E-0003779,2024-01-22,Beauty,Brand Alpha,Dubai,3,24.11,1,nice scent,False,C-1401
E-0003780,2024-10-26,Clothing,Brand Alpha,Karachi,5,340.55,3,great value,True,C-1400
E-0003781,2023-08-05,Books,Brand Gamma,Lahore,3,275.96,2,informative,True,C-175
E-0003782,2024-09-18,Beauty,Brand Delta,Dubai,5,29.86,1,,True,C-970
E-0003783,2023-11-15,Books,Brand Alpha,Islamabad,3,359.37,1,well written,True,C-676
E-0003784,2024-07-17,Beauty,Brand Alpha,Islamabad,3,243.85,2,too expensive,True,C-44
E-0003785,2023-11-26,Beauty,Brand Gamma,Dubai,3,294.0,2,too expensive,False,C-328
E-0003786,2024-05-24,Clothing,Brand Beta,Karachi,3,311.94,2,great value,True,C-1135
E-0003787,2024-05-16,Beauty,Brand Delta,London,3,114.32,2,recommend,True,C-735
E-0003788,2023-10-31,Home,Brand Gamma,Lahore,4,337.98,1,,True,C-278
E-0003789,2023-11-18,Clothing,Brand Alpha,Karachi,2,359.67,2,great value,True,C-222
E-0003790,2023-07-07,Home,Brand Delta,Karachi,5,311.36,2,assembly was hard,True,C-1221
E-0003791,2023-07-19,Sports,Brand Gamma,Dubai,2,340.66,1,great for training,True,C-304
E-0003792,2024-04-01,Books,Brand Delta,Karachi,3,107.65,1,informative,True,C-774
E-0003793,2024-02-12,Beauty,Brand Delta,Islamabad,3,174.36,2,caused irritation,True,C-706
E-0003794,2023-12-04,Sports,Brand Alpha,London,5,339.25,2,good grip,False,C-1378
E-0003795,2024-02-09,Books,Brand Alpha,Islamabad,5,397.67,1,print quality good,True,C-993
E-0003796,2024-11-08,Sports,Brand Beta,Karachi,3,335.79,1,poor durability,True,C-168
E-0003797,2023-07-11,Books,Brand Gamma,Islamabad,2,368.5,3,boring content,True,C-1159
E-0003798,2024-03-01,Home,Brand Alpha,Karachi,2,266.0,1,would buy again,False,C-409
E-0003799,2024-04-28,Sports,Brand Gamma,New York,4,103.17,3,good grip,True,C-817
E-0003800,2024-03-18,Home,Brand Gamma,London,2,276.27,2,very useful,True,C-722
E-0003801,2024-12-11,Home,Brand Alpha,London,2,355.64,2,very useful,True,C-998
E-0003802,2024-05-27,Sports,Brand Delta,New York,4,199.42,2,good grip,True,C-776
E-0003803,2024-02-18,Clothing,Brand Delta,London,4,236.99,1,too small,True,C-570
E-0003804,2023-09-02,Sports,Brand Beta,London,5,205.4,2,broke after week,False,C-673
E-0003805,2023-08-22,Home,Brand Gamma,London,4,,4,cheap materials,True,C-1073
E-0003806,2023-08-24,Sports,Brand Gamma,London,2,130.3,2,poor durability,True,C-1102
E-0003807,2025-01-17,Sports,Brand Alpha,Lahore,3,65.87,2,broke after week,True,C-634
E-0003808,2024-12-10,Beauty,Brand Alpha,Karachi,5,340.74,5,skin felt great,False,C-203
E-0003809,2025-01-11,Home,Brand Gamma,Lahore,4,41.86,1,assembly was hard,True,C-518
E-0003810,2023-10-14,Books,Brand Delta,Karachi,4,125.79,3,well written,True,C-1223
E-0003811,2023-09-14,Clothing,Brand Alpha,Islamabad,4,337.61,1,great value,True,C-1374
E-0003812,2024-04-11,Clothing,Brand Delta,Lahore,3,360.98,3,color faded after wash,True,C-223
E-0003813,2024-02-26,Beauty,Brand Alpha,Dubai,4,252.13,1,caused irritation,True,C-1215
E-0003814,2023-11-27,Electronics,Brand Alpha,New York,3,296.22,3,highly recommend,True,C-21
E-0003815,2024-06-04,Beauty,Brand Beta,Dubai,3,230.18,1,nice scent,False,C-834
E-0003816,2024-04-27,Books,Brand Gamma,New York,4,193.05,1,print quality good,True,C-1381
E-0003817,2024-04-04,Beauty,Brand Beta,Islamabad,3,10.23,4,caused irritation,True,C-782
E-0003818,2023-10-28,Beauty,Brand Beta,London,4,282.02,3,nice scent,True,C-1264
E-0003819,2024-11-10,Home,Brand Alpha,London,4,167.36,1,assembly was hard,True,C-832
E-0003820,2024-09-18,Electronics,Brand Gamma,Islamabad,3,69.76,2,poor build,True,C-1466
E-0003821,2024-08-06,Books,Brand Beta,Karachi,3,247.49,1,print quality good,True,C-911
E-0003822,2023-09-22,Books,Brand Delta,Islamabad,3,365.69,2,informative,True,C-907
E-0003823,2023-10-27,Books,Brand Delta,Lahore,4,72.21,3,boring content,False,C-203
E-0003824,2024-11-23,Home,Brand Gamma,Islamabad,3,271.41,3,very useful,True,C-1462
E-0003825,2024-05-30,Books,Brand Beta,London,4,14.17,2,boring content,True,C-1179
E-0003826,2024-05-28,Sports,Brand Delta,Islamabad,4,250.31,2,great for training,True,C-179
E-0003827,2023-06-19,Books,Brand Delta,London,3,172.23,1,informative,True,C-39
E-0003828,2023-08-21,Sports,Brand Beta,Dubai,3,175.78,1,broke after week,True,C-690
E-0003829,2024-07-27,Sports,Brand Gamma,Dubai,3,50.81,2,broke after week,True,C-620
E-0003830,2024-03-21,Clothing,Brand Alpha,Dubai,5,183.43,2,,False,C-397
E-0003831,2023-06-18,Beauty,Brand Gamma,Dubai,4,345.03,2,recommend,True,C-295
E-0003832,2024-07-06,Sports,Brand Delta,Dubai,3,,1,good grip,True,C-132
E-0003833,2024-02-02,Sports,Brand Alpha,London,2,101.43,1,good grip,True,C-830
E-0003834,2023-10-10,Sports,Brand Beta,Dubai,4,269.6,1,broke after week,True,C-165
E-0003835,2024-10-02,Books,Brand Delta,Islamabad,5,387.39,2,well written,True,C-461
E-0003836,2024-02-08,Sports,Brand Alpha,Lahore,5,262.43,3,broke after week,True,C-26
E-0003837,2023-06-13,Books,Brand Gamma,Dubai,3,50.82,3,boring content,True,C-468
E-0003838,2024-02-12,Home,Brand Beta,Dubai,4,69.34,3,would buy again,True,C-878
E-0003839,2025-01-07,Electronics,Brand Delta,New York,3,198.43,1,love it,True,C-442
E-0003840,2023-12-07,Clothing,Brand Beta,Lahore,4,167.87,2,comfortable and stylish,True,C-1229
E-0003841,2024-09-03,Beauty,Brand Alpha,Islamabad,4,17.02,2,nice scent,False,C-112
E-0003842,2024-01-17,Sports,Brand Delta,Islamabad,3,253.62,1,good grip,True,C-309
E-0003843,2023-07-04,Electronics,Brand Gamma,New York,5,282.78,2,,True,C-24
E-0003844,2024-10-16,Beauty,Brand Alpha,Lahore,2,69.88,3,caused irritation,False,C-1178
E-0003845,2024-10-02,Home,Brand Delta,Karachi,2,306.29,1,very useful,True,C-589
E-0003846,2023-07-11,Home,Brand Delta,Dubai,2,220.42,5,cheap materials,True,C-439
E-0003847,2023-07-30,Sports,Brand Gamma,Islamabad,4,132.82,3,good grip,True,C-526
E-0003848,2023-09-22,Electronics,Brand Alpha,Lahore,3,322.02,3,average at best,True,C-958
E-0003849,2024-08-08,Sports,Brand Alpha,Lahore,5,245.03,1,poor durability,True,C-827
E-0003850,2024-09-20,Electronics,Brand Delta,Islamabad,3,158.99,2,love it,True,C-354
E-0003851,2024-05-03,Beauty,Brand Gamma,Lahore,2,112.73,2,nice scent,True,C-854
E-0003852,2024-07-15,Sports,Brand Delta,Lahore,2,162.9,2,great for training,True,C-1207
E-0003853,2024-02-17,Electronics,Brand Gamma,Karachi,4,202.19,1,love it,True,C-1452
E-0003854,2023-12-23,Beauty,Brand Beta,Islamabad,4,362.55,3,too expensive,True,C-371
E-0003855,2024-01-10,Home,Brand Beta,Karachi,4,293.37,1,would buy again,True,C-584
E-0003856,2023-06-22,Home,Brand Delta,Islamabad,2,155.49,2,looks premium,True,C-1329
E-0003857,2024-12-11,Electronics,Brand Delta,Islamabad,3,14.24,1,disappointed with durability,True,C-728
E-0003858,2024-04-10,Home,Brand Alpha,Karachi,5,131.46,1,cheap materials,True,C-897
E-0003859,2023-07-11,Beauty,Brand Alpha,New York,3,307.38,2,nice scent,True,C-1032
E-0003860,2024-11-01,Books,Brand Alpha,New York,3,218.11,3,well written,True,C-1459
E-0003861,2024-03-31,Electronics,Brand Alpha,Lahore,3,163.09,1,,True,C-486
E-0003862,2024-01-26,Home,Brand Beta,Islamabad,3,192.03,2,looks premium,True,C-880
E-0003863,2023-07-11,Sports,Brand Gamma,New York,3,92.3,2,poor durability,True,C-539
E-0003864,2024-02-16,Electronics,Brand Gamma,Lahore,4,321.15,1,disappointed with durability,True,C-1450
E-0003865,2023-07-10,Home,Brand Alpha,Lahore,4,,3,very useful,True,C-1034
E-0003866,2024-09-24,Clothing,Brand Delta,Dubai,4,48.15,2,color faded after wash,True,C-375
E-0003867,2024-07-13,Clothing,Brand Alpha,Islamabad,3,115.07,2,seams came apart,True,C-115
E-0003868,2024-10-13,Beauty,Brand Alpha,Islamabad,3,353.54,1,caused irritation,True,C-364
E-0003869,2024-02-18,Beauty,Brand Delta,London,2,295.52,4,recommend,True,C-715
E-0003870,2024-07-28,Sports,Brand Gamma,New York,5,155.26,5,poor durability,True,C-1168
E-0003871,2024-12-11,Clothing,Brand Beta,London,3,384.39,1,fits perfectly,False,C-98
E-0003872,2023-08-05,Sports,Brand Delta,Islamabad,3,84.7,1,great for training,False,C-475
E-0003873,2025-01-10,Electronics,Brand Beta,New York,5,67.78,1,disappointed with durability,True,C-794
E-0003874,2023-10-14,Home,Brand Alpha,Karachi,5,299.85,2,assembly was hard,True,C-961
E-0003875,2024-02-18,Clothing,Brand Alpha,Lahore,2,104.42,1,fits perfectly,True,C-1146
E-0003876,2024-06-20,Clothing,Brand Delta,London,3,128.06,3,too small,True,C-74
E-0003877,2024-12-26,Clothing,Brand Delta,London,3,393.87,1,nice fabric,False,C-747
E-0003878,2024-03-17,Electronics,Brand Gamma,Dubai,4,31.78,2,poor build,True,C-245
E-0003879,2024-01-24,Clothing,Brand Beta,Lahore,4,294.32,1,seams came apart,True,C-375
E-0003880,2024-07-14,Beauty,Brand Alpha,London,3,185.85,2,recommend,True,C-1444
E-0003881,2024-06-26,Beauty,Brand Gamma,London,3,99.52,1,recommend,True,C-320
E-0003882,2024-08-09,Books,Brand Delta,New York,4,77.36,1,well written,True,C-135
E-0003883,2024-06-25,Electronics,Brand Beta,Karachi,4,304.91,3,highly recommend,True,C-545
E-0003884,2023-10-18,Books,Brand Beta,New York,4,86.61,2,fast delivery,True,C-480
E-0003885,2023-10-10,Beauty,Brand Gamma,London,3,317.03,1,recommend,False,C-195
E-0003886,2024-09-05,Home,Brand Alpha,Dubai,2,296.59,5,,True,C-1135
E-0003887,2024-10-30,Home,Brand Delta,Dubai,3,250.28,2,assembly was hard,True,C-1117
E-0003888,2024-06-08,Home,Brand Alpha,Karachi,5,44.62,4,very useful,False,C-398
E-0003889,2024-11-08,Beauty,Brand Alpha,Karachi,3,187.64,5,recommend,True,C-839
E-0003890,2024-06-28,Clothing,Brand Beta,Lahore,4,299.48,2,fits perfectly,True,C-1282
E-0003891,2024-12-18,Beauty,Brand Alpha,New York,3,390.69,1,too expensive,True,C-414
E-0003892,2024-10-16,Home,Brand Delta,Lahore,2,344.72,2,would buy again,True,C-654
E-0003893,2024-05-15,Home,Brand Alpha,Dubai,3,179.1,1,cheap materials,True,C-124
E-0003894,2023-10-05,Electronics,Brand Beta,New York,4,178.05,1,works great,True,C-646
E-0003895,2024-01-26,Books,Brand Delta,New York,3,276.25,3,boring content,False,C-410
E-0003896,2024-01-04,Beauty,Brand Beta,New York,3,378.99,2,too expensive,False,C-152
E-0003897,2024-11-15,Beauty,Brand Delta,Islamabad,3,231.18,4,nice scent,True,C-1227
E-0003898,2024-05-31,Home,Brand Beta,Lahore,4,373.29,1,very useful,True,C-1347
E-0003899,2024-07-08,Electronics,Brand Gamma,London,4,311.0,1,average at best,True,C-716
E-0003900,2023-08-11,Books,Brand Gamma,Islamabad,4,233.26,2,fast delivery,True,C-798
E-0003901,2023-09-28,Home,Brand Beta,London,3,351.89,2,would buy again,True,C-951
E-0003902,2024-03-25,Sports,Brand Beta,New York,3,32.24,2,poor durability,True,C-664
E-0003903,2024-08-01,Sports,Brand Gamma,Karachi,4,313.31,4,good grip,True,C-1158
E-0003904,2023-07-23,Books,Brand Delta,Lahore,3,237.48,1,informative,True,C-1414
E-0003905,2024-01-28,Electronics,Brand Beta,Dubai,5,340.24,3,average at best,False,C-1489
E-0003906,2024-09-30,Electronics,Brand Gamma,New York,4,385.68,2,battery dies fast,True,C-1164
E-0003907,2024-01-27,Clothing,Brand Alpha,Dubai,4,126.61,2,nice fabric,True,C-489
E-0003908,2024-04-04,Clothing,Brand Gamma,Lahore,5,249.8,2,seams came apart,True,C-623
E-0003909,2024-06-08,Books,Brand Gamma,Dubai,4,30.42,4,well written,True,C-330
E-0003910,2024-07-30,Electronics,Brand Beta,Karachi,3,138.2,1,battery dies fast,True,C-818
E-0003911,2024-06-06,Books,Brand Gamma,Lahore,3,74.62,3,print quality good,True,C-703
E-0003912,2023-12-05,Books,Brand Gamma,New York,3,278.15,2,informative,True,C-1376
E-0003913,2024-09-23,Electronics,Brand Gamma,Dubai,4,166.95,2,battery dies fast,True,C-1416
E-0003914,2025-01-17,Home,Brand Delta,Dubai,4,110.31,2,very useful,True,C-1490
E-0003915,2023-07-07,Books,Brand Gamma,Dubai,3,177.99,2,well written,True,C-1342
E-0003916,2023-09-05,Home,Brand Delta,New York,2,169.71,3,would buy again,True,C-956
E-0003917,2024-02-24,Sports,Brand Gamma,Dubai,3,58.74,2,great for training,True,C-1040
E-0003918,2024-09-01,Electronics,Brand Beta,Islamabad,3,205.3,2,highly recommend,True,C-929
E-0003919,2023-07-23,Beauty,Brand Delta,Karachi,5,171.7,2,nice scent,True,C-225
E-0003920,2023-09-24,Electronics,Brand Alpha,Lahore,3,194.47,1,battery dies fast,True,C-1310
E-0003921,2024-06-12,Clothing,Brand Delta,Islamabad,2,184.28,4,too small,True,C-675
E-0003922,2023-06-05,Beauty,Brand Beta,Lahore,4,267.41,2,nice scent,True,C-974
E-0003923,2023-08-16,Books,Brand Delta,Karachi,4,322.46,2,boring content,True,C-1421
E-0003924,2024-07-23,Sports,Brand Gamma,New York,3,15.75,1,broke after week,True,C-145
E-0003925,2024-06-26,Electronics,Brand Alpha,Karachi,4,140.23,1,average at best,False,C-609
E-0003926,2024-10-18,Clothing,Brand Alpha,Dubai,4,374.01,1,great value,True,C-1009
E-0003927,2024-06-05,Home,Brand Gamma,Karachi,5,210.12,4,cheap materials,True,C-383
E-0003928,2024-11-14,Beauty,Brand Alpha,Dubai,4,37.45,4,skin felt great,True,C-862
E-0003929,2023-08-17,Home,Brand Delta,Dubai,4,273.32,2,very useful,True,C-552
E-0003930,2024-08-13,Books,Brand Alpha,Lahore,4,357.78,3,print quality good,True,C-1076
E-0003931,2023-12-26,Sports,Brand Delta,Islamabad,3,246.18,3,poor durability,True,C-1482
E-0003932,2024-01-11,Sports,Brand Beta,Dubai,5,277.67,2,great for training,True,C-819
E-0003933,2024-11-05,Beauty,Brand Delta,New York,3,22.3,1,too expensive,True,C-1459
E-0003934,2024-01-27,Clothing,Brand Delta,New York,2,290.08,1,color faded after wash,True,C-983
E-0003935,2024-06-05,Clothing,Brand Beta,Dubai,3,266.32,3,great value,True,C-876
E-0003936,2024-02-08,Clothing,Brand Delta,Islamabad,4,274.03,2,too small,True,C-848
E-0003937,2024-02-14,Home,Brand Gamma,Islamabad,4,152.23,2,looks premium,True,C-1394
E-0003938,2023-07-22,Sports,Brand Delta,London,3,376.94,1,broke after week,False,C-134
E-0003939,2024-04-19,Home,Brand Delta,Dubai,1,100.16,2,would buy again,True,C-703
E-0003940,2023-06-15,Beauty,Brand Alpha,Lahore,3,285.55,1,too expensive,True,C-361
E-0003941,2024-06-03,Home,Brand Beta,London,3,193.12,1,would buy again,True,C-526
E-0003942,2023-06-30,Sports,Brand Alpha,New York,3,312.96,1,poor durability,True,C-1373
E-0003943,2024-11-13,Home,Brand Gamma,Islamabad,3,270.55,1,assembly was hard,True,C-1471
E-0003944,2023-08-22,Books,Brand Gamma,Lahore,5,293.9,1,print quality good,True,C-898
E-0003945,2023-09-02,Beauty,Brand Gamma,Islamabad,3,301.93,2,skin felt great,True,C-1002
E-0003946,2023-12-29,Home,Brand Delta,Karachi,4,287.48,3,assembly was hard,True,C-908
E-0003947,2024-03-06,Electronics,Brand Delta,Lahore,3,173.04,1,love it,True,C-910
E-0003948,2024-06-23,Clothing,Brand Delta,Karachi,3,182.93,3,color faded after wash,True,C-63
E-0003949,2024-09-25,Sports,Brand Delta,Lahore,3,260.38,1,poor durability,False,C-465
E-0003950,2024-07-21,Beauty,Brand Beta,Dubai,5,354.65,5,recommend,True,C-50
E-0003951,2023-10-21,Clothing,Brand Alpha,Lahore,5,223.01,2,color faded after wash,True,C-829
E-0003952,2024-12-15,Electronics,Brand Gamma,London,4,30.29,1,highly recommend,True,C-942
E-0003953,2024-12-27,Books,Brand Delta,Karachi,2,322.06,1,well written,False,C-635
E-0003954,2024-03-12,Beauty,Brand Gamma,New York,3,209.42,1,nice scent,False,C-1094
E-0003955,2024-11-07,Books,Brand Beta,Karachi,4,56.17,2,boring content,False,C-1035
E-0003956,2024-10-22,Clothing,Brand Gamma,London,2,14.02,3,too small,True,C-1148
E-0003957,2024-12-02,Electronics,Brand Delta,Islamabad,4,229.19,3,highly recommend,True,C-6
E-0003958,2024-07-14,Beauty,Brand Gamma,Islamabad,4,316.14,2,recommend,True,C-628
E-0003959,2024-10-26,Books,Brand Alpha,New York,4,133.51,1,print quality good,True,C-822
E-0003960,2024-11-06,Electronics,Brand Alpha,Dubai,5,194.83,4,works great,False,C-1163
E-0003961,2023-10-06,Home,Brand Alpha,Dubai,5,102.03,3,very useful,True,C-1093
E-0003962,2024-06-21,Electronics,Brand Alpha,Karachi,2,92.04,2,disappointed with durability,True,C-900
E-0003963,2024-08-23,Clothing,Brand Beta,Lahore,2,274.02,1,color faded after wash,True,C-111
E-0003964,2023-06-13,Books,Brand Beta,Dubai,3,62.48,3,well written,False,C-82
E-0003965,2024-04-20,Sports,Brand Alpha,New York,3,118.8,1,good grip,False,C-315
E-0003966,2024-10-15,Books,Brand Delta,Dubai,4,,2,informative,True,C-307
E-0003967,2024-05-15,Books,Brand Beta,Karachi,4,,2,informative,False,C-214
E-0003968,2024-04-21,Electronics,Brand Gamma,Karachi,5,61.87,1,,True,C-1189
E-0003969,2024-10-27,Home,Brand Delta,New York,3,256.0,1,very useful,True,C-556
E-0003970,2024-04-17,Beauty,Brand Alpha,Lahore,5,17.99,2,recommend,False,C-1062
E-0003971,2023-11-11,Books,Brand Gamma,London,3,358.38,3,print quality good,True,C-782
E-0003972,2024-08-25,Home,Brand Beta,London,2,341.2,2,very useful,True,C-954
E-0003973,2024-04-26,Beauty,Brand Beta,Lahore,3,75.06,2,caused irritation,True,C-593
E-0003974,2024-01-19,Clothing,Brand Beta,Islamabad,4,78.6,2,fits perfectly,False,C-902
E-0003975,2024-06-30,Beauty,Brand Beta,Lahore,2,276.09,1,recommend,True,C-351
E-0003976,2023-12-20,Sports,Brand Alpha,Islamabad,3,314.43,4,good grip,False,C-904
E-0003977,2024-11-12,Books,Brand Beta,London,4,312.25,2,informative,True,C-1367
E-0003978,2024-03-15,Home,Brand Alpha,Karachi,4,113.84,1,cheap materials,True,C-1283
E-0003979,2023-07-19,Sports,Brand Delta,Dubai,4,347.75,2,good grip,True,C-166
E-0003980,2024-05-06,Sports,Brand Gamma,Islamabad,3,176.75,1,great for training,True,C-27
E-0003981,2023-12-03,Books,Brand Delta,Islamabad,2,92.29,2,fast delivery,True,C-867
E-0003982,2024-04-11,Books,Brand Gamma,Dubai,3,113.24,2,fast delivery,True,C-218
E-0003983,2023-09-14,Electronics,Brand Beta,Islamabad,5,128.7,1,works great,True,C-457
E-0003984,2024-01-23,Home,Brand Delta,London,4,254.03,1,cheap materials,True,C-21
E-0003985,2024-09-15,Books,Brand Beta,New York,2,306.38,2,boring content,True,C-577
E-0003986,2024-02-15,Books,Brand Gamma,London,5,394.98,2,print quality good,True,C-8
E-0003987,2023-08-08,Sports,Brand Beta,New York,2,138.47,2,poor durability,False,C-747
E-0003988,2024-08-20,Electronics,Brand Delta,Lahore,2,105.27,1,highly recommend,True,C-1005
E-0003989,2024-03-08,Clothing,Brand Alpha,Dubai,3,12.82,1,great value,True,C-706
E-0003990,2023-10-19,Electronics,Brand Gamma,New York,2,119.82,1,average at best,True,C-208
E-0003991,2024-06-02,Beauty,Brand Alpha,Islamabad,3,,1,nice scent,True,C-211
E-0003992,2025-01-05,Sports,Brand Alpha,London,3,272.54,1,broke after week,True,C-1176
E-0003993,2024-11-28,Home,Brand Delta,New York,1,92.66,3,assembly was hard,True,C-191
E-0003994,2024-11-05,Home,Brand Beta,Islamabad,3,231.95,2,would buy again,True,C-1279
E-0003995,2024-06-01,Home,Brand Beta,Lahore,5,283.9,1,would buy again,True,C-528
E-0003996,2024-06-15,Home,Brand Gamma,London,4,258.74,1,cheap materials,True,C-1109
E-0003997,2023-10-06,Home,Brand Alpha,Dubai,4,306.89,2,very useful,True,C-728
E-0003998,2023-10-01,Books,Brand Gamma,Karachi,3,103.34,1,fast delivery,True,C-138
E-0003999,2024-03-25,Home,Brand Alpha,Islamabad,4,160.35,2,assembly was hard,True,C-912
E-0004000,2024-08-13,Electronics,Brand Gamma,Dubai,4,280.77,1,average at best,True,C-770
E-0004001,2023-10-14,Electronics,Brand Delta,Dubai,4,,1,works great,True,C-204
E-0004002,2023-09-23,Home,Brand Delta,London,2,237.86,1,cheap materials,True,C-983
E-0004003,2023-06-29,Beauty,Brand Delta,New York,4,165.99,1,,True,C-547
E-0004004,2023-12-20,Beauty,Brand Gamma,Islamabad,4,19.09,3,recommend,True,C-142
E-0004005,2024-11-08,Sports,Brand Alpha,London,2,135.36,3,good grip,True,C-429
E-0004006,2024-11-30,Home,Brand Beta,London,5,24.64,2,would buy again,False,C-733
E-0004007,2023-07-09,Books,Brand Delta,Karachi,4,308.0,2,fast delivery,False,C-450
E-0004008,2023-10-25,Clothing,Brand Beta,Islamabad,5,386.68,1,seams came apart,True,C-580
E-0004009,2024-07-14,Clothing,Brand Beta,Karachi,3,287.39,2,great value,True,C-890
E-0004010,2023-07-15,Sports,Brand Beta,Lahore,5,120.31,4,poor durability,True,C-801
E-0004011,2023-12-24,Books,Brand Beta,Dubai,4,52.39,4,fast delivery,True,C-1499
E-0004012,2024-08-27,Beauty,Brand Beta,London,2,,1,recommend,True,C-1309
E-0004013,2024-11-04,Sports,Brand Beta,Karachi,4,252.61,1,great for training,False,C-211
E-0004014,2024-10-19,Electronics,Brand Delta,Karachi,4,217.27,2,,True,C-83
E-0004015,2024-08-12,Home,Brand Delta,Dubai,2,25.44,1,assembly was hard,True,C-1328
E-0004016,2023-11-17,Home,Brand Beta,Islamabad,5,363.98,3,,True,C-262
E-0004017,2024-02-17,Books,Brand Beta,Islamabad,4,116.07,3,fast delivery,True,C-1405
E-0004018,2024-09-15,Books,Brand Gamma,London,3,247.5,1,informative,True,C-1468
E-0004019,2023-06-23,Home,Brand Delta,Islamabad,2,270.08,3,looks premium,False,C-231
E-0004020,2023-07-21,Sports,Brand Beta,London,4,205.79,2,great for training,True,C-432
E-0004021,2023-08-04,Beauty,Brand Alpha,Dubai,3,141.87,2,skin felt great,True,C-855
E-0004022,2024-08-01,Electronics,Brand Gamma,Lahore,2,46.9,1,highly recommend,True,C-1369
E-0004023,2024-02-29,Beauty,Brand Delta,Karachi,5,264.66,2,nice scent,True,C-667
E-0004024,2024-01-05,Home,Brand Beta,Lahore,4,328.24,3,assembly was hard,True,C-538
E-0004025,2024-12-11,Home,Brand Beta,London,2,368.57,1,cheap materials,True,C-86
E-0004026,2023-12-13,Books,Brand Delta,Lahore,3,120.76,3,informative,True,C-1086
E-0004027,2024-08-17,Books,Brand Beta,Karachi,3,321.32,3,print quality good,True,C-707
E-0004028,2024-08-17,Beauty,Brand Gamma,Dubai,3,129.74,1,skin felt great,True,C-709
E-0004029,2023-12-30,Clothing,Brand Alpha,Karachi,4,192.68,3,color faded after wash,True,C-1389
E-0004030,2024-08-21,Beauty,Brand Delta,Islamabad,5,23.03,1,recommend,True,C-1132
E-0004031,2023-06-15,Books,Brand Beta,Dubai,1,138.99,2,informative,True,C-840
E-0004032,2024-04-24,Home,Brand Alpha,Karachi,3,336.32,4,would buy again,False,C-801
E-0004033,2024-10-30,Clothing,Brand Beta,New York,3,202.88,1,too small,True,C-753
E-0004034,2024-04-23,Home,Brand Gamma,Dubai,5,282.51,2,would buy again,True,C-705
E-0004035,2024-06-04,Clothing,Brand Alpha,Islamabad,5,90.03,3,nice fabric,True,C-481
E-0004036,2023-08-16,Home,Brand Gamma,Karachi,2,45.61,2,assembly was hard,True,C-1270
E-0004037,2023-08-26,Home,Brand Delta,London,4,370.46,2,very useful,False,C-1419
E-0004038,2023-08-07,Books,Brand Delta,Karachi,3,343.52,2,well written,True,C-908
E-0004039,2024-02-16,Electronics,Brand Gamma,New York,2,315.72,3,average at best,True,C-686
E-0004040,2024-12-05,Books,Brand Beta,London,4,236.16,2,informative,True,C-346
E-0004041,2024-06-04,Electronics,Brand Delta,Dubai,3,394.27,3,works great,True,C-956
E-0004042,2024-03-09,Clothing,Brand Delta,Karachi,3,261.6,1,too small,True,C-1032
E-0004043,2024-05-26,Beauty,Brand Delta,London,3,151.38,2,skin felt great,True,C-749
E-0004044,2023-07-24,Books,Brand Gamma,Islamabad,4,132.73,4,informative,False,C-1071
E-0004045,2023-09-15,Books,Brand Beta,London,5,91.68,2,well written,True,C-1496
E-0004046,2023-06-03,Electronics,Brand Alpha,Karachi,3,174.54,1,works great,True,C-753
E-0004047,2024-12-31,Electronics,Brand Beta,Islamabad,1,39.31,3,average at best,True,C-1381
E-0004048,2024-10-06,Home,Brand Gamma,Islamabad,4,27.29,3,assembly was hard,True,C-1393
E-0004049,2023-06-03,Electronics,Brand Gamma,Islamabad,3,155.45,4,excellent quality,True,C-1347
E-0004050,2024-04-17,Home,Brand Delta,London,4,396.44,3,cheap materials,True,C-363
E-0004051,2023-12-04,Books,Brand Gamma,Dubai,1,345.0,4,fast delivery,True,C-880
E-0004052,2023-09-23,Electronics,Brand Beta,Lahore,1,313.0,1,disappointed with durability,True,C-1111
E-0004053,2023-09-10,Sports,Brand Beta,London,5,251.88,1,great for training,True,C-913
E-0004054,2023-10-12,Books,Brand Beta,Lahore,2,85.14,1,informative,True,C-553
E-0004055,2024-12-10,Home,Brand Beta,Dubai,5,395.03,1,looks premium,False,C-751
E-0004056,2024-01-14,Beauty,Brand Gamma,New York,4,209.25,3,too expensive,True,C-1043
E-0004057,2024-08-13,Clothing,Brand Delta,New York,2,384.65,1,seams came apart,True,C-338
E-0004058,2024-10-27,Sports,Brand Beta,Lahore,4,352.69,2,good grip,True,C-1161
E-0004059,2024-12-02,Books,Brand Alpha,Lahore,5,35.63,1,well written,True,C-774
E-0004060,2024-05-26,Books,Brand Gamma,London,3,227.5,1,informative,True,C-699
E-0004061,2023-06-06,Beauty,Brand Delta,Dubai,3,262.35,4,too expensive,True,C-412
E-0004062,2024-05-07,Clothing,Brand Delta,Karachi,3,219.62,1,fits perfectly,True,C-1129
E-0004063,2023-10-05,Home,Brand Delta,London,3,247.77,1,cheap materials,True,C-180
E-0004064,2023-07-20,Electronics,Brand Beta,Dubai,3,373.79,2,poor build,True,C-1421
E-0004065,2024-05-07,Clothing,Brand Beta,Karachi,4,278.59,1,too small,True,C-457
E-0004066,2024-12-26,Electronics,Brand Beta,Islamabad,3,211.24,2,average at best,True,C-457
E-0004067,2024-11-11,Books,Brand Gamma,Lahore,5,396.47,2,print quality good,True,C-1161
E-0004068,2024-05-11,Books,Brand Gamma,Lahore,2,268.0,1,informative,True,C-810
E-0004069,2024-12-06,Electronics,Brand Gamma,Dubai,4,41.71,4,poor build,True,C-1267
E-0004070,2024-11-18,Beauty,Brand Beta,London,5,259.19,3,caused irritation,True,C-274
E-0004071,2024-12-15,Electronics,Brand Alpha,London,3,372.49,1,poor build,True,C-287
E-0004072,2024-09-15,Sports,Brand Alpha,Lahore,3,182.16,1,great for training,True,C-186
E-0004073,2024-06-30,Home,Brand Delta,Karachi,4,263.14,1,would buy again,True,C-1323
E-0004074,2023-09-28,Books,Brand Alpha,Dubai,4,301.7,1,informative,True,C-1312
E-0004075,2023-12-01,Beauty,Brand Delta,Islamabad,3,243.05,2,skin felt great,True,C-1326
E-0004076,2023-11-27,Books,Brand Beta,Dubai,5,147.34,2,fast delivery,True,C-1328
E-0004077,2024-03-02,Beauty,Brand Delta,New York,5,151.08,3,,True,C-93
E-0004078,2024-10-19,Beauty,Brand Alpha,Islamabad,5,312.17,1,skin felt great,True,C-623
E-0004079,2023-08-24,Clothing,Brand Alpha,Karachi,3,152.31,1,color faded after wash,False,C-890
E-0004080,2024-03-27,Beauty,Brand Gamma,London,2,135.83,3,recommend,False,C-478
E-0004081,2024-05-14,Home,Brand Gamma,Karachi,3,137.65,3,very useful,True,C-1080
E-0004082,2024-03-11,Electronics,Brand Delta,London,3,308.19,2,highly recommend,False,C-1451
E-0004083,2023-11-09,Home,Brand Delta,Islamabad,3,347.78,2,very useful,True,C-657
E-0004084,2023-09-20,Beauty,Brand Alpha,London,3,296.69,1,skin felt great,True,C-756
E-0004085,2024-03-27,Books,Brand Alpha,Lahore,1,75.65,2,print quality good,True,C-1034
E-0004086,2023-12-10,Sports,Brand Beta,Dubai,2,294.83,2,good grip,False,C-1391
E-0004087,2024-11-05,Electronics,Brand Gamma,Islamabad,4,21.18,3,works great,False,C-250
E-0004088,2023-08-08,Books,Brand Alpha,Karachi,3,17.52,1,boring content,True,C-1426
E-0004089,2023-10-22,Beauty,Brand Delta,Karachi,1,375.35,2,too expensive,False,C-100
E-0004090,2024-12-03,Beauty,Brand Alpha,New York,3,74.87,3,recommend,True,C-788
E-0004091,2024-09-11,Electronics,Brand Gamma,Dubai,4,323.69,2,highly recommend,True,C-673
E-0004092,2023-08-13,Beauty,Brand Gamma,Dubai,4,182.65,1,caused irritation,True,C-32
E-0004093,2024-04-27,Beauty,Brand Alpha,Dubai,3,247.33,2,skin felt great,True,C-833
E-0004094,2025-01-11,Clothing,Brand Alpha,Dubai,5,142.04,4,color faded after wash,True,C-1375
E-0004095,2024-10-27,Books,Brand Beta,Dubai,3,378.28,1,print quality good,True,C-1388
E-0004096,2024-02-17,Clothing,Brand Beta,Dubai,3,360.19,3,seams came apart,True,C-891
E-0004097,2023-09-16,Sports,Brand Gamma,Karachi,2,257.5,1,great for training,True,C-1226
E-0004098,2025-01-06,Beauty,Brand Delta,Karachi,3,222.52,1,nice scent,True,C-1026
E-0004099,2024-05-29,Books,Brand Gamma,Lahore,2,330.65,2,well written,True,C-612
E-0004100,2024-08-09,Home,Brand Gamma,Dubai,3,324.38,2,cheap materials,True,C-94
E-0004101,2023-11-29,Beauty,Brand Beta,New York,4,143.63,1,recommend,True,C-755
E-0004102,2023-07-28,Books,Brand Beta,London,2,31.27,1,fast delivery,True,C-423
E-0004103,2024-12-11,Books,Brand Beta,London,5,354.0,1,boring content,True,C-710
E-0004104,2024-02-08,Clothing,Brand Delta,Karachi,2,378.25,2,great value,True,C-1218
E-0004105,2023-11-12,Books,Brand Beta,Islamabad,3,36.71,1,informative,True,C-1295
E-0004106,2023-11-05,Beauty,Brand Beta,Lahore,4,202.01,4,too expensive,False,C-955
E-0004107,2024-04-09,Books,Brand Delta,London,1,84.66,3,fast delivery,False,C-868
E-0004108,2024-09-13,Sports,Brand Alpha,Karachi,1,139.25,1,great for training,False,C-274
E-0004109,2023-08-07,Home,Brand Alpha,Dubai,4,194.48,3,would buy again,True,C-44
E-0004110,2023-12-25,Clothing,Brand Alpha,Dubai,3,141.38,2,nice fabric,True,C-970
E-0004111,2024-10-13,Home,Brand Gamma,Karachi,1,342.09,3,looks premium,True,C-820
E-0004112,2024-07-06,Beauty,Brand Delta,Dubai,3,289.58,2,too expensive,True,C-514
E-0004113,2023-08-30,Electronics,Brand Beta,Lahore,3,83.25,1,battery dies fast,True,C-886
E-0004114,2023-06-27,Home,Brand Delta,London,2,157.67,1,very useful,True,C-1246
E-0004115,2024-09-26,Beauty,Brand Beta,Karachi,4,258.53,2,caused irritation,True,C-1265
E-0004116,2023-07-01,Home,Brand Gamma,Dubai,4,128.89,1,looks premium,False,C-726
E-0004117,2024-01-30,Clothing,Brand Delta,London,3,24.55,3,comfortable and stylish,True,C-608
E-0004118,2024-06-17,Home,Brand Delta,New York,4,,1,would buy again,True,C-1244
E-0004119,2024-03-25,Sports,Brand Alpha,Karachi,4,,4,good grip,True,C-1382
E-0004120,2023-06-19,Clothing,Brand Delta,London,3,172.36,4,great value,True,C-828
E-0004121,2023-10-19,Electronics,Brand Delta,London,2,313.55,1,poor build,False,C-842
E-0004122,2023-10-20,Beauty,Brand Gamma,New York,3,318.96,2,caused irritation,False,C-5
E-0004123,2024-07-13,Beauty,Brand Alpha,Lahore,3,15.31,2,nice scent,True,C-236
E-0004124,2023-08-19,Sports,Brand Beta,Karachi,2,306.9,1,broke after week,True,C-262
E-0004125,2023-06-28,Home,Brand Beta,London,4,80.44,2,would buy again,True,C-27
E-0004126,2024-10-25,Clothing,Brand Beta,New York,4,213.15,2,color faded after wash,True,C-912
E-0004127,2024-02-09,Books,Brand Gamma,London,4,297.25,3,print quality good,False,C-977
E-0004128,2025-01-05,Sports,Brand Beta,New York,3,125.74,2,good grip,True,C-960
E-0004129,2024-08-23,Sports,Brand Alpha,London,4,277.68,2,,True,C-1288
E-0004130,2024-08-02,Clothing,Brand Alpha,Islamabad,1,33.25,2,fits perfectly,True,C-905
E-0004131,2024-11-09,Beauty,Brand Delta,Dubai,4,51.71,1,nice scent,True,C-599
E-0004132,2023-10-22,Electronics,Brand Gamma,New York,4,58.83,3,poor build,True,C-62
E-0004133,2024-04-23,Books,Brand Alpha,Dubai,3,386.02,1,boring content,True,C-212
E-0004134,2024-05-30,Electronics,Brand Alpha,London,3,68.07,1,excellent quality,True,C-1468
E-0004135,2024-03-20,Electronics,Brand Alpha,Karachi,4,183.84,3,love it,True,C-2
E-0004136,2024-07-13,Electronics,Brand Gamma,Dubai,3,321.54,1,average at best,True,C-983
E-0004137,2024-03-25,Sports,Brand Alpha,London,4,332.21,1,broke after week,True,C-98
E-0004138,2024-07-30,Electronics,Brand Alpha,New York,3,237.1,2,average at best,True,C-1004
E-0004139,2024-05-25,Beauty,Brand Alpha,Karachi,2,398.89,3,nice scent,False,C-659
E-0004140,2023-11-30,Books,Brand Beta,Karachi,4,389.43,1,print quality good,True,C-1440
E-0004141,2024-08-23,Electronics,Brand Delta,New York,4,230.71,1,works great,True,C-970
E-0004142,2024-10-16,Books,Brand Alpha,Dubai,2,32.89,2,well written,True,C-122
E-0004143,2024-05-25,Sports,Brand Delta,New York,4,261.75,2,broke after week,True,C-1175
E-0004144,2024-11-04,Books,Brand Delta,Lahore,4,384.24,1,print quality good,True,C-1057
E-0004145,2024-04-25,Books,Brand Gamma,New York,5,179.11,2,boring content,True,C-456
E-0004146,2024-06-03,Electronics,Brand Beta,Karachi,2,25.99,2,excellent quality,True,C-1323
E-0004147,2024-05-02,Books,Brand Delta,London,4,,3,boring content,True,C-611
E-0004148,2024-03-18,Beauty,Brand Beta,Lahore,5,126.05,3,skin felt great,True,C-1310
E-0004149,2024-08-05,Electronics,Brand Delta,London,3,364.65,3,average at best,True,C-488
E-0004150,2024-07-25,Electronics,Brand Delta,Islamabad,1,331.33,1,works great,True,C-884
E-0004151,2024-07-29,Beauty,Brand Delta,Lahore,4,277.49,2,caused irritation,True,C-192
E-0004152,2024-08-29,Clothing,Brand Alpha,Lahore,3,10.25,3,too small,False,C-606
E-0004153,2024-09-17,Books,Brand Delta,Lahore,3,251.36,4,boring content,True,C-211
E-0004154,2024-05-02,Electronics,Brand Gamma,Islamabad,4,24.46,1,disappointed with durability,True,C-892
E-0004155,2024-12-20,Home,Brand Alpha,Karachi,1,328.19,1,looks premium,False,C-594
E-0004156,2024-01-25,Beauty,Brand Delta,New York,4,27.56,2,nice scent,True,C-477
E-0004157,2024-10-08,Electronics,Brand Alpha,Dubai,5,29.2,3,average at best,True,C-437
E-0004158,2024-09-14,Clothing,Brand Beta,Islamabad,4,306.43,1,great value,True,C-63
E-0004159,2024-10-21,Beauty,Brand Alpha,Islamabad,5,344.01,4,caused irritation,True,C-1383
E-0004160,2023-09-19,Home,Brand Alpha,New York,4,119.86,2,looks premium,True,C-575
E-0004161,2024-03-18,Clothing,Brand Gamma,Dubai,4,382.64,4,seams came apart,False,C-564
E-0004162,2024-10-28,Books,Brand Alpha,Islamabad,3,265.02,4,informative,True,C-962
E-0004163,2024-12-20,Home,Brand Alpha,Karachi,4,80.17,2,very useful,True,C-344
E-0004164,2024-01-03,Clothing,Brand Delta,New York,4,288.53,1,seams came apart,False,C-52
E-0004165,2024-12-21,Beauty,Brand Beta,Islamabad,3,114.96,1,too expensive,True,C-1366
E-0004166,2023-10-12,Sports,Brand Delta,Islamabad,3,140.1,2,broke after week,False,C-1202
E-0004167,2024-01-02,Books,Brand Gamma,New York,4,128.55,1,print quality good,True,C-111
E-0004168,2024-04-30,Sports,Brand Delta,Lahore,3,226.69,2,great for training,True,C-950
E-0004169,2023-08-01,Beauty,Brand Beta,Karachi,4,347.71,2,skin felt great,True,C-1295
E-0004170,2023-10-28,Home,Brand Beta,New York,3,303.63,1,assembly was hard,True,C-1237
E-0004171,2024-01-18,Sports,Brand Alpha,Lahore,4,82.18,1,great for training,True,C-1059
E-0004172,2023-10-16,Clothing,Brand Gamma,Dubai,2,103.94,1,color faded after wash,True,C-872
E-0004173,2023-08-06,Sports,Brand Alpha,Karachi,4,269.46,4,poor durability,True,C-220
E-0004174,2023-10-20,Beauty,Brand Delta,Lahore,5,290.17,2,too expensive,True,C-170
E-0004175,2023-08-24,Clothing,Brand Delta,New York,4,399.43,2,nice fabric,True,C-1093
E-0004176,2025-01-07,Home,Brand Gamma,Karachi,2,22.08,3,cheap materials,True,C-155
E-0004177,2023-12-28,Books,Brand Delta,New York,5,84.23,1,fast delivery,True,C-721
E-0004178,2024-02-28,Books,Brand Gamma,Islamabad,3,31.98,2,fast delivery,False,C-669
E-0004179,2024-04-12,Books,Brand Alpha,New York,1,192.24,1,well written,True,C-1016
E-0004180,2024-12-25,Clothing,Brand Alpha,Dubai,2,125.5,2,fits perfectly,True,C-966
E-0004181,2024-02-08,Electronics,Brand Delta,London,3,351.77,3,poor build,True,C-1224
E-0004182,2023-08-10,Sports,Brand Delta,New York,3,326.82,2,,True,C-384
E-0004183,2024-06-02,Clothing,Brand Beta,Islamabad,5,36.13,2,fits perfectly,True,C-1378
E-0004184,2024-05-24,Books,Brand Gamma,Lahore,4,229.05,1,well written,True,C-171
E-0004185,2024-12-01,Clothing,Brand Delta,Karachi,2,122.07,2,color faded after wash,True,C-958
E-0004186,2024-04-26,Electronics,Brand Delta,Dubai,3,231.03,1,works great,True,C-1339
E-0004187,2023-06-22,Home,Brand Delta,Lahore,2,64.17,1,cheap materials,True,C-62
E-0004188,2023-08-13,Beauty,Brand Delta,Dubai,3,393.63,2,skin felt great,False,C-22
E-0004189,2024-07-03,Beauty,Brand Gamma,New York,2,393.4,2,caused irritation,True,C-361
E-0004190,2023-08-02,Electronics,Brand Alpha,New York,3,230.99,2,works great,True,C-830
E-0004191,2024-12-27,Sports,Brand Beta,Islamabad,4,296.23,1,great for training,True,C-845
E-0004192,2023-09-03,Clothing,Brand Delta,Islamabad,2,25.36,2,too small,True,C-948
E-0004193,2024-06-04,Books,Brand Beta,Lahore,4,74.3,1,informative,True,C-269
E-0004194,2024-07-30,Books,Brand Alpha,New York,3,181.65,2,informative,True,C-1036
E-0004195,2023-11-12,Clothing,Brand Delta,Lahore,3,220.21,2,,True,C-946
E-0004196,2024-11-04,Electronics,Brand Beta,Karachi,3,129.49,3,disappointed with durability,True,C-1400
E-0004197,2023-08-16,Books,Brand Gamma,New York,4,148.21,3,fast delivery,True,C-1095
E-0004198,2024-02-15,Beauty,Brand Delta,Dubai,4,74.41,1,skin felt great,True,C-878
E-0004199,2023-09-11,Clothing,Brand Gamma,Karachi,4,190.79,2,nice fabric,True,C-677
E-0004200,2024-04-16,Books,Brand Alpha,Lahore,2,234.73,1,fast delivery,True,C-306
E-0004201,2023-11-13,Beauty,Brand Delta,Karachi,4,348.53,2,nice scent,True,C-35
E-0004202,2024-04-01,Clothing,Brand Alpha,Karachi,3,381.82,2,great value,True,C-1442
E-0004203,2024-03-01,Beauty,Brand Beta,Islamabad,5,130.0,3,skin felt great,True,C-371
E-0004204,2024-02-23,Electronics,Brand Gamma,Lahore,4,382.74,3,works great,True,C-341
E-0004205,2023-11-09,Sports,Brand Beta,Lahore,4,92.7,1,broke after week,True,C-1232
E-0004206,2024-06-26,Sports,Brand Gamma,New York,4,143.33,1,broke after week,True,C-87
E-0004207,2024-11-06,Home,Brand Gamma,London,4,126.21,2,cheap materials,True,C-1074
E-0004208,2023-11-10,Home,Brand Delta,Lahore,5,221.91,3,cheap materials,False,C-594
E-0004209,2024-05-05,Books,Brand Delta,London,4,204.08,1,informative,True,C-1481
E-0004210,2024-07-14,Books,Brand Delta,New York,5,98.47,2,informative,True,C-1292
E-0004211,2023-06-14,Books,Brand Beta,Islamabad,4,23.85,4,boring content,False,C-230
E-0004212,2024-03-16,Clothing,Brand Gamma,Karachi,4,191.86,2,color faded after wash,True,C-1033
E-0004213,2023-06-19,Electronics,Brand Delta,Lahore,3,208.87,2,,True,C-73
E-0004214,2024-10-09,Sports,Brand Delta,Islamabad,4,267.72,4,good grip,True,C-680
E-0004215,2024-12-05,Books,Brand Gamma,Islamabad,5,179.95,2,boring content,True,C-378
E-0004216,2024-01-22,Clothing,Brand Beta,London,2,71.57,3,nice fabric,True,C-1476
E-0004217,2023-12-22,Beauty,Brand Beta,London,3,129.69,3,too expensive,True,C-1113
E-0004218,2023-07-24,Electronics,Brand Gamma,New York,2,262.16,1,poor build,True,C-776
E-0004219,2024-07-24,Home,Brand Gamma,Dubai,3,63.63,1,cheap materials,True,C-343
E-0004220,2023-10-17,Home,Brand Gamma,Dubai,3,82.8,1,cheap materials,True,C-1434
E-0004221,2024-12-04,Beauty,Brand Alpha,London,3,285.68,1,recommend,False,C-193
E-0004222,2023-08-14,Home,Brand Delta,Karachi,3,18.46,2,assembly was hard,True,C-1431
E-0004223,2024-10-30,Home,Brand Beta,Dubai,4,230.14,3,looks premium,True,C-468
E-0004224,2024-08-30,Electronics,Brand Alpha,London,1,125.88,2,disappointed with durability,True,C-838
E-0004225,2023-06-05,Books,Brand Alpha,Karachi,4,144.99,4,informative,True,C-898
E-0004226,2024-01-07,Sports,Brand Beta,New York,2,168.16,2,poor durability,True,C-239
E-0004227,2024-09-12,Sports,Brand Alpha,London,4,130.09,2,good grip,True,C-957
E-0004228,2025-01-18,Home,Brand Delta,Lahore,4,375.28,1,assembly was hard,True,C-220
E-0004229,2023-07-02,Sports,Brand Gamma,Islamabad,3,373.46,2,broke after week,True,C-1465
E-0004230,2024-02-09,Beauty,Brand Alpha,London,3,156.07,1,skin felt great,True,C-311
E-0004231,2024-07-26,Clothing,Brand Gamma,New York,3,137.9,2,great value,True,C-1499
E-0004232,2023-08-13,Electronics,Brand Alpha,Karachi,5,108.92,2,poor build,True,C-742
E-0004233,2023-10-19,Beauty,Brand Alpha,London,3,355.74,4,skin felt great,True,C-681
E-0004234,2023-11-30,Books,Brand Beta,Lahore,4,75.08,2,fast delivery,True,C-1470
E-0004235,2023-09-16,Beauty,Brand Gamma,Islamabad,3,187.87,1,skin felt great,False,C-454
E-0004236,2023-11-03,Clothing,Brand Beta,Karachi,4,26.49,1,nice fabric,True,C-297
E-0004237,2023-06-21,Clothing,Brand Gamma,Lahore,2,187.68,1,color faded after wash,True,C-544
E-0004238,2024-05-15,Sports,Brand Gamma,Karachi,4,292.21,5,good grip,True,C-254
E-0004239,2023-10-17,Beauty,Brand Gamma,Karachi,5,347.28,3,skin felt great,True,C-1210
E-0004240,2024-12-20,Home,Brand Beta,Dubai,4,64.97,1,cheap materials,True,C-899
E-0004241,2024-04-20,Electronics,Brand Delta,Dubai,3,172.33,2,excellent quality,True,C-493
E-0004242,2024-07-19,Sports,Brand Gamma,London,4,365.96,1,poor durability,True,C-391
E-0004243,2024-06-23,Sports,Brand Alpha,Dubai,4,248.76,2,broke after week,False,C-901
E-0004244,2024-11-23,Electronics,Brand Gamma,London,3,24.09,3,poor build,False,C-227
E-0004245,2024-04-28,Clothing,Brand Beta,Lahore,2,363.38,1,color faded after wash,True,C-411
E-0004246,2024-07-21,Electronics,Brand Beta,New York,4,38.27,1,excellent quality,True,C-1434
E-0004247,2024-05-28,Beauty,Brand Beta,Karachi,2,,3,recommend,False,C-1484
E-0004248,2023-10-09,Sports,Brand Beta,Dubai,3,50.88,4,poor durability,True,C-1424
E-0004249,2024-07-16,Beauty,Brand Alpha,Dubai,2,215.08,1,nice scent,True,C-1406
E-0004250,2023-12-25,Sports,Brand Beta,Lahore,4,72.43,3,good grip,False,C-139
E-0004251,2025-01-20,Books,Brand Alpha,London,2,155.69,1,fast delivery,True,C-276
E-0004252,2024-10-14,Sports,Brand Gamma,Islamabad,2,363.63,1,poor durability,True,C-453
E-0004253,2024-08-22,Home,Brand Beta,Lahore,4,10.41,1,looks premium,True,C-97
E-0004254,2024-03-25,Home,Brand Delta,Lahore,1,73.75,2,cheap materials,True,C-251
E-0004255,2024-05-25,Sports,Brand Beta,Karachi,4,266.73,2,good grip,True,C-1194
E-0004256,2024-09-29,Books,Brand Delta,Dubai,5,332.28,2,well written,True,C-1293
E-0004257,2024-10-28,Books,Brand Beta,Dubai,3,142.12,2,fast delivery,True,C-167
E-0004258,2023-09-09,Sports,Brand Gamma,Dubai,4,53.13,1,broke after week,True,C-287
E-0004259,2023-07-13,Electronics,Brand Beta,Dubai,1,98.33,1,battery dies fast,True,C-1467
E-0004260,2024-07-09,Sports,Brand Beta,New York,4,,2,great for training,True,C-547
E-0004261,2024-04-16,Home,Brand Delta,Karachi,3,74.7,1,looks premium,True,C-1121
E-0004262,2024-05-18,Home,Brand Alpha,Dubai,3,330.78,1,would buy again,True,C-879
E-0004263,2024-10-02,Sports,Brand Gamma,Karachi,3,294.2,2,poor durability,True,C-123
E-0004264,2023-11-02,Home,Brand Gamma,New York,4,50.01,2,looks premium,False,C-790
E-0004265,2024-08-09,Home,Brand Delta,Dubai,4,179.78,1,looks premium,True,C-1342
E-0004266,2025-01-20,Clothing,Brand Delta,New York,2,183.48,1,color faded after wash,True,C-1040
E-0004267,2023-06-30,Clothing,Brand Alpha,New York,2,210.89,3,fits perfectly,True,C-499
E-0004268,2023-12-28,Books,Brand Delta,London,3,187.4,1,informative,True,C-596
E-0004269,2024-05-05,Electronics,Brand Alpha,London,2,334.1,2,works great,True,C-1158
E-0004270,2023-10-26,Home,Brand Gamma,London,4,113.55,3,would buy again,True,C-126
E-0004271,2024-01-18,Clothing,Brand Alpha,Lahore,3,367.74,3,seams came apart,True,C-929
E-0004272,2024-12-19,Home,Brand Alpha,Lahore,3,12.69,3,would buy again,True,C-1441
E-0004273,2023-11-06,Beauty,Brand Gamma,London,3,112.98,1,recommend,False,C-1364
E-0004274,2024-02-14,Clothing,Brand Alpha,New York,3,228.99,1,seams came apart,True,C-1296
E-0004275,2024-10-03,Clothing,Brand Delta,Lahore,2,328.21,3,color faded after wash,False,C-1401
E-0004276,2024-04-29,Beauty,Brand Alpha,London,4,206.48,3,recommend,True,C-1049
E-0004277,2024-02-03,Clothing,Brand Gamma,Lahore,3,204.45,3,fits perfectly,True,C-225
E-0004278,2024-07-07,Books,Brand Alpha,Dubai,4,290.27,2,well written,True,C-933
E-0004279,2024-05-23,Beauty,Brand Beta,Lahore,3,214.76,3,recommend,True,C-706
E-0004280,2024-01-14,Clothing,Brand Gamma,New York,5,222.39,4,seams came apart,True,C-771
E-0004281,2024-02-22,Beauty,Brand Gamma,Dubai,3,370.25,1,nice scent,True,C-92
E-0004282,2025-01-05,Electronics,Brand Delta,Dubai,3,163.87,3,disappointed with durability,True,C-287
E-0004283,2024-01-03,Clothing,Brand Delta,Lahore,4,238.76,1,great value,True,C-1471
E-0004284,2024-05-18,Sports,Brand Delta,Islamabad,5,364.96,1,good grip,True,C-618
E-0004285,2024-09-11,Clothing,Brand Alpha,Lahore,3,344.34,1,seams came apart,True,C-1117
E-0004286,2023-07-08,Electronics,Brand Beta,Dubai,1,380.21,3,poor build,True,C-895
E-0004287,2024-11-09,Clothing,Brand Beta,London,3,,4,fits perfectly,True,C-1057
E-0004288,2024-04-29,Clothing,Brand Delta,Karachi,5,252.61,1,nice fabric,True,C-319
E-0004289,2023-07-10,Sports,Brand Beta,Dubai,2,324.51,1,poor durability,True,C-1326
E-0004290,2024-03-02,Books,Brand Delta,Lahore,5,71.12,1,fast delivery,True,C-1010
E-0004291,2023-06-30,Sports,Brand Beta,Lahore,2,228.46,2,good grip,True,C-356
E-0004292,2023-07-06,Books,Brand Alpha,Karachi,4,130.77,3,fast delivery,True,C-1004
E-0004293,2024-08-14,Clothing,Brand Gamma,Lahore,5,225.64,2,comfortable and stylish,True,C-794
E-0004294,2024-09-18,Electronics,Brand Delta,Dubai,4,171.72,2,highly recommend,True,C-588
E-0004295,2023-10-15,Home,Brand Beta,Islamabad,4,384.55,1,looks premium,True,C-513
E-0004296,2024-10-20,Clothing,Brand Alpha,Lahore,3,136.06,1,seams came apart,True,C-890
E-0004297,2024-09-13,Beauty,Brand Gamma,London,5,244.91,1,skin felt great,True,C-435
E-0004298,2024-08-18,Sports,Brand Gamma,Islamabad,4,100.39,3,great for training,True,C-427
E-0004299,2024-03-31,Beauty,Brand Alpha,London,2,,1,skin felt great,True,C-582
E-0004300,2024-02-27,Sports,Brand Delta,Dubai,4,57.43,1,good grip,True,C-861
E-0004301,2023-08-19,Beauty,Brand Alpha,Karachi,3,69.17,3,caused irritation,True,C-1283
E-0004302,2023-08-28,Clothing,Brand Gamma,Karachi,4,274.46,1,color faded after wash,True,C-480
E-0004303,2024-09-18,Sports,Brand Gamma,Dubai,4,114.0,4,good grip,True,C-632
E-0004304,2024-06-12,Sports,Brand Alpha,London,2,132.92,2,good grip,True,C-1485
E-0004305,2024-11-15,Books,Brand Gamma,New York,2,111.81,3,print quality good,False,C-561
E-0004306,2024-12-15,Beauty,Brand Alpha,Karachi,1,163.44,2,nice scent,True,C-1041
E-0004307,2024-05-11,Beauty,Brand Alpha,Dubai,5,359.0,2,nice scent,True,C-838
E-0004308,2024-07-13,Home,Brand Delta,London,4,261.77,3,very useful,True,C-734
E-0004309,2023-08-24,Beauty,Brand Delta,Lahore,2,129.2,1,nice scent,True,C-962
E-0004310,2023-09-02,Electronics,Brand Delta,Karachi,5,21.13,3,battery dies fast,False,C-505
E-0004311,2024-04-12,Beauty,Brand Gamma,Dubai,2,353.03,2,too expensive,True,C-660
E-0004312,2024-04-20,Home,Brand Beta,Dubai,5,82.25,3,would buy again,True,C-1412
E-0004313,2024-11-13,Clothing,Brand Alpha,Dubai,4,331.85,2,seams came apart,True,C-762
E-0004314,2024-08-07,Books,Brand Delta,Islamabad,4,166.4,1,print quality good,True,C-601
E-0004315,2024-03-19,Sports,Brand Alpha,Islamabad,4,347.11,2,broke after week,True,C-326
E-0004316,2024-09-21,Electronics,Brand Beta,Dubai,2,386.83,2,excellent quality,True,C-900
E-0004317,2023-07-17,Beauty,Brand Gamma,Dubai,5,373.63,1,skin felt great,True,C-53
E-0004318,2024-10-03,Clothing,Brand Beta,Islamabad,5,345.19,2,fits perfectly,False,C-1368
E-0004319,2023-08-18,Electronics,Brand Delta,Lahore,3,271.1,2,excellent quality,True,C-902
E-0004320,2024-07-31,Sports,Brand Delta,New York,3,324.08,1,good grip,False,C-1073
E-0004321,2024-02-17,Clothing,Brand Beta,Lahore,3,135.25,4,comfortable and stylish,True,C-1121
E-0004322,2024-12-09,Books,Brand Beta,Dubai,3,289.1,2,informative,True,C-1081
E-0004323,2023-06-13,Books,Brand Gamma,Karachi,5,167.0,2,fast delivery,True,C-503
E-0004324,2023-07-01,Beauty,Brand Delta,Dubai,3,137.97,2,recommend,True,C-1399
E-0004325,2024-08-05,Books,Brand Alpha,Dubai,2,378.29,3,boring content,True,C-536
E-0004326,2024-01-07,Sports,Brand Beta,Islamabad,4,260.45,2,poor durability,True,C-1105
E-0004327,2024-11-09,Home,Brand Gamma,Karachi,1,244.5,3,cheap materials,True,C-823
E-0004328,2024-12-04,Beauty,Brand Beta,Karachi,2,125.82,2,recommend,True,C-490
E-0004329,2024-11-26,Clothing,Brand Delta,Islamabad,3,370.06,1,seams came apart,True,C-134
E-0004330,2024-05-23,Beauty,Brand Alpha,Lahore,4,242.35,2,caused irritation,False,C-807
E-0004331,2024-01-16,Books,Brand Delta,Islamabad,1,369.5,3,well written,True,C-845
E-0004332,2024-06-24,Books,Brand Gamma,Lahore,2,214.74,1,well written,True,C-711
E-0004333,2024-04-14,Clothing,Brand Gamma,Lahore,4,310.47,3,color faded after wash,True,C-648
E-0004334,2024-09-21,Home,Brand Beta,Dubai,4,12.51,3,looks premium,True,C-380
E-0004335,2024-06-29,Beauty,Brand Alpha,Islamabad,4,296.07,2,skin felt great,True,C-1104
E-0004336,2024-06-15,Electronics,Brand Beta,London,2,56.58,3,battery dies fast,True,C-959
E-0004337,2024-04-30,Electronics,Brand Gamma,Lahore,2,49.41,2,highly recommend,True,C-1323
E-0004338,2023-06-20,Sports,Brand Gamma,London,2,137.4,1,good grip,False,C-226
E-0004339,2023-12-25,Books,Brand Beta,Islamabad,5,214.13,2,,False,C-1239
E-0004340,2023-09-23,Books,Brand Beta,Islamabad,4,37.96,2,informative,True,C-885
E-0004341,2024-07-03,Books,Brand Gamma,Islamabad,3,111.8,3,print quality good,True,C-546
E-0004342,2024-09-06,Electronics,Brand Alpha,Islamabad,3,400.0,2,disappointed with durability,True,C-470
E-0004343,2023-10-27,Sports,Brand Beta,London,4,358.53,2,great for training,True,C-318
E-0004344,2023-07-14,Home,Brand Alpha,Karachi,4,288.3,2,assembly was hard,True,C-1034
E-0004345,2023-10-08,Electronics,Brand Alpha,Islamabad,5,29.28,2,love it,True,C-857
E-0004346,2024-12-10,Beauty,Brand Gamma,Karachi,3,343.66,3,nice scent,True,C-1060
E-0004347,2024-06-19,Books,Brand Delta,New York,5,149.61,1,print quality good,True,C-909
E-0004348,2023-11-08,Clothing,Brand Delta,Karachi,2,200.93,2,fits perfectly,True,C-269
E-0004349,2024-09-17,Home,Brand Gamma,Islamabad,1,88.97,2,very useful,True,C-609
E-0004350,2024-01-17,Beauty,Brand Delta,New York,2,237.82,1,too expensive,False,C-919
E-0004351,2023-07-01,Sports,Brand Delta,Islamabad,4,334.32,2,,False,C-219
E-0004352,2023-07-16,Sports,Brand Alpha,Karachi,3,336.96,3,broke after week,True,C-628
E-0004353,2024-01-31,Beauty,Brand Gamma,New York,2,138.68,2,too expensive,False,C-1070
E-0004354,2024-05-30,Beauty,Brand Beta,Karachi,4,215.04,3,caused irritation,True,C-1106
E-0004355,2024-07-31,Books,Brand Beta,Lahore,4,144.01,2,boring content,True,C-71
E-0004356,2023-12-31,Sports,Brand Gamma,Lahore,5,94.44,3,great for training,True,C-1328
E-0004357,2023-11-06,Books,Brand Gamma,Karachi,3,78.52,1,print quality good,True,C-686
E-0004358,2024-10-11,Clothing,Brand Delta,Dubai,4,273.28,3,color faded after wash,True,C-274
E-0004359,2024-09-17,Home,Brand Gamma,London,3,102.43,2,assembly was hard,False,C-1289
E-0004360,2024-11-10,Electronics,Brand Beta,Karachi,2,162.27,3,excellent quality,True,C-733
E-0004361,2024-09-23,Home,Brand Delta,Karachi,2,13.84,1,cheap materials,True,C-864
E-0004362,2023-08-15,Beauty,Brand Beta,Lahore,2,194.81,5,recommend,True,C-684
E-0004363,2024-06-10,Beauty,Brand Delta,London,1,110.94,1,skin felt great,True,C-1476
E-0004364,2024-05-11,Sports,Brand Alpha,London,3,56.07,1,great for training,True,C-1141
E-0004365,2023-10-06,Clothing,Brand Alpha,Lahore,4,205.78,2,nice fabric,True,C-781
E-0004366,2023-06-01,Beauty,Brand Beta,London,2,230.05,3,recommend,False,C-1489
E-0004367,2023-08-04,Home,Brand Beta,Karachi,4,152.4,2,very useful,True,C-1174
E-0004368,2023-07-12,Home,Brand Gamma,Lahore,3,212.28,2,very useful,False,C-1182
E-0004369,2023-10-11,Books,Brand Beta,Islamabad,4,96.17,1,well written,True,C-1428
E-0004370,2023-12-28,Clothing,Brand Gamma,London,3,119.25,2,color faded after wash,True,C-799
E-0004371,2024-12-06,Home,Brand Alpha,New York,3,38.08,1,assembly was hard,True,C-395
E-0004372,2024-01-19,Beauty,Brand Beta,Karachi,2,118.53,1,nice scent,True,C-303
E-0004373,2024-03-25,Books,Brand Gamma,Dubai,5,139.59,1,well written,True,C-647
E-0004374,2024-01-15,Clothing,Brand Delta,New York,2,102.4,2,seams came apart,False,C-745
E-0004375,2024-05-01,Home,Brand Alpha,Dubai,2,264.51,2,assembly was hard,True,C-916
E-0004376,2024-06-22,Electronics,Brand Delta,London,1,101.1,1,,True,C-667
E-0004377,2024-06-09,Home,Brand Delta,New York,3,264.36,1,looks premium,True,C-1450
E-0004378,2023-12-29,Home,Brand Gamma,Lahore,4,,2,very useful,False,C-30
E-0004379,2024-07-24,Books,Brand Gamma,Karachi,3,102.96,2,boring content,True,C-940
E-0004380,2023-10-15,Electronics,Brand Alpha,Islamabad,3,101.46,2,average at best,True,C-950
E-0004381,2024-09-18,Clothing,Brand Beta,New York,3,165.52,1,too small,True,C-1075
E-0004382,2024-04-13,Home,Brand Delta,Lahore,3,71.24,2,looks premium,True,C-984
E-0004383,2023-12-05,Home,Brand Gamma,New York,4,263.45,3,would buy again,True,C-408
E-0004384,2024-06-13,Electronics,Brand Delta,Karachi,5,229.61,2,,True,C-1443
E-0004385,2024-04-27,Beauty,Brand Delta,Lahore,4,117.2,2,too expensive,True,C-43
E-0004386,2024-09-29,Books,Brand Beta,Dubai,4,357.91,1,,True,C-137
E-0004387,2023-08-28,Beauty,Brand Alpha,Karachi,2,253.02,3,caused irritation,True,C-1136
E-0004388,2023-09-19,Books,Brand Delta,Dubai,3,22.98,2,informative,True,C-258
E-0004389,2024-01-19,Clothing,Brand Delta,Dubai,3,312.21,1,fits perfectly,True,C-1161
E-0004390,2024-01-19,Books,Brand Alpha,Lahore,2,180.97,3,informative,True,C-1469
E-0004391,2024-08-27,Electronics,Brand Beta,New York,1,91.09,2,poor build,True,C-1096
E-0004392,2024-09-29,Home,Brand Gamma,Islamabad,4,27.81,2,cheap materials,True,C-84
E-0004393,2024-07-01,Home,Brand Gamma,Lahore,1,377.46,2,would buy again,True,C-1499
E-0004394,2024-04-21,Sports,Brand Beta,New York,3,16.42,1,good grip,True,C-917
E-0004395,2023-09-10,Books,Brand Gamma,Islamabad,4,394.08,2,fast delivery,True,C-1041
E-0004396,2024-08-12,Beauty,Brand Gamma,Karachi,3,209.49,3,caused irritation,True,C-879
E-0004397,2024-04-24,Beauty,Brand Beta,Islamabad,4,383.71,2,nice scent,True,C-649
E-0004398,2024-03-25,Clothing,Brand Beta,Islamabad,3,,1,color faded after wash,True,C-386
E-0004399,2024-07-18,Electronics,Brand Gamma,Karachi,2,350.72,2,excellent quality,True,C-836
E-0004400,2023-08-12,Sports,Brand Gamma,Lahore,1,118.61,2,great for training,True,C-862
E-0004401,2024-03-12,Sports,Brand Delta,Karachi,4,99.36,1,poor durability,True,C-704
E-0004402,2023-12-25,Sports,Brand Delta,New York,2,344.44,1,good grip,True,C-1085
E-0004403,2024-05-25,Home,Brand Beta,New York,3,355.09,1,assembly was hard,False,C-889
E-0004404,2024-10-15,Books,Brand Alpha,Dubai,5,49.36,1,informative,True,C-747
E-0004405,2024-06-30,Electronics,Brand Alpha,London,3,97.67,2,disappointed with durability,True,C-445
E-0004406,2023-10-08,Clothing,Brand Delta,Islamabad,3,138.59,4,,True,C-946
E-0004407,2023-08-10,Beauty,Brand Beta,Lahore,2,93.8,2,caused irritation,True,C-1285
E-0004408,2024-12-12,Clothing,Brand Alpha,Dubai,5,256.24,2,comfortable and stylish,True,C-1475
E-0004409,2024-06-19,Sports,Brand Delta,London,3,26.9,2,great for training,True,C-1059
E-0004410,2024-05-11,Electronics,Brand Beta,New York,3,11.99,2,highly recommend,True,C-49
E-0004411,2024-12-09,Home,Brand Gamma,Islamabad,3,342.74,2,assembly was hard,True,C-744
E-0004412,2023-08-04,Sports,Brand Beta,Karachi,4,266.14,2,great for training,True,C-1052
E-0004413,2023-06-15,Sports,Brand Beta,New York,4,183.99,2,great for training,True,C-732
E-0004414,2023-11-05,Home,Brand Alpha,Lahore,5,165.86,1,looks premium,True,C-1101
E-0004415,2023-07-29,Beauty,Brand Alpha,Karachi,5,340.0,1,skin felt great,True,C-1012
E-0004416,2024-07-01,Clothing,Brand Delta,Lahore,3,183.67,4,comfortable and stylish,True,C-1190
E-0004417,2024-11-19,Books,Brand Beta,Islamabad,1,65.7,2,fast delivery,True,C-474
E-0004418,2024-02-29,Sports,Brand Alpha,Lahore,5,270.49,5,great for training,True,C-861
E-0004419,2024-05-11,Clothing,Brand Delta,Karachi,4,261.97,1,seams came apart,True,C-933
E-0004420,2024-01-03,Beauty,Brand Gamma,Lahore,3,331.56,3,recommend,True,C-1164
E-0004421,2023-07-26,Beauty,Brand Delta,London,4,268.84,2,caused irritation,True,C-1345
E-0004422,2024-11-01,Clothing,Brand Delta,London,3,71.54,3,comfortable and stylish,True,C-1145
E-0004423,2024-05-18,Electronics,Brand Alpha,Islamabad,2,121.75,1,works great,True,C-1071
E-0004424,2024-03-19,Beauty,Brand Delta,Karachi,3,237.33,1,recommend,True,C-212
E-0004425,2024-07-26,Sports,Brand Delta,London,5,118.95,1,good grip,False,C-1487
E-0004426,2024-07-12,Electronics,Brand Gamma,Dubai,2,58.5,3,highly recommend,False,C-1159
E-0004427,2025-01-04,Home,Brand Gamma,Karachi,3,231.32,3,very useful,False,C-1386
E-0004428,2024-06-14,Beauty,Brand Alpha,London,3,382.48,3,skin felt great,True,C-497
E-0004429,2023-07-19,Books,Brand Gamma,Lahore,3,325.57,4,,True,C-480
E-0004430,2024-04-10,Home,Brand Gamma,Dubai,1,31.48,2,looks premium,False,C-522
E-0004431,2023-09-21,Books,Brand Beta,Lahore,2,282.91,1,informative,True,C-1345
E-0004432,2024-05-31,Sports,Brand Alpha,Lahore,5,188.06,1,good grip,True,C-1462
E-0004433,2024-10-18,Sports,Brand Delta,London,5,369.67,5,good grip,True,C-578
E-0004434,2024-11-12,Electronics,Brand Delta,Dubai,2,99.02,4,average at best,False,C-573
E-0004435,2023-11-30,Beauty,Brand Gamma,New York,4,179.17,2,skin felt great,True,C-1220
E-0004436,2024-10-09,Books,Brand Beta,Dubai,2,368.28,1,fast delivery,True,C-1085
E-0004437,2025-01-06,Beauty,Brand Delta,Karachi,3,124.69,1,recommend,True,C-67
E-0004438,2024-01-12,Beauty,Brand Beta,New York,3,88.31,1,skin felt great,True,C-47
E-0004439,2024-09-16,Books,Brand Alpha,Islamabad,3,277.54,1,boring content,False,C-498
E-0004440,2024-05-06,Beauty,Brand Beta,Karachi,4,370.09,2,recommend,True,C-1073
E-0004441,2024-07-02,Books,Brand Delta,Karachi,5,294.99,2,print quality good,True,C-1227
E-0004442,2023-12-10,Beauty,Brand Alpha,New York,2,285.45,4,too expensive,True,C-501
E-0004443,2024-11-21,Electronics,Brand Alpha,Lahore,5,18.2,1,battery dies fast,True,C-636
E-0004444,2023-09-29,Electronics,Brand Alpha,New York,2,278.19,3,works great,True,C-630
E-0004445,2024-02-03,Sports,Brand Delta,Islamabad,5,136.42,1,great for training,True,C-1136
E-0004446,2024-07-01,Electronics,Brand Beta,Karachi,3,373.72,1,love it,False,C-376
E-0004447,2024-07-03,Books,Brand Delta,London,3,333.56,2,boring content,False,C-1038
E-0004448,2024-11-15,Books,Brand Delta,Dubai,2,249.6,1,boring content,False,C-365
E-0004449,2024-11-16,Books,Brand Alpha,Dubai,5,108.69,1,fast delivery,True,C-842
E-0004450,2025-01-14,Electronics,Brand Alpha,New York,3,387.55,2,disappointed with durability,False,C-144
E-0004451,2025-01-10,Sports,Brand Alpha,New York,3,123.88,2,good grip,True,C-361
E-0004452,2024-01-03,Sports,Brand Gamma,Islamabad,5,82.32,2,poor durability,True,C-474
E-0004453,2023-07-05,Clothing,Brand Gamma,Islamabad,2,83.72,4,too small,True,C-1300
E-0004454,2024-09-28,Home,Brand Delta,Dubai,3,17.06,2,very useful,True,C-715
E-0004455,2024-11-10,Home,Brand Beta,Lahore,3,266.21,2,assembly was hard,True,C-826
E-0004456,2024-05-16,Beauty,Brand Beta,London,4,200.33,3,skin felt great,True,C-181
E-0004457,2024-08-26,Beauty,Brand Delta,Karachi,4,27.51,3,too expensive,False,C-605
E-0004458,2024-08-16,Sports,Brand Gamma,Lahore,2,399.22,2,broke after week,True,C-1490
E-0004459,2023-08-03,Home,Brand Alpha,New York,5,125.05,1,looks premium,False,C-754
E-0004460,2023-11-05,Books,Brand Alpha,New York,2,324.61,1,fast delivery,True,C-1411
E-0004461,2024-06-06,Sports,Brand Alpha,Dubai,2,170.16,2,great for training,True,C-1208
E-0004462,2024-12-27,Home,Brand Gamma,Islamabad,3,25.68,3,very useful,True,C-378
E-0004463,2023-10-23,Electronics,Brand Beta,London,3,342.89,2,love it,False,C-299
E-0004464,2024-05-07,Sports,Brand Beta,New York,2,177.33,1,good grip,True,C-875
E-0004465,2023-10-03,Home,Brand Gamma,New York,2,205.78,3,assembly was hard,True,C-1248
E-0004466,2024-08-08,Electronics,Brand Beta,Karachi,3,101.75,2,works great,False,C-472
E-0004467,2024-12-05,Home,Brand Beta,Islamabad,4,267.19,2,looks premium,True,C-1326
E-0004468,2023-08-10,Clothing,Brand Gamma,Lahore,5,150.36,1,nice fabric,True,C-616
E-0004469,2023-09-25,Sports,Brand Gamma,New York,5,19.64,3,great for training,True,C-485
E-0004470,2023-07-15,Clothing,Brand Gamma,Lahore,4,166.18,2,comfortable and stylish,True,C-1365
E-0004471,2024-10-12,Electronics,Brand Alpha,Lahore,5,157.24,2,love it,True,C-491
E-0004472,2024-05-14,Beauty,Brand Beta,London,3,97.82,4,caused irritation,False,C-285
E-0004473,2023-10-13,Sports,Brand Delta,Karachi,2,97.65,2,good grip,True,C-28
E-0004474,2024-06-05,Home,Brand Gamma,Karachi,4,,4,assembly was hard,True,C-1134
E-0004475,2024-11-11,Home,Brand Gamma,London,3,195.92,4,cheap materials,True,C-1122
E-0004476,2024-06-21,Electronics,Brand Gamma,Dubai,3,43.19,2,works great,True,C-325
E-0004477,2024-06-17,Beauty,Brand Delta,Dubai,3,102.37,4,skin felt great,True,C-1028
E-0004478,2024-10-30,Electronics,Brand Delta,London,5,277.49,5,,True,C-1370
E-0004479,2024-02-03,Sports,Brand Beta,London,3,125.82,2,great for training,True,C-987
E-0004480,2024-04-27,Sports,Brand Alpha,New York,4,155.97,1,good grip,True,C-440
E-0004481,2023-09-08,Sports,Brand Alpha,Lahore,2,322.66,2,broke after week,True,C-473
E-0004482,2023-10-23,Electronics,Brand Gamma,New York,1,184.36,1,excellent quality,True,C-1500
E-0004483,2023-07-08,Beauty,Brand Delta,New York,2,34.43,1,skin felt great,True,C-432
E-0004484,2023-09-28,Clothing,Brand Alpha,Dubai,5,287.49,2,too small,True,C-1259
E-0004485,2024-08-19,Books,Brand Delta,Lahore,4,146.48,2,well written,True,C-776
E-0004486,2024-01-22,Clothing,Brand Beta,Lahore,3,319.48,1,too small,True,C-213
E-0004487,2023-11-01,Beauty,Brand Delta,Dubai,2,306.01,2,caused irritation,True,C-1419
E-0004488,2024-04-01,Clothing,Brand Delta,Lahore,2,313.97,3,too small,True,C-1138
E-0004489,2024-10-23,Beauty,Brand Gamma,Lahore,1,212.89,1,nice scent,True,C-1393
E-0004490,2023-10-04,Books,Brand Alpha,Lahore,2,34.51,2,informative,True,C-1353
E-0004491,2024-01-10,Electronics,Brand Alpha,Lahore,3,200.23,1,battery dies fast,True,C-447
E-0004492,2024-07-30,Beauty,Brand Alpha,London,4,237.55,1,caused irritation,False,C-1465
E-0004493,2024-06-03,Books,Brand Beta,New York,3,,3,print quality good,True,C-662
E-0004494,2024-12-19,Clothing,Brand Alpha,Dubai,4,233.0,1,color faded after wash,True,C-890
E-0004495,2024-04-18,Electronics,Brand Delta,New York,3,274.48,2,love it,True,C-220
E-0004496,2025-01-02,Sports,Brand Gamma,London,1,29.78,2,great for training,True,C-472
E-0004497,2025-01-07,Books,Brand Beta,Lahore,3,366.44,1,,True,C-1071
E-0004498,2023-06-19,Clothing,Brand Beta,Lahore,3,49.63,2,nice fabric,False,C-706
E-0004499,2024-09-23,Sports,Brand Gamma,Lahore,4,,1,good grip,True,C-1008
E-0004500,2023-10-08,Sports,Brand Delta,Karachi,4,162.38,1,broke after week,True,C-392
E-0004501,2024-06-23,Home,Brand Delta,Islamabad,2,133.43,1,assembly was hard,True,C-1089
E-0004502,2023-12-18,Sports,Brand Delta,Lahore,2,218.9,1,great for training,True,C-500
E-0004503,2023-11-01,Clothing,Brand Alpha,Lahore,4,65.3,2,color faded after wash,False,C-370
E-0004504,2023-10-09,Beauty,Brand Alpha,London,5,377.38,2,too expensive,False,C-1003
E-0004505,2024-04-15,Books,Brand Alpha,Karachi,3,395.19,2,well written,False,C-906
E-0004506,2024-12-09,Books,Brand Delta,Karachi,2,180.65,1,fast delivery,True,C-296
E-0004507,2023-07-25,Books,Brand Delta,Islamabad,4,17.12,2,fast delivery,True,C-589
E-0004508,2023-11-21,Beauty,Brand Alpha,Karachi,2,42.25,2,caused irritation,True,C-486
E-0004509,2024-10-31,Clothing,Brand Alpha,Islamabad,4,105.75,2,color faded after wash,True,C-59
E-0004510,2023-07-17,Home,Brand Gamma,London,5,366.09,1,cheap materials,True,C-1500
E-0004511,2023-12-24,Beauty,Brand Gamma,Dubai,3,240.05,1,nice scent,True,C-1434
E-0004512,2023-06-12,Books,Brand Delta,Lahore,5,224.7,1,fast delivery,True,C-39
E-0004513,2024-02-24,Clothing,Brand Alpha,London,4,134.49,1,comfortable and stylish,True,C-883
E-0004514,2024-10-21,Sports,Brand Beta,Karachi,3,209.06,3,poor durability,True,C-1254
E-0004515,2024-03-05,Sports,Brand Delta,Dubai,2,94.73,4,great for training,True,C-437
E-0004516,2024-03-22,Home,Brand Beta,Lahore,3,84.17,2,looks premium,True,C-836
E-0004517,2024-09-05,Electronics,Brand Gamma,London,2,61.78,1,excellent quality,True,C-1455
E-0004518,2023-08-29,Sports,Brand Delta,New York,3,66.21,4,,False,C-827
E-0004519,2024-07-12,Beauty,Brand Beta,Islamabad,3,286.32,1,too expensive,True,C-530
E-0004520,2024-12-23,Home,Brand Gamma,Lahore,4,231.99,2,very useful,True,C-820
E-0004521,2024-09-30,Books,Brand Alpha,New York,4,115.0,1,,True,C-980
E-0004522,2024-01-25,Sports,Brand Beta,Dubai,3,338.82,1,great for training,True,C-989
E-0004523,2024-09-19,Books,Brand Beta,London,4,264.37,1,well written,True,C-437
E-0004524,2023-07-31,Sports,Brand Alpha,New York,4,165.3,2,poor durability,True,C-293
E-0004525,2024-07-17,Beauty,Brand Alpha,New York,3,385.96,2,too expensive,True,C-33
E-0004526,2023-12-07,Clothing,Brand Gamma,New York,2,190.36,5,great value,True,C-209
E-0004527,2024-08-04,Books,Brand Gamma,Islamabad,4,80.51,1,well written,True,C-663
E-0004528,2024-06-09,Books,Brand Delta,Karachi,2,361.65,1,well written,True,C-751
E-0004529,2023-07-14,Clothing,Brand Delta,London,5,247.54,2,great value,True,C-605
E-0004530,2023-06-16,Clothing,Brand Delta,Dubai,3,227.07,2,seams came apart,True,C-876
E-0004531,2024-07-07,Sports,Brand Alpha,Lahore,4,31.27,2,poor durability,True,C-758
E-0004532,2024-12-02,Clothing,Brand Delta,New York,5,62.16,2,fits perfectly,False,C-818
E-0004533,2024-09-02,Sports,Brand Gamma,New York,5,101.67,1,poor durability,True,C-1109
E-0004534,2024-05-13,Sports,Brand Delta,London,4,267.63,2,good grip,True,C-454
E-0004535,2023-12-31,Electronics,Brand Gamma,New York,3,13.76,3,disappointed with durability,True,C-288
E-0004536,2024-06-06,Electronics,Brand Beta,Lahore,3,171.7,1,disappointed with durability,False,C-145
E-0004537,2023-07-06,Beauty,Brand Alpha,Lahore,4,100.42,1,caused irritation,True,C-844
E-0004538,2024-11-23,Clothing,Brand Alpha,Dubai,4,25.68,2,nice fabric,False,C-1418
E-0004539,2023-11-20,Home,Brand Delta,Dubai,4,57.22,3,cheap materials,True,C-563
E-0004540,2024-06-03,Home,Brand Beta,Dubai,5,139.53,1,cheap materials,True,C-854
E-0004541,2024-02-25,Home,Brand Gamma,Dubai,4,198.63,1,looks premium,True,C-473
E-0004542,2024-02-19,Home,Brand Alpha,Islamabad,3,317.92,5,looks premium,True,C-395
E-0004543,2023-11-13,Sports,Brand Alpha,Karachi,2,163.12,1,broke after week,True,C-108
E-0004544,2023-09-04,Sports,Brand Beta,Lahore,4,369.56,2,good grip,True,C-463
E-0004545,2024-08-12,Electronics,Brand Gamma,London,2,304.44,1,love it,True,C-267
E-0004546,2023-07-31,Sports,Brand Beta,Dubai,5,274.38,1,great for training,True,C-820
E-0004547,2023-09-04,Books,Brand Gamma,Lahore,1,216.77,1,boring content,True,C-1333
E-0004548,2023-12-13,Clothing,Brand Alpha,New York,3,80.87,1,great value,True,C-1118
E-0004549,2024-08-01,Beauty,Brand Alpha,New York,4,97.57,2,caused irritation,True,C-1087
E-0004550,2023-08-13,Home,Brand Beta,New York,5,,1,,True,C-757
E-0004551,2023-08-27,Books,Brand Alpha,Lahore,3,169.93,3,informative,True,C-465
E-0004552,2025-01-08,Electronics,Brand Delta,Karachi,2,349.27,2,excellent quality,True,C-1459
E-0004553,2024-01-27,Home,Brand Alpha,New York,4,139.49,2,looks premium,True,C-56
E-0004554,2024-01-05,Clothing,Brand Gamma,Islamabad,5,211.2,2,seams came apart,True,C-451
E-0004555,2025-01-16,Beauty,Brand Gamma,Karachi,5,299.99,5,caused irritation,True,C-1099
E-0004556,2024-12-03,Home,Brand Gamma,London,3,207.34,3,cheap materials,True,C-1246
E-0004557,2024-01-26,Books,Brand Alpha,Lahore,4,251.99,3,fast delivery,True,C-923
E-0004558,2023-11-21,Beauty,Brand Gamma,New York,1,242.71,1,recommend,True,C-855
E-0004559,2024-03-13,Beauty,Brand Delta,New York,3,140.78,2,recommend,True,C-112
E-0004560,2024-07-17,Books,Brand Delta,New York,3,355.57,1,boring content,True,C-286
E-0004561,2024-01-22,Electronics,Brand Gamma,New York,4,211.06,2,works great,True,C-1307
E-0004562,2023-11-12,Home,Brand Delta,Islamabad,2,344.54,3,looks premium,True,C-349
E-0004563,2024-10-31,Beauty,Brand Delta,Dubai,4,388.41,3,too expensive,False,C-378
E-0004564,2023-09-21,Clothing,Brand Delta,Karachi,1,70.28,1,seams came apart,True,C-1348
E-0004565,2023-12-02,Clothing,Brand Gamma,Lahore,4,267.9,2,fits perfectly,True,C-350
E-0004566,2024-06-01,Home,Brand Delta,Karachi,3,329.96,3,assembly was hard,True,C-1116
E-0004567,2024-12-10,Electronics,Brand Gamma,Karachi,3,243.44,3,battery dies fast,True,C-895
E-0004568,2023-08-30,Sports,Brand Beta,Islamabad,5,87.36,1,great for training,False,C-929
E-0004569,2023-09-24,Electronics,Brand Beta,Lahore,2,88.01,1,poor build,True,C-120
E-0004570,2024-03-22,Home,Brand Delta,Dubai,3,159.6,2,looks premium,True,C-420
E-0004571,2024-06-09,Electronics,Brand Delta,Lahore,3,32.32,2,works great,True,C-1222
E-0004572,2024-07-25,Home,Brand Gamma,Dubai,3,178.06,2,cheap materials,False,C-286
E-0004573,2023-07-14,Home,Brand Alpha,Dubai,3,321.89,1,very useful,True,C-656
E-0004574,2024-11-04,Sports,Brand Alpha,Lahore,5,59.69,1,poor durability,True,C-1427
E-0004575,2023-11-16,Home,Brand Alpha,Islamabad,5,178.29,1,cheap materials,False,C-937
E-0004576,2024-01-21,Clothing,Brand Alpha,Islamabad,3,128.68,2,color faded after wash,True,C-760
E-0004577,2024-07-03,Books,Brand Alpha,London,4,,1,fast delivery,True,C-61
E-0004578,2024-12-07,Clothing,Brand Beta,Islamabad,4,124.95,3,fits perfectly,True,C-1153
E-0004579,2024-03-27,Beauty,Brand Gamma,London,3,123.96,1,too expensive,False,C-88
E-0004580,2024-09-13,Electronics,Brand Beta,Islamabad,2,198.0,2,average at best,True,C-754
E-0004581,2023-07-17,Books,Brand Gamma,Dubai,3,361.89,2,well written,True,C-546
E-0004582,2024-06-28,Beauty,Brand Gamma,London,4,130.94,3,caused irritation,False,C-844
E-0004583,2025-01-18,Electronics,Brand Alpha,Dubai,3,372.24,1,love it,True,C-334
E-0004584,2024-08-31,Books,Brand Alpha,Karachi,4,269.8,1,print quality good,True,C-246
E-0004585,2024-02-12,Books,Brand Gamma,Karachi,4,116.83,3,well written,True,C-856
E-0004586,2024-07-10,Home,Brand Beta,London,5,295.76,1,looks premium,True,C-887
E-0004587,2024-11-07,Books,Brand Gamma,London,3,74.87,2,boring content,True,C-1323
E-0004588,2024-10-15,Beauty,Brand Gamma,Lahore,2,199.47,2,too expensive,True,C-313
E-0004589,2024-02-29,Beauty,Brand Gamma,New York,4,124.84,1,nice scent,True,C-64
E-0004590,2023-09-11,Sports,Brand Gamma,London,4,168.28,2,,True,C-316
E-0004591,2024-09-15,Electronics,Brand Gamma,Karachi,1,368.24,2,excellent quality,True,C-709
E-0004592,2024-07-07,Clothing,Brand Beta,Dubai,5,44.83,1,comfortable and stylish,True,C-470
E-0004593,2023-11-20,Beauty,Brand Beta,New York,2,58.39,1,recommend,True,C-504
E-0004594,2024-09-23,Clothing,Brand Gamma,New York,4,246.72,2,fits perfectly,True,C-322
E-0004595,2024-10-31,Electronics,Brand Alpha,Lahore,5,45.05,2,disappointed with durability,True,C-1147
E-0004596,2024-06-17,Books,Brand Gamma,Dubai,5,219.0,2,well written,True,C-958
E-0004597,2023-07-08,Books,Brand Gamma,London,4,201.13,1,informative,True,C-258
E-0004598,2024-08-12,Books,Brand Gamma,London,5,391.24,1,fast delivery,True,C-64
E-0004599,2024-07-29,Books,Brand Delta,Islamabad,2,323.89,2,boring content,True,C-381
E-0004600,2023-08-28,Home,Brand Delta,Dubai,5,217.99,4,would buy again,True,C-1466
E-0004601,2024-01-17,Sports,Brand Beta,Islamabad,2,268.99,4,broke after week,True,C-1439
E-0004602,2024-09-02,Clothing,Brand Delta,New York,3,45.9,1,comfortable and stylish,True,C-1124
E-0004603,2024-06-17,Clothing,Brand Gamma,Lahore,4,397.32,1,too small,False,C-894
E-0004604,2024-08-09,Home,Brand Delta,Lahore,4,17.81,1,assembly was hard,True,C-864
E-0004605,2024-12-07,Books,Brand Alpha,Dubai,3,130.55,2,boring content,True,C-895
E-0004606,2024-10-10,Clothing,Brand Beta,Lahore,3,18.3,2,color faded after wash,True,C-682
E-0004607,2024-06-09,Clothing,Brand Gamma,Lahore,4,12.31,1,too small,True,C-193
E-0004608,2023-11-28,Home,Brand Beta,Dubai,4,197.4,5,looks premium,False,C-348
E-0004609,2023-10-15,Home,Brand Gamma,Dubai,5,279.25,1,very useful,True,C-538
E-0004610,2023-12-19,Electronics,Brand Beta,Karachi,3,368.77,2,battery dies fast,True,C-1308
E-0004611,2024-08-21,Clothing,Brand Delta,Karachi,5,149.02,2,comfortable and stylish,True,C-443
E-0004612,2024-09-01,Home,Brand Delta,Dubai,4,140.44,2,assembly was hard,True,C-584
E-0004613,2024-11-26,Electronics,Brand Beta,New York,3,249.44,1,excellent quality,False,C-569
E-0004614,2024-05-04,Electronics,Brand Beta,London,3,216.95,3,disappointed with durability,True,C-123
E-0004615,2024-10-01,Books,Brand Gamma,New York,4,76.65,1,well written,False,C-1301
E-0004616,2024-05-15,Beauty,Brand Alpha,Dubai,2,315.4,2,too expensive,True,C-1388
E-0004617,2024-06-15,Books,Brand Beta,London,2,290.36,3,fast delivery,True,C-288
E-0004618,2025-01-17,Electronics,Brand Delta,Lahore,4,77.34,1,excellent quality,False,C-866
E-0004619,2024-10-01,Beauty,Brand Delta,London,3,365.8,2,nice scent,True,C-367
E-0004620,2024-09-01,Books,Brand Gamma,Lahore,5,192.77,2,boring content,True,C-638
E-0004621,2023-11-07,Sports,Brand Beta,Dubai,5,265.46,2,broke after week,True,C-548
E-0004622,2024-03-04,Clothing,Brand Alpha,Dubai,3,213.18,1,color faded after wash,True,C-502
E-0004623,2024-03-13,Electronics,Brand Alpha,Lahore,4,27.63,1,poor build,True,C-1025
E-0004624,2023-12-03,Books,Brand Beta,Lahore,2,394.2,2,print quality good,True,C-43
E-0004625,2024-12-13,Books,Brand Delta,London,4,322.21,4,print quality good,True,C-1055
E-0004626,2024-01-29,Clothing,Brand Beta,Karachi,2,185.79,1,seams came apart,True,C-1093
E-0004627,2024-04-10,Clothing,Brand Alpha,Islamabad,5,75.84,1,nice fabric,True,C-1492
E-0004628,2024-10-09,Home,Brand Delta,Karachi,2,275.7,3,looks premium,True,C-1127
E-0004629,2024-12-15,Beauty,Brand Alpha,New York,5,337.14,3,too expensive,True,C-213
E-0004630,2024-02-23,Sports,Brand Gamma,New York,2,224.57,1,good grip,True,C-434
E-0004631,2024-02-11,Books,Brand Beta,New York,4,123.2,2,fast delivery,True,C-854
E-0004632,2024-06-28,Books,Brand Delta,Karachi,4,50.89,2,well written,True,C-531
E-0004633,2024-02-22,Beauty,Brand Beta,London,2,341.32,3,nice scent,True,C-1297
E-0004634,2023-09-12,Sports,Brand Gamma,Islamabad,3,258.4,2,poor durability,False,C-517
E-0004635,2024-04-17,Home,Brand Beta,Islamabad,3,315.18,2,assembly was hard,True,C-354
E-0004636,2024-03-28,Clothing,Brand Alpha,Islamabad,1,19.34,2,fits perfectly,True,C-115
E-0004637,2024-12-25,Electronics,Brand Beta,Islamabad,5,398.99,2,disappointed with durability,True,C-963
E-0004638,2024-05-28,Books,Brand Gamma,New York,4,201.29,3,print quality good,True,C-685
E-0004639,2024-01-05,Electronics,Brand Gamma,New York,5,337.97,3,disappointed with durability,True,C-861
E-0004640,2024-03-05,Sports,Brand Delta,New York,3,250.97,3,broke after week,True,C-267
E-0004641,2024-09-30,Electronics,Brand Delta,London,3,298.12,2,poor build,True,C-1002
E-0004642,2024-12-16,Home,Brand Alpha,Lahore,2,61.7,2,assembly was hard,True,C-1169
E-0004643,2024-03-16,Electronics,Brand Gamma,New York,2,160.29,1,disappointed with durability,True,C-1441
E-0004644,2023-09-28,Clothing,Brand Alpha,New York,3,50.47,2,nice fabric,True,C-605
E-0004645,2023-06-27,Books,Brand Alpha,Islamabad,2,251.23,2,print quality good,True,C-1418
E-0004646,2023-12-14,Electronics,Brand Gamma,Karachi,4,39.25,2,disappointed with durability,True,C-216
E-0004647,2024-07-14,Beauty,Brand Delta,Lahore,2,342.54,2,nice scent,True,C-171
E-0004648,2023-07-26,Electronics,Brand Gamma,New York,3,240.62,3,poor build,True,C-1453
E-0004649,2024-05-24,Electronics,Brand Beta,New York,4,207.58,2,average at best,True,C-1366
E-0004650,2023-12-03,Beauty,Brand Alpha,Karachi,4,145.36,3,skin felt great,True,C-1146
E-0004651,2024-03-24,Clothing,Brand Delta,Islamabad,3,277.78,1,great value,True,C-812
E-0004652,2024-07-02,Clothing,Brand Alpha,Karachi,2,339.02,1,nice fabric,True,C-556
E-0004653,2023-08-06,Sports,Brand Beta,London,3,238.36,2,great for training,False,C-945
E-0004654,2024-03-13,Electronics,Brand Alpha,Karachi,4,70.25,2,highly recommend,True,C-507
E-0004655,2024-02-11,Beauty,Brand Delta,New York,4,298.07,2,skin felt great,True,C-1328
E-0004656,2024-06-15,Clothing,Brand Beta,Karachi,4,110.02,2,seams came apart,True,C-1483
E-0004657,2024-11-04,Books,Brand Alpha,London,2,128.92,1,print quality good,True,C-852
E-0004658,2024-12-10,Sports,Brand Delta,Karachi,5,99.36,2,broke after week,False,C-158
E-0004659,2024-09-08,Electronics,Brand Delta,Karachi,3,129.13,1,poor build,True,C-721
E-0004660,2024-11-09,Electronics,Brand Delta,Lahore,3,132.63,1,excellent quality,False,C-1249
E-0004661,2023-08-21,Beauty,Brand Gamma,New York,5,50.06,1,,True,C-1199
E-0004662,2023-09-29,Books,Brand Beta,Islamabad,1,399.08,3,informative,True,C-1343
E-0004663,2023-11-28,Clothing,Brand Delta,London,4,82.59,1,color faded after wash,True,C-453
E-0004664,2024-11-23,Home,Brand Delta,London,5,278.12,3,very useful,True,C-953
E-0004665,2024-05-25,Clothing,Brand Gamma,London,1,88.36,1,seams came apart,True,C-1189
E-0004666,2025-01-13,Home,Brand Alpha,London,4,77.02,3,cheap materials,True,C-82
E-0004667,2024-06-24,Sports,Brand Beta,Islamabad,5,206.93,1,poor durability,True,C-625
E-0004668,2023-09-09,Books,Brand Gamma,Dubai,4,211.08,3,,False,C-1395
E-0004669,2024-02-13,Sports,Brand Delta,Dubai,4,62.88,2,poor durability,True,C-1239
E-0004670,2024-07-07,Home,Brand Alpha,Lahore,3,118.39,2,assembly was hard,False,C-193
E-0004671,2023-07-06,Beauty,Brand Delta,London,4,,2,nice scent,True,C-1110
E-0004672,2023-06-16,Books,Brand Delta,Islamabad,4,23.92,4,fast delivery,False,C-1468
E-0004673,2024-11-01,Clothing,Brand Alpha,Lahore,1,334.44,2,seams came apart,False,C-89
E-0004674,2023-09-15,Beauty,Brand Gamma,Karachi,3,381.23,4,skin felt great,True,C-244
E-0004675,2023-07-03,Books,Brand Alpha,London,2,101.6,1,print quality good,True,C-778
E-0004676,2024-01-08,Electronics,Brand Delta,Karachi,5,353.62,1,highly recommend,True,C-849
E-0004677,2023-09-10,Clothing,Brand Delta,Islamabad,2,221.29,1,nice fabric,True,C-303
E-0004678,2024-02-29,Beauty,Brand Delta,Islamabad,4,356.6,3,caused irritation,True,C-1469
E-0004679,2024-07-18,Beauty,Brand Alpha,Karachi,5,136.27,3,recommend,True,C-1119
E-0004680,2023-06-30,Home,Brand Delta,Islamabad,3,32.13,2,assembly was hard,True,C-1016
E-0004681,2024-06-15,Clothing,Brand Delta,Islamabad,3,86.85,3,seams came apart,False,C-1215
E-0004682,2024-03-15,Home,Brand Alpha,London,2,249.39,4,very useful,True,C-1281
E-0004683,2023-06-03,Clothing,Brand Gamma,Dubai,3,234.1,2,color faded after wash,True,C-597
E-0004684,2024-09-27,Electronics,Brand Alpha,New York,2,116.02,1,excellent quality,False,C-661
E-0004685,2024-10-15,Books,Brand Gamma,London,3,322.63,3,fast delivery,True,C-1246
E-0004686,2024-11-30,Beauty,Brand Delta,London,2,273.0,1,caused irritation,True,C-840
E-0004687,2023-10-13,Sports,Brand Gamma,Karachi,4,114.03,1,poor durability,True,C-237
E-0004688,2023-08-19,Home,Brand Gamma,Lahore,5,273.73,1,assembly was hard,True,C-241
E-0004689,2023-08-05,Electronics,Brand Gamma,Islamabad,2,104.85,2,works great,True,C-1187
E-0004690,2023-08-10,Clothing,Brand Alpha,London,5,65.26,2,seams came apart,True,C-1236
E-0004691,2024-02-06,Beauty,Brand Gamma,London,3,36.85,2,too expensive,False,C-1212
E-0004692,2024-04-02,Home,Brand Alpha,Karachi,3,255.09,3,cheap materials,False,C-807
E-0004693,2024-03-19,Sports,Brand Beta,Lahore,5,359.42,4,great for training,True,C-538
E-0004694,2024-11-02,Home,Brand Beta,New York,2,241.12,2,would buy again,True,C-1127
E-0004695,2023-07-15,Books,Brand Alpha,Dubai,4,191.51,2,fast delivery,True,C-625
E-0004696,2023-06-30,Electronics,Brand Beta,Islamabad,3,63.21,4,battery dies fast,True,C-890
E-0004697,2023-11-26,Home,Brand Beta,Dubai,3,52.88,1,very useful,True,C-329
E-0004698,2024-03-04,Electronics,Brand Alpha,Islamabad,4,18.28,3,highly recommend,True,C-1235
E-0004699,2024-12-16,Home,Brand Beta,New York,4,272.25,1,looks premium,True,C-985
E-0004700,2023-11-24,Electronics,Brand Gamma,London,3,399.81,2,excellent quality,True,C-225
E-0004701,2024-10-22,Sports,Brand Alpha,Lahore,2,121.95,2,poor durability,True,C-1461
E-0004702,2024-04-01,Electronics,Brand Beta,Islamabad,4,297.06,1,works great,True,C-859
E-0004703,2023-12-22,Beauty,Brand Delta,New York,5,217.35,3,skin felt great,False,C-1196
E-0004704,2024-01-29,Home,Brand Alpha,Islamabad,3,31.56,2,very useful,False,C-1062
E-0004705,2024-02-21,Home,Brand Gamma,New York,4,179.96,1,looks premium,True,C-716
E-0004706,2024-03-21,Electronics,Brand Alpha,Islamabad,4,398.53,3,love it,False,C-762
E-0004707,2024-03-15,Sports,Brand Gamma,Islamabad,4,130.59,1,broke after week,True,C-1416
E-0004708,2025-01-13,Clothing,Brand Gamma,Islamabad,3,39.7,2,color faded after wash,False,C-39
E-0004709,2023-07-28,Beauty,Brand Delta,New York,4,390.97,2,caused irritation,False,C-1159
E-0004710,2024-05-06,Home,Brand Gamma,Karachi,3,353.01,2,cheap materials,True,C-873
E-0004711,2023-08-05,Electronics,Brand Alpha,London,4,173.88,1,works great,True,C-1265
E-0004712,2023-12-14,Home,Brand Alpha,Karachi,3,141.58,2,would buy again,False,C-1108
E-0004713,2023-11-26,Beauty,Brand Gamma,New York,3,18.39,2,too expensive,True,C-849
E-0004714,2023-12-29,Home,Brand Alpha,Dubai,5,96.22,3,very useful,True,C-479
E-0004715,2024-09-22,Books,Brand Alpha,Karachi,5,346.53,2,informative,True,C-1033
E-0004716,2023-08-19,Clothing,Brand Alpha,Karachi,4,185.26,3,seams came apart,True,C-52
E-0004717,2024-05-28,Clothing,Brand Delta,Lahore,3,335.57,1,fits perfectly,True,C-884
E-0004718,2024-03-25,Clothing,Brand Beta,Lahore,1,157.96,2,great value,True,C-1480
E-0004719,2024-09-09,Clothing,Brand Alpha,Lahore,2,50.11,3,nice fabric,True,C-1257
E-0004720,2023-07-27,Books,Brand Alpha,Lahore,5,137.72,1,boring content,True,C-392
E-0004721,2024-05-16,Electronics,Brand Delta,New York,2,135.9,3,average at best,True,C-1399
E-0004722,2024-07-30,Sports,Brand Gamma,London,3,282.93,1,broke after week,True,C-376
E-0004723,2023-06-11,Electronics,Brand Delta,Lahore,3,53.99,2,highly recommend,True,C-1160
E-0004724,2023-12-13,Clothing,Brand Alpha,Lahore,5,84.12,1,fits perfectly,True,C-671
E-0004725,2023-06-14,Home,Brand Delta,Lahore,3,238.09,1,would buy again,True,C-279
E-0004726,2024-07-26,Beauty,Brand Gamma,Lahore,3,319.89,4,nice scent,False,C-650
E-0004727,2024-06-12,Sports,Brand Delta,New York,3,72.66,3,poor durability,True,C-1067
E-0004728,2023-06-29,Books,Brand Gamma,Karachi,3,48.96,3,fast delivery,False,C-1106
E-0004729,2024-05-03,Clothing,Brand Delta,Lahore,3,233.34,1,color faded after wash,True,C-459
E-0004730,2024-05-29,Clothing,Brand Alpha,Karachi,3,42.18,2,comfortable and stylish,True,C-846
E-0004731,2025-01-01,Books,Brand Gamma,London,4,269.48,4,print quality good,False,C-116
E-0004732,2024-05-12,Beauty,Brand Alpha,New York,4,314.92,3,caused irritation,True,C-858
E-0004733,2024-01-28,Clothing,Brand Beta,London,4,25.36,2,great value,False,C-305
E-0004734,2023-08-16,Clothing,Brand Delta,Karachi,3,234.73,2,too small,True,C-505
E-0004735,2024-05-22,Electronics,Brand Beta,London,2,277.94,2,love it,True,C-1218
E-0004736,2024-07-15,Beauty,Brand Beta,Dubai,4,238.87,4,skin felt great,True,C-1386
E-0004737,2024-04-10,Electronics,Brand Beta,Lahore,3,325.73,1,excellent quality,True,C-777
E-0004738,2024-06-26,Clothing,Brand Delta,Lahore,5,360.38,1,seams came apart,True,C-1234
E-0004739,2024-08-16,Books,Brand Delta,Dubai,2,317.19,2,boring content,True,C-368
E-0004740,2023-07-24,Beauty,Brand Alpha,Islamabad,2,198.0,3,caused irritation,True,C-413
E-0004741,2024-07-23,Electronics,Brand Delta,Dubai,2,219.11,1,average at best,True,C-1470
E-0004742,2024-04-26,Home,Brand Delta,New York,2,135.43,2,looks premium,False,C-95
E-0004743,2024-01-17,Beauty,Brand Delta,Dubai,3,224.15,1,too expensive,True,C-707
E-0004744,2023-10-27,Beauty,Brand Beta,New York,3,287.01,3,too expensive,True,C-1101
E-0004745,2024-01-15,Beauty,Brand Beta,Dubai,5,295.81,2,nice scent,True,C-720
E-0004746,2024-06-24,Electronics,Brand Alpha,Dubai,4,170.64,2,battery dies fast,True,C-1322
E-0004747,2024-10-01,Sports,Brand Gamma,Lahore,3,160.61,2,poor durability,True,C-812
E-0004748,2023-08-29,Beauty,Brand Alpha,Islamabad,5,150.03,2,nice scent,True,C-1209
E-0004749,2023-10-17,Beauty,Brand Gamma,New York,4,358.2,3,caused irritation,True,C-811
E-0004750,2024-08-04,Beauty,Brand Beta,Islamabad,3,373.34,3,too expensive,True,C-733
E-0004751,2023-10-07,Sports,Brand Delta,Karachi,2,332.78,3,good grip,True,C-585
E-0004752,2024-02-02,Books,Brand Delta,Lahore,3,384.17,6,fast delivery,True,C-1187
E-0004753,2024-10-04,Clothing,Brand Beta,Islamabad,5,,4,,True,C-1418
E-0004754,2024-06-01,Beauty,Brand Delta,Dubai,5,272.83,3,too expensive,True,C-1206
E-0004755,2023-08-06,Electronics,Brand Delta,London,4,96.78,1,highly recommend,True,C-1163
E-0004756,2023-12-05,Home,Brand Gamma,Karachi,4,258.75,5,assembly was hard,True,C-737
E-0004757,2024-02-10,Clothing,Brand Delta,London,2,68.39,2,comfortable and stylish,False,C-583
E-0004758,2024-03-04,Beauty,Brand Beta,London,2,247.28,3,caused irritation,True,C-1005
E-0004759,2024-02-10,Home,Brand Alpha,New York,4,27.99,3,very useful,True,C-524
E-0004760,2024-08-27,Home,Brand Gamma,Karachi,4,272.46,1,very useful,True,C-964
E-0004761,2024-08-26,Clothing,Brand Beta,New York,2,25.53,1,great value,True,C-616
E-0004762,2024-04-15,Home,Brand Alpha,Karachi,2,284.11,2,cheap materials,True,C-63
E-0004763,2023-11-29,Clothing,Brand Alpha,Dubai,3,183.89,2,color faded after wash,False,C-395
E-0004764,2024-03-01,Electronics,Brand Alpha,Dubai,2,83.58,4,average at best,True,C-906
E-0004765,2023-06-01,Electronics,Brand Gamma,Lahore,2,215.03,2,battery dies fast,True,C-1436
E-0004766,2023-07-09,Sports,Brand Alpha,Islamabad,2,331.97,1,broke after week,True,C-1420
E-0004767,2024-08-01,Beauty,Brand Alpha,Islamabad,3,302.2,2,caused irritation,False,C-32
E-0004768,2024-11-02,Sports,Brand Delta,Islamabad,3,344.67,2,great for training,False,C-748
E-0004769,2023-06-12,Beauty,Brand Alpha,Lahore,4,69.27,1,skin felt great,True,C-1307
E-0004770,2024-05-21,Clothing,Brand Delta,New York,3,121.8,1,fits perfectly,True,C-241
E-0004771,2024-11-29,Sports,Brand Alpha,Islamabad,5,154.58,2,broke after week,True,C-190
E-0004772,2023-07-20,Electronics,Brand Delta,Lahore,4,161.51,2,highly recommend,True,C-1220
E-0004773,2024-09-14,Sports,Brand Alpha,London,3,71.93,1,poor durability,True,C-1084
E-0004774,2024-10-31,Books,Brand Alpha,Lahore,4,127.43,2,well written,True,C-691
E-0004775,2023-08-18,Electronics,Brand Beta,Dubai,3,277.77,1,,True,C-1128
E-0004776,2024-09-09,Beauty,Brand Delta,London,2,,3,recommend,True,C-111
E-0004777,2024-09-05,Home,Brand Alpha,Karachi,3,77.21,3,cheap materials,True,C-1343
E-0004778,2024-03-18,Home,Brand Beta,Dubai,4,398.28,2,very useful,True,C-3
E-0004779,2024-12-13,Sports,Brand Beta,New York,4,73.02,3,great for training,True,C-232
E-0004780,2024-04-10,Books,Brand Alpha,Karachi,4,97.24,1,print quality good,True,C-94
E-0004781,2023-08-20,Electronics,Brand Beta,Lahore,3,178.94,3,highly recommend,True,C-689
E-0004782,2024-11-05,Beauty,Brand Beta,Islamabad,2,105.76,1,nice scent,True,C-568
E-0004783,2023-09-30,Beauty,Brand Beta,Islamabad,3,144.38,2,caused irritation,False,C-1034
E-0004784,2024-09-13,Beauty,Brand Alpha,New York,2,69.56,1,too expensive,True,C-180
E-0004785,2024-05-16,Clothing,Brand Alpha,Karachi,3,339.61,3,comfortable and stylish,False,C-1457
E-0004786,2024-01-05,Clothing,Brand Delta,Islamabad,4,207.48,1,fits perfectly,False,C-457
E-0004787,2024-05-01,Clothing,Brand Delta,London,4,158.82,2,comfortable and stylish,True,C-1300
E-0004788,2024-05-21,Sports,Brand Gamma,Karachi,4,260.38,2,broke after week,True,C-874
E-0004789,2024-10-05,Sports,Brand Gamma,New York,3,263.93,1,poor durability,True,C-973
E-0004790,2023-08-18,Home,Brand Alpha,Karachi,3,232.73,2,very useful,True,C-141
E-0004791,2024-03-08,Home,Brand Beta,Lahore,4,258.25,2,looks premium,True,C-633
E-0004792,2024-07-22,Books,Brand Gamma,Karachi,3,167.41,3,print quality good,True,C-960
E-0004793,2024-07-17,Books,Brand Beta,Islamabad,4,80.07,2,informative,True,C-187
E-0004794,2024-10-08,Books,Brand Alpha,Karachi,3,278.24,1,fast delivery,True,C-13
E-0004795,2023-10-22,Clothing,Brand Beta,London,4,30.06,2,comfortable and stylish,True,C-117
E-0004796,2024-04-19,Beauty,Brand Gamma,Karachi,2,166.01,2,caused irritation,True,C-1233
E-0004797,2024-09-01,Clothing,Brand Gamma,Lahore,4,302.1,1,comfortable and stylish,True,C-1387
E-0004798,2024-01-31,Electronics,Brand Delta,Dubai,1,217.74,3,poor build,True,C-917
E-0004799,2024-12-28,Electronics,Brand Alpha,Lahore,3,66.94,1,average at best,True,C-1479
E-0004800,2024-08-04,Sports,Brand Beta,New York,3,,1,great for training,True,C-1077
E-0004801,2024-01-09,Electronics,Brand Beta,Islamabad,3,45.36,2,love it,True,C-767
E-0004802,2024-07-30,Clothing,Brand Beta,Karachi,5,329.88,2,nice fabric,True,C-720
E-0004803,2025-01-07,Beauty,Brand Beta,Dubai,3,362.59,2,skin felt great,True,C-512
E-0004804,2024-02-08,Sports,Brand Delta,Lahore,5,,1,poor durability,True,C-1216
E-0004805,2024-11-08,Sports,Brand Gamma,Islamabad,1,119.01,5,good grip,True,C-239
E-0004806,2023-12-28,Clothing,Brand Beta,New York,4,82.42,4,nice fabric,True,C-562
E-0004807,2023-08-21,Home,Brand Delta,New York,3,243.15,2,looks premium,True,C-273
E-0004808,2024-04-19,Home,Brand Delta,Islamabad,2,380.37,2,would buy again,True,C-1263
E-0004809,2023-09-26,Beauty,Brand Alpha,Islamabad,3,16.81,1,recommend,True,C-438
E-0004810,2023-07-26,Clothing,Brand Delta,Dubai,5,391.22,3,great value,True,C-802
E-0004811,2023-11-07,Electronics,Brand Gamma,Lahore,1,353.23,2,love it,True,C-943
E-0004812,2024-01-07,Clothing,Brand Beta,Lahore,3,,2,fits perfectly,True,C-1175
E-0004813,2023-08-21,Sports,Brand Beta,Karachi,4,93.44,3,good grip,True,C-702
E-0004814,2023-12-30,Home,Brand Alpha,Karachi,4,161.88,4,looks premium,False,C-888
E-0004815,2024-07-24,Electronics,Brand Gamma,London,4,197.14,1,battery dies fast,True,C-698
E-0004816,2024-12-09,Books,Brand Gamma,Karachi,4,308.83,1,well written,True,C-918
E-0004817,2024-01-11,Electronics,Brand Beta,London,4,337.65,2,poor build,False,C-554
E-0004818,2023-10-29,Sports,Brand Beta,Karachi,3,97.03,2,good grip,False,C-343
E-0004819,2024-03-15,Sports,Brand Alpha,Dubai,4,314.27,1,broke after week,True,C-761
E-0004820,2024-04-25,Sports,Brand Beta,Islamabad,4,61.51,1,broke after week,True,C-562
E-0004821,2023-08-31,Home,Brand Gamma,Islamabad,3,186.03,2,assembly was hard,True,C-1215
E-0004822,2024-12-20,Clothing,Brand Gamma,London,3,192.87,2,too small,True,C-568
E-0004823,2024-09-19,Electronics,Brand Beta,Dubai,2,245.92,1,poor build,True,C-536
E-0004824,2024-06-29,Beauty,Brand Delta,Lahore,2,92.12,1,skin felt great,True,C-359
E-0004825,2024-08-10,Home,Brand Alpha,Islamabad,4,298.66,4,looks premium,True,C-149
E-0004826,2023-12-27,Beauty,Brand Beta,Lahore,4,145.65,1,skin felt great,True,C-1168
E-0004827,2023-12-05,Sports,Brand Delta,Lahore,5,146.46,1,good grip,True,C-888
E-0004828,2023-08-09,Beauty,Brand Alpha,Lahore,3,199.45,1,skin felt great,True,C-619
E-0004829,2024-07-27,Clothing,Brand Beta,Lahore,4,372.78,2,nice fabric,True,C-656
E-0004830,2023-12-08,Home,Brand Alpha,Islamabad,3,298.83,2,assembly was hard,False,C-4
E-0004831,2023-08-21,Electronics,Brand Alpha,Dubai,4,95.98,3,disappointed with durability,True,C-1104
E-0004832,2024-08-14,Beauty,Brand Gamma,London,2,333.96,2,nice scent,True,C-242
E-0004833,2024-01-21,Sports,Brand Gamma,Islamabad,5,,4,good grip,True,C-1227
E-0004834,2023-10-31,Home,Brand Beta,Lahore,4,185.79,2,would buy again,True,C-922
E-0004835,2024-09-27,Sports,Brand Gamma,Islamabad,4,260.05,2,great for training,False,C-591
E-0004836,2023-08-17,Sports,Brand Beta,Dubai,2,17.03,3,great for training,True,C-41
E-0004837,2024-02-25,Beauty,Brand Beta,London,4,125.72,3,nice scent,True,C-574
E-0004838,2023-09-06,Beauty,Brand Alpha,London,3,344.55,1,too expensive,True,C-1191
E-0004839,2024-08-02,Clothing,Brand Beta,New York,5,227.46,3,comfortable and stylish,True,C-902
E-0004840,2024-02-18,Beauty,Brand Beta,Islamabad,4,398.31,2,too expensive,True,C-1067
E-0004841,2024-05-18,Sports,Brand Gamma,Lahore,4,65.09,1,great for training,True,C-754
E-0004842,2024-05-04,Clothing,Brand Beta,New York,5,218.98,1,too small,True,C-1385
E-0004843,2023-09-21,Beauty,Brand Beta,Karachi,4,273.59,2,skin felt great,False,C-599
E-0004844,2023-07-16,Home,Brand Alpha,Dubai,5,129.53,2,looks premium,False,C-1390
E-0004845,2023-10-26,Books,Brand Beta,Karachi,3,327.09,1,print quality good,True,C-609
E-0004846,2023-07-04,Books,Brand Gamma,London,2,217.64,2,fast delivery,False,C-586
E-0004847,2023-10-03,Books,Brand Alpha,Lahore,4,167.48,2,print quality good,True,C-1450
E-0004848,2024-07-05,Sports,Brand Alpha,New York,4,77.17,4,good grip,True,C-220
E-0004849,2023-09-24,Clothing,Brand Delta,Islamabad,2,110.04,3,fits perfectly,True,C-694
E-0004850,2023-09-17,Electronics,Brand Gamma,Dubai,1,241.26,2,excellent quality,True,C-375
E-0004851,2025-01-03,Books,Brand Gamma,New York,2,88.57,2,print quality good,True,C-209
E-0004852,2024-09-24,Beauty,Brand Gamma,Karachi,3,126.81,1,caused irritation,True,C-540
E-0004853,2023-10-04,Sports,Brand Beta,Lahore,2,83.77,1,great for training,True,C-1443
E-0004854,2024-08-19,Books,Brand Alpha,Karachi,2,113.86,3,print quality good,True,C-394
E-0004855,2024-08-17,Books,Brand Alpha,New York,4,168.71,2,informative,True,C-1170
E-0004856,2024-12-16,Clothing,Brand Beta,New York,3,219.62,2,great value,False,C-823
E-0004857,2024-09-24,Sports,Brand Alpha,Islamabad,4,71.77,4,broke after week,True,C-645
E-0004858,2024-12-19,Clothing,Brand Delta,Lahore,3,83.77,3,nice fabric,True,C-442
E-0004859,2024-11-15,Sports,Brand Gamma,Lahore,2,212.82,4,,False,C-755
E-0004860,2024-07-24,Books,Brand Alpha,Islamabad,3,,1,fast delivery,True,C-1112
E-0004861,2024-10-08,Electronics,Brand Gamma,Dubai,3,324.02,3,highly recommend,True,C-7
E-0004862,2024-11-23,Electronics,Brand Beta,New York,3,112.46,2,highly recommend,True,C-20
E-0004863,2023-07-31,Beauty,Brand Beta,Karachi,5,299.34,1,nice scent,True,C-1257
E-0004864,2023-12-27,Electronics,Brand Beta,New York,5,109.37,3,excellent quality,True,C-1130
E-0004865,2023-06-14,Electronics,Brand Gamma,Lahore,3,381.96,2,poor build,False,C-61
E-0004866,2024-07-07,Clothing,Brand Alpha,Dubai,5,369.65,2,too small,True,C-375
E-0004867,2025-01-09,Clothing,Brand Gamma,Dubai,3,109.53,1,color faded after wash,True,C-1142
E-0004868,2025-01-14,Home,Brand Gamma,New York,4,366.12,1,looks premium,False,C-859
E-0004869,2024-01-02,Books,Brand Beta,London,4,307.77,3,boring content,False,C-53
E-0004870,2024-05-01,Sports,Brand Gamma,London,4,389.35,1,good grip,False,C-394
E-0004871,2024-10-05,Electronics,Brand Delta,London,1,23.33,1,works great,True,C-962
E-0004872,2024-07-04,Sports,Brand Gamma,Dubai,3,50.9,2,broke after week,True,C-668
E-0004873,2023-12-11,Home,Brand Beta,Dubai,5,324.9,1,assembly was hard,True,C-1268
E-0004874,2023-10-18,Sports,Brand Beta,Karachi,2,92.96,2,poor durability,False,C-31
E-0004875,2024-08-17,Home,Brand Beta,Lahore,1,314.25,4,cheap materials,True,C-1106
E-0004876,2023-07-11,Beauty,Brand Gamma,Islamabad,4,335.0,2,caused irritation,True,C-968
E-0004877,2023-07-17,Books,Brand Beta,Lahore,1,259.03,1,informative,True,C-443
E-0004878,2024-04-24,Electronics,Brand Delta,Karachi,3,145.56,4,works great,False,C-1007
E-0004879,2024-06-26,Electronics,Brand Gamma,New York,2,94.85,1,disappointed with durability,True,C-937
E-0004880,2024-05-01,Beauty,Brand Gamma,London,3,385.16,1,recommend,True,C-335
E-0004881,2024-04-13,Electronics,Brand Alpha,Karachi,2,201.31,2,highly recommend,False,C-86
E-0004882,2023-12-08,Home,Brand Alpha,London,1,247.52,2,assembly was hard,False,C-964
E-0004883,2023-08-12,Books,Brand Alpha,London,4,280.23,1,well written,True,C-754
E-0004884,2023-08-24,Clothing,Brand Delta,Lahore,4,,2,nice fabric,True,C-170
E-0004885,2024-02-16,Home,Brand Delta,Karachi,3,212.99,3,would buy again,True,C-1114
E-0004886,2023-10-28,Sports,Brand Gamma,Islamabad,4,211.58,3,broke after week,True,C-455
E-0004887,2023-12-16,Beauty,Brand Delta,Dubai,3,299.34,2,skin felt great,True,C-848
E-0004888,2024-01-31,Electronics,Brand Alpha,London,4,163.34,1,,False,C-173
E-0004889,2023-08-07,Electronics,Brand Gamma,Islamabad,4,248.91,2,poor build,True,C-345
E-0004890,2024-07-03,Clothing,Brand Delta,Lahore,4,343.72,2,color faded after wash,True,C-1399
E-0004891,2023-07-09,Clothing,Brand Gamma,Islamabad,2,362.1,3,too small,True,C-464
E-0004892,2023-07-19,Sports,Brand Gamma,Karachi,3,47.21,1,poor durability,False,C-652
E-0004893,2024-03-05,Electronics,Brand Delta,Lahore,3,142.21,1,average at best,True,C-924
E-0004894,2024-04-21,Books,Brand Gamma,London,4,185.36,3,well written,True,C-1115
E-0004895,2023-11-13,Home,Brand Gamma,Dubai,2,151.93,1,looks premium,True,C-391
E-0004896,2023-08-26,Electronics,Brand Gamma,London,3,177.46,3,poor build,True,C-688
E-0004897,2023-12-12,Beauty,Brand Beta,Karachi,5,245.74,1,skin felt great,True,C-682
E-0004898,2024-03-03,Books,Brand Alpha,Karachi,4,88.36,2,fast delivery,True,C-9
E-0004899,2024-03-11,Electronics,Brand Gamma,Dubai,5,233.55,1,love it,True,C-795
E-0004900,2023-07-09,Beauty,Brand Beta,Karachi,3,135.32,1,caused irritation,False,C-1433
E-0004901,2024-10-22,Home,Brand Delta,Lahore,5,236.96,2,cheap materials,True,C-197
E-0004902,2024-10-18,Home,Brand Delta,Lahore,5,179.7,1,would buy again,True,C-1063
E-0004903,2023-07-21,Beauty,Brand Delta,Lahore,5,40.34,1,caused irritation,True,C-435
E-0004904,2024-05-27,Clothing,Brand Delta,London,3,160.36,3,nice fabric,False,C-1229
E-0004905,2024-09-02,Sports,Brand Delta,New York,3,181.14,2,broke after week,False,C-548
E-0004906,2025-01-18,Electronics,Brand Delta,Islamabad,4,365.91,3,love it,True,C-671
E-0004907,2024-06-15,Electronics,Brand Delta,London,4,288.09,2,love it,True,C-1093
E-0004908,2023-11-07,Sports,Brand Beta,London,5,355.38,2,broke after week,True,C-1244
E-0004909,2023-10-30,Electronics,Brand Beta,New York,3,162.01,3,battery dies fast,True,C-774
E-0004910,2024-12-03,Electronics,Brand Delta,New York,3,220.91,2,excellent quality,True,C-299
E-0004911,2024-02-14,Books,Brand Beta,London,3,375.72,4,fast delivery,True,C-1158
E-0004912,2023-08-22,Sports,Brand Beta,Karachi,4,303.64,1,poor durability,True,C-852
E-0004913,2024-02-15,Electronics,Brand Beta,London,5,283.85,4,average at best,False,C-694
E-0004914,2023-08-05,Sports,Brand Gamma,Islamabad,3,26.16,1,great for training,True,C-1332
E-0004915,2024-12-16,Electronics,Brand Gamma,New York,3,312.04,1,highly recommend,True,C-653
E-0004916,2023-10-10,Books,Brand Delta,Lahore,3,280.74,2,print quality good,True,C-1496
E-0004917,2023-12-22,Clothing,Brand Alpha,Lahore,4,212.57,3,seams came apart,True,C-737
E-0004918,2023-12-10,Sports,Brand Gamma,Islamabad,2,354.16,1,great for training,True,C-1394
E-0004919,2023-07-05,Beauty,Brand Beta,Karachi,4,184.69,1,skin felt great,True,C-875
E-0004920,2024-06-01,Home,Brand Beta,London,2,122.23,1,would buy again,True,C-1383
E-0004921,2024-05-17,Sports,Brand Beta,London,5,310.96,2,great for training,True,C-391
E-0004922,2024-11-07,Beauty,Brand Gamma,Islamabad,4,86.85,2,skin felt great,True,C-788
E-0004923,2023-07-21,Books,Brand Delta,London,4,281.42,2,print quality good,True,C-145
E-0004924,2024-10-16,Beauty,Brand Gamma,Islamabad,2,354.87,1,skin felt great,True,C-1467
E-0004925,2024-07-30,Home,Brand Gamma,Karachi,3,168.18,3,very useful,True,C-865
E-0004926,2024-02-11,Clothing,Brand Gamma,Dubai,3,223.75,1,seams came apart,True,C-721
E-0004927,2023-12-20,Home,Brand Delta,New York,1,64.77,1,assembly was hard,False,C-760
E-0004928,2024-03-17,Sports,Brand Beta,New York,2,322.82,2,broke after week,True,C-477
E-0004929,2023-10-26,Books,Brand Gamma,Islamabad,5,14.41,2,fast delivery,False,C-1059
E-0004930,2024-01-27,Sports,Brand Delta,Lahore,4,,2,broke after week,True,C-205
E-0004931,2024-06-13,Home,Brand Alpha,Lahore,3,313.97,2,cheap materials,True,C-147
E-0004932,2024-04-25,Home,Brand Alpha,Karachi,3,21.63,2,looks premium,True,C-1134
E-0004933,2023-10-16,Books,Brand Beta,Islamabad,4,344.61,2,fast delivery,True,C-82
E-0004934,2024-03-13,Home,Brand Gamma,Karachi,4,177.33,1,very useful,False,C-349
E-0004935,2023-08-29,Clothing,Brand Delta,Lahore,3,96.62,2,fits perfectly,True,C-675
E-0004936,2024-05-21,Beauty,Brand Delta,Islamabad,4,207.13,2,recommend,False,C-578
E-0004937,2023-08-25,Electronics,Brand Beta,Karachi,3,262.09,2,average at best,False,C-569
E-0004938,2023-12-16,Clothing,Brand Gamma,Karachi,5,365.3,3,comfortable and stylish,True,C-610
E-0004939,2023-09-03,Electronics,Brand Delta,Dubai,1,300.38,2,disappointed with durability,True,C-131
E-0004940,2024-06-10,Clothing,Brand Delta,Islamabad,4,111.26,1,seams came apart,True,C-762
E-0004941,2023-10-02,Clothing,Brand Beta,Lahore,3,51.32,2,too small,True,C-1091
E-0004942,2024-02-14,Electronics,Brand Beta,Islamabad,3,219.83,2,works great,True,C-854
E-0004943,2023-12-18,Books,Brand Gamma,New York,4,307.89,4,well written,True,C-1023
E-0004944,2024-10-30,Sports,Brand Alpha,Karachi,4,176.5,1,good grip,True,C-1078
E-0004945,2024-02-04,Sports,Brand Alpha,Karachi,4,336.6,2,poor durability,True,C-1125
E-0004946,2024-01-01,Beauty,Brand Alpha,Karachi,4,305.91,2,too expensive,True,C-1155
E-0004947,2024-07-04,Books,Brand Delta,Karachi,4,377.25,1,boring content,True,C-821
E-0004948,2023-07-15,Electronics,Brand Gamma,New York,2,256.38,1,works great,True,C-24
E-0004949,2024-10-06,Beauty,Brand Gamma,Islamabad,2,173.47,2,nice scent,True,C-1122
E-0004950,2023-12-16,Beauty,Brand Delta,Islamabad,4,209.47,2,recommend,True,C-986
E-0004951,2024-12-13,Home,Brand Alpha,Dubai,4,248.36,1,assembly was hard,True,C-1352
E-0004952,2023-08-12,Beauty,Brand Gamma,Karachi,2,396.29,1,too expensive,False,C-1071
E-0004953,2023-08-11,Beauty,Brand Alpha,Karachi,2,100.11,1,nice scent,True,C-1335
E-0004954,2024-07-25,Sports,Brand Beta,London,4,228.37,1,poor durability,False,C-1050
E-0004955,2024-02-04,Electronics,Brand Alpha,Lahore,4,51.99,4,highly recommend,False,C-1242
E-0004956,2023-11-14,Electronics,Brand Delta,New York,3,202.96,1,average at best,True,C-720
E-0004957,2024-11-30,Clothing,Brand Beta,Lahore,2,319.84,1,seams came apart,True,C-196
E-0004958,2024-12-17,Clothing,Brand Gamma,New York,2,236.8,1,great value,False,C-380
E-0004959,2023-12-29,Books,Brand Gamma,London,2,305.07,1,print quality good,True,C-1425
E-0004960,2023-08-29,Books,Brand Delta,Islamabad,4,107.91,3,informative,True,C-437
E-0004961,2024-06-19,Clothing,Brand Alpha,Lahore,4,303.27,1,fits perfectly,False,C-272
E-0004962,2023-09-15,Beauty,Brand Delta,Lahore,1,373.6,3,skin felt great,True,C-183
E-0004963,2024-11-07,Books,Brand Beta,Lahore,3,126.98,2,boring content,True,C-141
E-0004964,2023-07-08,Sports,Brand Gamma,Islamabad,1,220.82,2,good grip,True,C-583
E-0004965,2024-10-10,Books,Brand Delta,Lahore,5,148.57,1,print quality good,True,C-68
E-0004966,2023-06-26,Electronics,Brand Delta,London,3,38.09,2,battery dies fast,True,C-84
E-0004967,2024-04-11,Electronics,Brand Alpha,Islamabad,1,73.52,1,excellent quality,True,C-1118
E-0004968,2024-08-01,Books,Brand Beta,London,5,11.24,1,informative,True,C-852
E-0004969,2024-07-05,Beauty,Brand Gamma,New York,3,65.76,1,caused irritation,True,C-178
E-0004970,2023-06-13,Books,Brand Gamma,Islamabad,4,288.07,3,well written,True,C-1174
E-0004971,2023-07-20,Beauty,Brand Delta,Karachi,2,187.56,2,too expensive,False,C-235
E-0004972,2024-08-23,Sports,Brand Beta,Karachi,2,305.85,3,good grip,True,C-495
E-0004973,2024-06-20,Home,Brand Gamma,London,3,23.31,2,very useful,False,C-1030
E-0004974,2024-01-07,Beauty,Brand Gamma,London,4,73.3,2,skin felt great,False,C-926
E-0004975,2023-10-30,Sports,Brand Delta,London,3,203.33,2,great for training,True,C-595
E-0004976,2024-12-18,Sports,Brand Delta,Dubai,4,232.03,1,poor durability,True,C-1278
E-0004977,2023-11-18,Sports,Brand Beta,London,3,46.43,4,good grip,False,C-46
E-0004978,2023-11-19,Beauty,Brand Gamma,Karachi,3,258.13,1,caused irritation,True,C-882
E-0004979,2025-01-11,Sports,Brand Gamma,Islamabad,3,296.7,1,poor durability,True,C-626
E-0004980,2024-11-16,Home,Brand Gamma,Dubai,2,23.42,2,looks premium,True,C-1392
E-0004981,2023-11-22,Home,Brand Alpha,London,4,207.91,2,looks premium,True,C-1274
E-0004982,2024-10-05,Home,Brand Gamma,Lahore,3,31.53,2,looks premium,True,C-248
E-0004983,2024-08-15,Electronics,Brand Alpha,London,3,358.08,3,love it,True,C-1124
E-0004984,2024-07-26,Clothing,Brand Beta,New York,2,398.18,6,color faded after wash,False,C-543
E-0004985,2023-06-19,Beauty,Brand Delta,New York,3,45.64,2,caused irritation,True,C-285
E-0004986,2023-10-29,Clothing,Brand Gamma,New York,1,146.36,3,seams came apart,True,C-794
E-0004987,2024-04-29,Books,Brand Beta,Dubai,5,209.1,1,well written,True,C-759
E-0004988,2023-08-04,Clothing,Brand Gamma,Lahore,5,230.73,1,,True,C-459
E-0004989,2023-07-10,Beauty,Brand Delta,London,4,349.31,2,skin felt great,True,C-747
E-0004990,2024-10-31,Home,Brand Gamma,Lahore,4,50.55,2,very useful,True,C-70
E-0004991,2023-10-06,Beauty,Brand Gamma,New York,2,246.28,3,caused irritation,True,C-1361
E-0004992,2024-08-28,Clothing,Brand Delta,Dubai,2,24.27,1,color faded after wash,True,C-918
E-0004993,2023-11-19,Clothing,Brand Beta,New York,4,196.26,2,seams came apart,True,C-244
E-0004994,2023-09-20,Books,Brand Gamma,London,4,372.8,3,informative,True,C-515
E-0004995,2024-02-20,Books,Brand Beta,Islamabad,4,271.08,2,boring content,True,C-1364
E-0004996,2024-06-07,Beauty,Brand Delta,Karachi,3,97.72,2,caused irritation,False,C-791
E-0004997,2023-12-23,Sports,Brand Delta,Dubai,2,58.97,2,broke after week,False,C-105
E-0004998,2023-11-01,Books,Brand Gamma,Islamabad,3,96.74,1,fast delivery,True,C-841
E-0004999,2024-04-14,Electronics,Brand Gamma,Lahore,3,328.83,2,highly recommend,False,C-624
E-0005000,2023-10-24,Sports,Brand Gamma,Islamabad,1,368.3,2,poor durability,True,C-887
E-0005001,2024-01-21,Books,Brand Delta,Lahore,2,163.19,1,print quality good,True,C-651
E-0005002,2024-02-01,Electronics,Brand Beta,Islamabad,2,44.66,2,average at best,True,C-1394
E-0005003,2023-12-07,Clothing,Brand Delta,New York,3,157.33,2,fits perfectly,True,C-1425
E-0005004,2023-10-29,Clothing,Brand Gamma,Karachi,2,222.92,2,nice fabric,True,C-512
E-0005005,2024-11-12,Home,Brand Beta,Islamabad,3,76.29,1,cheap materials,True,C-990
E-0005006,2024-01-07,Home,Brand Gamma,Islamabad,3,17.35,3,would buy again,False,C-653
E-0005007,2023-10-06,Home,Brand Beta,New York,4,254.63,1,looks premium,True,C-174
E-0005008,2023-11-16,Beauty,Brand Beta,Dubai,5,264.14,3,skin felt great,True,C-463
E-0005009,2024-12-27,Electronics,Brand Delta,Lahore,4,27.04,2,love it,True,C-442
E-0005010,2023-11-06,Home,Brand Beta,Dubai,3,166.98,3,cheap materials,True,C-671
E-0005011,2024-07-19,Clothing,Brand Beta,Lahore,5,302.67,3,great value,True,C-11
E-0005012,2023-07-24,Beauty,Brand Beta,Islamabad,4,77.92,1,caused irritation,False,C-1082
E-0005013,2024-09-14,Home,Brand Alpha,Islamabad,2,162.31,2,assembly was hard,True,C-552
E-0005014,2024-09-05,Home,Brand Gamma,Lahore,3,68.0,2,would buy again,True,C-1276
E-0005015,2024-05-11,Beauty,Brand Gamma,New York,3,225.79,1,nice scent,True,C-1271
E-0005016,2024-04-07,Clothing,Brand Delta,Islamabad,4,114.14,3,color faded after wash,False,C-298
E-0005017,2024-12-03,Electronics,Brand Alpha,London,3,292.23,1,disappointed with durability,True,C-326
E-0005018,2024-07-01,Beauty,Brand Alpha,London,4,219.45,3,too expensive,True,C-204
E-0005019,2023-07-31,Clothing,Brand Gamma,Lahore,3,118.54,1,comfortable and stylish,True,C-510
E-0005020,2023-12-19,Books,Brand Delta,Karachi,1,82.25,2,fast delivery,False,C-549
E-0005021,2023-08-28,Home,Brand Delta,London,2,48.76,2,assembly was hard,True,C-706
E-0005022,2024-02-13,Beauty,Brand Delta,Islamabad,4,384.51,2,caused irritation,True,C-1203
E-0005023,2024-06-24,Sports,Brand Gamma,London,1,189.04,1,poor durability,True,C-847
E-0005024,2024-07-03,Books,Brand Gamma,London,3,150.25,1,well written,True,C-819
E-0005025,2024-11-21,Beauty,Brand Beta,New York,4,90.43,2,recommend,True,C-1142
E-0005026,2024-02-08,Electronics,Brand Beta,Lahore,4,21.42,1,average at best,True,C-148
E-0005027,2024-02-01,Books,Brand Gamma,Karachi,3,45.18,3,fast delivery,True,C-339
E-0005028,2024-09-21,Electronics,Brand Delta,London,3,52.99,3,excellent quality,True,C-116
E-0005029,2024-01-07,Clothing,Brand Gamma,Islamabad,4,297.38,2,too small,False,C-1482
E-0005030,2023-06-09,Books,Brand Beta,Karachi,5,137.41,2,informative,True,C-446
E-0005031,2024-07-08,Beauty,Brand Delta,London,3,,2,too expensive,True,C-1263
E-0005032,2024-03-20,Sports,Brand Gamma,Dubai,5,234.53,2,broke after week,True,C-1208
E-0005033,2023-11-24,Sports,Brand Alpha,Karachi,4,50.59,3,,False,C-119
E-0005034,2024-09-24,Books,Brand Delta,Islamabad,4,45.37,2,print quality good,False,C-1030
E-0005035,2023-11-08,Home,Brand Alpha,Karachi,4,123.98,3,assembly was hard,True,C-1212
E-0005036,2024-07-01,Books,Brand Beta,Karachi,3,69.85,1,print quality good,True,C-1248
E-0005037,2024-11-18,Sports,Brand Beta,Islamabad,3,268.81,1,broke after week,True,C-5
E-0005038,2023-12-24,Home,Brand Delta,Lahore,4,11.77,3,cheap materials,True,C-585
E-0005039,2023-10-06,Beauty,Brand Gamma,New York,5,42.55,1,skin felt great,True,C-589
E-0005040,2023-11-09,Electronics,Brand Beta,New York,4,362.47,3,excellent quality,True,C-51
E-0005041,2024-02-16,Electronics,Brand Delta,Lahore,3,305.44,1,poor build,True,C-847
E-0005042,2024-01-05,Home,Brand Delta,Lahore,4,97.09,4,would buy again,True,C-1202
E-0005043,2023-09-26,Electronics,Brand Gamma,Dubai,2,356.45,1,average at best,True,C-1249
E-0005044,2024-04-09,Sports,Brand Beta,Islamabad,3,254.76,1,good grip,False,C-702
E-0005045,2023-10-16,Electronics,Brand Gamma,Karachi,3,245.1,2,love it,True,C-1390
E-0005046,2024-10-17,Beauty,Brand Alpha,London,3,383.76,2,recommend,False,C-996
E-0005047,2023-06-02,Books,Brand Delta,Lahore,3,386.07,1,well written,True,C-890
E-0005048,2023-08-27,Home,Brand Delta,Karachi,3,173.31,4,looks premium,True,C-447
E-0005049,2023-09-20,Electronics,Brand Alpha,London,5,100.86,1,average at best,False,C-693
E-0005050,2023-07-20,Home,Brand Alpha,London,4,134.57,3,assembly was hard,True,C-187
E-0005051,2024-05-17,Books,Brand Beta,Lahore,3,297.01,1,print quality good,True,C-1283
E-0005052,2024-01-14,Home,Brand Beta,Karachi,5,81.36,4,very useful,True,C-515
E-0005053,2023-07-16,Sports,Brand Beta,New York,4,226.73,1,great for training,True,C-942
E-0005054,2024-06-06,Clothing,Brand Delta,Islamabad,5,190.13,4,too small,True,C-1304
E-0005055,2024-02-17,Home,Brand Alpha,Islamabad,3,177.21,2,very useful,True,C-1132
E-0005056,2024-09-25,Electronics,Brand Gamma,Dubai,4,281.75,3,average at best,True,C-1084
E-0005057,2024-07-10,Books,Brand Beta,Lahore,3,264.01,3,boring content,False,C-145
E-0005058,2023-08-04,Beauty,Brand Alpha,New York,4,363.9,2,too expensive,True,C-1200
E-0005059,2024-11-19,Books,Brand Delta,Islamabad,3,280.95,1,,True,C-982
E-0005060,2023-11-19,Home,Brand Beta,Karachi,3,398.41,1,looks premium,True,C-1364
E-0005061,2024-06-02,Beauty,Brand Gamma,London,4,246.92,2,caused irritation,True,C-745
E-0005062,2024-08-23,Home,Brand Gamma,Lahore,4,45.35,3,looks premium,True,C-988
E-0005063,2024-06-04,Electronics,Brand Gamma,Lahore,3,54.13,1,highly recommend,True,C-1009
E-0005064,2023-08-18,Sports,Brand Gamma,London,5,352.95,2,broke after week,True,C-1360
E-0005065,2023-06-16,Home,Brand Delta,London,5,265.92,3,looks premium,False,C-1229
E-0005066,2024-11-22,Electronics,Brand Delta,Islamabad,4,112.7,3,battery dies fast,True,C-481
E-0005067,2023-09-06,Clothing,Brand Gamma,London,3,198.05,1,color faded after wash,True,C-626
E-0005068,2024-02-11,Clothing,Brand Delta,London,4,253.54,1,nice fabric,True,C-736
E-0005069,2024-05-10,Electronics,Brand Beta,Islamabad,4,333.39,1,love it,True,C-1013
E-0005070,2025-01-03,Sports,Brand Beta,New York,3,303.06,1,great for training,True,C-1334
E-0005071,2023-07-19,Beauty,Brand Beta,London,3,231.18,2,recommend,True,C-474
E-0005072,2024-03-14,Home,Brand Beta,Islamabad,3,135.96,1,very useful,True,C-1135
E-0005073,2025-01-09,Books,Brand Beta,Islamabad,3,336.64,1,boring content,True,C-624
E-0005074,2023-06-28,Clothing,Brand Gamma,Karachi,2,304.36,1,great value,True,C-608
E-0005075,2024-10-30,Clothing,Brand Delta,Karachi,2,153.25,2,color faded after wash,True,C-366
E-0005076,2024-09-23,Electronics,Brand Gamma,Islamabad,5,354.1,2,love it,True,C-1322
E-0005077,2024-04-20,Clothing,Brand Beta,Lahore,4,339.75,1,nice fabric,True,C-852
E-0005078,2024-03-22,Electronics,Brand Delta,New York,3,305.25,1,poor build,True,C-874
E-0005079,2024-10-13,Electronics,Brand Delta,Dubai,1,,3,,False,C-354
E-0005080,2024-08-04,Home,Brand Gamma,Dubai,2,164.28,1,looks premium,True,C-886
E-0005081,2025-01-11,Books,Brand Alpha,Islamabad,4,335.63,1,print quality good,True,C-260
E-0005082,2023-11-13,Electronics,Brand Beta,Dubai,2,223.32,1,battery dies fast,True,C-525
E-0005083,2024-02-21,Electronics,Brand Gamma,London,3,13.43,2,average at best,True,C-985
E-0005084,2024-04-30,Sports,Brand Delta,New York,3,111.54,2,broke after week,True,C-1151
E-0005085,2023-08-30,Home,Brand Beta,London,3,364.73,2,would buy again,True,C-1175
E-0005086,2024-07-17,Electronics,Brand Beta,New York,3,40.37,2,excellent quality,True,C-181
E-0005087,2023-08-02,Home,Brand Alpha,Lahore,3,232.45,2,would buy again,True,C-210
E-0005088,2024-10-02,Sports,Brand Delta,Lahore,2,118.91,2,poor durability,True,C-1350
E-0005089,2024-10-29,Books,Brand Gamma,Dubai,3,278.43,2,print quality good,True,C-1455
E-0005090,2024-10-17,Beauty,Brand Alpha,Islamabad,4,323.43,1,too expensive,True,C-400
E-0005091,2024-09-22,Books,Brand Gamma,New York,4,47.22,2,boring content,True,C-510
E-0005092,2023-06-11,Beauty,Brand Delta,Islamabad,4,20.32,1,caused irritation,False,C-118
E-0005093,2024-06-20,Books,Brand Alpha,Karachi,4,265.93,1,print quality good,True,C-79
E-0005094,2024-05-18,Sports,Brand Beta,Islamabad,3,133.08,2,great for training,True,C-349
E-0005095,2024-02-14,Books,Brand Beta,Lahore,4,264.46,2,fast delivery,True,C-966
E-0005096,2023-11-30,Books,Brand Delta,Dubai,3,20.11,2,well written,True,C-78
E-0005097,2023-10-05,Clothing,Brand Beta,Islamabad,3,366.66,1,fits perfectly,False,C-1383
E-0005098,2023-11-16,Clothing,Brand Alpha,New York,4,126.36,2,fits perfectly,True,C-1030
E-0005099,2024-06-16,Electronics,Brand Alpha,Dubai,5,346.06,1,average at best,True,C-844
E-0005100,2025-01-04,Beauty,Brand Delta,Dubai,4,149.63,3,skin felt great,True,C-44
E-0005101,2023-08-23,Clothing,Brand Delta,Lahore,4,47.06,1,color faded after wash,True,C-1207
E-0005102,2023-11-06,Clothing,Brand Beta,Islamabad,4,71.33,3,fits perfectly,False,C-147
E-0005103,2024-03-24,Books,Brand Delta,Dubai,1,82.07,1,fast delivery,True,C-1240
E-0005104,2023-11-10,Beauty,Brand Gamma,Karachi,4,264.58,2,nice scent,True,C-91
E-0005105,2024-07-15,Beauty,Brand Beta,Lahore,3,205.34,2,skin felt great,True,C-282
E-0005106,2024-12-25,Sports,Brand Gamma,Lahore,1,225.07,2,good grip,False,C-110
E-0005107,2024-01-01,Books,Brand Alpha,London,4,108.63,1,boring content,True,C-1039
E-0005108,2024-10-15,Sports,Brand Gamma,Lahore,1,314.55,2,good grip,True,C-1158
E-0005109,2024-10-16,Beauty,Brand Delta,Karachi,1,62.5,1,caused irritation,False,C-723
E-0005110,2023-11-28,Sports,Brand Beta,London,3,170.86,2,poor durability,True,C-1447
E-0005111,2024-01-10,Electronics,Brand Gamma,New York,5,44.5,1,highly recommend,True,C-1170
E-0005112,2024-04-04,Clothing,Brand Delta,Karachi,5,164.73,3,too small,True,C-913
E-0005113,2024-04-09,Clothing,Brand Delta,London,4,387.81,2,color faded after wash,False,C-1430
E-0005114,2023-10-31,Electronics,Brand Gamma,London,4,126.27,2,disappointed with durability,True,C-532
E-0005115,2024-11-19,Clothing,Brand Alpha,New York,2,336.61,1,great value,True,C-694
E-0005116,2024-08-29,Books,Brand Delta,Lahore,3,131.01,1,print quality good,False,C-271
E-0005117,2024-03-05,Home,Brand Alpha,New York,3,122.07,1,would buy again,False,C-1078
E-0005118,2024-03-21,Sports,Brand Delta,Lahore,4,285.44,3,poor durability,False,C-1324
E-0005119,2023-10-18,Electronics,Brand Delta,London,5,235.98,1,average at best,True,C-1416
E-0005120,2023-12-14,Home,Brand Alpha,London,3,100.71,1,very useful,True,C-1223
E-0005121,2024-11-05,Sports,Brand Delta,Lahore,3,89.98,2,great for training,True,C-805
E-0005122,2024-02-09,Sports,Brand Delta,Lahore,4,204.23,1,great for training,True,C-686
E-0005123,2023-12-07,Sports,Brand Gamma,Islamabad,3,387.34,3,good grip,True,C-175
E-0005124,2024-04-05,Electronics,Brand Gamma,Karachi,3,348.55,3,works great,True,C-680
E-0005125,2024-09-16,Electronics,Brand Beta,Lahore,4,,2,disappointed with durability,True,C-568
E-0005126,2024-05-10,Sports,Brand Alpha,New York,3,242.86,4,poor durability,True,C-459
E-0005127,2023-10-01,Beauty,Brand Delta,New York,2,332.12,3,too expensive,True,C-1449
E-0005128,2024-01-04,Electronics,Brand Delta,New York,3,,2,excellent quality,True,C-864
E-0005129,2024-04-07,Sports,Brand Alpha,Karachi,3,50.69,2,broke after week,True,C-11
E-0005130,2024-02-22,Beauty,Brand Gamma,Islamabad,1,319.8,2,caused irritation,True,C-820
E-0005131,2023-08-24,Books,Brand Gamma,London,5,212.73,2,fast delivery,True,C-491
E-0005132,2023-12-07,Clothing,Brand Delta,Dubai,4,314.14,1,too small,False,C-538
E-0005133,2024-12-17,Electronics,Brand Alpha,London,3,355.17,2,average at best,False,C-799
E-0005134,2024-01-26,Beauty,Brand Beta,Dubai,4,128.61,1,skin felt great,True,C-342
E-0005135,2023-11-20,Home,Brand Alpha,London,3,379.2,3,would buy again,True,C-49
E-0005136,2023-07-17,Beauty,Brand Gamma,New York,3,24.57,3,skin felt great,True,C-162
E-0005137,2024-08-31,Beauty,Brand Delta,Islamabad,1,238.14,1,too expensive,False,C-420
E-0005138,2024-08-23,Sports,Brand Gamma,Islamabad,3,385.62,1,poor durability,True,C-797
E-0005139,2024-08-22,Beauty,Brand Beta,New York,3,52.47,3,skin felt great,True,C-1089
E-0005140,2024-05-20,Beauty,Brand Alpha,Lahore,5,395.89,2,caused irritation,True,C-1446
E-0005141,2023-09-20,Sports,Brand Gamma,Lahore,3,327.61,4,poor durability,True,C-469
E-0005142,2023-07-12,Electronics,Brand Delta,Lahore,3,396.07,3,works great,True,C-178
E-0005143,2024-11-08,Home,Brand Alpha,Karachi,5,291.36,1,assembly was hard,False,C-825
E-0005144,2024-10-10,Clothing,Brand Delta,Dubai,3,176.1,1,seams came apart,True,C-587
E-0005145,2024-09-26,Clothing,Brand Gamma,Islamabad,2,23.3,1,too small,True,C-809
E-0005146,2024-12-13,Clothing,Brand Gamma,Islamabad,4,50.39,3,color faded after wash,True,C-986
E-0005147,2023-09-07,Beauty,Brand Gamma,New York,5,178.09,4,recommend,True,C-704
E-0005148,2024-08-23,Beauty,Brand Delta,New York,5,134.34,1,nice scent,True,C-52
E-0005149,2023-10-15,Beauty,Brand Alpha,Karachi,1,82.9,1,skin felt great,True,C-88
E-0005150,2024-06-20,Home,Brand Delta,London,3,214.24,3,assembly was hard,True,C-338
E-0005151,2025-01-12,Home,Brand Delta,Dubai,4,296.04,2,would buy again,True,C-1088
E-0005152,2024-11-23,Clothing,Brand Delta,New York,4,224.04,3,color faded after wash,True,C-769
E-0005153,2024-01-14,Electronics,Brand Alpha,Dubai,3,127.53,2,excellent quality,True,C-541
E-0005154,2023-06-29,Home,Brand Gamma,Karachi,2,68.41,2,assembly was hard,True,C-377
E-0005155,2024-10-05,Clothing,Brand Gamma,London,1,239.21,3,too small,True,C-65
E-0005156,2023-12-10,Sports,Brand Delta,Dubai,2,44.01,1,poor durability,True,C-457
E-0005157,2023-10-19,Electronics,Brand Beta,New York,4,288.6,1,battery dies fast,True,C-1170
E-0005158,2024-07-22,Books,Brand Gamma,Islamabad,3,382.13,3,boring content,True,C-1332
E-0005159,2024-12-12,Sports,Brand Delta,New York,4,13.78,2,good grip,False,C-1472
E-0005160,2024-03-03,Clothing,Brand Beta,Karachi,4,316.95,1,great value,True,C-1099
E-0005161,2023-09-18,Electronics,Brand Alpha,London,2,49.73,2,poor build,True,C-1046
E-0005162,2023-07-10,Home,Brand Delta,Dubai,5,277.16,2,very useful,True,C-1363
E-0005163,2023-06-27,Beauty,Brand Alpha,Lahore,3,354.32,2,nice scent,False,C-1361
E-0005164,2024-03-31,Electronics,Brand Alpha,Dubai,5,277.33,2,average at best,True,C-117
E-0005165,2024-05-04,Beauty,Brand Gamma,Dubai,4,281.05,3,recommend,True,C-368
E-0005166,2024-11-30,Sports,Brand Beta,Lahore,4,100.13,3,broke after week,True,C-638
E-0005167,2024-03-11,Home,Brand Alpha,Lahore,5,314.12,5,cheap materials,False,C-481
E-0005168,2024-08-29,Home,Brand Delta,Lahore,5,219.22,2,would buy again,True,C-1192
E-0005169,2023-09-07,Books,Brand Delta,Karachi,5,335.04,3,informative,True,C-1441
E-0005170,2024-11-18,Home,Brand Gamma,Karachi,4,274.44,3,looks premium,True,C-853
E-0005171,2024-11-28,Clothing,Brand Beta,New York,3,326.85,2,comfortable and stylish,True,C-1269
E-0005172,2024-07-26,Books,Brand Gamma,New York,5,321.0,2,fast delivery,True,C-445
E-0005173,2024-06-06,Books,Brand Gamma,Dubai,2,349.34,3,informative,True,C-726
E-0005174,2023-08-07,Books,Brand Alpha,London,5,100.82,1,boring content,True,C-139
E-0005175,2024-11-29,Clothing,Brand Alpha,London,4,120.3,1,color faded after wash,True,C-327
E-0005176,2024-10-04,Sports,Brand Beta,Karachi,3,238.47,1,broke after week,True,C-685
E-0005177,2024-04-27,Clothing,Brand Delta,London,4,230.8,2,nice fabric,True,C-1367
E-0005178,2023-10-04,Clothing,Brand Beta,New York,5,26.44,3,,True,C-1324
E-0005179,2023-07-07,Electronics,Brand Gamma,London,2,355.71,2,works great,True,C-613
E-0005180,2024-09-15,Home,Brand Beta,London,3,120.16,1,would buy again,True,C-520
E-0005181,2024-10-02,Electronics,Brand Delta,Dubai,2,86.95,3,average at best,True,C-963
E-0005182,2024-01-17,Sports,Brand Delta,Dubai,3,351.89,1,good grip,True,C-1418
E-0005183,2023-06-21,Clothing,Brand Delta,Dubai,5,228.02,1,fits perfectly,True,C-296
E-0005184,2025-01-03,Home,Brand Beta,New York,2,348.25,2,assembly was hard,True,C-22
E-0005185,2023-07-31,Electronics,Brand Gamma,London,5,308.54,2,excellent quality,True,C-1289
E-0005186,2024-11-22,Clothing,Brand Delta,Dubai,4,141.07,2,seams came apart,False,C-250
E-0005187,2023-08-10,Clothing,Brand Gamma,Lahore,3,19.1,1,color faded after wash,True,C-478
E-0005188,2024-04-28,Home,Brand Delta,New York,4,115.21,1,assembly was hard,True,C-1476
E-0005189,2024-05-11,Electronics,Brand Beta,London,2,220.89,3,disappointed with durability,True,C-232
E-0005190,2023-08-20,Sports,Brand Delta,Karachi,5,82.82,2,broke after week,True,C-640
E-0005191,2023-08-11,Beauty,Brand Delta,Dubai,3,,4,recommend,True,C-785
E-0005192,2023-08-11,Electronics,Brand Gamma,Karachi,5,169.05,1,poor build,False,C-1040
E-0005193,2024-08-14,Beauty,Brand Delta,Lahore,4,147.72,3,caused irritation,True,C-409
E-0005194,2024-08-22,Sports,Brand Beta,Dubai,3,93.41,3,broke after week,True,C-659
E-0005195,2023-07-25,Sports,Brand Beta,Lahore,3,148.23,3,poor durability,True,C-795
E-0005196,2024-06-22,Books,Brand Delta,New York,4,304.39,1,well written,False,C-720
E-0005197,2024-09-28,Books,Brand Alpha,New York,3,107.68,3,boring content,False,C-896
E-0005198,2024-10-23,Books,Brand Beta,Lahore,4,184.01,2,fast delivery,True,C-1046
E-0005199,2024-01-30,Sports,Brand Delta,London,3,132.93,2,great for training,True,C-1145
E-0005200,2024-01-09,Books,Brand Gamma,Islamabad,3,278.46,1,informative,False,C-1003
E-0005201,2024-04-04,Sports,Brand Delta,London,4,,3,great for training,True,C-1038
E-0005202,2023-12-21,Books,Brand Alpha,Dubai,3,340.64,2,fast delivery,True,C-1353
E-0005203,2024-07-23,Home,Brand Delta,Dubai,2,163.68,3,cheap materials,False,C-1026
E-0005204,2023-12-04,Books,Brand Gamma,Dubai,3,237.16,3,fast delivery,True,C-883
E-0005205,2023-10-17,Books,Brand Gamma,London,2,183.6,4,informative,False,C-254
E-0005206,2023-08-01,Books,Brand Alpha,New York,4,,3,boring content,True,C-569
E-0005207,2024-08-26,Books,Brand Beta,London,1,75.49,2,well written,False,C-582
E-0005208,2023-12-13,Sports,Brand Delta,London,5,19.35,2,good grip,True,C-1046
E-0005209,2024-10-07,Clothing,Brand Delta,Karachi,5,317.87,2,color faded after wash,True,C-737
E-0005210,2023-07-28,Home,Brand Gamma,Lahore,5,29.97,1,looks premium,False,C-1415
E-0005211,2024-11-14,Books,Brand Delta,Islamabad,1,261.84,2,print quality good,False,C-337
E-0005212,2024-09-27,Beauty,Brand Beta,Islamabad,3,68.68,2,caused irritation,True,C-444
E-0005213,2024-04-16,Home,Brand Gamma,New York,3,391.23,3,assembly was hard,True,C-525
E-0005214,2024-10-24,Home,Brand Delta,Islamabad,4,90.02,2,would buy again,True,C-397
E-0005215,2024-05-17,Books,Brand Beta,New York,3,47.65,1,print quality good,True,C-142
E-0005216,2024-06-14,Home,Brand Delta,Dubai,3,253.51,1,assembly was hard,False,C-219
E-0005217,2024-12-13,Beauty,Brand Beta,Islamabad,5,322.11,3,recommend,False,C-1330
E-0005218,2024-12-04,Beauty,Brand Gamma,Karachi,4,167.76,1,caused irritation,True,C-602
E-0005219,2024-07-02,Home,Brand Alpha,London,3,24.46,2,assembly was hard,False,C-1051
E-0005220,2023-06-08,Clothing,Brand Beta,New York,4,291.78,2,seams came apart,True,C-655
E-0005221,2023-07-20,Beauty,Brand Beta,London,3,248.92,2,caused irritation,True,C-1033
E-0005222,2023-07-16,Electronics,Brand Beta,Dubai,3,354.08,1,poor build,False,C-352
E-0005223,2024-01-19,Electronics,Brand Gamma,Lahore,2,259.51,1,works great,True,C-1305
E-0005224,2024-05-30,Books,Brand Delta,Karachi,5,61.4,3,boring content,True,C-1408
E-0005225,2023-10-26,Home,Brand Gamma,Karachi,3,53.76,2,would buy again,True,C-904
E-0005226,2024-09-11,Clothing,Brand Delta,London,3,275.93,3,comfortable and stylish,False,C-1013
E-0005227,2024-04-24,Sports,Brand Delta,London,4,278.92,2,broke after week,True,C-1066
E-0005228,2024-03-04,Home,Brand Delta,New York,4,269.87,2,very useful,True,C-1050
E-0005229,2024-02-25,Sports,Brand Beta,Lahore,3,331.83,3,poor durability,True,C-262
E-0005230,2024-05-07,Home,Brand Beta,New York,3,143.07,1,would buy again,True,C-745
E-0005231,2024-05-17,Beauty,Brand Gamma,Lahore,1,216.5,2,skin felt great,True,C-496
E-0005232,2024-07-29,Sports,Brand Alpha,London,3,48.44,2,poor durability,True,C-705
E-0005233,2024-04-11,Electronics,Brand Beta,London,2,125.52,2,excellent quality,True,C-272
E-0005234,2024-06-19,Electronics,Brand Delta,New York,3,328.89,4,disappointed with durability,True,C-732
E-0005235,2023-11-12,Sports,Brand Alpha,London,4,218.76,2,good grip,False,C-1351
E-0005236,2024-08-17,Electronics,Brand Gamma,Dubai,2,382.77,2,,True,C-637
E-0005237,2023-09-05,Books,Brand Gamma,Lahore,3,57.78,2,informative,True,C-495
E-0005238,2024-10-07,Beauty,Brand Beta,London,3,201.12,1,too expensive,True,C-336
E-0005239,2023-12-18,Beauty,Brand Gamma,Islamabad,5,193.69,1,caused irritation,True,C-487
E-0005240,2023-08-21,Home,Brand Delta,Dubai,4,72.8,2,very useful,False,C-875
E-0005241,2024-10-27,Home,Brand Delta,Karachi,3,101.74,3,cheap materials,True,C-1195
E-0005242,2024-07-02,Sports,Brand Delta,Lahore,2,244.96,3,broke after week,False,C-146
E-0005243,2023-10-13,Sports,Brand Delta,New York,3,356.8,2,broke after week,False,C-369
E-0005244,2023-09-29,Sports,Brand Gamma,Dubai,3,157.47,5,great for training,True,C-1064
E-0005245,2024-06-17,Sports,Brand Beta,Dubai,3,29.94,1,poor durability,False,C-400
E-0005246,2024-10-19,Books,Brand Beta,Islamabad,4,263.81,2,fast delivery,True,C-446
E-0005247,2023-12-16,Beauty,Brand Gamma,Dubai,3,129.15,2,caused irritation,True,C-1000
E-0005248,2024-06-17,Sports,Brand Delta,Dubai,4,30.09,2,broke after week,True,C-228
E-0005249,2024-04-01,Electronics,Brand Alpha,Lahore,2,35.77,3,battery dies fast,True,C-129
E-0005250,2024-10-15,Clothing,Brand Alpha,Lahore,3,210.86,1,color faded after wash,False,C-468
E-0005251,2023-08-24,Books,Brand Alpha,Karachi,4,263.32,1,boring content,True,C-989
E-0005252,2024-01-30,Beauty,Brand Alpha,Karachi,4,135.14,4,nice scent,True,C-1497
E-0005253,2024-12-21,Sports,Brand Delta,London,2,127.76,3,poor durability,True,C-1207
E-0005254,2023-12-22,Home,Brand Delta,Islamabad,5,335.77,3,very useful,True,C-23
E-0005255,2024-12-10,Books,Brand Beta,Islamabad,4,259.93,3,print quality good,True,C-1042
E-0005256,2023-07-05,Clothing,Brand Delta,New York,5,12.42,3,nice fabric,True,C-499
E-0005257,2023-07-03,Electronics,Brand Gamma,Karachi,3,79.38,5,poor build,True,C-828
E-0005258,2024-03-03,Clothing,Brand Alpha,Lahore,2,266.13,2,great value,False,C-1291
E-0005259,2023-08-07,Clothing,Brand Delta,Dubai,3,356.2,4,fits perfectly,True,C-1366
E-0005260,2023-09-22,Beauty,Brand Beta,Dubai,3,139.91,5,caused irritation,True,C-1119
E-0005261,2023-09-10,Clothing,Brand Gamma,Karachi,4,237.08,1,nice fabric,True,C-916
E-0005262,2023-06-25,Beauty,Brand Delta,New York,4,172.79,2,recommend,True,C-566
E-0005263,2024-05-28,Electronics,Brand Alpha,London,4,271.38,3,average at best,False,C-1170
E-0005264,2024-11-06,Electronics,Brand Beta,London,4,53.54,6,works great,True,C-379
E-0005265,2024-06-02,Books,Brand Gamma,Islamabad,2,214.31,1,informative,True,C-1081
E-0005266,2024-09-27,Books,Brand Gamma,Islamabad,3,365.85,1,print quality good,True,C-709
E-0005267,2023-10-10,Clothing,Brand Beta,Dubai,3,94.9,1,nice fabric,True,C-454
E-0005268,2024-04-15,Electronics,Brand Alpha,London,4,272.94,1,highly recommend,True,C-175
E-0005269,2024-12-21,Electronics,Brand Gamma,Karachi,2,54.95,2,disappointed with durability,True,C-78
E-0005270,2024-06-08,Beauty,Brand Gamma,Islamabad,3,236.81,2,too expensive,False,C-860
E-0005271,2024-01-22,Sports,Brand Beta,Lahore,2,58.7,1,poor durability,True,C-617
E-0005272,2024-06-03,Electronics,Brand Beta,London,3,117.23,1,disappointed with durability,True,C-891
E-0005273,2023-12-24,Home,Brand Gamma,New York,3,25.81,1,very useful,False,C-1059
E-0005274,2023-06-20,Clothing,Brand Alpha,Karachi,4,135.12,1,great value,True,C-259
E-0005275,2024-02-21,Home,Brand Beta,Karachi,2,62.58,2,would buy again,True,C-974
E-0005276,2024-05-04,Books,Brand Beta,Dubai,3,96.12,1,fast delivery,True,C-1417
E-0005277,2024-11-30,Home,Brand Beta,Lahore,3,23.38,3,cheap materials,True,C-655
E-0005278,2024-04-10,Clothing,Brand Beta,New York,4,249.74,1,seams came apart,True,C-468
E-0005279,2024-06-29,Home,Brand Gamma,Dubai,2,228.93,3,would buy again,True,C-82
E-0005280,2024-01-19,Books,Brand Gamma,Karachi,3,290.57,1,fast delivery,True,C-414
E-0005281,2023-10-19,Home,Brand Alpha,Islamabad,3,205.4,1,would buy again,True,C-927
E-0005282,2024-04-21,Beauty,Brand Beta,Karachi,2,171.88,1,caused irritation,False,C-1172
E-0005283,2024-11-21,Clothing,Brand Alpha,Dubai,3,88.08,1,nice fabric,False,C-1435
E-0005284,2023-09-15,Sports,Brand Gamma,Islamabad,3,40.03,3,good grip,False,C-202
E-0005285,2024-08-03,Clothing,Brand Alpha,Karachi,4,242.89,1,too small,True,C-1202
E-0005286,2023-06-14,Books,Brand Gamma,New York,2,202.46,3,boring content,True,C-183
E-0005287,2023-09-30,Home,Brand Gamma,New York,3,21.2,2,looks premium,True,C-1499
E-0005288,2024-12-07,Clothing,Brand Alpha,Islamabad,2,102.71,4,great value,True,C-676
E-0005289,2024-09-22,Home,Brand Alpha,Karachi,2,190.59,2,,True,C-694
E-0005290,2024-06-02,Home,Brand Beta,Dubai,3,240.87,1,very useful,True,C-495
E-0005291,2025-01-05,Clothing,Brand Alpha,Dubai,1,90.32,1,comfortable and stylish,True,C-772
E-0005292,2024-02-18,Home,Brand Delta,Dubai,4,42.57,3,cheap materials,True,C-887
E-0005293,2023-07-11,Clothing,Brand Delta,Lahore,3,374.99,2,too small,True,C-559
E-0005294,2023-07-01,Home,Brand Alpha,Dubai,3,340.64,3,,True,C-1397
E-0005295,2025-01-09,Beauty,Brand Alpha,Lahore,3,334.01,2,too expensive,True,C-1313
E-0005296,2024-10-11,Sports,Brand Beta,Karachi,2,303.11,1,broke after week,True,C-733
E-0005297,2024-07-08,Electronics,Brand Gamma,Lahore,4,31.46,1,disappointed with durability,True,C-612
E-0005298,2024-04-02,Beauty,Brand Gamma,New York,2,112.44,1,recommend,False,C-871
E-0005299,2023-12-17,Home,Brand Alpha,Dubai,4,296.63,2,would buy again,True,C-380
E-0005300,2024-05-06,Beauty,Brand Beta,New York,3,72.04,1,skin felt great,True,C-1091
E-0005301,2024-05-29,Clothing,Brand Beta,Dubai,4,255.14,2,fits perfectly,True,C-1238
E-0005302,2024-06-08,Home,Brand Alpha,New York,3,315.47,2,cheap materials,True,C-238
E-0005303,2024-11-30,Electronics,Brand Delta,New York,4,268.44,2,average at best,True,C-613
E-0005304,2024-10-08,Sports,Brand Beta,Dubai,5,134.31,2,poor durability,True,C-1263
E-0005305,2024-03-18,Sports,Brand Delta,London,3,38.8,1,,True,C-578
E-0005306,2024-08-05,Home,Brand Alpha,Dubai,3,133.64,2,would buy again,False,C-931
E-0005307,2024-07-07,Clothing,Brand Beta,Islamabad,3,45.85,1,too small,True,C-1424
E-0005308,2024-09-10,Sports,Brand Gamma,London,5,303.18,1,broke after week,True,C-1067
E-0005309,2024-07-24,Clothing,Brand Beta,Karachi,2,173.74,4,seams came apart,True,C-951
E-0005310,2024-05-12,Beauty,Brand Gamma,Lahore,4,173.77,2,skin felt great,True,C-905
E-0005311,2024-07-23,Beauty,Brand Alpha,Dubai,5,374.94,3,caused irritation,True,C-1210
E-0005312,2024-05-01,Clothing,Brand Gamma,New York,3,53.89,2,comfortable and stylish,False,C-1161
E-0005313,2024-08-19,Sports,Brand Beta,Karachi,3,146.98,1,great for training,True,C-585
E-0005314,2024-10-22,Sports,Brand Alpha,Karachi,5,399.75,1,,True,C-281
E-0005315,2023-09-13,Books,Brand Delta,Dubai,3,123.45,2,print quality good,True,C-628
E-0005316,2023-07-23,Beauty,Brand Beta,Karachi,4,138.04,1,recommend,True,C-1060
E-0005317,2024-07-14,Electronics,Brand Gamma,New York,4,263.86,1,poor build,True,C-179
E-0005318,2024-10-27,Clothing,Brand Gamma,Karachi,2,15.18,2,too small,True,C-588
E-0005319,2023-10-02,Beauty,Brand Gamma,London,3,201.06,3,caused irritation,True,C-1406
E-0005320,2024-10-16,Books,Brand Beta,Dubai,5,310.26,3,informative,False,C-1086
E-0005321,2024-07-25,Clothing,Brand Gamma,New York,3,350.42,2,seams came apart,True,C-1034
E-0005322,2024-12-09,Electronics,Brand Alpha,Lahore,4,318.77,1,highly recommend,True,C-818
E-0005323,2023-09-01,Books,Brand Beta,Karachi,4,303.63,1,fast delivery,True,C-809
E-0005324,2024-05-30,Books,Brand Alpha,Dubai,2,110.24,5,print quality good,True,C-1445
E-0005325,2023-07-11,Books,Brand Delta,London,4,371.23,1,well written,True,C-1330
E-0005326,2024-04-17,Clothing,Brand Beta,Karachi,1,343.63,2,nice fabric,True,C-472
E-0005327,2024-03-14,Beauty,Brand Beta,Lahore,3,206.66,3,skin felt great,True,C-4
E-0005328,2024-06-28,Home,Brand Gamma,London,3,,2,would buy again,True,C-575
E-0005329,2024-08-17,Sports,Brand Gamma,Karachi,2,219.42,1,great for training,False,C-786
E-0005330,2023-10-15,Home,Brand Alpha,Islamabad,5,392.07,2,cheap materials,True,C-1291
E-0005331,2023-06-04,Beauty,Brand Delta,New York,5,393.57,1,too expensive,True,C-571
E-0005332,2024-12-17,Books,Brand Gamma,London,4,277.68,1,boring content,True,C-93
E-0005333,2024-07-21,Books,Brand Gamma,Dubai,3,12.9,1,print quality good,True,C-680
E-0005334,2024-01-17,Electronics,Brand Alpha,Dubai,5,67.38,1,average at best,False,C-877
E-0005335,2024-11-16,Books,Brand Beta,Karachi,3,211.67,2,informative,True,C-49
E-0005336,2024-11-21,Books,Brand Alpha,New York,2,177.84,1,well written,True,C-808
E-0005337,2025-01-15,Beauty,Brand Beta,Islamabad,4,93.01,2,nice scent,True,C-316
E-0005338,2024-08-22,Sports,Brand Delta,Karachi,3,323.39,1,great for training,True,C-109
E-0005339,2024-11-17,Home,Brand Beta,London,3,20.49,2,cheap materials,True,C-1084
E-0005340,2024-05-27,Home,Brand Alpha,Lahore,4,88.45,2,looks premium,False,C-1015
E-0005341,2023-07-14,Home,Brand Gamma,London,4,393.04,2,very useful,True,C-39
E-0005342,2023-10-15,Home,Brand Gamma,London,4,144.2,1,very useful,True,C-568
E-0005343,2024-11-01,Books,Brand Delta,New York,2,133.33,1,boring content,True,C-194
E-0005344,2024-12-19,Clothing,Brand Alpha,Karachi,2,264.95,3,seams came apart,True,C-642
E-0005345,2024-03-11,Electronics,Brand Alpha,Dubai,4,65.15,2,love it,True,C-1353
E-0005346,2024-06-10,Beauty,Brand Beta,London,5,34.05,2,skin felt great,True,C-769
E-0005347,2024-01-29,Clothing,Brand Alpha,New York,2,45.68,4,too small,True,C-1221
E-0005348,2024-05-20,Clothing,Brand Delta,Dubai,3,19.25,3,color faded after wash,True,C-331
E-0005349,2024-08-25,Electronics,Brand Gamma,Lahore,3,161.24,1,highly recommend,True,C-511
E-0005350,2024-10-13,Electronics,Brand Gamma,Lahore,3,273.59,2,works great,True,C-270
E-0005351,2024-07-23,Home,Brand Gamma,London,5,70.42,2,very useful,True,C-1382
E-0005352,2023-06-02,Home,Brand Beta,Dubai,5,274.81,2,would buy again,True,C-1198
E-0005353,2024-04-08,Electronics,Brand Beta,Islamabad,3,188.33,1,excellent quality,True,C-1115
E-0005354,2024-09-01,Books,Brand Beta,Islamabad,5,344.57,2,print quality good,True,C-1056
E-0005355,2024-02-07,Sports,Brand Beta,Karachi,4,114.63,1,great for training,False,C-960
E-0005356,2024-07-09,Beauty,Brand Beta,New York,5,78.91,3,nice scent,True,C-727
E-0005357,2023-06-16,Sports,Brand Beta,London,3,357.99,2,poor durability,False,C-426
E-0005358,2023-08-06,Electronics,Brand Alpha,London,5,371.94,2,battery dies fast,True,C-232
E-0005359,2024-07-25,Clothing,Brand Gamma,New York,4,105.91,3,comfortable and stylish,False,C-1280
E-0005360,2024-10-18,Clothing,Brand Gamma,London,2,289.72,2,great value,True,C-183
E-0005361,2024-03-22,Home,Brand Beta,New York,3,,1,looks premium,True,C-700
E-0005362,2024-12-09,Clothing,Brand Delta,Islamabad,5,232.74,2,fits perfectly,True,C-249
E-0005363,2024-04-05,Electronics,Brand Alpha,Lahore,2,39.83,2,poor build,True,C-1331
E-0005364,2024-09-20,Sports,Brand Delta,London,4,376.4,3,broke after week,True,C-851
E-0005365,2024-04-09,Beauty,Brand Beta,Lahore,2,104.6,2,skin felt great,True,C-313
E-0005366,2023-06-12,Home,Brand Delta,London,2,97.64,2,assembly was hard,True,C-209
E-0005367,2024-01-21,Books,Brand Delta,New York,3,299.18,3,fast delivery,True,C-387
E-0005368,2024-08-01,Sports,Brand Gamma,Islamabad,4,147.67,6,great for training,True,C-949
E-0005369,2024-04-03,Clothing,Brand Beta,New York,3,345.45,1,nice fabric,True,C-1338
E-0005370,2024-09-28,Beauty,Brand Gamma,London,4,65.82,3,,True,C-440
E-0005371,2024-08-21,Home,Brand Gamma,London,2,318.33,2,looks premium,True,C-1299
E-0005372,2024-08-23,Beauty,Brand Beta,Islamabad,2,201.25,3,too expensive,False,C-965
E-0005373,2024-11-04,Sports,Brand Beta,Lahore,5,254.96,1,great for training,True,C-486
E-0005374,2023-06-12,Home,Brand Alpha,New York,3,93.25,3,looks premium,False,C-856
E-0005375,2023-09-29,Sports,Brand Gamma,Dubai,4,148.41,1,good grip,True,C-1224
E-0005376,2024-01-09,Clothing,Brand Alpha,New York,2,287.36,2,nice fabric,True,C-806
E-0005377,2024-01-27,Books,Brand Alpha,London,3,214.97,1,informative,True,C-1336
E-0005378,2024-06-25,Books,Brand Gamma,London,4,135.93,2,informative,False,C-788
E-0005379,2023-09-23,Clothing,Brand Delta,Dubai,3,176.19,3,fits perfectly,False,C-1195
E-0005380,2024-05-09,Clothing,Brand Delta,Dubai,5,242.63,1,color faded after wash,True,C-433
E-0005381,2024-05-24,Home,Brand Alpha,New York,3,200.28,3,assembly was hard,False,C-952
E-0005382,2024-11-17,Beauty,Brand Alpha,New York,2,307.05,2,too expensive,True,C-432
E-0005383,2024-10-31,Electronics,Brand Alpha,Lahore,5,398.22,1,poor build,True,C-588
E-0005384,2023-09-27,Clothing,Brand Delta,Karachi,3,261.02,3,fits perfectly,True,C-1415
E-0005385,2023-12-07,Books,Brand Gamma,Dubai,4,267.9,1,boring content,True,C-367
E-0005386,2024-01-05,Home,Brand Gamma,Dubai,3,280.08,3,cheap materials,True,C-640
E-0005387,2023-11-08,Home,Brand Gamma,Lahore,5,55.52,2,cheap materials,True,C-474
E-0005388,2024-01-08,Home,Brand Gamma,Lahore,3,383.81,3,looks premium,True,C-215
E-0005389,2024-10-21,Books,Brand Alpha,Dubai,3,339.39,2,fast delivery,True,C-1242
E-0005390,2024-04-30,Electronics,Brand Delta,Karachi,3,177.77,1,battery dies fast,True,C-791
E-0005391,2024-08-13,Clothing,Brand Gamma,Islamabad,3,328.48,2,too small,True,C-1403
E-0005392,2023-09-16,Sports,Brand Beta,Karachi,3,338.64,1,good grip,False,C-928
E-0005393,2024-03-18,Beauty,Brand Gamma,Lahore,3,75.74,3,skin felt great,True,C-518
E-0005394,2024-03-03,Clothing,Brand Beta,Karachi,2,115.5,3,fits perfectly,True,C-817
E-0005395,2023-07-18,Home,Brand Beta,Islamabad,1,245.46,1,assembly was hard,True,C-790
E-0005396,2023-06-13,Books,Brand Delta,London,4,340.14,1,well written,True,C-1240
E-0005397,2024-09-16,Books,Brand Delta,London,4,48.79,2,well written,True,C-826
E-0005398,2024-02-24,Electronics,Brand Delta,Islamabad,3,58.06,1,excellent quality,True,C-1351
E-0005399,2023-09-06,Sports,Brand Delta,Karachi,4,382.63,3,great for training,True,C-892
E-0005400,2024-02-12,Clothing,Brand Gamma,New York,2,232.36,3,comfortable and stylish,True,C-1477
E-0005401,2024-09-23,Home,Brand Gamma,New York,2,245.62,1,assembly was hard,True,C-695
E-0005402,2023-06-08,Beauty,Brand Delta,London,3,326.79,1,skin felt great,True,C-940
E-0005403,2024-10-17,Home,Brand Alpha,Islamabad,4,136.31,2,cheap materials,True,C-816
E-0005404,2024-07-20,Books,Brand Beta,Islamabad,3,383.61,1,fast delivery,True,C-456
E-0005405,2023-07-23,Beauty,Brand Gamma,Dubai,5,368.17,4,skin felt great,True,C-462
E-0005406,2024-05-11,Electronics,Brand Gamma,Lahore,3,350.64,1,battery dies fast,False,C-1380
E-0005407,2023-09-12,Sports,Brand Gamma,Lahore,5,279.7,1,broke after week,True,C-313
E-0005408,2025-01-16,Electronics,Brand Delta,New York,2,302.28,2,average at best,True,C-947
E-0005409,2023-11-20,Electronics,Brand Alpha,Lahore,3,119.35,1,poor build,True,C-968
E-0005410,2023-12-12,Beauty,Brand Gamma,New York,4,309.08,1,nice scent,True,C-450
E-0005411,2024-09-03,Beauty,Brand Gamma,Dubai,3,172.59,3,skin felt great,True,C-1312
E-0005412,2023-12-20,Clothing,Brand Delta,London,3,157.61,1,color faded after wash,True,C-1046
E-0005413,2023-12-30,Sports,Brand Alpha,New York,4,230.75,2,poor durability,True,C-217
E-0005414,2024-05-06,Books,Brand Gamma,Islamabad,4,156.21,2,print quality good,True,C-976
E-0005415,2025-01-13,Clothing,Brand Gamma,Karachi,3,345.68,4,great value,True,C-227
E-0005416,2024-07-23,Home,Brand Gamma,New York,3,125.5,2,cheap materials,True,C-355
E-0005417,2024-06-18,Clothing,Brand Alpha,New York,2,150.34,3,too small,True,C-1129
E-0005418,2024-09-04,Sports,Brand Delta,Karachi,3,315.58,1,poor durability,True,C-1233
E-0005419,2024-07-08,Books,Brand Beta,Islamabad,3,157.03,2,fast delivery,True,C-1031
E-0005420,2024-11-16,Beauty,Brand Gamma,New York,5,89.63,1,too expensive,True,C-706
E-0005421,2024-10-05,Home,Brand Delta,Islamabad,2,128.0,1,looks premium,True,C-532
E-0005422,2024-05-27,Electronics,Brand Beta,Dubai,2,11.9,1,battery dies fast,True,C-1364
E-0005423,2024-10-03,Books,Brand Gamma,Lahore,4,178.99,1,fast delivery,True,C-179
E-0005424,2023-06-13,Beauty,Brand Alpha,Dubai,3,284.37,2,caused irritation,True,C-1260
E-0005425,2024-04-25,Beauty,Brand Alpha,Karachi,4,13.42,4,caused irritation,True,C-829
E-0005426,2024-08-23,Home,Brand Gamma,Lahore,1,35.76,1,very useful,True,C-673
E-0005427,2024-11-10,Electronics,Brand Gamma,Lahore,2,214.91,2,excellent quality,False,C-784
E-0005428,2024-01-19,Books,Brand Alpha,Lahore,2,,3,boring content,True,C-1257
E-0005429,2023-09-27,Home,Brand Alpha,Karachi,3,336.48,1,would buy again,True,C-162
E-0005430,2024-12-16,Beauty,Brand Beta,Lahore,3,326.09,1,recommend,True,C-919
E-0005431,2023-12-21,Sports,Brand Alpha,Karachi,1,35.73,3,good grip,True,C-434
E-0005432,2024-06-17,Books,Brand Delta,Islamabad,2,11.5,2,boring content,True,C-1274
E-0005433,2024-01-18,Beauty,Brand Beta,New York,2,303.28,2,recommend,True,C-702
E-0005434,2024-02-25,Electronics,Brand Beta,New York,5,353.87,2,excellent quality,True,C-1290
E-0005435,2023-12-28,Sports,Brand Delta,Dubai,3,92.86,2,poor durability,False,C-284
E-0005436,2024-06-07,Clothing,Brand Beta,New York,4,33.66,1,great value,True,C-1213
E-0005437,2024-11-27,Electronics,Brand Beta,Dubai,4,251.72,1,excellent quality,True,C-836
E-0005438,2024-07-24,Sports,Brand Delta,Karachi,4,219.48,3,great for training,True,C-901
E-0005439,2024-10-18,Clothing,Brand Gamma,Lahore,5,365.63,2,comfortable and stylish,False,C-749
E-0005440,2024-09-12,Beauty,Brand Gamma,Islamabad,2,292.77,1,too expensive,True,C-869
E-0005441,2023-06-17,Clothing,Brand Delta,Dubai,4,314.43,2,seams came apart,True,C-1105
E-0005442,2024-07-03,Electronics,Brand Delta,Karachi,3,313.02,1,battery dies fast,True,C-1358
E-0005443,2024-03-11,Electronics,Brand Alpha,London,2,127.93,1,excellent quality,True,C-1378
E-0005444,2024-12-15,Electronics,Brand Gamma,Dubai,3,301.8,2,battery dies fast,True,C-1113
E-0005445,2024-12-21,Electronics,Brand Delta,New York,4,36.62,2,disappointed with durability,True,C-675
E-0005446,2025-01-08,Beauty,Brand Gamma,Islamabad,3,123.29,1,caused irritation,True,C-1371
E-0005447,2024-05-04,Clothing,Brand Beta,Islamabad,5,189.11,4,,True,C-751
E-0005448,2024-05-14,Home,Brand Beta,Karachi,3,276.05,2,cheap materials,True,C-1479
E-0005449,2023-10-03,Electronics,Brand Gamma,Dubai,5,197.03,2,battery dies fast,True,C-946
E-0005450,2024-02-22,Books,Brand Delta,Islamabad,2,98.15,1,well written,True,C-993
E-0005451,2023-08-04,Electronics,Brand Gamma,Dubai,5,55.12,1,excellent quality,True,C-1252
E-0005452,2023-11-02,Clothing,Brand Gamma,Dubai,3,177.03,2,color faded after wash,True,C-895
E-0005453,2023-08-22,Home,Brand Delta,Dubai,5,64.12,1,very useful,True,C-829
E-0005454,2023-12-16,Electronics,Brand Gamma,Islamabad,3,187.28,1,highly recommend,True,C-1153
E-0005455,2023-09-24,Clothing,Brand Delta,London,3,126.29,2,comfortable and stylish,True,C-915
E-0005456,2024-10-20,Sports,Brand Alpha,London,4,133.58,1,broke after week,True,C-239
E-0005457,2024-06-03,Electronics,Brand Alpha,Islamabad,3,269.65,3,highly recommend,True,C-26
E-0005458,2024-04-09,Beauty,Brand Beta,Karachi,4,307.22,1,too expensive,True,C-964
E-0005459,2023-07-25,Sports,Brand Beta,Lahore,3,,1,great for training,True,C-812
E-0005460,2023-12-31,Clothing,Brand Alpha,Islamabad,3,47.69,3,great value,False,C-604
E-0005461,2024-09-09,Home,Brand Beta,Islamabad,5,315.66,1,would buy again,True,C-1161
E-0005462,2023-06-29,Books,Brand Beta,New York,5,380.56,2,informative,True,C-343
E-0005463,2024-03-27,Sports,Brand Beta,London,3,312.03,3,broke after week,True,C-162
E-0005464,2024-03-12,Sports,Brand Delta,Lahore,3,19.82,3,great for training,True,C-1075
E-0005465,2024-06-30,Books,Brand Beta,Dubai,2,50.7,1,boring content,True,C-1370
E-0005466,2024-05-06,Home,Brand Gamma,Islamabad,3,241.66,4,assembly was hard,True,C-1439
E-0005467,2024-09-09,Clothing,Brand Delta,Islamabad,4,253.76,3,too small,True,C-1053
E-0005468,2023-08-20,Beauty,Brand Beta,Dubai,4,309.26,2,caused irritation,False,C-1078
E-0005469,2024-10-26,Books,Brand Delta,Karachi,2,88.33,2,informative,True,C-1022
E-0005470,2023-12-23,Electronics,Brand Alpha,Islamabad,5,328.89,1,excellent quality,True,C-977
E-0005471,2023-10-28,Beauty,Brand Alpha,London,3,319.66,3,recommend,True,C-1372
E-0005472,2024-10-29,Electronics,Brand Delta,Lahore,2,66.83,1,average at best,True,C-1261
E-0005473,2023-09-21,Sports,Brand Beta,Dubai,4,139.04,1,great for training,False,C-864
E-0005474,2024-11-12,Electronics,Brand Gamma,Karachi,3,293.77,2,love it,True,C-439
E-0005475,2023-12-06,Sports,Brand Alpha,New York,2,70.25,1,great for training,True,C-464
E-0005476,2023-12-16,Books,Brand Gamma,Dubai,3,120.92,2,fast delivery,True,C-17
E-0005477,2024-08-09,Home,Brand Beta,New York,3,256.78,2,would buy again,False,C-1474
E-0005478,2024-04-06,Beauty,Brand Gamma,London,3,109.36,2,recommend,False,C-1165
E-0005479,2024-09-07,Electronics,Brand Alpha,Lahore,4,233.41,3,disappointed with durability,True,C-1425
E-0005480,2024-06-07,Electronics,Brand Beta,Islamabad,4,325.33,3,love it,True,C-1104
E-0005481,2024-03-23,Sports,Brand Gamma,Karachi,3,352.03,3,good grip,True,C-784
E-0005482,2024-11-16,Beauty,Brand Delta,Islamabad,3,120.0,1,too expensive,True,C-739
E-0005483,2024-05-15,Beauty,Brand Gamma,Islamabad,2,86.93,1,skin felt great,True,C-818
E-0005484,2023-07-12,Books,Brand Alpha,New York,4,122.18,3,fast delivery,True,C-954
E-0005485,2023-12-12,Sports,Brand Gamma,Lahore,2,156.65,1,poor durability,True,C-703
E-0005486,2024-01-31,Home,Brand Beta,London,3,197.07,2,looks premium,True,C-503
E-0005487,2023-10-17,Sports,Brand Alpha,Lahore,5,344.14,3,poor durability,True,C-498
E-0005488,2023-09-04,Home,Brand Alpha,Islamabad,2,269.37,2,very useful,True,C-135
E-0005489,2023-10-25,Books,Brand Beta,Dubai,2,57.83,1,informative,True,C-699
E-0005490,2024-10-09,Electronics,Brand Delta,Islamabad,4,134.37,2,highly recommend,True,C-83
E-0005491,2024-06-12,Beauty,Brand Gamma,Dubai,2,397.93,3,skin felt great,True,C-572
E-0005492,2023-07-16,Sports,Brand Alpha,Dubai,3,34.75,3,good grip,True,C-820
E-0005493,2024-03-28,Electronics,Brand Gamma,Lahore,3,206.88,1,battery dies fast,True,C-1157
E-0005494,2023-09-10,Clothing,Brand Gamma,London,2,33.52,2,fits perfectly,True,C-893
E-0005495,2023-12-31,Beauty,Brand Alpha,Lahore,5,161.43,1,too expensive,True,C-942
E-0005496,2024-07-03,Sports,Brand Beta,Islamabad,5,41.41,2,great for training,True,C-18
E-0005497,2024-03-19,Books,Brand Beta,New York,4,34.53,3,well written,False,C-270
E-0005498,2023-12-03,Beauty,Brand Gamma,Lahore,3,331.68,3,recommend,True,C-1100
E-0005499,2024-11-28,Clothing,Brand Alpha,Dubai,3,355.15,1,color faded after wash,True,C-1283
E-0005500,2024-05-07,Clothing,Brand Gamma,London,3,358.55,1,great value,True,C-1090
E-0005501,2023-07-29,Electronics,Brand Gamma,Karachi,3,365.85,2,disappointed with durability,True,C-578
E-0005502,2023-06-24,Beauty,Brand Alpha,Lahore,2,311.25,1,nice scent,True,C-657
E-0005503,2023-11-20,Electronics,Brand Delta,London,3,220.96,3,works great,True,C-774
E-0005504,2023-10-19,Clothing,Brand Beta,Karachi,4,98.52,2,comfortable and stylish,True,C-537
E-0005505,2024-11-24,Beauty,Brand Beta,Islamabad,4,96.77,3,too expensive,True,C-705
E-0005506,2024-01-12,Books,Brand Alpha,London,5,26.79,2,print quality good,True,C-225
E-0005507,2024-03-21,Books,Brand Gamma,Islamabad,4,196.19,1,well written,False,C-668
E-0005508,2024-06-13,Sports,Brand Delta,Lahore,3,180.87,2,good grip,True,C-179
E-0005509,2024-06-21,Home,Brand Gamma,Lahore,3,384.51,2,cheap materials,True,C-222
E-0005510,2024-09-18,Beauty,Brand Beta,New York,4,49.12,1,nice scent,True,C-1408
E-0005511,2024-02-19,Beauty,Brand Gamma,London,3,39.37,3,caused irritation,True,C-1133
E-0005512,2024-02-20,Electronics,Brand Gamma,Dubai,3,376.65,1,works great,True,C-360
E-0005513,2023-07-26,Clothing,Brand Delta,Islamabad,2,265.61,1,comfortable and stylish,True,C-806
E-0005514,2024-04-25,Beauty,Brand Delta,New York,3,,2,nice scent,True,C-1445
E-0005515,2024-12-12,Clothing,Brand Beta,London,4,397.86,1,too small,True,C-609
E-0005516,2024-12-21,Home,Brand Beta,New York,5,133.4,3,very useful,True,C-111
E-0005517,2024-11-25,Sports,Brand Beta,Dubai,4,36.78,1,broke after week,True,C-1038
E-0005518,2024-09-17,Electronics,Brand Gamma,Karachi,3,236.75,1,highly recommend,True,C-180
E-0005519,2023-10-11,Home,Brand Delta,London,4,226.02,2,would buy again,False,C-201
E-0005520,2024-04-03,Books,Brand Beta,Dubai,2,377.6,4,print quality good,True,C-622
E-0005521,2023-06-30,Home,Brand Delta,Karachi,5,182.74,1,cheap materials,True,C-1056
E-0005522,2025-01-10,Clothing,Brand Beta,Karachi,4,55.49,2,comfortable and stylish,True,C-432
E-0005523,2024-04-14,Home,Brand Alpha,Karachi,1,247.6,1,very useful,True,C-923
E-0005524,2024-10-23,Home,Brand Alpha,Lahore,5,223.62,3,cheap materials,True,C-1230
E-0005525,2023-07-24,Books,Brand Alpha,Karachi,4,246.29,2,boring content,True,C-463
E-0005526,2024-09-20,Home,Brand Beta,Dubai,4,247.88,1,looks premium,True,C-284
E-0005527,2023-06-16,Beauty,Brand Delta,Islamabad,4,398.29,3,skin felt great,True,C-1446
E-0005528,2023-09-28,Clothing,Brand Beta,Dubai,3,81.3,1,comfortable and stylish,True,C-248
E-0005529,2024-07-23,Home,Brand Gamma,London,2,103.49,1,assembly was hard,False,C-790
E-0005530,2025-01-15,Sports,Brand Delta,New York,2,105.36,2,great for training,False,C-184
E-0005531,2024-02-10,Sports,Brand Alpha,Lahore,5,367.05,2,good grip,True,C-951
E-0005532,2023-08-11,Clothing,Brand Delta,Islamabad,1,299.5,1,seams came apart,False,C-1067
E-0005533,2024-01-23,Clothing,Brand Gamma,New York,2,135.35,2,color faded after wash,True,C-641
E-0005534,2023-07-26,Home,Brand Alpha,New York,1,271.71,3,would buy again,True,C-466
E-0005535,2024-02-04,Home,Brand Alpha,New York,3,104.7,2,assembly was hard,True,C-755
E-0005536,2023-08-06,Beauty,Brand Beta,Lahore,3,287.82,3,nice scent,False,C-620
E-0005537,2024-10-01,Electronics,Brand Beta,Karachi,4,219.02,1,highly recommend,True,C-718
E-0005538,2024-07-08,Home,Brand Alpha,New York,2,293.2,2,assembly was hard,False,C-559
E-0005539,2024-06-07,Sports,Brand Delta,Dubai,2,340.36,1,great for training,True,C-387
E-0005540,2024-10-17,Electronics,Brand Delta,Karachi,3,287.2,3,excellent quality,True,C-623
E-0005541,2024-02-15,Clothing,Brand Gamma,Lahore,4,237.14,2,great value,True,C-604
E-0005542,2023-07-04,Sports,Brand Alpha,Islamabad,3,314.69,1,poor durability,True,C-777
E-0005543,2024-09-08,Electronics,Brand Alpha,Karachi,3,,2,excellent quality,True,C-1296
E-0005544,2023-11-13,Sports,Brand Delta,New York,2,122.47,3,good grip,True,C-1149
E-0005545,2024-04-04,Electronics,Brand Beta,Islamabad,3,378.98,1,works great,True,C-94
E-0005546,2024-07-15,Home,Brand Beta,Dubai,3,318.29,2,looks premium,True,C-1390
E-0005547,2025-01-10,Clothing,Brand Beta,Karachi,3,371.23,2,nice fabric,True,C-1252
E-0005548,2024-11-16,Electronics,Brand Alpha,London,3,293.0,2,disappointed with durability,True,C-321
E-0005549,2024-04-25,Sports,Brand Delta,London,4,177.6,2,poor durability,True,C-1067
E-0005550,2024-03-15,Sports,Brand Gamma,Lahore,3,112.13,3,good grip,True,C-1272
E-0005551,2024-05-15,Electronics,Brand Beta,London,2,384.08,3,love it,True,C-910
E-0005552,2023-07-03,Clothing,Brand Beta,Karachi,3,254.59,1,too small,True,C-675
E-0005553,2023-08-04,Sports,Brand Beta,London,2,367.41,1,broke after week,True,C-1256
E-0005554,2024-04-20,Sports,Brand Delta,Lahore,3,90.47,1,broke after week,False,C-315
E-0005555,2023-10-03,Books,Brand Delta,Islamabad,3,65.38,3,well written,True,C-1315
E-0005556,2023-12-19,Books,Brand Alpha,London,3,256.47,1,fast delivery,True,C-1491
E-0005557,2024-09-23,Beauty,Brand Alpha,Karachi,2,51.13,2,recommend,True,C-64
E-0005558,2024-08-09,Home,Brand Beta,Islamabad,3,182.18,1,very useful,False,C-14
E-0005559,2024-07-16,Books,Brand Gamma,Lahore,2,206.8,5,print quality good,True,C-774
E-0005560,2024-12-25,Beauty,Brand Gamma,Islamabad,4,61.56,3,caused irritation,True,C-1309
E-0005561,2024-07-01,Electronics,Brand Beta,New York,4,296.99,3,battery dies fast,False,C-1430
E-0005562,2023-08-10,Beauty,Brand Gamma,Islamabad,3,308.19,5,caused irritation,True,C-296
E-0005563,2025-01-08,Clothing,Brand Beta,Karachi,4,20.01,1,great value,True,C-1115
E-0005564,2024-12-24,Beauty,Brand Alpha,Karachi,5,67.89,3,caused irritation,True,C-1384
E-0005565,2024-02-15,Clothing,Brand Alpha,New York,3,393.08,1,too small,True,C-124
E-0005566,2024-08-28,Books,Brand Alpha,Dubai,1,202.86,3,print quality good,True,C-132
E-0005567,2025-01-09,Sports,Brand Gamma,Dubai,3,26.74,1,good grip,True,C-719
E-0005568,2023-10-29,Beauty,Brand Gamma,Lahore,1,261.88,2,caused irritation,True,C-703
E-0005569,2024-07-03,Sports,Brand Delta,New York,2,284.5,1,broke after week,True,C-689
E-0005570,2024-10-28,Home,Brand Alpha,New York,5,307.5,1,would buy again,True,C-1210
E-0005571,2023-08-05,Clothing,Brand Alpha,Lahore,3,288.87,2,too small,True,C-6
E-0005572,2024-06-11,Beauty,Brand Delta,Karachi,3,12.74,2,skin felt great,False,C-304
E-0005573,2024-08-03,Electronics,Brand Alpha,London,2,149.62,1,highly recommend,True,C-180
E-0005574,2023-08-31,Home,Brand Delta,Dubai,5,179.85,4,would buy again,True,C-255
E-0005575,2023-08-26,Home,Brand Alpha,New York,3,282.77,1,would buy again,True,C-1024
E-0005576,2024-10-29,Electronics,Brand Alpha,London,3,72.15,3,disappointed with durability,True,C-904
E-0005577,2024-04-21,Home,Brand Beta,London,2,89.7,2,assembly was hard,True,C-1359
E-0005578,2023-09-02,Books,Brand Gamma,Karachi,3,252.79,2,well written,True,C-148
E-0005579,2023-11-09,Home,Brand Alpha,Dubai,4,169.41,2,cheap materials,True,C-1304
E-0005580,2024-02-23,Home,Brand Beta,London,5,298.29,2,cheap materials,True,C-897
E-0005581,2023-10-20,Sports,Brand Delta,Karachi,5,176.74,2,great for training,True,C-883
E-0005582,2024-09-27,Beauty,Brand Gamma,London,3,71.84,2,skin felt great,False,C-458
E-0005583,2023-08-07,Home,Brand Gamma,Islamabad,3,31.46,1,cheap materials,True,C-104
E-0005584,2023-10-20,Electronics,Brand Delta,Dubai,3,144.2,3,poor build,True,C-503
E-0005585,2024-06-23,Home,Brand Delta,New York,4,179.72,2,cheap materials,True,C-1182
E-0005586,2023-10-05,Clothing,Brand Gamma,New York,4,134.97,3,great value,True,C-1083
E-0005587,2024-09-30,Beauty,Brand Beta,London,2,308.77,2,recommend,False,C-832
E-0005588,2025-01-19,Books,Brand Alpha,New York,4,349.97,2,fast delivery,True,C-38
E-0005589,2023-09-18,Beauty,Brand Delta,Lahore,5,176.65,2,nice scent,True,C-1475
E-0005590,2024-10-19,Beauty,Brand Beta,Islamabad,2,233.08,2,caused irritation,True,C-629
E-0005591,2024-10-16,Books,Brand Beta,Lahore,3,161.61,2,informative,False,C-479
E-0005592,2024-07-21,Home,Brand Alpha,New York,4,14.34,2,looks premium,True,C-566
E-0005593,2023-08-04,Electronics,Brand Gamma,Lahore,5,273.1,3,average at best,True,C-284
E-0005594,2023-09-01,Beauty,Brand Beta,Karachi,4,362.86,3,too expensive,True,C-593
E-0005595,2024-11-25,Electronics,Brand Beta,Islamabad,3,58.34,2,battery dies fast,True,C-601
E-0005596,2023-09-04,Sports,Brand Beta,Islamabad,4,92.33,1,broke after week,True,C-924
E-0005597,2024-04-06,Sports,Brand Gamma,Lahore,2,243.71,2,poor durability,True,C-1241
E-0005598,2023-08-06,Books,Brand Gamma,Islamabad,4,261.94,4,boring content,True,C-1355
E-0005599,2023-07-05,Electronics,Brand Gamma,London,3,115.67,1,disappointed with durability,True,C-922
E-0005600,2024-09-10,Clothing,Brand Gamma,Karachi,4,347.04,3,too small,True,C-789
E-0005601,2024-06-03,Sports,Brand Gamma,Dubai,3,92.45,1,great for training,True,C-622
E-0005602,2023-06-25,Home,Brand Gamma,Karachi,3,72.09,1,looks premium,True,C-1365
E-0005603,2024-10-09,Sports,Brand Alpha,Dubai,2,217.08,2,poor durability,False,C-1097
E-0005604,2023-06-27,Clothing,Brand Delta,Lahore,4,300.71,1,color faded after wash,True,C-57
E-0005605,2023-09-14,Sports,Brand Alpha,London,2,270.84,2,great for training,False,C-1355
E-0005606,2024-03-31,Sports,Brand Delta,Karachi,2,54.25,1,broke after week,True,C-133
E-0005607,2024-08-01,Sports,Brand Gamma,Islamabad,3,26.0,1,great for training,True,C-762
E-0005608,2023-08-28,Electronics,Brand Alpha,Karachi,4,43.31,1,works great,True,C-1492
E-0005609,2024-02-06,Home,Brand Delta,London,3,158.71,1,very useful,True,C-1299
E-0005610,2024-02-05,Clothing,Brand Gamma,Lahore,2,239.47,1,great value,True,C-852
E-0005611,2024-12-19,Beauty,Brand Beta,London,3,92.52,2,skin felt great,True,C-288
E-0005612,2023-09-02,Beauty,Brand Gamma,Lahore,2,284.57,2,caused irritation,True,C-88
E-0005613,2024-10-05,Sports,Brand Gamma,Islamabad,3,68.89,4,poor durability,True,C-1025
E-0005614,2024-03-31,Home,Brand Gamma,London,3,47.76,3,would buy again,True,C-1358
E-0005615,2023-07-28,Home,Brand Delta,Dubai,2,397.14,3,very useful,True,C-381
E-0005616,2024-10-02,Electronics,Brand Alpha,Karachi,3,109.52,2,average at best,True,C-584
E-0005617,2024-03-30,Clothing,Brand Gamma,Lahore,3,171.81,2,great value,True,C-113
E-0005618,2024-06-06,Books,Brand Alpha,Karachi,2,13.16,3,informative,True,C-348
E-0005619,2023-08-21,Sports,Brand Delta,Lahore,4,351.85,1,broke after week,True,C-176
E-0005620,2025-01-13,Beauty,Brand Alpha,Dubai,1,329.23,2,nice scent,True,C-502
E-0005621,2024-11-02,Sports,Brand Alpha,New York,4,312.75,2,good grip,True,C-162
E-0005622,2024-01-20,Clothing,Brand Delta,New York,1,395.29,1,too small,True,C-586
E-0005623,2024-02-14,Sports,Brand Beta,Islamabad,3,224.45,1,broke after week,True,C-1166
E-0005624,2024-10-04,Sports,Brand Delta,Karachi,2,126.74,3,poor durability,True,C-1186
E-0005625,2024-07-26,Books,Brand Delta,New York,3,119.45,1,well written,True,C-557
E-0005626,2023-12-11,Home,Brand Alpha,London,2,298.68,3,very useful,True,C-1345
E-0005627,2023-12-25,Books,Brand Beta,Islamabad,3,79.71,2,boring content,False,C-596
E-0005628,2024-01-27,Beauty,Brand Gamma,Islamabad,2,51.5,3,nice scent,True,C-586
E-0005629,2024-06-20,Electronics,Brand Alpha,Lahore,3,310.4,4,average at best,True,C-1056
E-0005630,2024-07-10,Books,Brand Delta,Karachi,4,339.25,2,boring content,True,C-663
E-0005631,2024-10-03,Electronics,Brand Gamma,New York,4,312.47,3,poor build,True,C-681
E-0005632,2024-03-14,Beauty,Brand Alpha,Dubai,5,13.29,1,recommend,True,C-425
E-0005633,2024-04-10,Electronics,Brand Delta,Lahore,3,35.13,1,battery dies fast,True,C-1188
E-0005634,2024-11-13,Electronics,Brand Alpha,Dubai,3,63.73,2,average at best,True,C-869
E-0005635,2024-08-12,Home,Brand Beta,London,3,397.0,1,assembly was hard,False,C-224
E-0005636,2024-04-27,Sports,Brand Delta,Karachi,4,374.12,2,broke after week,True,C-1279
E-0005637,2024-01-22,Books,Brand Delta,London,2,26.52,1,print quality good,False,C-1
E-0005638,2023-11-21,Home,Brand Beta,Islamabad,2,167.56,1,very useful,False,C-429
E-0005639,2023-12-22,Sports,Brand Gamma,New York,2,151.98,1,broke after week,True,C-788
E-0005640,2024-06-14,Home,Brand Gamma,London,5,365.61,3,would buy again,True,C-1136
E-0005641,2024-05-13,Electronics,Brand Gamma,New York,2,145.51,2,works great,True,C-535
E-0005642,2024-12-05,Clothing,Brand Delta,London,4,37.49,1,great value,True,C-387
E-0005643,2023-08-05,Books,Brand Alpha,London,4,157.69,1,well written,True,C-1060
E-0005644,2023-07-02,Sports,Brand Beta,Dubai,4,326.87,1,broke after week,True,C-911
E-0005645,2024-01-27,Clothing,Brand Alpha,London,2,55.54,1,seams came apart,True,C-11
E-0005646,2023-10-21,Clothing,Brand Delta,New York,2,213.18,1,fits perfectly,True,C-542
E-0005647,2024-06-14,Clothing,Brand Alpha,Karachi,3,174.33,1,nice fabric,True,C-1313
E-0005648,2024-06-05,Beauty,Brand Delta,New York,2,225.27,2,recommend,True,C-472
E-0005649,2024-05-07,Clothing,Brand Gamma,Dubai,3,129.02,2,seams came apart,True,C-253
E-0005650,2024-04-14,Sports,Brand Beta,Lahore,5,348.41,4,good grip,True,C-1170
E-0005651,2024-09-08,Sports,Brand Delta,London,2,221.05,2,broke after week,True,C-251
E-0005652,2023-12-02,Clothing,Brand Alpha,Dubai,2,283.55,1,comfortable and stylish,True,C-933
E-0005653,2023-11-14,Electronics,Brand Beta,Lahore,4,255.31,3,works great,False,C-1126
E-0005654,2024-02-09,Clothing,Brand Gamma,Islamabad,4,125.25,2,comfortable and stylish,True,C-885
E-0005655,2024-05-20,Beauty,Brand Alpha,Dubai,5,172.46,4,nice scent,True,C-720
E-0005656,2023-09-22,Books,Brand Beta,Lahore,2,174.49,1,well written,True,C-1050
E-0005657,2024-07-13,Electronics,Brand Alpha,Dubai,3,82.49,1,poor build,True,C-591
E-0005658,2023-07-10,Beauty,Brand Gamma,Islamabad,5,314.81,3,recommend,True,C-1041
E-0005659,2024-12-21,Books,Brand Delta,Islamabad,2,328.61,1,well written,True,C-847
E-0005660,2023-10-28,Home,Brand Beta,Dubai,4,133.56,1,very useful,False,C-114
E-0005661,2024-12-15,Books,Brand Gamma,London,4,388.67,5,well written,True,C-1058
E-0005662,2023-09-10,Sports,Brand Delta,London,3,200.01,4,poor durability,True,C-794
E-0005663,2024-02-27,Electronics,Brand Beta,Lahore,4,254.52,1,works great,True,C-662
E-0005664,2024-01-12,Sports,Brand Gamma,Karachi,2,330.46,5,great for training,True,C-257
E-0005665,2023-08-16,Home,Brand Gamma,New York,2,237.41,2,very useful,True,C-1225
E-0005666,2023-11-28,Books,Brand Gamma,Islamabad,4,181.86,2,informative,True,C-916
E-0005667,2024-07-22,Sports,Brand Delta,New York,3,14.32,1,good grip,True,C-544
E-0005668,2023-10-19,Books,Brand Alpha,Lahore,3,15.63,2,informative,False,C-1460
E-0005669,2024-03-01,Home,Brand Beta,Dubai,4,318.58,3,cheap materials,True,C-1473
E-0005670,2023-07-31,Sports,Brand Alpha,Islamabad,3,373.15,2,great for training,True,C-163
E-0005671,2023-10-27,Clothing,Brand Gamma,Islamabad,4,230.33,3,comfortable and stylish,True,C-1017
E-0005672,2024-09-04,Home,Brand Gamma,Dubai,1,381.21,2,would buy again,True,C-636
E-0005673,2024-08-05,Clothing,Brand Alpha,Islamabad,3,377.93,1,seams came apart,True,C-494
E-0005674,2023-08-15,Books,Brand Delta,London,3,210.96,2,fast delivery,True,C-918
E-0005675,2024-10-15,Electronics,Brand Gamma,Lahore,3,197.0,3,excellent quality,True,C-1337
E-0005676,2024-10-25,Beauty,Brand Gamma,New York,2,347.7,1,recommend,True,C-10
E-0005677,2025-01-16,Beauty,Brand Gamma,New York,4,58.06,2,caused irritation,True,C-201
E-0005678,2024-06-08,Books,Brand Gamma,New York,1,355.2,2,fast delivery,True,C-177
E-0005679,2023-07-06,Clothing,Brand Delta,London,5,335.66,1,color faded after wash,True,C-484
E-0005680,2024-11-24,Beauty,Brand Gamma,New York,3,280.76,3,caused irritation,True,C-169
E-0005681,2024-05-25,Home,Brand Delta,New York,5,33.76,2,looks premium,True,C-815
E-0005682,2024-08-02,Clothing,Brand Beta,Karachi,3,292.05,1,nice fabric,True,C-1372
E-0005683,2023-11-29,Beauty,Brand Alpha,New York,3,169.74,2,skin felt great,False,C-111
E-0005684,2024-01-28,Clothing,Brand Beta,New York,1,118.93,2,too small,True,C-75
E-0005685,2024-07-05,Clothing,Brand Beta,Karachi,3,209.3,5,seams came apart,True,C-1220
E-0005686,2024-04-16,Home,Brand Alpha,New York,4,299.2,3,would buy again,True,C-1476
E-0005687,2024-08-03,Clothing,Brand Gamma,New York,4,398.11,1,too small,True,C-424
E-0005688,2024-09-03,Clothing,Brand Beta,Islamabad,3,256.68,3,comfortable and stylish,True,C-698
E-0005689,2024-08-01,Clothing,Brand Beta,New York,3,392.97,2,great value,False,C-889
E-0005690,2023-12-22,Beauty,Brand Gamma,Islamabad,5,347.44,4,too expensive,True,C-1244
E-0005691,2023-07-01,Sports,Brand Alpha,Karachi,4,51.34,2,good grip,True,C-1201
E-0005692,2023-06-02,Home,Brand Beta,Dubai,4,171.28,1,looks premium,True,C-873
E-0005693,2023-09-12,Beauty,Brand Alpha,London,4,45.71,2,,True,C-1237
E-0005694,2024-08-09,Books,Brand Delta,London,5,227.61,1,boring content,True,C-352
E-0005695,2023-06-20,Home,Brand Alpha,Lahore,4,218.24,3,looks premium,True,C-183
E-0005696,2024-09-08,Sports,Brand Alpha,Islamabad,5,13.87,2,great for training,True,C-1037
E-0005697,2024-04-30,Sports,Brand Gamma,Dubai,3,295.32,3,broke after week,True,C-651
E-0005698,2023-10-11,Sports,Brand Beta,Islamabad,2,140.44,2,poor durability,True,C-1444
E-0005699,2023-10-09,Electronics,Brand Gamma,Lahore,3,329.33,1,average at best,True,C-1205
E-0005700,2024-05-06,Electronics,Brand Alpha,Lahore,4,250.95,3,excellent quality,False,C-1394
E-0005701,2024-05-07,Clothing,Brand Delta,Karachi,3,118.08,3,fits perfectly,True,C-1462
E-0005702,2024-12-24,Books,Brand Delta,Dubai,2,207.05,2,well written,True,C-263
E-0005703,2023-08-28,Home,Brand Alpha,London,4,140.51,2,cheap materials,True,C-357
E-0005704,2023-07-20,Home,Brand Alpha,Karachi,4,24.13,2,would buy again,True,C-839
E-0005705,2023-07-18,Beauty,Brand Delta,New York,4,200.32,2,recommend,True,C-476
E-0005706,2024-09-04,Electronics,Brand Beta,Karachi,3,117.46,1,highly recommend,True,C-1043
E-0005707,2024-12-26,Clothing,Brand Delta,New York,1,387.29,1,nice fabric,True,C-84
E-0005708,2024-10-02,Beauty,Brand Alpha,Lahore,2,231.09,1,nice scent,True,C-116
E-0005709,2023-08-20,Books,Brand Beta,New York,4,44.15,1,print quality good,True,C-177
E-0005710,2024-09-03,Sports,Brand Delta,Karachi,1,122.99,1,broke after week,False,C-210
E-0005711,2023-10-27,Sports,Brand Gamma,Lahore,5,282.43,3,great for training,True,C-1156
E-0005712,2023-10-16,Sports,Brand Delta,Karachi,2,180.8,2,great for training,True,C-200
E-0005713,2024-08-01,Beauty,Brand Gamma,Lahore,5,134.83,1,nice scent,True,C-547
E-0005714,2023-07-01,Home,Brand Gamma,New York,3,394.99,2,would buy again,True,C-715
E-0005715,2024-11-25,Home,Brand Gamma,Karachi,2,102.97,4,assembly was hard,True,C-334
E-0005716,2024-04-09,Electronics,Brand Gamma,Karachi,4,343.03,3,battery dies fast,True,C-1378
E-0005717,2024-01-06,Home,Brand Gamma,Karachi,5,240.82,1,assembly was hard,True,C-256
E-0005718,2024-09-12,Home,Brand Delta,Dubai,2,262.71,2,assembly was hard,False,C-1271
E-0005719,2023-07-16,Electronics,Brand Gamma,Lahore,4,271.51,2,battery dies fast,True,C-1430
E-0005720,2024-11-01,Books,Brand Alpha,Islamabad,3,25.97,3,well written,True,C-1243
E-0005721,2024-02-21,Electronics,Brand Beta,Karachi,1,157.33,1,works great,True,C-1468
E-0005722,2023-08-02,Books,Brand Beta,Lahore,1,263.33,3,fast delivery,True,C-1156
E-0005723,2024-10-21,Sports,Brand Delta,Karachi,4,88.05,1,great for training,True,C-561
E-0005724,2024-07-23,Clothing,Brand Beta,Islamabad,4,102.98,3,seams came apart,True,C-957
E-0005725,2024-04-15,Clothing,Brand Gamma,London,4,250.93,2,seams came apart,True,C-130
E-0005726,2024-01-19,Electronics,Brand Delta,London,4,226.17,1,works great,False,C-776
E-0005727,2024-07-05,Home,Brand Gamma,Karachi,1,117.88,3,would buy again,True,C-214
E-0005728,2024-04-28,Sports,Brand Beta,Lahore,3,331.87,2,poor durability,True,C-449
E-0005729,2023-10-29,Electronics,Brand Delta,Dubai,3,74.61,4,highly recommend,True,C-830
E-0005730,2024-07-10,Clothing,Brand Gamma,New York,1,100.95,2,great value,True,C-1222
E-0005731,2024-07-03,Home,Brand Gamma,Lahore,2,321.14,1,would buy again,True,C-1138
E-0005732,2024-05-30,Beauty,Brand Gamma,Islamabad,3,213.76,3,skin felt great,True,C-808
E-0005733,2024-12-10,Sports,Brand Gamma,Dubai,3,222.24,2,good grip,False,C-1392
E-0005734,2025-01-01,Clothing,Brand Delta,Islamabad,3,27.13,2,nice fabric,True,C-1309
E-0005735,2024-05-07,Home,Brand Beta,Karachi,3,377.5,1,cheap materials,True,C-478
E-0005736,2023-08-17,Books,Brand Gamma,London,4,216.31,1,fast delivery,True,C-1359
E-0005737,2023-06-23,Books,Brand Gamma,Islamabad,2,201.63,4,fast delivery,True,C-552
E-0005738,2024-07-22,Books,Brand Beta,Karachi,4,46.0,1,well written,True,C-333
E-0005739,2024-05-29,Beauty,Brand Beta,Lahore,4,20.53,1,caused irritation,True,C-1175
E-0005740,2023-12-14,Clothing,Brand Alpha,Islamabad,4,170.08,2,color faded after wash,True,C-1477
E-0005741,2023-07-28,Beauty,Brand Delta,Karachi,2,228.66,3,nice scent,False,C-879
E-0005742,2024-02-10,Clothing,Brand Delta,London,4,90.05,2,nice fabric,True,C-765
E-0005743,2023-11-11,Home,Brand Delta,London,3,323.72,3,looks premium,True,C-107
E-0005744,2023-11-04,Clothing,Brand Gamma,Islamabad,5,139.91,2,color faded after wash,True,C-1475
E-0005745,2025-01-12,Electronics,Brand Gamma,London,3,207.5,1,disappointed with durability,True,C-305
E-0005746,2024-01-30,Sports,Brand Alpha,Lahore,2,16.56,2,poor durability,False,C-960
E-0005747,2024-02-14,Electronics,Brand Beta,New York,3,303.66,1,highly recommend,True,C-1479
E-0005748,2024-02-15,Electronics,Brand Beta,London,4,27.72,1,average at best,True,C-463
E-0005749,2024-07-13,Clothing,Brand Gamma,New York,3,246.05,2,great value,False,C-465
E-0005750,2024-09-06,Clothing,Brand Delta,New York,4,129.33,3,color faded after wash,True,C-521
E-0005751,2024-08-12,Beauty,Brand Gamma,Dubai,4,270.01,3,skin felt great,True,C-704
E-0005752,2024-11-12,Sports,Brand Gamma,Karachi,3,255.87,2,broke after week,True,C-152
E-0005753,2024-07-31,Beauty,Brand Gamma,Dubai,4,237.93,2,skin felt great,True,C-178
E-0005754,2024-10-12,Books,Brand Beta,Karachi,2,37.0,1,boring content,True,C-288
E-0005755,2024-08-13,Books,Brand Delta,Karachi,2,92.6,3,informative,True,C-744
E-0005756,2024-03-10,Electronics,Brand Beta,New York,4,360.73,1,poor build,False,C-50
E-0005757,2023-11-26,Beauty,Brand Gamma,Lahore,3,252.53,2,skin felt great,True,C-302
E-0005758,2024-12-14,Sports,Brand Delta,Lahore,4,88.45,2,broke after week,True,C-328
E-0005759,2024-11-10,Sports,Brand Alpha,Lahore,1,52.86,1,broke after week,True,C-699
E-0005760,2024-01-12,Beauty,Brand Delta,Karachi,3,169.69,1,skin felt great,True,C-1342
E-0005761,2024-07-01,Home,Brand Beta,London,4,107.06,3,very useful,True,C-625
E-0005762,2024-04-10,Clothing,Brand Beta,London,5,229.54,2,fits perfectly,True,C-598
E-0005763,2024-06-06,Clothing,Brand Alpha,London,3,283.16,3,color faded after wash,True,C-265
E-0005764,2024-05-27,Home,Brand Alpha,Dubai,4,166.36,2,very useful,True,C-889
E-0005765,2024-04-15,Electronics,Brand Beta,New York,5,180.43,1,works great,False,C-1188
E-0005766,2023-11-18,Sports,Brand Alpha,London,5,56.66,1,great for training,True,C-504
E-0005767,2024-11-16,Home,Brand Delta,London,3,49.19,1,looks premium,True,C-506
E-0005768,2023-12-31,Sports,Brand Delta,Dubai,4,282.45,2,poor durability,True,C-471
E-0005769,2024-03-23,Home,Brand Gamma,Karachi,4,220.44,1,very useful,True,C-1409
E-0005770,2023-06-10,Sports,Brand Beta,Islamabad,3,30.97,2,good grip,True,C-850
E-0005771,2024-01-05,Books,Brand Alpha,Islamabad,3,247.58,1,informative,True,C-482
E-0005772,2023-12-05,Beauty,Brand Gamma,New York,4,334.5,2,too expensive,True,C-291
E-0005773,2023-09-08,Books,Brand Gamma,New York,2,72.81,2,fast delivery,True,C-875
E-0005774,2024-02-27,Sports,Brand Alpha,Dubai,4,61.95,2,broke after week,True,C-1273
E-0005775,2024-05-17,Beauty,Brand Alpha,Lahore,4,358.29,1,caused irritation,True,C-1470
E-0005776,2024-07-21,Clothing,Brand Delta,Dubai,4,329.28,3,too small,False,C-1270
E-0005777,2024-09-01,Beauty,Brand Gamma,New York,4,381.86,2,too expensive,True,C-500
E-0005778,2023-08-29,Clothing,Brand Beta,London,3,339.58,2,too small,True,C-441
E-0005779,2024-11-08,Clothing,Brand Delta,Karachi,4,390.47,1,fits perfectly,True,C-875
E-0005780,2023-09-25,Clothing,Brand Alpha,Lahore,4,344.61,1,comfortable and stylish,True,C-356
E-0005781,2023-11-18,Sports,Brand Delta,Lahore,2,91.75,2,poor durability,True,C-1399
E-0005782,2024-06-17,Home,Brand Alpha,Karachi,2,227.16,1,assembly was hard,False,C-768
E-0005783,2023-10-17,Books,Brand Gamma,New York,5,345.53,1,informative,True,C-761
E-0005784,2024-05-30,Clothing,Brand Delta,Dubai,2,162.56,3,fits perfectly,False,C-439
E-0005785,2024-04-15,Books,Brand Alpha,Islamabad,3,126.38,2,boring content,True,C-528
E-0005786,2023-09-14,Clothing,Brand Alpha,Lahore,3,220.05,2,fits perfectly,True,C-1084
E-0005787,2024-11-23,Beauty,Brand Gamma,Karachi,4,130.89,1,caused irritation,True,C-1079
E-0005788,2024-03-23,Sports,Brand Delta,New York,2,57.03,3,good grip,False,C-1498
E-0005789,2024-01-15,Clothing,Brand Alpha,Dubai,3,302.24,1,too small,True,C-478
E-0005790,2024-03-08,Home,Brand Gamma,Islamabad,4,112.45,3,would buy again,True,C-195
E-0005791,2024-10-16,Clothing,Brand Beta,Karachi,3,365.42,4,fits perfectly,True,C-1219
E-0005792,2024-05-06,Clothing,Brand Delta,Islamabad,2,164.32,2,too small,True,C-516
E-0005793,2024-11-27,Clothing,Brand Gamma,New York,5,248.31,3,fits perfectly,True,C-604
E-0005794,2023-06-09,Sports,Brand Delta,Dubai,2,181.85,4,good grip,True,C-990
E-0005795,2024-08-29,Beauty,Brand Gamma,Dubai,5,230.49,1,recommend,True,C-380
E-0005796,2024-05-18,Sports,Brand Alpha,Lahore,4,394.43,1,broke after week,True,C-1481
E-0005797,2023-11-10,Sports,Brand Gamma,New York,4,326.4,3,poor durability,True,C-18
E-0005798,2023-09-23,Electronics,Brand Alpha,Dubai,2,201.34,3,battery dies fast,True,C-246
E-0005799,2024-12-31,Sports,Brand Beta,Karachi,4,305.25,3,broke after week,True,C-1315
E-0005800,2024-02-17,Sports,Brand Gamma,Dubai,3,203.72,2,broke after week,True,C-86
E-0005801,2024-09-25,Beauty,Brand Delta,Lahore,2,242.81,2,too expensive,True,C-283
E-0005802,2023-11-13,Home,Brand Alpha,Karachi,1,150.93,1,very useful,True,C-424
E-0005803,2024-01-09,Home,Brand Beta,Lahore,4,25.07,2,cheap materials,True,C-1198
E-0005804,2024-06-02,Home,Brand Alpha,Karachi,4,274.68,1,looks premium,True,C-278
E-0005805,2024-06-11,Electronics,Brand Gamma,Dubai,2,66.5,2,poor build,True,C-1181
E-0005806,2023-06-11,Books,Brand Beta,New York,4,119.94,3,boring content,True,C-1024
E-0005807,2024-01-25,Sports,Brand Delta,London,3,179.99,1,good grip,True,C-1179
E-0005808,2024-12-29,Electronics,Brand Alpha,New York,2,392.87,2,poor build,True,C-378
E-0005809,2024-07-01,Home,Brand Beta,Islamabad,2,15.57,3,cheap materials,True,C-24
E-0005810,2023-09-18,Beauty,Brand Delta,Dubai,4,299.63,3,skin felt great,True,C-753
E-0005811,2024-11-07,Clothing,Brand Alpha,Islamabad,5,236.62,3,nice fabric,True,C-759
E-0005812,2024-08-05,Sports,Brand Delta,Dubai,4,358.64,4,,True,C-1412
E-0005813,2024-06-10,Electronics,Brand Beta,Dubai,3,49.45,2,works great,True,C-1316
E-0005814,2023-09-05,Electronics,Brand Alpha,New York,5,12.14,2,love it,True,C-153
E-0005815,2024-09-24,Clothing,Brand Beta,New York,4,373.07,1,too small,True,C-164
E-0005816,2024-05-18,Clothing,Brand Beta,Karachi,4,360.3,1,too small,True,C-561
E-0005817,2024-06-03,Books,Brand Beta,London,3,46.13,3,fast delivery,True,C-271
E-0005818,2024-12-31,Home,Brand Beta,Lahore,4,38.82,1,very useful,False,C-1051
E-0005819,2024-08-29,Electronics,Brand Beta,London,3,100.73,1,average at best,True,C-1415
E-0005820,2023-11-10,Books,Brand Delta,London,2,295.94,2,fast delivery,True,C-1056
E-0005821,2023-07-03,Beauty,Brand Beta,New York,3,105.17,3,skin felt great,True,C-375
E-0005822,2024-08-14,Books,Brand Beta,Islamabad,4,,1,boring content,True,C-600
E-0005823,2024-01-23,Clothing,Brand Beta,Dubai,3,357.3,2,great value,True,C-1001
E-0005824,2024-10-27,Electronics,Brand Delta,Dubai,2,216.13,3,highly recommend,True,C-1107
E-0005825,2023-10-11,Home,Brand Alpha,Islamabad,2,232.89,3,,True,C-1140
E-0005826,2024-05-27,Books,Brand Alpha,Dubai,4,370.66,1,fast delivery,True,C-996
E-0005827,2024-05-22,Sports,Brand Alpha,Islamabad,4,,2,good grip,True,C-1095
E-0005828,2023-09-17,Books,Brand Delta,New York,2,59.35,2,well written,True,C-625
E-0005829,2024-09-16,Electronics,Brand Delta,London,3,394.79,2,excellent quality,True,C-973
E-0005830,2023-11-27,Home,Brand Beta,New York,4,137.18,1,would buy again,True,C-274
E-0005831,2023-06-15,Beauty,Brand Gamma,Lahore,2,304.5,1,caused irritation,True,C-409
E-0005832,2024-12-11,Sports,Brand Delta,London,5,104.2,1,great for training,True,C-954
E-0005833,2024-03-28,Electronics,Brand Gamma,Islamabad,2,61.34,1,works great,True,C-1229
E-0005834,2023-12-05,Books,Brand Gamma,Karachi,3,311.68,1,boring content,True,C-246
E-0005835,2023-09-25,Books,Brand Gamma,Dubai,3,103.04,1,informative,False,C-689
E-0005836,2023-12-19,Clothing,Brand Delta,Dubai,2,203.82,1,comfortable and stylish,True,C-949
E-0005837,2023-12-04,Home,Brand Gamma,Karachi,5,166.83,2,cheap materials,True,C-941
E-0005838,2023-12-14,Home,Brand Alpha,Dubai,3,159.9,1,very useful,True,C-1290
E-0005839,2024-09-11,Clothing,Brand Beta,New York,3,247.16,2,nice fabric,True,C-524
E-0005840,2023-10-14,Books,Brand Delta,Lahore,3,325.88,2,,True,C-762
E-0005841,2024-10-20,Home,Brand Alpha,Karachi,4,361.57,2,cheap materials,True,C-1108
E-0005842,2024-06-27,Electronics,Brand Beta,London,5,97.96,1,disappointed with durability,True,C-1329
E-0005843,2023-07-03,Electronics,Brand Gamma,New York,4,226.24,3,love it,False,C-486
E-0005844,2024-11-16,Electronics,Brand Alpha,New York,4,330.58,2,works great,True,C-1003
E-0005845,2024-03-01,Home,Brand Gamma,Lahore,3,368.69,3,would buy again,True,C-1317
E-0005846,2023-06-05,Home,Brand Alpha,New York,2,324.08,4,cheap materials,True,C-32
E-0005847,2023-09-14,Electronics,Brand Gamma,Islamabad,3,104.07,2,battery dies fast,False,C-129
E-0005848,2023-11-04,Beauty,Brand Gamma,Lahore,4,308.76,2,caused irritation,True,C-850
E-0005849,2024-03-21,Home,Brand Beta,Dubai,1,276.77,1,,True,C-1004
E-0005850,2023-11-14,Sports,Brand Beta,Lahore,5,114.05,1,poor durability,True,C-487
E-0005851,2023-07-12,Sports,Brand Alpha,Islamabad,3,78.13,2,,True,C-809
E-0005852,2024-05-15,Home,Brand Delta,Lahore,2,188.02,3,assembly was hard,True,C-791
E-0005853,2023-10-11,Sports,Brand Alpha,Lahore,3,349.69,6,good grip,True,C-451
E-0005854,2024-01-20,Beauty,Brand Gamma,London,4,161.54,1,,True,C-282
E-0005855,2023-07-17,Clothing,Brand Delta,Islamabad,2,131.07,3,seams came apart,True,C-33
E-0005856,2024-07-03,Books,Brand Beta,New York,3,377.17,1,,True,C-505
E-0005857,2023-08-12,Home,Brand Delta,Dubai,5,94.32,5,looks premium,True,C-891
E-0005858,2024-05-03,Home,Brand Alpha,Dubai,5,161.23,1,looks premium,True,C-1381
E-0005859,2023-10-04,Home,Brand Gamma,Karachi,4,,1,very useful,False,C-331
E-0005860,2024-09-19,Clothing,Brand Delta,Lahore,3,,2,nice fabric,True,C-1436
E-0005861,2024-11-22,Books,Brand Alpha,Islamabad,5,302.65,2,well written,True,C-866
E-0005862,2024-09-26,Electronics,Brand Delta,London,4,272.19,2,poor build,True,C-520
E-0005863,2024-01-31,Electronics,Brand Delta,Karachi,3,218.48,1,love it,False,C-2
E-0005864,2024-01-16,Sports,Brand Beta,Dubai,5,162.32,3,great for training,True,C-701
E-0005865,2024-03-25,Beauty,Brand Delta,Lahore,4,194.46,2,caused irritation,False,C-1269
E-0005866,2023-06-30,Electronics,Brand Gamma,Islamabad,2,196.88,1,average at best,True,C-306
E-0005867,2023-07-18,Sports,Brand Beta,Dubai,5,342.46,3,poor durability,True,C-744
E-0005868,2024-11-22,Beauty,Brand Delta,Lahore,4,256.28,1,nice scent,True,C-350
E-0005869,2024-02-17,Books,Brand Alpha,New York,3,376.68,3,fast delivery,True,C-897
E-0005870,2024-04-09,Electronics,Brand Gamma,Karachi,4,76.14,2,disappointed with durability,True,C-564
E-0005871,2024-10-07,Electronics,Brand Gamma,Dubai,3,311.85,2,disappointed with durability,True,C-1425
E-0005872,2024-07-12,Clothing,Brand Beta,Karachi,2,293.41,2,nice fabric,True,C-1268
E-0005873,2025-01-15,Electronics,Brand Beta,New York,4,368.03,2,excellent quality,True,C-980
E-0005874,2024-01-19,Electronics,Brand Alpha,Islamabad,2,311.59,2,battery dies fast,True,C-138
E-0005875,2024-05-29,Beauty,Brand Beta,Dubai,4,72.28,3,skin felt great,True,C-677
E-0005876,2024-11-19,Sports,Brand Beta,New York,4,158.89,2,poor durability,True,C-446
E-0005877,2024-08-14,Sports,Brand Alpha,New York,5,52.47,1,broke after week,True,C-882
E-0005878,2023-08-05,Clothing,Brand Beta,New York,3,118.6,2,comfortable and stylish,True,C-938
E-0005879,2024-05-09,Books,Brand Delta,Islamabad,4,246.83,2,fast delivery,True,C-355
E-0005880,2024-11-11,Beauty,Brand Delta,London,5,101.64,2,nice scent,False,C-1035
E-0005881,2023-09-27,Electronics,Brand Beta,London,3,182.4,2,works great,True,C-208
E-0005882,2024-04-26,Home,Brand Gamma,Lahore,4,266.12,4,looks premium,False,C-1301
E-0005883,2024-09-26,Home,Brand Alpha,Lahore,4,215.87,1,cheap materials,True,C-1075
E-0005884,2024-06-28,Home,Brand Alpha,Dubai,2,61.86,2,looks premium,True,C-344
E-0005885,2024-11-05,Sports,Brand Beta,Dubai,3,159.64,1,broke after week,True,C-716
E-0005886,2023-10-07,Clothing,Brand Beta,Karachi,4,130.57,3,fits perfectly,True,C-953
E-0005887,2023-12-10,Clothing,Brand Delta,New York,5,66.15,3,nice fabric,True,C-1027
E-0005888,2024-09-16,Home,Brand Alpha,Dubai,3,368.84,3,looks premium,True,C-630
E-0005889,2023-10-16,Home,Brand Gamma,Lahore,2,99.01,2,very useful,True,C-222
E-0005890,2023-07-20,Books,Brand Delta,Islamabad,4,320.8,2,well written,True,C-688
E-0005891,2023-06-02,Electronics,Brand Gamma,Lahore,2,60.93,3,love it,True,C-728
E-0005892,2024-02-06,Home,Brand Alpha,London,3,,4,would buy again,True,C-1182
E-0005893,2023-10-12,Books,Brand Alpha,Islamabad,5,216.56,1,print quality good,True,C-1036
E-0005894,2025-01-14,Books,Brand Beta,Dubai,4,385.67,1,,True,C-447
E-0005895,2024-03-17,Home,Brand Gamma,New York,4,330.79,1,would buy again,False,C-173
E-0005896,2024-09-18,Home,Brand Delta,Dubai,2,294.78,4,cheap materials,False,C-8
E-0005897,2024-12-06,Home,Brand Alpha,Lahore,5,230.21,1,would buy again,True,C-1028
E-0005898,2023-10-08,Books,Brand Beta,Islamabad,5,44.02,1,informative,True,C-770
E-0005899,2023-10-27,Home,Brand Beta,Dubai,3,195.49,1,assembly was hard,True,C-776
E-0005900,2024-12-31,Clothing,Brand Gamma,Lahore,5,269.47,1,too small,True,C-1209
E-0005901,2024-12-05,Home,Brand Delta,Dubai,2,348.96,1,would buy again,True,C-1413
E-0005902,2024-10-31,Beauty,Brand Delta,Islamabad,4,83.11,1,caused irritation,True,C-265
E-0005903,2024-12-12,Clothing,Brand Beta,Lahore,2,382.1,1,,True,C-1234
E-0005904,2024-12-01,Sports,Brand Gamma,Dubai,5,360.11,4,great for training,False,C-1293
E-0005905,2023-06-06,Electronics,Brand Alpha,Karachi,2,37.66,2,battery dies fast,True,C-1018
E-0005906,2023-07-28,Books,Brand Beta,New York,3,90.32,2,print quality good,True,C-170
E-0005907,2023-12-10,Home,Brand Gamma,Karachi,4,231.98,2,very useful,True,C-172
E-0005908,2024-06-25,Books,Brand Gamma,Dubai,3,200.81,1,informative,True,C-291
E-0005909,2023-09-26,Electronics,Brand Delta,Dubai,4,143.33,1,poor build,True,C-20
E-0005910,2023-11-24,Books,Brand Delta,Karachi,3,69.09,3,informative,True,C-633
E-0005911,2025-01-03,Electronics,Brand Alpha,Lahore,3,207.6,1,love it,True,C-1087
E-0005912,2023-09-23,Sports,Brand Alpha,London,3,41.13,2,broke after week,True,C-843
E-0005913,2023-12-16,Electronics,Brand Delta,Dubai,4,189.27,1,excellent quality,True,C-364
E-0005914,2024-06-25,Electronics,Brand Beta,London,4,119.0,3,highly recommend,True,C-726
E-0005915,2023-11-20,Home,Brand Gamma,London,4,184.45,2,,True,C-571
E-0005916,2024-05-02,Beauty,Brand Alpha,Islamabad,2,79.84,1,recommend,True,C-1300
E-0005917,2024-08-09,Home,Brand Beta,Islamabad,2,32.53,1,assembly was hard,True,C-247
E-0005918,2024-10-23,Home,Brand Alpha,Lahore,1,24.68,2,looks premium,True,C-394
E-0005919,2023-07-21,Sports,Brand Beta,Islamabad,2,105.89,2,great for training,True,C-298
E-0005920,2024-12-17,Beauty,Brand Alpha,New York,1,277.77,3,nice scent,True,C-446
E-0005921,2023-07-06,Clothing,Brand Beta,London,3,150.48,5,fits perfectly,True,C-1382
E-0005922,2024-10-20,Books,Brand Alpha,Karachi,4,109.51,1,boring content,True,C-336
E-0005923,2024-07-16,Sports,Brand Beta,Karachi,2,36.24,1,great for training,True,C-921
E-0005924,2023-06-05,Books,Brand Alpha,Lahore,2,136.13,2,informative,True,C-503
E-0005925,2024-06-19,Sports,Brand Beta,Dubai,3,124.86,1,poor durability,True,C-1194
E-0005926,2024-07-13,Sports,Brand Gamma,Dubai,2,183.1,3,broke after week,True,C-135
E-0005927,2024-08-17,Sports,Brand Beta,New York,2,223.28,2,poor durability,True,C-683
E-0005928,2024-09-03,Sports,Brand Beta,Islamabad,2,257.73,1,great for training,True,C-217
E-0005929,2024-07-13,Home,Brand Gamma,Dubai,4,13.92,2,very useful,True,C-711
E-0005930,2024-02-22,Beauty,Brand Beta,New York,4,98.11,3,too expensive,True,C-1405
E-0005931,2023-08-04,Electronics,Brand Gamma,Islamabad,2,72.74,3,excellent quality,True,C-160
E-0005932,2023-12-11,Clothing,Brand Delta,New York,5,354.88,1,color faded after wash,True,C-180
E-0005933,2024-03-13,Clothing,Brand Gamma,London,3,319.11,3,too small,True,C-1442
E-0005934,2024-02-20,Beauty,Brand Beta,Lahore,4,132.02,3,too expensive,True,C-1359
E-0005935,2023-06-24,Beauty,Brand Beta,Dubai,4,88.19,2,nice scent,True,C-289
E-0005936,2023-11-26,Home,Brand Delta,New York,3,280.87,1,assembly was hard,True,C-986
E-0005937,2023-08-15,Clothing,Brand Beta,Dubai,4,284.43,1,comfortable and stylish,True,C-659
E-0005938,2023-07-02,Sports,Brand Delta,Lahore,5,378.21,1,poor durability,True,C-376
E-0005939,2024-10-29,Clothing,Brand Gamma,London,3,144.65,1,color faded after wash,False,C-992
E-0005940,2023-08-25,Electronics,Brand Gamma,Lahore,3,176.01,3,average at best,True,C-1070
E-0005941,2024-08-03,Beauty,Brand Beta,Dubai,4,255.67,1,nice scent,False,C-1342
E-0005942,2025-01-11,Beauty,Brand Alpha,Karachi,1,111.93,2,too expensive,True,C-1323
E-0005943,2024-12-10,Sports,Brand Delta,Lahore,3,28.96,1,great for training,True,C-667
E-0005944,2023-08-17,Books,Brand Gamma,Islamabad,5,283.47,1,well written,True,C-187
E-0005945,2024-05-31,Beauty,Brand Beta,New York,2,318.11,3,nice scent,True,C-112
E-0005946,2024-03-11,Electronics,Brand Alpha,London,2,176.12,1,poor build,False,C-122
E-0005947,2024-06-28,Clothing,Brand Gamma,London,5,344.38,1,color faded after wash,True,C-923
E-0005948,2024-04-05,Sports,Brand Alpha,Lahore,4,23.69,1,broke after week,True,C-573
E-0005949,2024-10-02,Sports,Brand Alpha,London,1,71.7,1,poor durability,True,C-1131
E-0005950,2024-09-11,Books,Brand Alpha,London,4,380.49,2,print quality good,True,C-1269
E-0005951,2023-12-22,Electronics,Brand Beta,Karachi,3,222.28,2,average at best,True,C-803
E-0005952,2024-05-01,Beauty,Brand Delta,Lahore,3,397.8,1,skin felt great,True,C-315
E-0005953,2023-09-05,Clothing,Brand Alpha,Karachi,5,390.79,2,too small,True,C-1307
E-0005954,2024-07-09,Sports,Brand Beta,Islamabad,3,,2,good grip,True,C-387
E-0005955,2024-06-08,Sports,Brand Gamma,New York,4,263.0,1,great for training,True,C-229
E-0005956,2024-12-07,Sports,Brand Gamma,New York,2,193.44,1,great for training,True,C-1015
E-0005957,2023-08-31,Books,Brand Gamma,Lahore,4,279.39,2,boring content,True,C-1499
E-0005958,2023-08-03,Sports,Brand Delta,Karachi,1,333.75,2,good grip,True,C-291
E-0005959,2023-12-21,Books,Brand Beta,Dubai,2,258.01,2,boring content,False,C-407
E-0005960,2023-12-04,Clothing,Brand Beta,London,4,321.93,1,seams came apart,True,C-543
E-0005961,2024-03-20,Electronics,Brand Gamma,New York,2,262.57,1,love it,True,C-1373
E-0005962,2024-10-08,Electronics,Brand Alpha,New York,3,115.69,2,poor build,True,C-1456
E-0005963,2023-07-29,Home,Brand Delta,London,4,284.14,2,very useful,False,C-1189
E-0005964,2024-11-18,Electronics,Brand Beta,Dubai,2,268.0,2,average at best,True,C-1040
E-0005965,2023-09-22,Electronics,Brand Alpha,Lahore,3,322.43,2,,False,C-1445
E-0005966,2024-07-16,Sports,Brand Alpha,Dubai,5,291.26,2,good grip,True,C-679
E-0005967,2024-09-13,Electronics,Brand Gamma,New York,1,226.18,2,battery dies fast,True,C-351
E-0005968,2024-12-06,Beauty,Brand Beta,Islamabad,5,282.7,3,too expensive,True,C-2
E-0005969,2023-08-02,Books,Brand Gamma,Karachi,4,21.44,2,well written,True,C-1347
E-0005970,2024-09-11,Books,Brand Beta,Lahore,2,143.67,1,print quality good,False,C-1085
E-0005971,2023-12-26,Home,Brand Gamma,London,2,37.61,1,assembly was hard,True,C-228
E-0005972,2024-03-13,Beauty,Brand Alpha,Dubai,4,393.53,3,nice scent,True,C-1107
E-0005973,2023-06-18,Books,Brand Delta,Islamabad,3,262.68,1,boring content,True,C-1014
E-0005974,2024-06-08,Electronics,Brand Gamma,Karachi,3,386.26,2,excellent quality,True,C-1038
E-0005975,2024-08-17,Home,Brand Alpha,Dubai,3,395.78,1,assembly was hard,True,C-565
E-0005976,2024-09-30,Sports,Brand Gamma,Lahore,3,168.89,2,great for training,False,C-822
E-0005977,2024-11-03,Electronics,Brand Gamma,Islamabad,2,260.3,1,highly recommend,True,C-1340
E-0005978,2024-11-23,Home,Brand Beta,Karachi,3,117.89,3,cheap materials,True,C-1298
E-0005979,2023-08-31,Home,Brand Delta,London,2,397.77,1,very useful,True,C-258
E-0005980,2023-07-23,Home,Brand Alpha,Lahore,5,68.13,2,cheap materials,True,C-1265
E-0005981,2023-11-03,Sports,Brand Gamma,Islamabad,3,26.51,2,broke after week,True,C-337
E-0005982,2024-01-02,Sports,Brand Gamma,Lahore,5,167.91,1,great for training,True,C-124
E-0005983,2023-10-11,Home,Brand Gamma,New York,1,199.81,1,assembly was hard,True,C-1268
E-0005984,2024-02-13,Books,Brand Beta,New York,2,263.3,5,fast delivery,True,C-63
E-0005985,2023-12-15,Clothing,Brand Beta,London,4,323.7,1,comfortable and stylish,False,C-1444
E-0005986,2024-11-19,Books,Brand Delta,Karachi,4,123.37,1,fast delivery,False,C-38
E-0005987,2024-09-12,Beauty,Brand Beta,London,3,371.88,1,nice scent,True,C-640
E-0005988,2023-10-07,Clothing,Brand Beta,Islamabad,3,175.49,2,too small,True,C-1255
E-0005989,2023-10-06,Clothing,Brand Delta,London,3,391.77,3,fits perfectly,True,C-1324
E-0005990,2023-08-03,Electronics,Brand Alpha,London,2,359.98,1,poor build,True,C-72
E-0005991,2024-06-04,Sports,Brand Delta,Karachi,2,203.61,2,great for training,True,C-1300
E-0005992,2024-05-14,Sports,Brand Delta,Dubai,3,156.0,1,good grip,False,C-225
E-0005993,2024-04-02,Beauty,Brand Gamma,London,5,77.93,2,caused irritation,True,C-82
E-0005994,2023-10-01,Beauty,Brand Delta,Dubai,2,370.1,3,skin felt great,True,C-50
E-0005995,2023-07-19,Books,Brand Delta,London,3,122.66,1,boring content,True,C-186
E-0005996,2024-05-06,Home,Brand Alpha,New York,3,19.92,1,cheap materials,True,C-1469
E-0005997,2023-08-08,Sports,Brand Gamma,Karachi,4,206.21,1,broke after week,True,C-1129
E-0005998,2024-03-26,Home,Brand Delta,New York,3,168.58,1,assembly was hard,False,C-792
E-0005999,2023-09-02,Beauty,Brand Gamma,Dubai,2,253.0,3,nice scent,True,C-85
E-0006000,2024-12-08,Books,Brand Delta,Lahore,4,238.96,2,informative,True,C-432
E-0006001,2024-10-07,Electronics,Brand Alpha,Dubai,4,320.79,2,works great,True,C-904
E-0006002,2024-12-13,Clothing,Brand Delta,London,3,161.09,3,fits perfectly,True,C-475
E-0006003,2023-08-07,Sports,Brand Delta,Dubai,3,361.48,2,great for training,True,C-764
E-0006004,2024-06-30,Electronics,Brand Delta,New York,3,376.02,1,disappointed with durability,True,C-544
E-0006005,2024-03-31,Clothing,Brand Delta,New York,1,118.06,2,seams came apart,True,C-268
E-0006006,2024-07-07,Clothing,Brand Beta,New York,5,360.0,3,great value,True,C-169
E-0006007,2024-10-22,Electronics,Brand Alpha,Karachi,3,213.85,3,love it,True,C-413
E-0006008,2024-04-03,Electronics,Brand Gamma,Dubai,4,299.69,3,excellent quality,True,C-1319
E-0006009,2024-01-04,Electronics,Brand Delta,London,4,121.75,3,highly recommend,False,C-426
E-0006010,2023-06-29,Home,Brand Beta,Dubai,3,391.98,3,cheap materials,False,C-907
E-0006011,2024-08-06,Beauty,Brand Gamma,New York,3,314.9,2,caused irritation,True,C-923
E-0006012,2023-09-04,Beauty,Brand Delta,Islamabad,5,58.92,1,too expensive,True,C-514
E-0006013,2024-03-09,Sports,Brand Beta,Lahore,2,72.04,1,good grip,False,C-248
E-0006014,2023-12-24,Home,Brand Delta,Lahore,1,247.82,1,very useful,True,C-843
E-0006015,2024-08-27,Home,Brand Alpha,Islamabad,4,104.62,2,looks premium,True,C-731
E-0006016,2023-07-12,Sports,Brand Gamma,New York,3,297.75,1,great for training,False,C-396
E-0006017,2024-12-25,Home,Brand Delta,New York,1,54.81,1,very useful,True,C-1203
E-0006018,2024-03-31,Clothing,Brand Beta,London,5,260.16,1,nice fabric,True,C-851
E-0006019,2023-08-11,Home,Brand Beta,New York,3,274.62,2,looks premium,False,C-883
E-0006020,2025-01-08,Books,Brand Beta,Karachi,2,391.64,1,informative,True,C-287
E-0006021,2024-01-26,Books,Brand Alpha,London,5,177.14,1,fast delivery,True,C-847
E-0006022,2023-10-27,Electronics,Brand Alpha,Karachi,4,151.87,1,poor build,True,C-1213
E-0006023,2023-07-30,Electronics,Brand Beta,Karachi,4,321.34,2,excellent quality,True,C-48
E-0006024,2024-06-15,Beauty,Brand Delta,Karachi,3,121.22,1,recommend,True,C-1140
E-0006025,2024-12-16,Clothing,Brand Beta,Islamabad,3,254.95,1,comfortable and stylish,True,C-854
E-0006026,2023-11-11,Clothing,Brand Delta,New York,3,349.29,1,seams came apart,True,C-238
E-0006027,2024-02-12,Home,Brand Gamma,Lahore,2,124.98,3,would buy again,True,C-776
E-0006028,2023-09-21,Beauty,Brand Delta,Lahore,3,297.95,2,caused irritation,True,C-923
E-0006029,2023-12-22,Electronics,Brand Gamma,New York,3,361.7,1,love it,False,C-79
E-0006030,2023-12-29,Home,Brand Gamma,New York,4,31.84,2,,True,C-455
E-0006031,2023-09-08,Beauty,Brand Delta,Lahore,4,290.22,3,caused irritation,True,C-1184
E-0006032,2024-11-22,Electronics,Brand Alpha,New York,3,156.57,3,poor build,False,C-1495
E-0006033,2024-06-23,Sports,Brand Alpha,Islamabad,2,384.13,3,broke after week,True,C-564
E-0006034,2024-09-07,Sports,Brand Delta,Dubai,3,190.47,2,poor durability,True,C-862
E-0006035,2024-04-10,Electronics,Brand Gamma,London,3,179.13,2,average at best,True,C-26
E-0006036,2023-11-17,Clothing,Brand Beta,Karachi,4,377.99,4,fits perfectly,False,C-455
E-0006037,2024-04-29,Electronics,Brand Delta,Islamabad,3,,2,excellent quality,True,C-1064
E-0006038,2023-06-15,Electronics,Brand Gamma,Lahore,5,283.49,1,average at best,True,C-1488
E-0006039,2024-06-28,Electronics,Brand Alpha,London,1,67.69,3,works great,True,C-311
E-0006040,2024-10-24,Books,Brand Delta,Islamabad,3,13.6,1,informative,True,C-1162
E-0006041,2024-01-11,Books,Brand Beta,New York,5,337.78,1,boring content,True,C-1048
E-0006042,2024-03-18,Home,Brand Beta,New York,5,28.9,2,looks premium,True,C-1468
E-0006043,2023-08-19,Sports,Brand Alpha,Lahore,2,38.01,2,broke after week,True,C-28
E-0006044,2023-12-08,Sports,Brand Delta,London,2,47.38,2,broke after week,True,C-1232
E-0006045,2023-06-23,Books,Brand Beta,Karachi,4,297.73,4,boring content,True,C-1232
E-0006046,2024-03-20,Electronics,Brand Beta,Dubai,2,391.91,5,love it,False,C-370
E-0006047,2023-11-04,Books,Brand Alpha,Karachi,5,145.07,4,boring content,True,C-1487
E-0006048,2023-11-19,Clothing,Brand Gamma,London,5,164.07,2,too small,True,C-420
E-0006049,2023-06-07,Beauty,Brand Beta,Islamabad,2,155.25,1,skin felt great,True,C-907
E-0006050,2024-03-28,Beauty,Brand Alpha,Lahore,3,313.29,4,caused irritation,False,C-397
E-0006051,2024-09-25,Beauty,Brand Delta,Islamabad,3,335.4,1,skin felt great,True,C-587
E-0006052,2023-09-02,Clothing,Brand Delta,New York,5,168.07,2,too small,False,C-990
E-0006053,2023-12-23,Clothing,Brand Beta,New York,4,97.89,2,great value,True,C-802
E-0006054,2024-07-13,Clothing,Brand Gamma,Dubai,3,66.97,1,nice fabric,True,C-1030
E-0006055,2024-09-09,Books,Brand Beta,Dubai,4,282.92,2,boring content,False,C-1182
E-0006056,2024-08-21,Beauty,Brand Alpha,Lahore,2,266.45,4,,True,C-701
E-0006057,2024-03-14,Books,Brand Gamma,Lahore,3,98.92,3,print quality good,True,C-497
E-0006058,2024-12-03,Books,Brand Delta,New York,3,45.4,1,informative,True,C-331
E-0006059,2024-01-21,Electronics,Brand Gamma,Islamabad,3,356.22,1,poor build,True,C-787
E-0006060,2024-12-15,Sports,Brand Gamma,London,1,251.29,4,poor durability,False,C-1347
E-0006061,2024-12-27,Sports,Brand Alpha,Lahore,4,109.84,2,good grip,True,C-1117
E-0006062,2024-07-01,Books,Brand Delta,Dubai,2,365.02,3,informative,True,C-294
E-0006063,2024-04-26,Books,Brand Delta,Lahore,4,96.3,3,informative,True,C-615
E-0006064,2023-08-31,Beauty,Brand Beta,Karachi,4,302.36,1,nice scent,True,C-369
E-0006065,2023-06-05,Books,Brand Gamma,London,2,321.72,1,print quality good,True,C-1359
E-0006066,2023-09-08,Home,Brand Gamma,Karachi,3,232.95,1,cheap materials,True,C-1311
E-0006067,2024-07-19,Sports,Brand Beta,Dubai,2,357.71,2,poor durability,True,C-669
E-0006068,2023-11-13,Clothing,Brand Beta,Lahore,2,301.33,4,great value,True,C-215
E-0006069,2023-10-15,Books,Brand Beta,Dubai,4,99.86,2,well written,True,C-1431
E-0006070,2023-11-11,Clothing,Brand Gamma,Dubai,4,307.59,1,,False,C-122
E-0006071,2024-08-08,Electronics,Brand Alpha,Dubai,2,331.76,2,highly recommend,True,C-1299
E-0006072,2024-05-25,Sports,Brand Gamma,Islamabad,5,289.74,2,poor durability,True,C-1132
E-0006073,2023-08-19,Sports,Brand Beta,New York,3,59.74,2,broke after week,True,C-394
E-0006074,2024-03-26,Home,Brand Beta,London,2,253.25,1,would buy again,True,C-1062
E-0006075,2024-08-16,Beauty,Brand Gamma,London,3,45.47,2,recommend,True,C-674
E-0006076,2024-02-22,Sports,Brand Alpha,New York,1,131.98,2,broke after week,True,C-532
E-0006077,2024-09-07,Clothing,Brand Delta,Karachi,2,44.2,3,color faded after wash,False,C-724
E-0006078,2024-10-17,Clothing,Brand Gamma,New York,4,90.24,3,seams came apart,True,C-87
E-0006079,2024-02-11,Beauty,Brand Beta,Islamabad,3,83.47,4,too expensive,True,C-752
E-0006080,2023-06-21,Home,Brand Alpha,Karachi,2,213.87,1,would buy again,False,C-622
E-0006081,2023-11-13,Clothing,Brand Beta,New York,5,230.23,1,great value,True,C-125
E-0006082,2024-07-03,Beauty,Brand Beta,London,3,267.78,2,caused irritation,True,C-491
E-0006083,2024-08-23,Home,Brand Delta,New York,1,245.52,2,looks premium,True,C-1461
E-0006084,2024-02-03,Beauty,Brand Gamma,London,4,365.41,1,nice scent,True,C-373
E-0006085,2024-06-01,Electronics,Brand Alpha,New York,4,181.3,1,disappointed with durability,True,C-982
E-0006086,2024-07-25,Books,Brand Alpha,London,5,285.12,2,well written,True,C-819
E-0006087,2024-02-01,Electronics,Brand Gamma,Dubai,4,311.19,3,love it,True,C-402
E-0006088,2024-07-01,Home,Brand Beta,New York,5,184.93,1,cheap materials,True,C-1430
E-0006089,2023-10-09,Clothing,Brand Delta,New York,5,246.62,3,color faded after wash,True,C-697
E-0006090,2024-08-06,Beauty,Brand Alpha,Karachi,5,49.04,1,caused irritation,False,C-689
E-0006091,2024-08-20,Clothing,Brand Beta,Karachi,2,327.18,2,comfortable and stylish,True,C-257
E-0006092,2023-12-17,Electronics,Brand Beta,Dubai,1,177.44,2,,True,C-1192
E-0006093,2023-06-30,Beauty,Brand Gamma,Karachi,2,327.73,2,skin felt great,True,C-563
E-0006094,2024-07-30,Clothing,Brand Gamma,London,3,29.55,2,fits perfectly,True,C-480
E-0006095,2024-07-19,Sports,Brand Alpha,Lahore,4,102.03,1,good grip,True,C-881
E-0006096,2023-12-12,Home,Brand Beta,Karachi,4,323.69,2,assembly was hard,True,C-138
E-0006097,2023-10-26,Clothing,Brand Gamma,Islamabad,3,66.26,1,too small,True,C-475
E-0006098,2024-11-11,Beauty,Brand Gamma,Karachi,4,93.92,3,skin felt great,True,C-1387
E-0006099,2025-01-16,Sports,Brand Delta,Islamabad,4,95.09,2,poor durability,True,C-528
E-0006100,2024-12-15,Electronics,Brand Alpha,Karachi,4,110.96,4,highly recommend,True,C-674
E-0006101,2024-12-30,Sports,Brand Alpha,London,4,27.22,4,poor durability,True,C-1131
E-0006102,2023-11-21,Electronics,Brand Gamma,Islamabad,1,166.48,1,love it,True,C-1371
E-0006103,2024-06-01,Home,Brand Delta,Islamabad,3,216.53,2,very useful,True,C-59
E-0006104,2024-11-30,Electronics,Brand Alpha,Dubai,3,368.1,2,average at best,True,C-481
E-0006105,2023-08-07,Home,Brand Alpha,Lahore,5,223.62,1,assembly was hard,True,C-1157
E-0006106,2023-11-28,Electronics,Brand Gamma,Dubai,1,203.91,2,works great,True,C-1298
E-0006107,2024-10-04,Beauty,Brand Alpha,New York,3,371.08,3,recommend,True,C-575
E-0006108,2023-08-20,Clothing,Brand Alpha,London,4,351.75,3,seams came apart,False,C-1350
E-0006109,2023-08-29,Clothing,Brand Beta,Lahore,3,161.9,2,great value,True,C-124
E-0006110,2023-12-24,Electronics,Brand Alpha,Islamabad,3,364.87,1,works great,True,C-1056
E-0006111,2024-05-27,Books,Brand Alpha,New York,3,,1,print quality good,True,C-909
E-0006112,2024-07-13,Electronics,Brand Gamma,Dubai,3,45.19,1,love it,True,C-780
E-0006113,2024-09-18,Books,Brand Alpha,New York,3,160.03,1,informative,True,C-1424
E-0006114,2023-08-12,Sports,Brand Gamma,Lahore,3,232.29,2,broke after week,False,C-412
E-0006115,2023-08-03,Beauty,Brand Alpha,Dubai,4,99.91,2,caused irritation,True,C-57
E-0006116,2024-09-08,Electronics,Brand Gamma,London,3,51.74,3,highly recommend,False,C-1360
E-0006117,2024-06-26,Home,Brand Gamma,Karachi,3,99.21,2,very useful,True,C-11
E-0006118,2024-01-01,Clothing,Brand Beta,Karachi,2,334.99,3,color faded after wash,False,C-716
E-0006119,2024-04-09,Home,Brand Alpha,New York,4,295.37,3,very useful,True,C-379
E-0006120,2024-06-15,Beauty,Brand Delta,Dubai,3,365.04,1,recommend,True,C-148
E-0006121,2023-09-12,Home,Brand Gamma,Lahore,4,118.13,1,would buy again,True,C-1330
E-0006122,2024-08-31,Electronics,Brand Alpha,New York,4,74.34,3,love it,True,C-852
E-0006123,2023-08-06,Beauty,Brand Alpha,Islamabad,5,289.74,1,nice scent,True,C-122
E-0006124,2023-08-03,Beauty,Brand Delta,Lahore,2,208.42,1,skin felt great,True,C-490
E-0006125,2024-06-10,Clothing,Brand Alpha,Lahore,2,47.93,2,seams came apart,True,C-581
E-0006126,2024-04-12,Sports,Brand Beta,New York,5,224.65,4,great for training,True,C-100
E-0006127,2023-06-27,Beauty,Brand Beta,London,2,366.72,3,skin felt great,True,C-353
E-0006128,2024-03-28,Books,Brand Delta,Islamabad,4,380.35,2,print quality good,False,C-276
E-0006129,2024-05-24,Books,Brand Gamma,Lahore,4,170.5,4,informative,True,C-1145
E-0006130,2025-01-13,Clothing,Brand Beta,Islamabad,4,319.51,1,comfortable and stylish,True,C-548
E-0006131,2024-10-29,Beauty,Brand Beta,Dubai,4,309.59,2,nice scent,True,C-336
E-0006132,2024-09-30,Books,Brand Delta,Lahore,3,30.46,2,fast delivery,True,C-517
E-0006133,2024-12-10,Sports,Brand Alpha,Lahore,1,228.24,1,great for training,True,C-572
E-0006134,2023-06-30,Electronics,Brand Alpha,Karachi,4,,2,,True,C-722
E-0006135,2023-06-11,Sports,Brand Alpha,Islamabad,4,92.41,3,great for training,True,C-1354
E-0006136,2023-08-24,Beauty,Brand Delta,Karachi,3,287.02,1,caused irritation,True,C-335
E-0006137,2024-08-05,Electronics,Brand Beta,Lahore,2,183.71,1,highly recommend,True,C-1319
E-0006138,2023-12-29,Home,Brand Beta,Dubai,4,150.11,2,looks premium,False,C-1014
E-0006139,2024-10-16,Home,Brand Alpha,Islamabad,3,58.54,2,,True,C-1239
E-0006140,2024-11-27,Home,Brand Gamma,London,3,347.92,2,assembly was hard,True,C-745
E-0006141,2023-07-28,Sports,Brand Gamma,Islamabad,4,376.97,2,poor durability,True,C-287
E-0006142,2024-08-22,Home,Brand Beta,Lahore,1,82.7,1,looks premium,True,C-1091
E-0006143,2024-09-12,Home,Brand Delta,London,3,68.96,2,assembly was hard,False,C-1165
E-0006144,2024-06-28,Home,Brand Beta,New York,3,91.59,2,assembly was hard,True,C-1088
E-0006145,2024-11-11,Electronics,Brand Delta,London,5,111.25,1,disappointed with durability,True,C-1223
E-0006146,2023-07-18,Sports,Brand Alpha,Karachi,3,20.3,1,great for training,False,C-384
E-0006147,2024-04-05,Books,Brand Beta,New York,4,188.55,3,boring content,True,C-520
E-0006148,2023-07-08,Books,Brand Delta,Islamabad,4,,1,print quality good,True,C-177
E-0006149,2024-11-30,Electronics,Brand Delta,Lahore,3,274.34,2,poor build,True,C-468
E-0006150,2024-10-02,Beauty,Brand Gamma,New York,2,159.39,2,caused irritation,True,C-525
E-0006151,2024-03-30,Electronics,Brand Gamma,New York,2,288.93,2,disappointed with durability,True,C-81
E-0006152,2023-08-17,Sports,Brand Gamma,New York,2,145.92,1,broke after week,True,C-650
E-0006153,2024-06-03,Electronics,Brand Gamma,Lahore,3,294.13,1,average at best,True,C-1147
E-0006154,2023-10-30,Home,Brand Beta,New York,3,244.38,2,looks premium,False,C-575
E-0006155,2023-10-13,Clothing,Brand Alpha,Lahore,3,377.35,3,fits perfectly,True,C-1076
E-0006156,2024-09-19,Beauty,Brand Beta,Islamabad,5,145.62,1,too expensive,True,C-71
E-0006157,2024-08-11,Sports,Brand Alpha,Lahore,2,12.2,3,broke after week,True,C-1483
E-0006158,2024-01-27,Home,Brand Alpha,New York,2,239.13,3,very useful,True,C-1472
E-0006159,2024-10-26,Books,Brand Gamma,New York,5,365.8,1,boring content,True,C-699
E-0006160,2024-08-15,Clothing,Brand Beta,Dubai,2,172.5,1,comfortable and stylish,False,C-630
E-0006161,2023-08-05,Home,Brand Alpha,Islamabad,5,340.34,1,looks premium,False,C-952
E-0006162,2024-12-30,Books,Brand Gamma,Karachi,1,,2,boring content,True,C-62
E-0006163,2023-10-15,Books,Brand Alpha,London,2,245.08,3,informative,True,C-847
E-0006164,2024-07-09,Beauty,Brand Gamma,Lahore,3,91.71,2,too expensive,True,C-805
E-0006165,2024-11-05,Electronics,Brand Delta,Dubai,3,358.27,1,poor build,True,C-1412
E-0006166,2024-01-10,Home,Brand Gamma,Islamabad,2,220.9,3,would buy again,True,C-883
E-0006167,2023-08-21,Home,Brand Alpha,Lahore,5,378.88,1,assembly was hard,True,C-432
E-0006168,2024-07-26,Beauty,Brand Alpha,Karachi,3,50.06,2,skin felt great,True,C-1008
E-0006169,2024-09-06,Books,Brand Gamma,London,3,173.94,2,fast delivery,True,C-205
E-0006170,2023-10-05,Home,Brand Beta,New York,4,87.27,2,assembly was hard,True,C-1313
E-0006171,2024-04-21,Sports,Brand Delta,Karachi,2,93.89,4,great for training,True,C-66
E-0006172,2024-08-06,Clothing,Brand Delta,Dubai,4,319.28,5,color faded after wash,True,C-103
E-0006173,2024-10-29,Books,Brand Delta,New York,5,276.82,2,informative,True,C-1431
E-0006174,2024-12-08,Books,Brand Gamma,New York,2,,1,fast delivery,True,C-1126
E-0006175,2024-05-19,Books,Brand Delta,London,1,,2,informative,False,C-377
E-0006176,2024-09-11,Clothing,Brand Beta,Islamabad,3,358.8,4,color faded after wash,False,C-681
E-0006177,2024-12-18,Sports,Brand Gamma,New York,4,288.69,1,broke after week,True,C-1223
E-0006178,2023-10-10,Electronics,Brand Alpha,Karachi,3,256.79,1,average at best,True,C-1304
E-0006179,2023-08-24,Sports,Brand Alpha,London,1,46.68,2,great for training,True,C-82
E-0006180,2024-09-23,Books,Brand Gamma,Karachi,4,252.21,2,informative,True,C-58
E-0006181,2024-08-06,Sports,Brand Gamma,Islamabad,3,331.77,2,broke after week,True,C-1464
E-0006182,2024-08-09,Electronics,Brand Beta,Dubai,3,96.13,3,disappointed with durability,True,C-438
E-0006183,2024-07-05,Home,Brand Delta,Lahore,4,112.5,2,would buy again,True,C-838
E-0006184,2024-03-09,Home,Brand Beta,London,3,25.52,1,looks premium,True,C-1012
E-0006185,2024-01-29,Books,Brand Beta,Karachi,3,191.91,2,fast delivery,True,C-29
E-0006186,2024-05-17,Clothing,Brand Delta,Dubai,4,24.45,2,too small,False,C-397
E-0006187,2023-06-12,Beauty,Brand Beta,Dubai,3,378.58,1,nice scent,True,C-1342
E-0006188,2024-01-26,Sports,Brand Alpha,New York,3,370.14,2,great for training,True,C-143
E-0006189,2024-09-02,Sports,Brand Alpha,Lahore,5,366.25,2,broke after week,True,C-265
E-0006190,2023-08-27,Books,Brand Alpha,Lahore,3,155.76,2,informative,True,C-1194
E-0006191,2024-04-14,Electronics,Brand Alpha,London,4,318.69,2,poor build,True,C-283
E-0006192,2023-09-14,Books,Brand Alpha,Lahore,3,151.93,2,boring content,False,C-1113
E-0006193,2024-05-26,Home,Brand Gamma,Dubai,2,85.28,1,very useful,True,C-926
E-0006194,2024-04-16,Electronics,Brand Delta,Dubai,4,311.49,1,battery dies fast,False,C-116
E-0006195,2024-04-19,Home,Brand Alpha,London,5,308.87,3,very useful,True,C-1136
E-0006196,2024-07-27,Clothing,Brand Alpha,New York,2,107.41,3,great value,True,C-328
E-0006197,2024-12-11,Clothing,Brand Alpha,Dubai,3,314.5,2,great value,True,C-393
E-0006198,2023-07-14,Books,Brand Beta,Karachi,3,294.21,1,,True,C-747
E-0006199,2023-08-28,Electronics,Brand Gamma,London,2,398.79,2,battery dies fast,True,C-985
E-0006200,2024-10-04,Electronics,Brand Alpha,Islamabad,1,40.88,1,excellent quality,True,C-315
E-0006201,2024-12-25,Home,Brand Delta,Karachi,4,281.72,1,looks premium,True,C-681
E-0006202,2024-01-03,Electronics,Brand Gamma,Lahore,3,269.04,1,works great,True,C-148
E-0006203,2024-06-23,Clothing,Brand Gamma,Dubai,2,134.38,2,seams came apart,True,C-689
E-0006204,2024-09-29,Books,Brand Delta,Dubai,2,42.54,1,informative,False,C-1284
E-0006205,2024-06-01,Sports,Brand Gamma,Islamabad,4,350.39,3,good grip,True,C-365
E-0006206,2023-10-04,Home,Brand Delta,Karachi,3,362.41,3,would buy again,True,C-525
E-0006207,2024-08-05,Books,Brand Alpha,Dubai,4,352.59,2,informative,True,C-44
E-0006208,2023-08-23,Clothing,Brand Delta,New York,3,72.1,4,comfortable and stylish,True,C-1481
E-0006209,2024-11-09,Clothing,Brand Gamma,Lahore,1,230.92,2,nice fabric,True,C-281
E-0006210,2024-05-16,Electronics,Brand Delta,Karachi,3,240.88,2,love it,True,C-581
E-0006211,2023-07-19,Home,Brand Alpha,Dubai,2,274.5,3,looks premium,True,C-865
E-0006212,2023-09-17,Beauty,Brand Gamma,Islamabad,3,385.56,2,caused irritation,True,C-1239
E-0006213,2024-11-03,Sports,Brand Alpha,Karachi,3,215.47,2,good grip,True,C-1481
E-0006214,2024-06-11,Home,Brand Alpha,Karachi,1,280.67,2,looks premium,True,C-215
E-0006215,2023-09-06,Clothing,Brand Alpha,Dubai,4,13.72,3,seams came apart,True,C-288
E-0006216,2024-12-27,Clothing,Brand Beta,Dubai,3,29.05,3,nice fabric,True,C-1445
E-0006217,2023-09-16,Beauty,Brand Gamma,Dubai,4,199.1,1,too expensive,True,C-355
E-0006218,2023-10-19,Sports,Brand Alpha,New York,4,144.43,2,good grip,False,C-435
E-0006219,2024-03-06,Home,Brand Gamma,Lahore,4,362.06,2,cheap materials,True,C-1181
E-0006220,2024-12-20,Sports,Brand Delta,Islamabad,3,160.14,2,broke after week,True,C-1219
E-0006221,2024-11-07,Sports,Brand Gamma,Karachi,3,261.08,1,broke after week,True,C-1381
E-0006222,2024-12-11,Electronics,Brand Gamma,London,3,344.16,1,poor build,True,C-1196
E-0006223,2024-01-09,Home,Brand Alpha,Dubai,4,108.71,3,very useful,True,C-1469
E-0006224,2023-10-07,Beauty,Brand Delta,New York,5,390.31,3,nice scent,True,C-189
E-0006225,2023-12-26,Books,Brand Alpha,Karachi,3,386.01,3,informative,True,C-479
E-0006226,2024-12-14,Home,Brand Alpha,Dubai,5,127.35,2,looks premium,False,C-1018
E-0006227,2023-06-28,Books,Brand Alpha,New York,2,51.33,3,fast delivery,False,C-11
E-0006228,2023-12-29,Home,Brand Alpha,London,3,391.56,3,very useful,True,C-1492
E-0006229,2023-10-06,Home,Brand Beta,London,4,383.11,3,very useful,True,C-722
E-0006230,2024-03-08,Home,Brand Beta,Lahore,4,362.82,2,looks premium,False,C-1160
E-0006231,2024-02-18,Clothing,Brand Gamma,Dubai,2,331.67,2,fits perfectly,False,C-1231
E-0006232,2023-08-04,Books,Brand Alpha,Dubai,3,247.87,1,well written,True,C-534
E-0006233,2024-02-20,Electronics,Brand Beta,Karachi,3,237.37,3,works great,True,C-1381
E-0006234,2023-12-07,Electronics,Brand Alpha,New York,3,131.2,3,excellent quality,True,C-683
E-0006235,2024-03-19,Home,Brand Gamma,New York,2,23.3,2,assembly was hard,True,C-435
E-0006236,2024-02-07,Beauty,Brand Gamma,London,2,269.26,2,nice scent,True,C-901
E-0006237,2024-11-10,Electronics,Brand Alpha,London,3,252.72,2,love it,True,C-906
E-0006238,2024-08-21,Electronics,Brand Alpha,New York,2,219.96,3,love it,True,C-618
E-0006239,2023-11-28,Books,Brand Gamma,Islamabad,3,254.7,1,well written,True,C-1401
E-0006240,2024-08-13,Books,Brand Beta,Dubai,4,243.85,1,fast delivery,True,C-9
E-0006241,2024-10-19,Beauty,Brand Alpha,Dubai,2,13.67,2,too expensive,True,C-455
E-0006242,2024-02-07,Books,Brand Delta,Karachi,5,42.37,1,informative,False,C-1262
E-0006243,2025-01-15,Books,Brand Delta,Lahore,2,185.31,1,print quality good,True,C-1360
E-0006244,2024-01-21,Electronics,Brand Alpha,Karachi,5,225.46,1,excellent quality,False,C-1189
E-0006245,2023-08-29,Sports,Brand Beta,Islamabad,2,193.32,3,good grip,True,C-820
E-0006246,2023-10-04,Clothing,Brand Alpha,Dubai,3,190.03,2,comfortable and stylish,True,C-100
E-0006247,2024-07-16,Clothing,Brand Delta,London,3,247.66,4,too small,True,C-217
E-0006248,2023-11-11,Electronics,Brand Alpha,London,3,341.48,3,poor build,True,C-289
E-0006249,2024-12-13,Books,Brand Alpha,Dubai,2,17.91,2,print quality good,True,C-1336
E-0006250,2024-01-04,Home,Brand Beta,London,3,363.06,1,looks premium,True,C-241
E-0006251,2024-04-23,Sports,Brand Delta,Dubai,4,36.84,1,poor durability,True,C-244
E-0006252,2024-12-29,Electronics,Brand Beta,Dubai,3,53.98,1,battery dies fast,True,C-1393
E-0006253,2024-07-22,Books,Brand Gamma,Lahore,5,161.62,3,boring content,True,C-147
E-0006254,2023-06-06,Electronics,Brand Alpha,London,3,191.19,2,disappointed with durability,True,C-1364
E-0006255,2024-07-14,Beauty,Brand Gamma,Lahore,4,76.93,3,too expensive,True,C-577
E-0006256,2023-12-16,Sports,Brand Beta,Dubai,3,41.54,3,poor durability,True,C-1215
E-0006257,2024-01-08,Electronics,Brand Beta,New York,3,157.34,2,poor build,True,C-1220
E-0006258,2023-10-11,Electronics,Brand Alpha,Dubai,1,245.93,2,poor build,True,C-1089
E-0006259,2024-04-22,Sports,Brand Delta,London,3,315.44,1,great for training,True,C-331
E-0006260,2024-12-16,Clothing,Brand Gamma,London,1,96.9,2,too small,True,C-665
E-0006261,2023-12-30,Books,Brand Beta,Karachi,5,,2,,True,C-484
E-0006262,2023-12-28,Electronics,Brand Delta,Islamabad,2,242.35,1,poor build,False,C-1236
E-0006263,2023-10-18,Home,Brand Gamma,Lahore,2,83.28,2,assembly was hard,True,C-176
E-0006264,2024-10-24,Clothing,Brand Delta,Dubai,2,94.0,1,comfortable and stylish,False,C-1143
E-0006265,2023-09-06,Beauty,Brand Gamma,New York,3,132.11,2,nice scent,True,C-228
E-0006266,2024-10-21,Beauty,Brand Alpha,New York,3,284.67,1,too expensive,True,C-1150
E-0006267,2024-09-06,Home,Brand Delta,London,5,53.06,2,looks premium,True,C-803
E-0006268,2023-12-02,Clothing,Brand Delta,Islamabad,2,105.12,3,nice fabric,True,C-1165
E-0006269,2024-03-25,Home,Brand Alpha,Islamabad,3,25.67,2,looks premium,True,C-599
E-0006270,2024-03-29,Beauty,Brand Gamma,Islamabad,4,222.97,1,caused irritation,True,C-1153
E-0006271,2023-09-14,Books,Brand Delta,New York,3,275.52,2,boring content,True,C-883
E-0006272,2023-11-23,Beauty,Brand Delta,London,4,281.42,1,nice scent,True,C-629
E-0006273,2024-02-05,Beauty,Brand Gamma,Islamabad,3,144.58,1,too expensive,True,C-551
E-0006274,2024-04-16,Electronics,Brand Gamma,Lahore,5,120.69,3,average at best,True,C-1299
E-0006275,2024-03-06,Books,Brand Alpha,New York,4,62.17,2,informative,True,C-573
E-0006276,2024-07-10,Home,Brand Gamma,Lahore,1,157.96,2,cheap materials,True,C-394
E-0006277,2024-11-10,Sports,Brand Delta,London,3,189.53,3,good grip,True,C-1208
E-0006278,2024-06-09,Electronics,Brand Alpha,Dubai,3,204.15,2,average at best,True,C-21
E-0006279,2024-10-31,Clothing,Brand Alpha,London,3,308.31,2,great value,True,C-405
E-0006280,2024-02-06,Home,Brand Delta,Lahore,4,256.22,1,assembly was hard,True,C-960
E-0006281,2024-02-29,Clothing,Brand Beta,New York,5,181.24,3,nice fabric,True,C-133
E-0006282,2023-11-27,Sports,Brand Delta,New York,4,,2,,True,C-565
E-0006283,2024-07-01,Home,Brand Beta,Dubai,3,153.55,5,cheap materials,True,C-452
E-0006284,2023-11-25,Sports,Brand Gamma,New York,3,384.69,2,poor durability,True,C-419
E-0006285,2023-12-24,Beauty,Brand Alpha,Lahore,4,332.78,1,caused irritation,True,C-1335
E-0006286,2024-06-22,Electronics,Brand Beta,London,2,372.82,3,battery dies fast,True,C-16
E-0006287,2023-12-11,Sports,Brand Alpha,Karachi,5,207.95,3,,True,C-1018
E-0006288,2024-03-11,Electronics,Brand Gamma,Islamabad,3,156.48,2,battery dies fast,False,C-53
E-0006289,2024-09-29,Beauty,Brand Alpha,Lahore,5,235.52,1,too expensive,True,C-1191
E-0006290,2024-11-29,Electronics,Brand Beta,London,4,343.15,4,poor build,True,C-733
E-0006291,2024-01-01,Clothing,Brand Beta,New York,5,152.85,2,color faded after wash,True,C-1292
E-0006292,2024-01-12,Home,Brand Delta,Karachi,3,117.98,1,assembly was hard,True,C-151
E-0006293,2024-06-15,Sports,Brand Alpha,New York,4,82.48,1,broke after week,True,C-125
E-0006294,2024-02-20,Electronics,Brand Alpha,Lahore,2,266.2,1,average at best,True,C-49
E-0006295,2023-12-09,Home,Brand Beta,New York,4,130.59,2,would buy again,True,C-79
E-0006296,2024-02-04,Sports,Brand Alpha,Karachi,5,228.44,1,good grip,True,C-424
E-0006297,2024-04-20,Home,Brand Beta,New York,3,308.35,1,very useful,True,C-768
E-0006298,2024-12-19,Home,Brand Beta,Islamabad,1,369.15,2,very useful,True,C-708
E-0006299,2023-08-22,Sports,Brand Beta,London,3,244.8,2,great for training,False,C-162
E-0006300,2024-11-16,Electronics,Brand Delta,New York,3,195.43,1,works great,True,C-1436
E-0006301,2024-06-30,Electronics,Brand Delta,Karachi,5,39.4,1,disappointed with durability,True,C-439
E-0006302,2024-11-18,Books,Brand Alpha,Karachi,3,242.64,1,print quality good,False,C-1087
E-0006303,2024-06-20,Home,Brand Alpha,Karachi,2,,5,cheap materials,True,C-186
E-0006304,2024-07-20,Home,Brand Gamma,Islamabad,4,268.64,2,would buy again,False,C-675
E-0006305,2024-04-03,Home,Brand Alpha,Karachi,3,179.0,3,would buy again,True,C-80
E-0006306,2024-07-31,Home,Brand Delta,New York,2,296.59,2,assembly was hard,True,C-308
E-0006307,2023-09-06,Clothing,Brand Beta,Lahore,3,122.55,4,too small,True,C-636
E-0006308,2024-07-27,Electronics,Brand Alpha,Lahore,4,315.64,3,highly recommend,False,C-236
E-0006309,2023-08-13,Clothing,Brand Gamma,Lahore,3,348.49,3,color faded after wash,True,C-1459
E-0006310,2023-11-19,Sports,Brand Beta,Karachi,4,21.98,1,good grip,True,C-504
E-0006311,2024-01-04,Books,Brand Alpha,Karachi,2,222.5,1,print quality good,True,C-79
E-0006312,2024-04-08,Clothing,Brand Alpha,Lahore,4,112.32,2,too small,True,C-366
E-0006313,2023-06-13,Sports,Brand Alpha,New York,3,337.54,1,broke after week,True,C-458
E-0006314,2023-07-01,Sports,Brand Gamma,Islamabad,3,168.42,2,broke after week,True,C-1265
E-0006315,2024-11-15,Books,Brand Beta,London,3,290.42,5,fast delivery,False,C-1075
E-0006316,2025-01-14,Clothing,Brand Alpha,Islamabad,2,308.8,2,too small,True,C-673
E-0006317,2024-06-10,Books,Brand Alpha,Karachi,4,397.92,4,well written,True,C-546
E-0006318,2024-05-10,Sports,Brand Alpha,London,4,314.03,1,poor durability,True,C-100
E-0006319,2024-08-02,Sports,Brand Alpha,Lahore,3,240.94,1,poor durability,True,C-1002
E-0006320,2024-02-23,Electronics,Brand Gamma,New York,3,225.5,6,highly recommend,True,C-668
E-0006321,2023-12-15,Electronics,Brand Delta,Karachi,5,227.4,3,highly recommend,True,C-1028
E-0006322,2024-12-10,Home,Brand Beta,Dubai,2,193.43,3,assembly was hard,True,C-925
E-0006323,2023-07-11,Electronics,Brand Gamma,Karachi,2,125.4,2,works great,True,C-541
E-0006324,2025-01-19,Home,Brand Delta,Islamabad,4,139.0,2,assembly was hard,True,C-1348
E-0006325,2023-08-07,Home,Brand Delta,Lahore,5,391.88,3,cheap materials,True,C-240
E-0006326,2024-07-30,Electronics,Brand Alpha,Karachi,4,43.24,1,battery dies fast,True,C-1423
E-0006327,2023-12-18,Clothing,Brand Delta,Dubai,3,267.84,2,seams came apart,True,C-859
E-0006328,2024-08-09,Books,Brand Gamma,Karachi,4,190.15,3,fast delivery,True,C-371
E-0006329,2023-09-15,Sports,Brand Alpha,New York,1,90.1,1,great for training,False,C-284
E-0006330,2024-02-16,Clothing,Brand Beta,Islamabad,3,227.62,1,nice fabric,False,C-1121
E-0006331,2024-07-03,Home,Brand Gamma,Dubai,3,233.6,2,cheap materials,True,C-1102
E-0006332,2024-08-01,Sports,Brand Delta,New York,4,100.22,2,poor durability,False,C-1093
E-0006333,2024-07-04,Home,Brand Beta,Islamabad,1,146.74,3,very useful,True,C-1169
E-0006334,2024-12-16,Home,Brand Alpha,Dubai,4,238.9,2,assembly was hard,True,C-1498
E-0006335,2024-05-25,Sports,Brand Alpha,Karachi,4,357.78,1,good grip,True,C-711
E-0006336,2024-01-21,Books,Brand Delta,Lahore,2,156.82,2,fast delivery,True,C-92
E-0006337,2024-09-05,Electronics,Brand Alpha,Lahore,3,245.56,3,poor build,True,C-582
E-0006338,2023-08-07,Clothing,Brand Beta,Dubai,3,30.32,2,nice fabric,True,C-1039
E-0006339,2023-09-30,Books,Brand Gamma,London,4,258.7,1,boring content,True,C-521
E-0006340,2023-10-31,Home,Brand Gamma,Karachi,4,,2,would buy again,False,C-614
E-0006341,2024-02-03,Beauty,Brand Delta,Karachi,1,187.09,1,recommend,True,C-991
E-0006342,2024-06-12,Sports,Brand Alpha,London,5,229.29,4,broke after week,False,C-1056
E-0006343,2024-07-12,Sports,Brand Beta,London,4,88.22,1,poor durability,False,C-923
E-0006344,2023-07-19,Home,Brand Alpha,Lahore,3,125.95,2,would buy again,True,C-1085
E-0006345,2023-07-24,Clothing,Brand Delta,Lahore,4,206.41,1,great value,True,C-647
E-0006346,2024-07-02,Electronics,Brand Gamma,Islamabad,3,43.46,2,works great,True,C-1270
E-0006347,2023-07-22,Home,Brand Beta,Islamabad,2,147.99,3,looks premium,False,C-1229
E-0006348,2024-04-21,Electronics,Brand Alpha,London,3,77.69,2,poor build,True,C-1127
E-0006349,2024-01-18,Books,Brand Beta,London,4,274.24,3,boring content,True,C-1055
E-0006350,2023-09-29,Sports,Brand Beta,Islamabad,3,339.41,1,good grip,True,C-460
E-0006351,2023-10-24,Sports,Brand Gamma,Karachi,3,115.99,2,good grip,True,C-1030
E-0006352,2023-06-12,Clothing,Brand Gamma,New York,2,316.18,2,seams came apart,True,C-724
E-0006353,2024-01-27,Electronics,Brand Gamma,Islamabad,3,354.68,1,highly recommend,True,C-938
E-0006354,2024-01-01,Home,Brand Gamma,Karachi,3,347.65,3,assembly was hard,True,C-269
E-0006355,2024-01-19,Clothing,Brand Gamma,Karachi,1,179.11,1,color faded after wash,False,C-904
E-0006356,2024-02-29,Home,Brand Alpha,Lahore,5,196.41,2,very useful,True,C-361
E-0006357,2023-07-21,Clothing,Brand Beta,Karachi,3,154.97,1,comfortable and stylish,True,C-500
E-0006358,2023-07-20,Clothing,Brand Beta,Dubai,4,155.96,1,,True,C-1471
E-0006359,2023-11-27,Electronics,Brand Beta,New York,5,164.03,1,poor build,True,C-197
E-0006360,2024-12-09,Clothing,Brand Delta,Islamabad,5,294.47,1,seams came apart,False,C-1433
E-0006361,2024-10-02,Books,Brand Alpha,Karachi,3,,1,fast delivery,True,C-801
E-0006362,2023-12-21,Electronics,Brand Alpha,Karachi,4,326.0,1,average at best,True,C-1138
E-0006363,2024-12-10,Books,Brand Beta,Dubai,4,294.04,4,print quality good,True,C-622
E-0006364,2023-12-01,Clothing,Brand Delta,Karachi,2,222.71,2,fits perfectly,True,C-782
E-0006365,2024-10-30,Sports,Brand Beta,Dubai,4,357.15,1,poor durability,True,C-931
E-0006366,2023-11-12,Beauty,Brand Gamma,Karachi,2,393.26,1,skin felt great,True,C-1068
E-0006367,2023-09-16,Beauty,Brand Delta,London,4,310.14,1,caused irritation,True,C-355
E-0006368,2023-11-02,Home,Brand Alpha,London,3,157.43,2,very useful,True,C-462
E-0006369,2024-12-29,Sports,Brand Beta,Dubai,4,148.18,2,broke after week,True,C-1361
E-0006370,2023-09-19,Beauty,Brand Gamma,Islamabad,4,330.86,2,nice scent,True,C-254
E-0006371,2023-07-17,Beauty,Brand Delta,Lahore,4,255.73,2,,True,C-861
E-0006372,2024-06-13,Home,Brand Alpha,Karachi,2,266.91,2,looks premium,True,C-1070
E-0006373,2024-02-25,Clothing,Brand Alpha,Lahore,3,196.76,1,fits perfectly,True,C-832
E-0006374,2023-08-26,Books,Brand Delta,Dubai,4,254.15,1,informative,True,C-304
E-0006375,2023-10-30,Beauty,Brand Beta,New York,3,256.57,5,skin felt great,True,C-60
E-0006376,2024-03-01,Electronics,Brand Delta,New York,3,165.72,4,poor build,True,C-986
E-0006377,2024-03-20,Books,Brand Delta,Karachi,4,67.97,1,fast delivery,True,C-869
E-0006378,2024-12-31,Electronics,Brand Delta,London,4,259.72,1,poor build,False,C-1179
E-0006379,2023-12-13,Beauty,Brand Gamma,Lahore,5,396.58,2,skin felt great,True,C-1079
E-0006380,2023-08-20,Beauty,Brand Alpha,London,3,94.34,2,nice scent,True,C-871
E-0006381,2023-08-30,Sports,Brand Delta,Lahore,1,184.58,1,great for training,True,C-415
E-0006382,2024-10-15,Books,Brand Gamma,Dubai,5,97.98,4,well written,True,C-618
E-0006383,2024-04-08,Books,Brand Alpha,Dubai,3,205.39,2,print quality good,True,C-979
E-0006384,2023-10-10,Clothing,Brand Alpha,London,1,345.92,2,great value,True,C-125
E-0006385,2024-12-08,Sports,Brand Beta,Islamabad,2,79.1,1,broke after week,True,C-627
E-0006386,2025-01-14,Home,Brand Delta,Islamabad,5,61.31,1,very useful,True,C-528
E-0006387,2024-05-20,Clothing,Brand Alpha,London,3,242.43,4,fits perfectly,True,C-409
E-0006388,2024-02-10,Electronics,Brand Beta,Lahore,3,331.59,1,love it,True,C-1219
E-0006389,2024-05-22,Electronics,Brand Alpha,New York,2,40.04,1,disappointed with durability,True,C-716
E-0006390,2024-01-05,Home,Brand Gamma,Lahore,5,122.81,1,assembly was hard,False,C-464
E-0006391,2023-11-27,Sports,Brand Delta,London,1,224.1,1,great for training,False,C-1281
E-0006392,2024-09-16,Sports,Brand Delta,New York,2,334.25,1,broke after week,True,C-621
E-0006393,2024-06-14,Clothing,Brand Gamma,London,4,293.71,2,color faded after wash,True,C-252
E-0006394,2024-03-21,Beauty,Brand Alpha,Karachi,4,393.86,2,too expensive,True,C-234
E-0006395,2024-02-02,Home,Brand Alpha,Islamabad,5,85.18,2,looks premium,True,C-348
E-0006396,2024-05-22,Sports,Brand Alpha,Dubai,2,53.83,2,broke after week,True,C-190
E-0006397,2024-07-26,Books,Brand Beta,Lahore,2,198.31,2,well written,True,C-1444
E-0006398,2024-07-17,Home,Brand Alpha,Karachi,2,175.66,3,looks premium,True,C-1
E-0006399,2024-10-24,Clothing,Brand Gamma,Islamabad,5,373.81,2,too small,True,C-1250
E-0006400,2024-12-04,Books,Brand Beta,Islamabad,3,314.57,4,well written,True,C-357
E-0006401,2024-02-09,Clothing,Brand Beta,Islamabad,4,250.02,1,great value,False,C-498
E-0006402,2024-05-26,Electronics,Brand Beta,Lahore,3,163.38,2,disappointed with durability,True,C-1027
E-0006403,2023-09-29,Clothing,Brand Beta,Lahore,3,127.19,2,color faded after wash,False,C-30
E-0006404,2024-01-27,Clothing,Brand Alpha,Karachi,4,370.95,2,fits perfectly,True,C-673
E-0006405,2024-09-29,Electronics,Brand Gamma,New York,2,51.17,1,poor build,True,C-1211
E-0006406,2024-01-14,Sports,Brand Delta,London,3,275.01,2,broke after week,True,C-1454
E-0006407,2023-10-14,Home,Brand Beta,Dubai,2,105.81,1,very useful,True,C-1293
E-0006408,2024-06-16,Electronics,Brand Beta,Islamabad,5,202.95,2,excellent quality,True,C-350
E-0006409,2023-07-04,Electronics,Brand Delta,Islamabad,2,92.22,1,,False,C-922
E-0006410,2024-11-20,Home,Brand Gamma,Dubai,4,59.2,2,cheap materials,True,C-114
E-0006411,2023-08-05,Clothing,Brand Gamma,Karachi,2,318.97,1,great value,False,C-313
E-0006412,2024-02-28,Sports,Brand Alpha,Dubai,3,251.5,1,poor durability,True,C-38
E-0006413,2024-03-05,Beauty,Brand Gamma,Lahore,3,358.13,1,caused irritation,True,C-540
E-0006414,2024-11-13,Books,Brand Beta,New York,2,188.81,3,print quality good,True,C-520
E-0006415,2023-10-08,Electronics,Brand Delta,Islamabad,1,135.31,1,highly recommend,True,C-334
E-0006416,2024-04-07,Beauty,Brand Alpha,London,4,,1,skin felt great,True,C-819
E-0006417,2023-08-08,Clothing,Brand Gamma,Lahore,3,32.62,2,seams came apart,True,C-1435
E-0006418,2023-08-19,Electronics,Brand Alpha,Lahore,3,336.74,1,disappointed with durability,True,C-1497
E-0006419,2024-04-09,Sports,Brand Beta,Dubai,2,151.08,2,poor durability,True,C-1428
E-0006420,2024-03-02,Clothing,Brand Delta,London,3,339.61,1,seams came apart,True,C-517
E-0006421,2024-08-29,Books,Brand Gamma,Karachi,5,227.73,1,informative,True,C-508
E-0006422,2024-04-15,Sports,Brand Gamma,New York,4,87.16,1,poor durability,True,C-47
E-0006423,2023-10-26,Books,Brand Alpha,New York,5,165.16,1,print quality good,True,C-557
E-0006424,2023-06-02,Books,Brand Delta,Lahore,2,228.39,1,fast delivery,True,C-668
E-0006425,2023-09-14,Beauty,Brand Alpha,Dubai,1,293.18,3,too expensive,True,C-510
E-0006426,2023-08-13,Books,Brand Alpha,New York,5,15.56,4,boring content,True,C-1268
E-0006427,2024-11-20,Clothing,Brand Gamma,New York,3,293.59,2,nice fabric,True,C-251
E-0006428,2023-08-08,Beauty,Brand Alpha,New York,2,161.39,2,skin felt great,True,C-831
E-0006429,2024-10-05,Clothing,Brand Beta,Lahore,3,349.94,4,seams came apart,False,C-676
E-0006430,2024-10-08,Sports,Brand Gamma,Islamabad,4,85.7,2,broke after week,True,C-195
E-0006431,2023-12-08,Electronics,Brand Alpha,Lahore,3,238.01,2,disappointed with durability,True,C-211
E-0006432,2024-01-28,Electronics,Brand Beta,Lahore,3,279.31,3,poor build,True,C-29
E-0006433,2024-06-06,Electronics,Brand Delta,Karachi,2,,1,works great,False,C-1178
E-0006434,2024-10-09,Home,Brand Alpha,London,4,387.51,3,looks premium,True,C-280
E-0006435,2023-12-05,Electronics,Brand Gamma,New York,4,138.81,2,average at best,False,C-1006
E-0006436,2023-07-22,Home,Brand Beta,London,3,248.93,4,cheap materials,True,C-374
E-0006437,2024-02-12,Home,Brand Alpha,Karachi,4,308.07,2,looks premium,True,C-118
E-0006438,2024-08-25,Clothing,Brand Gamma,Karachi,5,309.93,3,fits perfectly,True,C-744
E-0006439,2024-02-15,Beauty,Brand Delta,New York,5,370.92,2,nice scent,True,C-603
E-0006440,2023-10-29,Clothing,Brand Beta,London,2,42.71,2,comfortable and stylish,True,C-502
E-0006441,2024-12-28,Home,Brand Delta,New York,1,125.01,3,cheap materials,True,C-425
E-0006442,2024-05-14,Electronics,Brand Delta,Lahore,4,191.91,3,battery dies fast,True,C-420
E-0006443,2024-02-19,Books,Brand Gamma,Karachi,2,65.28,2,fast delivery,True,C-1468
E-0006444,2024-02-04,Clothing,Brand Gamma,London,1,164.43,2,great value,True,C-555
E-0006445,2024-06-21,Electronics,Brand Alpha,Dubai,5,96.7,3,battery dies fast,False,C-559
E-0006446,2024-08-08,Clothing,Brand Alpha,Lahore,2,389.85,1,color faded after wash,True,C-281
E-0006447,2024-06-24,Electronics,Brand Alpha,London,3,35.03,5,love it,True,C-668
E-0006448,2024-01-29,Sports,Brand Beta,Lahore,2,277.39,1,poor durability,True,C-1096
E-0006449,2024-02-18,Electronics,Brand Gamma,Lahore,3,341.03,3,poor build,True,C-520
E-0006450,2024-11-02,Beauty,Brand Alpha,New York,3,327.5,3,caused irritation,True,C-583
E-0006451,2024-09-07,Books,Brand Gamma,New York,5,125.57,2,boring content,True,C-1241
E-0006452,2024-12-22,Electronics,Brand Gamma,London,3,194.88,2,excellent quality,True,C-1171
E-0006453,2023-06-03,Home,Brand Alpha,Islamabad,3,268.43,1,very useful,True,C-531
E-0006454,2023-12-15,Books,Brand Gamma,Karachi,4,113.76,1,well written,True,C-1465
E-0006455,2025-01-12,Beauty,Brand Beta,Lahore,4,285.72,2,too expensive,True,C-463
E-0006456,2024-10-31,Sports,Brand Delta,Dubai,5,200.06,3,poor durability,True,C-960
E-0006457,2024-12-21,Sports,Brand Beta,London,2,310.1,1,great for training,False,C-270
E-0006458,2023-10-15,Books,Brand Delta,New York,5,326.73,3,informative,True,C-372
E-0006459,2024-10-12,Clothing,Brand Gamma,Karachi,4,387.06,3,seams came apart,True,C-1056
E-0006460,2023-07-20,Electronics,Brand Beta,London,5,206.61,3,poor build,False,C-819
E-0006461,2024-01-15,Home,Brand Alpha,Lahore,1,128.57,1,very useful,True,C-916
E-0006462,2023-09-12,Beauty,Brand Alpha,London,4,377.53,2,skin felt great,True,C-755
E-0006463,2023-06-19,Clothing,Brand Beta,Dubai,5,188.54,1,nice fabric,True,C-338
E-0006464,2024-12-31,Books,Brand Beta,Karachi,1,116.75,2,well written,True,C-1121
E-0006465,2023-11-26,Electronics,Brand Gamma,Dubai,4,130.93,2,works great,True,C-252
E-0006466,2023-11-28,Clothing,Brand Beta,Karachi,5,235.62,1,too small,True,C-1490
E-0006467,2023-07-01,Clothing,Brand Alpha,London,2,132.93,1,fits perfectly,True,C-62
E-0006468,2024-02-05,Electronics,Brand Alpha,Islamabad,4,372.06,1,love it,True,C-1299
E-0006469,2023-07-20,Electronics,Brand Gamma,New York,3,191.01,2,love it,True,C-1409
E-0006470,2023-07-29,Beauty,Brand Delta,Dubai,3,336.64,3,recommend,True,C-1344
E-0006471,2024-07-18,Sports,Brand Delta,London,4,255.95,2,broke after week,True,C-1308
E-0006472,2024-12-24,Sports,Brand Alpha,London,5,89.37,1,good grip,True,C-1152
E-0006473,2023-10-01,Sports,Brand Delta,Islamabad,3,153.16,1,good grip,True,C-1052
E-0006474,2024-09-18,Clothing,Brand Beta,London,4,112.32,2,comfortable and stylish,True,C-224
E-0006475,2024-03-19,Home,Brand Alpha,Lahore,5,219.49,2,looks premium,True,C-403
E-0006476,2024-06-14,Sports,Brand Alpha,Karachi,1,185.9,1,great for training,False,C-255
E-0006477,2024-05-06,Beauty,Brand Delta,Dubai,4,216.83,4,skin felt great,False,C-1092
E-0006478,2024-05-13,Electronics,Brand Beta,Karachi,2,263.21,1,average at best,True,C-939
E-0006479,2024-11-16,Books,Brand Gamma,Islamabad,5,101.3,2,fast delivery,True,C-884
E-0006480,2023-09-11,Books,Brand Gamma,London,4,305.64,1,informative,False,C-536
E-0006481,2023-09-13,Sports,Brand Delta,New York,1,205.17,1,poor durability,True,C-341
E-0006482,2024-08-03,Beauty,Brand Delta,Dubai,4,80.19,2,recommend,True,C-772
E-0006483,2023-06-09,Beauty,Brand Gamma,Lahore,4,137.42,2,too expensive,False,C-1144
E-0006484,2023-12-16,Clothing,Brand Alpha,London,4,352.53,3,fits perfectly,True,C-832
E-0006485,2023-07-21,Home,Brand Delta,London,3,103.35,3,looks premium,True,C-908
E-0006486,2024-04-13,Home,Brand Alpha,New York,4,35.21,2,would buy again,True,C-6
E-0006487,2023-09-24,Home,Brand Delta,Lahore,3,64.49,3,cheap materials,False,C-255
E-0006488,2023-11-08,Sports,Brand Beta,London,5,299.31,3,great for training,True,C-1460
E-0006489,2023-10-10,Beauty,Brand Gamma,Islamabad,5,98.87,3,too expensive,True,C-1228
E-0006490,2023-09-28,Books,Brand Gamma,Lahore,5,104.34,2,boring content,True,C-8
E-0006491,2023-12-15,Beauty,Brand Gamma,New York,4,142.89,1,too expensive,False,C-557
E-0006492,2024-05-15,Home,Brand Alpha,Lahore,3,133.96,1,looks premium,True,C-18
E-0006493,2024-03-18,Clothing,Brand Gamma,New York,2,398.56,2,great value,True,C-480
E-0006494,2024-05-25,Beauty,Brand Delta,London,5,214.14,1,caused irritation,False,C-953
E-0006495,2024-09-16,Sports,Brand Delta,Karachi,4,148.72,3,poor durability,True,C-622
E-0006496,2023-08-15,Clothing,Brand Alpha,Lahore,4,130.72,2,nice fabric,True,C-64
E-0006497,2024-04-04,Sports,Brand Delta,London,1,245.65,1,great for training,True,C-812
E-0006498,2023-12-08,Sports,Brand Gamma,London,4,11.18,4,poor durability,True,C-1319
E-0006499,2024-02-27,Clothing,Brand Gamma,London,2,264.22,2,comfortable and stylish,False,C-799
E-0006500,2024-06-28,Sports,Brand Gamma,Lahore,4,319.96,2,poor durability,False,C-835
E-0006501,2023-07-13,Sports,Brand Delta,Karachi,3,104.17,1,poor durability,True,C-191
E-0006502,2025-01-11,Clothing,Brand Delta,Dubai,4,198.16,3,seams came apart,True,C-318
E-0006503,2023-12-09,Sports,Brand Alpha,Dubai,4,265.23,3,great for training,False,C-5
E-0006504,2024-12-30,Clothing,Brand Beta,Lahore,3,60.56,2,color faded after wash,True,C-1293
E-0006505,2023-07-27,Books,Brand Delta,Lahore,4,208.38,1,well written,True,C-895
E-0006506,2024-05-01,Beauty,Brand Beta,Karachi,3,280.16,1,recommend,False,C-1088
E-0006507,2024-01-29,Beauty,Brand Alpha,Lahore,2,342.1,4,skin felt great,True,C-809
E-0006508,2024-12-21,Electronics,Brand Alpha,Lahore,3,138.84,4,disappointed with durability,True,C-1459
E-0006509,2024-01-06,Electronics,Brand Beta,Lahore,3,27.69,2,love it,False,C-527
E-0006510,2024-03-24,Home,Brand Beta,Islamabad,3,15.26,3,assembly was hard,True,C-276
E-0006511,2024-12-07,Beauty,Brand Delta,Lahore,4,375.41,4,caused irritation,True,C-1498
E-0006512,2024-09-03,Clothing,Brand Gamma,Lahore,3,160.76,1,great value,True,C-1304
E-0006513,2024-10-13,Books,Brand Alpha,Karachi,2,127.36,1,boring content,True,C-1179
E-0006514,2024-03-24,Electronics,Brand Alpha,Karachi,4,210.55,1,love it,True,C-1480
E-0006515,2023-09-27,Sports,Brand Delta,London,2,218.99,2,great for training,True,C-1071
E-0006516,2023-12-15,Books,Brand Alpha,Lahore,4,16.92,1,fast delivery,True,C-181
E-0006517,2024-08-18,Clothing,Brand Beta,Karachi,3,48.05,1,seams came apart,False,C-1456
E-0006518,2023-07-17,Home,Brand Beta,Dubai,3,384.91,1,would buy again,True,C-817
E-0006519,2023-08-17,Books,Brand Gamma,Karachi,4,118.11,1,fast delivery,True,C-501
E-0006520,2023-06-21,Sports,Brand Beta,Islamabad,5,190.36,3,poor durability,True,C-1355
E-0006521,2023-10-29,Electronics,Brand Beta,London,2,311.26,3,battery dies fast,True,C-75
E-0006522,2023-06-23,Electronics,Brand Delta,Karachi,2,,1,love it,True,C-716
E-0006523,2024-07-13,Home,Brand Gamma,Lahore,5,316.13,2,assembly was hard,False,C-611
E-0006524,2023-08-08,Home,Brand Delta,Dubai,5,396.97,1,looks premium,True,C-970
E-0006525,2023-06-22,Sports,Brand Beta,Dubai,4,379.58,2,good grip,True,C-661
E-0006526,2025-01-13,Clothing,Brand Gamma,Islamabad,1,346.78,2,great value,True,C-173
E-0006527,2023-06-30,Electronics,Brand Alpha,Dubai,1,285.12,3,works great,True,C-892
E-0006528,2025-01-20,Sports,Brand Beta,Karachi,3,336.05,2,good grip,True,C-508
E-0006529,2023-07-03,Clothing,Brand Gamma,Islamabad,2,60.26,3,seams came apart,True,C-848
E-0006530,2023-07-19,Beauty,Brand Alpha,Dubai,4,112.13,2,too expensive,True,C-415
E-0006531,2024-05-05,Beauty,Brand Delta,Lahore,1,220.18,1,nice scent,True,C-293
E-0006532,2024-12-20,Clothing,Brand Alpha,Dubai,5,162.46,3,seams came apart,True,C-341
E-0006533,2024-07-05,Clothing,Brand Gamma,Islamabad,4,162.88,1,great value,True,C-512
E-0006534,2023-12-03,Electronics,Brand Gamma,London,3,202.79,4,works great,True,C-353
E-0006535,2024-10-28,Electronics,Brand Delta,Islamabad,4,198.02,2,works great,True,C-525
E-0006536,2023-08-31,Home,Brand Delta,New York,4,305.42,4,looks premium,True,C-620
E-0006537,2024-11-09,Electronics,Brand Delta,Dubai,4,361.89,2,highly recommend,True,C-847
E-0006538,2024-11-10,Books,Brand Delta,Karachi,2,268.29,1,print quality good,True,C-856
E-0006539,2023-09-28,Electronics,Brand Alpha,Dubai,1,87.31,5,excellent quality,True,C-1130
E-0006540,2024-05-16,Clothing,Brand Delta,Lahore,3,381.85,1,color faded after wash,True,C-785
E-0006541,2024-12-08,Books,Brand Gamma,Islamabad,3,20.03,3,boring content,True,C-943
E-0006542,2025-01-20,Electronics,Brand Beta,New York,2,218.2,4,average at best,True,C-73
E-0006543,2023-12-23,Sports,Brand Delta,Lahore,3,304.89,4,broke after week,False,C-701
E-0006544,2023-12-23,Sports,Brand Alpha,Lahore,3,202.03,2,poor durability,True,C-652
E-0006545,2024-04-30,Beauty,Brand Beta,New York,4,148.54,2,skin felt great,True,C-1041
E-0006546,2024-01-06,Home,Brand Delta,Lahore,3,52.49,1,looks premium,True,C-244
E-0006547,2023-11-05,Beauty,Brand Delta,New York,4,109.24,2,skin felt great,True,C-111
E-0006548,2024-03-22,Sports,Brand Gamma,London,3,185.97,1,broke after week,True,C-905
E-0006549,2025-01-06,Clothing,Brand Alpha,Dubai,4,191.93,2,seams came apart,True,C-987
E-0006550,2023-11-12,Books,Brand Delta,London,2,185.49,3,fast delivery,True,C-1390
E-0006551,2024-11-28,Beauty,Brand Alpha,Dubai,4,334.29,1,skin felt great,True,C-899
E-0006552,2024-05-23,Books,Brand Beta,Karachi,3,187.97,3,well written,True,C-1338
E-0006553,2024-07-06,Sports,Brand Beta,Karachi,3,,2,broke after week,True,C-983
E-0006554,2024-10-27,Beauty,Brand Beta,New York,3,224.85,2,recommend,True,C-1012
E-0006555,2024-08-25,Electronics,Brand Alpha,Lahore,4,359.37,3,works great,True,C-1225
E-0006556,2023-11-08,Books,Brand Beta,New York,2,349.42,1,fast delivery,True,C-44
E-0006557,2024-02-21,Sports,Brand Delta,Dubai,3,287.87,2,great for training,True,C-122
E-0006558,2023-12-02,Home,Brand Gamma,Karachi,3,11.84,1,cheap materials,True,C-1396
E-0006559,2024-12-12,Home,Brand Delta,London,3,233.71,2,cheap materials,True,C-1181
E-0006560,2023-09-26,Home,Brand Beta,New York,3,312.03,2,very useful,True,C-746
E-0006561,2024-12-18,Books,Brand Alpha,New York,3,45.77,3,informative,False,C-680
E-0006562,2024-01-14,Sports,Brand Delta,New York,3,398.21,2,broke after week,False,C-578
E-0006563,2024-09-27,Beauty,Brand Delta,London,3,148.19,1,nice scent,True,C-270
E-0006564,2023-12-31,Books,Brand Beta,London,4,304.45,2,well written,True,C-927
E-0006565,2024-12-29,Books,Brand Gamma,Karachi,2,125.35,2,informative,False,C-1397
E-0006566,2024-08-07,Sports,Brand Alpha,New York,4,338.22,2,good grip,True,C-1104
E-0006567,2023-12-16,Sports,Brand Delta,New York,2,389.27,3,poor durability,True,C-516
E-0006568,2025-01-11,Books,Brand Delta,New York,3,12.99,2,print quality good,True,C-959
E-0006569,2024-10-02,Beauty,Brand Alpha,London,5,115.27,1,recommend,True,C-262
E-0006570,2024-11-02,Books,Brand Gamma,Islamabad,3,26.62,2,well written,True,C-1243
E-0006571,2024-01-22,Home,Brand Gamma,Karachi,4,25.81,1,looks premium,True,C-1135
E-0006572,2024-07-11,Sports,Brand Alpha,Dubai,4,257.1,4,good grip,True,C-334
E-0006573,2023-08-12,Beauty,Brand Alpha,Islamabad,3,322.68,1,too expensive,True,C-1175
E-0006574,2023-12-12,Home,Brand Alpha,London,4,66.46,1,looks premium,True,C-1335
E-0006575,2024-06-16,Sports,Brand Delta,Islamabad,5,300.01,1,broke after week,False,C-1456
E-0006576,2024-01-01,Books,Brand Beta,Karachi,2,115.85,2,informative,True,C-115
E-0006577,2023-12-29,Sports,Brand Alpha,London,1,166.48,2,great for training,True,C-1053
E-0006578,2023-06-13,Clothing,Brand Delta,Karachi,4,66.81,1,comfortable and stylish,True,C-156
E-0006579,2023-09-14,Books,Brand Delta,Lahore,2,314.92,2,boring content,True,C-1000
E-0006580,2024-07-18,Clothing,Brand Beta,New York,5,192.38,1,too small,True,C-659
E-0006581,2024-05-10,Electronics,Brand Delta,Islamabad,5,144.71,1,battery dies fast,True,C-852
E-0006582,2023-11-21,Home,Brand Alpha,Lahore,4,304.27,2,would buy again,True,C-705
E-0006583,2024-11-14,Sports,Brand Delta,London,3,306.37,1,poor durability,True,C-557
E-0006584,2024-09-20,Electronics,Brand Gamma,Islamabad,1,89.66,1,excellent quality,True,C-904
E-0006585,2023-07-02,Books,Brand Delta,Islamabad,3,31.39,2,print quality good,True,C-930
E-0006586,2024-03-23,Beauty,Brand Beta,London,3,84.93,3,too expensive,True,C-147
E-0006587,2023-12-18,Home,Brand Alpha,Lahore,4,395.13,1,would buy again,True,C-971
E-0006588,2024-11-26,Books,Brand Beta,Dubai,4,222.33,3,print quality good,True,C-177
E-0006589,2024-07-27,Books,Brand Alpha,London,4,174.07,2,print quality good,True,C-304
E-0006590,2024-02-19,Clothing,Brand Alpha,Karachi,3,168.56,2,seams came apart,True,C-289
E-0006591,2024-04-14,Beauty,Brand Beta,London,3,63.44,3,nice scent,True,C-33
E-0006592,2024-05-31,Beauty,Brand Beta,Dubai,5,116.59,2,recommend,True,C-1083
E-0006593,2024-08-20,Electronics,Brand Gamma,Karachi,3,102.87,1,works great,False,C-105
E-0006594,2023-12-29,Books,Brand Beta,London,4,121.14,1,well written,True,C-1160
E-0006595,2024-01-13,Sports,Brand Gamma,New York,2,325.8,2,poor durability,True,C-780
E-0006596,2024-05-12,Books,Brand Alpha,Karachi,3,391.3,1,print quality good,True,C-196
E-0006597,2023-10-03,Beauty,Brand Gamma,New York,2,294.22,3,caused irritation,True,C-924
E-0006598,2023-11-03,Clothing,Brand Beta,London,4,287.75,1,too small,False,C-2
E-0006599,2024-08-03,Sports,Brand Alpha,Dubai,2,398.99,2,good grip,True,C-281
E-0006600,2023-08-13,Sports,Brand Delta,New York,4,185.75,2,great for training,True,C-1114
E-0006601,2024-11-05,Sports,Brand Gamma,Islamabad,4,192.07,2,great for training,True,C-657
E-0006602,2023-11-17,Electronics,Brand Alpha,London,5,321.52,3,love it,True,C-1338
E-0006603,2024-12-20,Beauty,Brand Alpha,Dubai,2,244.75,1,nice scent,True,C-1111
E-0006604,2023-08-17,Home,Brand Delta,Lahore,4,289.64,2,assembly was hard,True,C-56
E-0006605,2024-04-16,Sports,Brand Gamma,Lahore,3,35.81,2,poor durability,True,C-699
E-0006606,2023-07-31,Clothing,Brand Alpha,Islamabad,3,312.88,2,seams came apart,True,C-1416
E-0006607,2023-12-09,Clothing,Brand Beta,Dubai,3,316.74,1,too small,True,C-1401
E-0006608,2023-10-26,Sports,Brand Delta,London,2,251.71,2,broke after week,False,C-794
E-0006609,2023-09-12,Home,Brand Gamma,Dubai,3,131.04,1,cheap materials,True,C-103
E-0006610,2023-12-07,Clothing,Brand Gamma,Islamabad,5,67.47,3,great value,True,C-239
E-0006611,2024-09-11,Electronics,Brand Alpha,Lahore,4,11.45,1,love it,True,C-303
E-0006612,2024-10-12,Home,Brand Gamma,Dubai,4,343.31,1,would buy again,True,C-1086
E-0006613,2024-03-22,Clothing,Brand Gamma,London,3,63.06,2,color faded after wash,True,C-1357
E-0006614,2024-05-01,Clothing,Brand Alpha,Islamabad,2,99.15,1,nice fabric,False,C-609
E-0006615,2023-11-08,Electronics,Brand Beta,Karachi,5,284.75,1,battery dies fast,True,C-418
E-0006616,2024-08-14,Books,Brand Gamma,Lahore,3,371.23,4,,True,C-335
E-0006617,2024-01-13,Home,Brand Alpha,Dubai,4,248.75,3,assembly was hard,True,C-809
E-0006618,2024-06-02,Sports,Brand Delta,Lahore,4,262.5,3,good grip,True,C-1311
E-0006619,2024-09-24,Clothing,Brand Delta,Dubai,3,287.61,2,fits perfectly,True,C-740
E-0006620,2023-09-06,Clothing,Brand Alpha,London,4,111.95,3,too small,True,C-509
E-0006621,2023-09-08,Books,Brand Alpha,Islamabad,2,163.82,2,fast delivery,True,C-511
E-0006622,2023-07-16,Beauty,Brand Alpha,London,4,86.16,1,nice scent,True,C-1094
E-0006623,2023-07-21,Sports,Brand Delta,London,2,324.22,3,great for training,True,C-434
E-0006624,2024-02-06,Clothing,Brand Beta,Karachi,2,169.54,2,comfortable and stylish,True,C-427
E-0006625,2023-10-19,Home,Brand Gamma,New York,1,263.22,1,would buy again,True,C-374
E-0006626,2023-11-23,Clothing,Brand Delta,Karachi,3,123.46,1,nice fabric,True,C-1417
E-0006627,2024-01-16,Electronics,Brand Delta,Dubai,4,180.79,2,,True,C-1458
E-0006628,2024-07-19,Clothing,Brand Delta,Dubai,2,95.75,3,,True,C-1087
E-0006629,2023-09-23,Home,Brand Alpha,Islamabad,3,132.95,2,assembly was hard,True,C-417
E-0006630,2023-10-23,Sports,Brand Delta,Dubai,4,361.87,2,,True,C-488
E-0006631,2023-07-28,Sports,Brand Alpha,London,5,206.94,3,great for training,True,C-1116
E-0006632,2023-06-22,Books,Brand Gamma,Dubai,2,113.36,1,well written,True,C-293
E-0006633,2024-08-26,Sports,Brand Delta,New York,3,274.75,2,broke after week,True,C-1299
E-0006634,2024-10-14,Electronics,Brand Alpha,Dubai,3,323.33,4,disappointed with durability,True,C-427
E-0006635,2024-11-10,Home,Brand Gamma,Karachi,4,148.37,1,would buy again,True,C-491
E-0006636,2024-06-06,Beauty,Brand Delta,New York,4,14.03,3,too expensive,False,C-462
E-0006637,2023-06-21,Sports,Brand Beta,London,3,223.58,2,good grip,False,C-856
E-0006638,2023-10-13,Beauty,Brand Beta,Dubai,2,330.11,2,caused irritation,True,C-74
E-0006639,2023-06-19,Electronics,Brand Alpha,London,3,242.48,1,highly recommend,True,C-487
E-0006640,2023-12-02,Clothing,Brand Alpha,Dubai,4,92.32,1,great value,True,C-905
E-0006641,2024-01-09,Books,Brand Beta,Lahore,3,228.15,2,boring content,True,C-1358
E-0006642,2023-08-05,Clothing,Brand Alpha,London,3,283.78,2,nice fabric,True,C-318
E-0006643,2023-09-30,Books,Brand Gamma,Karachi,4,297.19,2,print quality good,True,C-492
E-0006644,2024-02-05,Sports,Brand Beta,New York,3,122.82,2,great for training,False,C-981
E-0006645,2024-09-09,Books,Brand Beta,Dubai,3,345.81,1,boring content,True,C-546
E-0006646,2023-12-17,Clothing,Brand Gamma,London,4,392.67,3,comfortable and stylish,True,C-883
E-0006647,2023-08-18,Home,Brand Delta,Karachi,5,325.87,2,would buy again,True,C-858
E-0006648,2024-04-11,Electronics,Brand Beta,New York,2,154.64,3,highly recommend,True,C-448
E-0006649,2023-07-16,Electronics,Brand Alpha,London,5,149.7,4,highly recommend,True,C-347
E-0006650,2024-04-29,Beauty,Brand Alpha,London,3,101.46,1,caused irritation,False,C-713
E-0006651,2024-08-30,Beauty,Brand Beta,Karachi,4,36.41,1,too expensive,True,C-105
E-0006652,2024-05-22,Home,Brand Gamma,Lahore,3,173.72,1,assembly was hard,False,C-660
E-0006653,2024-07-10,Home,Brand Delta,Lahore,2,273.93,1,would buy again,True,C-186
E-0006654,2024-08-08,Books,Brand Gamma,Lahore,3,325.66,3,print quality good,True,C-973
E-0006655,2024-10-06,Electronics,Brand Beta,Dubai,5,49.1,3,disappointed with durability,True,C-10
E-0006656,2024-04-05,Sports,Brand Delta,Karachi,2,221.7,2,,True,C-435
E-0006657,2023-10-24,Sports,Brand Gamma,Lahore,4,81.97,3,good grip,True,C-1381
E-0006658,2023-11-16,Beauty,Brand Alpha,Dubai,4,343.28,1,caused irritation,True,C-528
E-0006659,2024-08-09,Sports,Brand Beta,Lahore,2,108.76,1,good grip,True,C-101
E-0006660,2024-08-09,Books,Brand Beta,Karachi,3,185.7,1,informative,True,C-633
E-0006661,2024-01-29,Clothing,Brand Alpha,Dubai,4,146.8,1,nice fabric,True,C-983
E-0006662,2024-04-23,Sports,Brand Alpha,Lahore,3,16.4,2,great for training,True,C-409
E-0006663,2023-09-24,Sports,Brand Gamma,Dubai,3,263.5,1,great for training,True,C-1259
E-0006664,2023-08-09,Beauty,Brand Alpha,Dubai,2,169.58,2,,True,C-628
E-0006665,2024-09-29,Books,Brand Alpha,Lahore,4,182.44,1,boring content,True,C-824
E-0006666,2024-01-10,Electronics,Brand Gamma,Lahore,2,253.57,2,average at best,True,C-1113
E-0006667,2024-02-07,Electronics,Brand Delta,Islamabad,4,105.24,3,love it,True,C-876
E-0006668,2024-12-28,Beauty,Brand Alpha,Karachi,2,396.28,1,,True,C-1214
E-0006669,2024-04-11,Beauty,Brand Delta,Lahore,4,374.68,3,nice scent,True,C-658
E-0006670,2024-09-18,Sports,Brand Delta,Karachi,4,262.35,2,broke after week,True,C-1074
E-0006671,2023-10-05,Sports,Brand Delta,London,2,267.4,2,broke after week,True,C-111
E-0006672,2024-06-10,Electronics,Brand Delta,Lahore,4,356.94,4,battery dies fast,True,C-711
E-0006673,2024-09-28,Sports,Brand Alpha,London,1,18.41,3,good grip,False,C-321
E-0006674,2024-03-08,Clothing,Brand Gamma,Islamabad,3,319.02,2,nice fabric,True,C-372
E-0006675,2023-06-03,Clothing,Brand Delta,New York,1,208.89,1,seams came apart,True,C-294
E-0006676,2024-10-13,Home,Brand Beta,Lahore,3,222.64,2,would buy again,False,C-1070
E-0006677,2024-09-06,Books,Brand Delta,London,4,165.15,1,fast delivery,True,C-426
E-0006678,2024-11-16,Electronics,Brand Alpha,New York,4,205.87,3,disappointed with durability,True,C-847
E-0006679,2025-01-03,Electronics,Brand Beta,Karachi,3,376.71,1,average at best,True,C-678
E-0006680,2023-09-30,Home,Brand Beta,Lahore,4,276.55,3,,True,C-798
E-0006681,2023-06-12,Home,Brand Gamma,Dubai,4,14.33,3,would buy again,True,C-211
E-0006682,2024-11-21,Home,Brand Gamma,Lahore,4,228.6,1,assembly was hard,True,C-1261
E-0006683,2024-06-13,Books,Brand Beta,New York,1,391.62,2,fast delivery,False,C-340
E-0006684,2024-07-19,Clothing,Brand Gamma,Lahore,4,160.92,3,comfortable and stylish,False,C-409
E-0006685,2024-04-21,Beauty,Brand Alpha,Islamabad,2,310.55,4,recommend,True,C-188
E-0006686,2024-08-19,Beauty,Brand Alpha,London,2,290.95,1,caused irritation,True,C-1046
E-0006687,2023-08-29,Beauty,Brand Delta,New York,3,271.36,2,nice scent,True,C-986
E-0006688,2023-06-11,Beauty,Brand Delta,New York,5,270.86,2,nice scent,True,C-1420
E-0006689,2024-09-27,Clothing,Brand Beta,New York,3,290.2,2,too small,True,C-1019
E-0006690,2024-04-06,Clothing,Brand Beta,Islamabad,1,,2,fits perfectly,True,C-1390
E-0006691,2024-01-29,Sports,Brand Delta,London,4,204.99,1,great for training,False,C-1197
E-0006692,2025-01-06,Beauty,Brand Delta,Lahore,5,338.49,1,caused irritation,True,C-558
E-0006693,2024-09-02,Sports,Brand Gamma,Dubai,3,237.16,1,poor durability,True,C-917
E-0006694,2023-06-23,Clothing,Brand Beta,New York,2,278.43,1,fits perfectly,True,C-658
E-0006695,2024-02-28,Books,Brand Alpha,Lahore,2,169.35,1,boring content,True,C-435
E-0006696,2023-09-17,Books,Brand Delta,Lahore,3,90.17,1,fast delivery,True,C-554
E-0006697,2023-07-19,Beauty,Brand Delta,Islamabad,4,372.94,1,too expensive,False,C-88
E-0006698,2024-07-25,Clothing,Brand Delta,London,2,247.14,1,great value,True,C-328
E-0006699,2023-08-08,Sports,Brand Delta,Lahore,3,322.7,2,good grip,True,C-1419
E-0006700,2023-09-30,Home,Brand Beta,Islamabad,3,353.99,3,cheap materials,False,C-742
E-0006701,2024-04-04,Clothing,Brand Delta,Lahore,4,73.46,2,color faded after wash,True,C-753
E-0006702,2024-09-21,Electronics,Brand Delta,London,3,254.18,2,highly recommend,True,C-1454
E-0006703,2024-12-03,Sports,Brand Delta,Dubai,2,31.54,2,good grip,False,C-596
E-0006704,2023-10-12,Books,Brand Beta,Karachi,4,373.26,1,well written,False,C-533
E-0006705,2024-12-06,Books,Brand Gamma,New York,4,76.24,2,fast delivery,True,C-172
E-0006706,2023-06-10,Books,Brand Delta,Lahore,5,379.6,4,boring content,False,C-407
E-0006707,2024-08-03,Electronics,Brand Delta,London,3,,3,love it,True,C-369
E-0006708,2023-12-07,Clothing,Brand Delta,Islamabad,2,153.72,2,nice fabric,True,C-1226
E-0006709,2024-05-16,Books,Brand Alpha,Islamabad,5,93.36,3,well written,True,C-514
E-0006710,2024-09-05,Clothing,Brand Beta,Lahore,4,43.55,2,seams came apart,True,C-967
E-0006711,2023-07-01,Electronics,Brand Gamma,Dubai,3,163.0,2,works great,True,C-479
E-0006712,2024-05-24,Books,Brand Alpha,London,4,251.29,4,boring content,False,C-87
E-0006713,2023-08-04,Sports,Brand Alpha,London,3,338.54,2,poor durability,True,C-903
E-0006714,2025-01-04,Clothing,Brand Alpha,Dubai,3,228.23,2,seams came apart,False,C-509
E-0006715,2024-01-10,Books,Brand Delta,Lahore,4,245.35,2,informative,True,C-364
E-0006716,2024-12-21,Clothing,Brand Alpha,New York,2,318.23,1,fits perfectly,True,C-463
E-0006717,2023-08-14,Electronics,Brand Alpha,Karachi,2,42.3,4,poor build,True,C-350
E-0006718,2024-11-14,Sports,Brand Alpha,Islamabad,4,379.5,2,poor durability,False,C-485
E-0006719,2023-12-07,Beauty,Brand Gamma,Islamabad,4,133.74,2,nice scent,True,C-70
E-0006720,2024-02-19,Clothing,Brand Gamma,Lahore,4,119.55,1,nice fabric,True,C-1226
E-0006721,2024-12-31,Beauty,Brand Gamma,Karachi,4,310.37,2,,False,C-954
E-0006722,2023-06-20,Beauty,Brand Alpha,New York,1,231.49,2,nice scent,True,C-558
E-0006723,2024-09-10,Home,Brand Beta,Lahore,3,81.13,1,would buy again,True,C-870
E-0006724,2024-04-20,Beauty,Brand Delta,Dubai,2,309.26,2,skin felt great,True,C-183
E-0006725,2024-07-14,Clothing,Brand Beta,London,3,304.88,4,color faded after wash,True,C-861
E-0006726,2024-07-01,Beauty,Brand Alpha,London,4,217.58,3,skin felt great,True,C-1341
E-0006727,2024-10-15,Clothing,Brand Delta,Dubai,4,95.04,2,color faded after wash,True,C-1448
E-0006728,2024-12-18,Electronics,Brand Gamma,Islamabad,2,168.65,1,excellent quality,False,C-575
E-0006729,2023-07-16,Sports,Brand Beta,Dubai,3,250.49,5,poor durability,True,C-459
E-0006730,2024-10-22,Home,Brand Delta,Dubai,2,324.8,2,would buy again,True,C-1414
E-0006731,2024-04-19,Electronics,Brand Alpha,London,3,385.84,4,battery dies fast,True,C-99
E-0006732,2023-09-12,Books,Brand Alpha,Dubai,4,262.01,2,boring content,True,C-792
E-0006733,2024-04-21,Sports,Brand Gamma,London,5,384.25,3,broke after week,True,C-45
E-0006734,2024-05-06,Sports,Brand Alpha,Lahore,1,322.79,1,poor durability,True,C-425
E-0006735,2023-09-10,Beauty,Brand Delta,Lahore,1,142.9,5,nice scent,True,C-1100
E-0006736,2025-01-15,Books,Brand Beta,Karachi,4,222.15,2,print quality good,True,C-1112
E-0006737,2024-03-03,Clothing,Brand Alpha,New York,3,360.14,5,great value,False,C-1256
E-0006738,2024-10-19,Electronics,Brand Delta,Lahore,5,375.49,1,battery dies fast,True,C-286
E-0006739,2024-04-25,Books,Brand Gamma,Islamabad,2,299.86,2,fast delivery,True,C-487
E-0006740,2023-07-10,Clothing,Brand Gamma,Lahore,2,,2,fits perfectly,True,C-1381
E-0006741,2024-08-23,Home,Brand Alpha,New York,3,107.48,2,would buy again,True,C-831
E-0006742,2024-03-24,Clothing,Brand Beta,Karachi,1,,4,color faded after wash,False,C-561
E-0006743,2024-02-01,Sports,Brand Gamma,Islamabad,3,56.69,2,great for training,True,C-367
E-0006744,2024-12-07,Clothing,Brand Gamma,London,4,322.99,1,,True,C-1227
E-0006745,2024-12-13,Beauty,Brand Delta,Karachi,2,82.53,1,too expensive,True,C-558
E-0006746,2024-09-17,Clothing,Brand Alpha,Karachi,3,385.18,2,nice fabric,True,C-503
E-0006747,2024-03-23,Home,Brand Alpha,Dubai,4,71.28,2,very useful,True,C-722
E-0006748,2025-01-08,Clothing,Brand Beta,Dubai,3,238.86,2,seams came apart,True,C-988
E-0006749,2023-08-22,Beauty,Brand Beta,Lahore,5,49.57,4,nice scent,True,C-902
E-0006750,2024-07-20,Home,Brand Delta,Dubai,1,19.85,5,looks premium,True,C-381
E-0006751,2024-04-23,Books,Brand Alpha,Islamabad,5,125.14,5,informative,True,C-991
E-0006752,2023-07-07,Electronics,Brand Alpha,London,4,311.68,2,average at best,True,C-1114
E-0006753,2024-09-14,Sports,Brand Gamma,Karachi,4,45.45,1,good grip,True,C-743
E-0006754,2023-10-21,Books,Brand Delta,London,1,365.93,2,well written,True,C-476
E-0006755,2024-06-03,Electronics,Brand Delta,Lahore,4,395.98,1,average at best,True,C-1051
E-0006756,2024-02-16,Electronics,Brand Beta,Lahore,3,191.6,3,love it,True,C-1117
E-0006757,2024-05-11,Home,Brand Alpha,Lahore,2,148.09,1,very useful,True,C-363
E-0006758,2024-03-24,Home,Brand Gamma,Lahore,3,264.77,2,very useful,True,C-1256
E-0006759,2023-12-26,Electronics,Brand Alpha,New York,3,86.98,2,highly recommend,True,C-941
E-0006760,2024-05-03,Books,Brand Beta,Karachi,3,388.71,2,informative,True,C-1499
E-0006761,2023-08-29,Home,Brand Alpha,Islamabad,3,332.92,2,cheap materials,True,C-402
E-0006762,2024-05-16,Clothing,Brand Beta,New York,1,270.52,1,great value,False,C-1489
E-0006763,2023-12-28,Beauty,Brand Beta,Lahore,5,141.65,2,too expensive,True,C-1039
E-0006764,2024-01-18,Clothing,Brand Gamma,Lahore,2,45.67,4,great value,True,C-447
E-0006765,2024-05-28,Clothing,Brand Gamma,Lahore,4,369.14,3,color faded after wash,True,C-459
E-0006766,2023-12-20,Books,Brand Delta,New York,4,52.96,1,informative,True,C-1169
E-0006767,2024-08-31,Beauty,Brand Delta,Dubai,4,158.37,1,nice scent,True,C-733
E-0006768,2023-12-11,Sports,Brand Delta,London,4,74.18,2,good grip,True,C-766
E-0006769,2024-02-21,Home,Brand Alpha,Dubai,3,335.56,1,would buy again,True,C-619
E-0006770,2023-10-08,Electronics,Brand Alpha,London,4,140.31,2,battery dies fast,True,C-907
E-0006771,2024-10-14,Books,Brand Beta,Dubai,4,13.45,3,well written,True,C-1472
E-0006772,2024-05-10,Books,Brand Delta,New York,2,230.57,1,fast delivery,True,C-1412
E-0006773,2024-10-16,Books,Brand Delta,Dubai,5,44.13,3,fast delivery,True,C-783
E-0006774,2023-11-10,Electronics,Brand Delta,Karachi,1,61.2,1,poor build,True,C-1417
E-0006775,2024-01-22,Home,Brand Delta,Islamabad,4,323.25,3,assembly was hard,True,C-1000
E-0006776,2024-09-11,Electronics,Brand Beta,London,5,202.55,4,poor build,True,C-901
E-0006777,2023-08-21,Sports,Brand Delta,London,1,37.0,1,poor durability,True,C-1034
E-0006778,2024-12-21,Home,Brand Delta,New York,3,339.95,3,very useful,True,C-1066
E-0006779,2024-04-28,Books,Brand Alpha,Lahore,3,14.75,2,fast delivery,True,C-1276
E-0006780,2023-10-16,Home,Brand Beta,Lahore,3,28.64,1,very useful,True,C-1450
E-0006781,2023-11-08,Clothing,Brand Delta,New York,4,221.66,2,comfortable and stylish,True,C-775
E-0006782,2024-04-07,Electronics,Brand Delta,Dubai,2,14.06,3,disappointed with durability,True,C-515
E-0006783,2024-12-28,Home,Brand Alpha,Islamabad,3,299.97,2,cheap materials,True,C-753
E-0006784,2024-01-23,Clothing,Brand Gamma,Karachi,2,306.2,3,color faded after wash,True,C-1452
E-0006785,2024-08-21,Beauty,Brand Gamma,New York,4,52.6,3,skin felt great,True,C-1385
E-0006786,2025-01-12,Electronics,Brand Delta,London,3,154.4,2,,True,C-1129
E-0006787,2024-07-19,Electronics,Brand Beta,Islamabad,2,333.51,2,excellent quality,True,C-1415
E-0006788,2024-05-05,Electronics,Brand Gamma,New York,5,276.03,4,battery dies fast,True,C-493
E-0006789,2024-10-12,Home,Brand Delta,London,3,320.58,1,cheap materials,True,C-795
E-0006790,2024-06-12,Electronics,Brand Delta,New York,4,133.37,4,works great,True,C-957
E-0006791,2023-11-05,Home,Brand Gamma,Dubai,4,237.57,4,looks premium,True,C-772
E-0006792,2023-07-21,Home,Brand Delta,Islamabad,5,17.99,2,cheap materials,True,C-525
E-0006793,2024-11-30,Books,Brand Delta,Lahore,3,149.91,1,well written,True,C-420
E-0006794,2023-11-14,Beauty,Brand Alpha,Dubai,2,295.48,2,skin felt great,False,C-563
E-0006795,2024-04-14,Electronics,Brand Delta,Lahore,2,250.04,2,disappointed with durability,True,C-1455
E-0006796,2024-06-30,Beauty,Brand Beta,Karachi,3,125.39,1,too expensive,True,C-1111
E-0006797,2024-08-12,Clothing,Brand Gamma,London,5,102.87,1,seams came apart,False,C-14
E-0006798,2024-11-26,Home,Brand Beta,Karachi,4,41.51,2,looks premium,True,C-534
E-0006799,2023-08-16,Electronics,Brand Delta,New York,3,256.08,2,highly recommend,True,C-223
E-0006800,2023-09-26,Home,Brand Alpha,Lahore,5,52.11,3,,True,C-291
E-0006801,2023-11-10,Clothing,Brand Gamma,Islamabad,5,62.9,2,color faded after wash,True,C-1211
E-0006802,2024-10-12,Sports,Brand Alpha,Dubai,1,217.66,1,broke after week,True,C-532
E-0006803,2023-10-31,Home,Brand Alpha,London,3,20.6,2,looks premium,True,C-705
E-0006804,2024-11-16,Electronics,Brand Beta,New York,3,133.97,2,highly recommend,True,C-449
E-0006805,2024-05-30,Beauty,Brand Alpha,Islamabad,3,339.27,1,caused irritation,True,C-163
E-0006806,2023-09-02,Clothing,Brand Alpha,London,1,25.82,3,too small,True,C-775
E-0006807,2023-06-26,Books,Brand Alpha,New York,2,206.68,1,print quality good,True,C-1200
E-0006808,2024-01-21,Clothing,Brand Gamma,Karachi,3,36.3,1,comfortable and stylish,True,C-826
E-0006809,2024-06-18,Clothing,Brand Delta,Islamabad,3,31.67,2,great value,False,C-1259
E-0006810,2024-07-16,Home,Brand Beta,London,3,246.14,1,cheap materials,True,C-150
E-0006811,2023-11-07,Beauty,Brand Beta,London,3,122.05,1,too expensive,True,C-882
E-0006812,2024-05-11,Home,Brand Delta,London,4,245.92,2,looks premium,True,C-910
E-0006813,2024-11-29,Electronics,Brand Gamma,London,5,276.94,2,excellent quality,True,C-555
E-0006814,2024-11-10,Home,Brand Delta,London,3,139.6,1,very useful,True,C-711
E-0006815,2024-06-11,Electronics,Brand Gamma,Dubai,5,206.86,1,excellent quality,True,C-621
E-0006816,2023-07-19,Books,Brand Alpha,New York,4,156.95,4,informative,True,C-476
E-0006817,2024-02-04,Clothing,Brand Delta,New York,3,211.33,2,color faded after wash,True,C-1494
E-0006818,2024-03-23,Sports,Brand Beta,Karachi,3,77.99,2,poor durability,True,C-1394
E-0006819,2024-08-13,Beauty,Brand Alpha,Dubai,4,328.44,1,caused irritation,True,C-782
E-0006820,2024-10-14,Home,Brand Alpha,Dubai,2,204.0,1,assembly was hard,True,C-820
E-0006821,2024-07-13,Sports,Brand Beta,London,3,399.65,1,great for training,True,C-1462
E-0006822,2023-09-06,Home,Brand Delta,Karachi,5,155.45,4,looks premium,False,C-1147
E-0006823,2025-01-07,Beauty,Brand Beta,New York,3,44.65,2,skin felt great,True,C-1125
E-0006824,2024-08-06,Home,Brand Gamma,Dubai,5,178.97,3,looks premium,True,C-470
E-0006825,2023-11-29,Books,Brand Gamma,Karachi,3,134.39,1,well written,True,C-606
E-0006826,2024-11-17,Home,Brand Alpha,London,5,27.62,1,cheap materials,True,C-573
E-0006827,2023-12-05,Home,Brand Gamma,New York,2,136.24,1,cheap materials,True,C-1374
E-0006828,2023-12-22,Clothing,Brand Gamma,Islamabad,2,230.79,2,comfortable and stylish,True,C-17
E-0006829,2023-12-07,Sports,Brand Delta,Karachi,2,392.66,1,poor durability,False,C-928
E-0006830,2023-09-14,Beauty,Brand Gamma,New York,4,325.39,1,nice scent,True,C-1156
E-0006831,2024-03-13,Clothing,Brand Delta,New York,3,303.05,2,color faded after wash,True,C-316
E-0006832,2024-06-05,Sports,Brand Alpha,Karachi,3,235.05,3,good grip,True,C-531
E-0006833,2023-07-19,Sports,Brand Alpha,Karachi,4,119.54,3,poor durability,False,C-600
E-0006834,2024-04-10,Electronics,Brand Gamma,London,5,230.67,4,average at best,False,C-204
E-0006835,2024-02-21,Clothing,Brand Gamma,Dubai,3,184.32,1,fits perfectly,True,C-298
E-0006836,2023-12-02,Sports,Brand Beta,Karachi,3,11.99,2,poor durability,True,C-388
E-0006837,2023-11-15,Electronics,Brand Delta,Islamabad,5,244.54,3,,True,C-31
E-0006838,2024-01-29,Books,Brand Delta,Lahore,4,187.28,2,boring content,True,C-792
E-0006839,2024-12-30,Electronics,Brand Gamma,Karachi,3,164.63,3,works great,True,C-1471
E-0006840,2023-11-28,Clothing,Brand Gamma,Karachi,2,198.24,1,great value,True,C-1001
E-0006841,2023-07-11,Home,Brand Delta,Dubai,3,113.78,3,would buy again,True,C-1211
E-0006842,2025-01-17,Home,Brand Beta,Islamabad,4,219.79,1,would buy again,True,C-1166
E-0006843,2024-01-29,Clothing,Brand Delta,Lahore,3,118.15,2,,True,C-299
E-0006844,2024-06-01,Clothing,Brand Beta,Islamabad,2,106.07,2,fits perfectly,True,C-771
E-0006845,2025-01-16,Sports,Brand Gamma,Lahore,4,130.23,2,poor durability,True,C-295
E-0006846,2024-08-22,Sports,Brand Gamma,Lahore,3,254.63,3,good grip,True,C-573
E-0006847,2024-03-27,Electronics,Brand Delta,Islamabad,4,202.55,2,highly recommend,True,C-75
E-0006848,2024-11-07,Electronics,Brand Delta,Dubai,2,174.47,3,works great,True,C-1177
E-0006849,2024-03-06,Electronics,Brand Gamma,London,3,70.68,1,disappointed with durability,True,C-1028
E-0006850,2024-01-04,Books,Brand Delta,Islamabad,3,209.3,2,boring content,True,C-353
E-0006851,2024-06-10,Beauty,Brand Gamma,London,2,163.23,1,recommend,True,C-1368
E-0006852,2024-10-05,Home,Brand Alpha,Islamabad,4,341.11,2,would buy again,True,C-566
E-0006853,2023-07-11,Sports,Brand Beta,Dubai,3,186.08,1,good grip,False,C-1381
E-0006854,2023-10-14,Electronics,Brand Delta,Dubai,5,93.18,5,works great,True,C-1292
E-0006855,2024-10-01,Electronics,Brand Beta,Islamabad,2,77.5,2,disappointed with durability,False,C-1232
E-0006856,2025-01-09,Beauty,Brand Beta,Dubai,4,198.15,1,nice scent,True,C-776
E-0006857,2024-02-03,Electronics,Brand Alpha,Islamabad,4,97.82,2,excellent quality,True,C-660
E-0006858,2023-11-30,Sports,Brand Alpha,Islamabad,2,107.57,4,poor durability,True,C-613
E-0006859,2024-07-23,Home,Brand Alpha,Islamabad,2,92.52,1,would buy again,True,C-210
E-0006860,2024-06-23,Home,Brand Beta,Karachi,3,224.43,3,very useful,True,C-686
E-0006861,2024-12-04,Sports,Brand Gamma,Dubai,4,185.72,2,good grip,True,C-31
E-0006862,2024-08-21,Beauty,Brand Alpha,Karachi,4,379.75,2,too expensive,True,C-527
E-0006863,2023-08-11,Sports,Brand Gamma,Karachi,4,26.3,2,broke after week,True,C-1340
E-0006864,2023-12-16,Electronics,Brand Alpha,New York,3,91.14,2,average at best,True,C-603
E-0006865,2024-12-11,Books,Brand Gamma,Islamabad,4,310.83,2,informative,True,C-1302
E-0006866,2024-06-03,Beauty,Brand Alpha,London,3,29.85,2,too expensive,False,C-455
E-0006867,2023-11-11,Clothing,Brand Alpha,Karachi,2,394.97,1,great value,True,C-99
E-0006868,2023-08-05,Home,Brand Beta,Dubai,3,231.6,1,looks premium,True,C-1438
E-0006869,2023-09-12,Electronics,Brand Gamma,Karachi,4,343.76,1,love it,True,C-70
E-0006870,2024-01-22,Sports,Brand Alpha,Islamabad,2,209.87,1,good grip,True,C-51
E-0006871,2024-10-21,Sports,Brand Beta,New York,2,237.89,1,great for training,True,C-380
E-0006872,2024-07-04,Sports,Brand Delta,Dubai,2,358.61,1,great for training,True,C-865
E-0006873,2024-09-16,Sports,Brand Alpha,Dubai,4,34.86,2,broke after week,False,C-1211
E-0006874,2023-06-25,Home,Brand Alpha,Lahore,5,153.91,2,would buy again,True,C-1335
E-0006875,2024-04-14,Beauty,Brand Alpha,Lahore,4,242.48,1,too expensive,True,C-1383
E-0006876,2024-11-08,Clothing,Brand Delta,London,1,297.56,1,seams came apart,True,C-571
E-0006877,2023-08-14,Home,Brand Gamma,London,4,65.62,2,looks premium,True,C-590
E-0006878,2023-11-16,Sports,Brand Delta,New York,3,369.49,5,poor durability,True,C-1398
E-0006879,2024-03-08,Beauty,Brand Delta,London,2,160.71,2,too expensive,True,C-823
E-0006880,2024-06-27,Beauty,Brand Gamma,Lahore,4,104.67,1,recommend,True,C-1372
E-0006881,2023-12-14,Beauty,Brand Alpha,Lahore,3,139.34,2,recommend,True,C-960
E-0006882,2024-07-28,Beauty,Brand Beta,Dubai,5,62.3,1,caused irritation,False,C-812
E-0006883,2024-11-26,Books,Brand Delta,London,4,232.39,2,informative,True,C-1160
E-0006884,2024-01-07,Home,Brand Alpha,New York,1,69.99,3,cheap materials,True,C-1405
E-0006885,2024-11-01,Home,Brand Beta,Karachi,3,74.25,2,very useful,True,C-1108
E-0006886,2024-09-26,Books,Brand Alpha,Lahore,5,117.65,2,informative,True,C-1089
E-0006887,2024-01-11,Sports,Brand Alpha,New York,5,389.11,1,good grip,True,C-1407
E-0006888,2024-09-24,Electronics,Brand Gamma,Lahore,3,173.99,2,love it,True,C-358
E-0006889,2024-01-24,Clothing,Brand Beta,Islamabad,4,200.77,3,comfortable and stylish,True,C-1280
E-0006890,2024-10-06,Clothing,Brand Beta,London,2,133.86,2,fits perfectly,True,C-513
E-0006891,2024-11-26,Books,Brand Gamma,London,2,131.17,5,fast delivery,True,C-497
E-0006892,2024-02-04,Books,Brand Delta,New York,1,314.74,3,print quality good,True,C-1379
E-0006893,2023-06-06,Books,Brand Gamma,Karachi,2,359.37,1,well written,True,C-241
E-0006894,2023-07-12,Sports,Brand Delta,New York,3,33.19,1,broke after week,True,C-429
E-0006895,2023-06-01,Beauty,Brand Delta,Lahore,2,136.73,2,skin felt great,True,C-241
E-0006896,2024-10-31,Clothing,Brand Alpha,New York,3,355.98,1,comfortable and stylish,False,C-1112
E-0006897,2024-06-12,Electronics,Brand Beta,Karachi,2,227.26,3,battery dies fast,True,C-700
E-0006898,2023-08-30,Electronics,Brand Delta,Islamabad,2,236.75,2,love it,True,C-442
E-0006899,2024-04-16,Electronics,Brand Delta,Islamabad,3,203.85,2,poor build,True,C-628
E-0006900,2024-12-13,Sports,Brand Gamma,Lahore,4,198.34,2,poor durability,True,C-604
E-0006901,2024-07-29,Clothing,Brand Gamma,London,3,350.17,2,color faded after wash,True,C-49
E-0006902,2023-12-02,Home,Brand Beta,Karachi,2,147.82,2,assembly was hard,True,C-633
E-0006903,2024-01-22,Books,Brand Gamma,Islamabad,2,346.9,2,informative,True,C-364
E-0006904,2024-03-01,Books,Brand Alpha,Dubai,3,387.99,1,informative,True,C-203
E-0006905,2024-12-28,Sports,Brand Alpha,New York,4,22.01,3,great for training,True,C-1245
E-0006906,2024-05-20,Beauty,Brand Delta,Islamabad,4,397.14,1,recommend,True,C-723
E-0006907,2024-03-11,Electronics,Brand Delta,London,3,109.9,1,battery dies fast,False,C-406
E-0006908,2024-03-04,Electronics,Brand Beta,New York,1,293.38,1,works great,True,C-135
E-0006909,2024-04-29,Home,Brand Beta,New York,4,321.24,1,assembly was hard,True,C-1071
E-0006910,2023-08-05,Books,Brand Delta,Islamabad,3,352.3,3,boring content,True,C-21
E-0006911,2024-04-26,Beauty,Brand Gamma,New York,5,51.87,3,recommend,False,C-625
E-0006912,2024-06-19,Beauty,Brand Gamma,Dubai,4,135.93,1,too expensive,True,C-130
E-0006913,2023-11-11,Electronics,Brand Beta,Islamabad,3,194.59,2,average at best,True,C-686
E-0006914,2023-07-31,Electronics,Brand Beta,London,4,176.11,2,battery dies fast,True,C-692
E-0006915,2023-12-04,Clothing,Brand Beta,Karachi,5,34.44,3,color faded after wash,True,C-495
E-0006916,2024-05-22,Books,Brand Gamma,Islamabad,3,270.89,1,boring content,True,C-915
E-0006917,2024-09-03,Beauty,Brand Beta,Dubai,3,282.04,1,caused irritation,True,C-1194
E-0006918,2024-03-22,Sports,Brand Alpha,Islamabad,2,248.89,1,great for training,True,C-1000
E-0006919,2024-04-09,Beauty,Brand Gamma,Lahore,4,24.09,3,nice scent,True,C-1217
E-0006920,2024-02-01,Books,Brand Alpha,Dubai,2,122.79,3,well written,True,C-763
E-0006921,2023-12-02,Home,Brand Beta,Lahore,3,83.77,2,would buy again,True,C-341
E-0006922,2023-09-15,Books,Brand Alpha,New York,3,385.42,2,print quality good,False,C-696
E-0006923,2024-06-03,Sports,Brand Beta,Islamabad,3,10.14,2,poor durability,True,C-587
E-0006924,2023-10-22,Clothing,Brand Gamma,Islamabad,3,51.66,1,,True,C-98
E-0006925,2023-07-04,Books,Brand Delta,Lahore,4,64.08,3,well written,True,C-185
E-0006926,2024-02-02,Beauty,Brand Gamma,Dubai,4,93.71,1,caused irritation,True,C-932
E-0006927,2025-01-11,Beauty,Brand Gamma,Lahore,3,50.27,3,skin felt great,True,C-63
E-0006928,2023-11-06,Home,Brand Gamma,Islamabad,3,254.22,1,cheap materials,True,C-1232
E-0006929,2024-02-25,Clothing,Brand Beta,Karachi,3,238.88,4,color faded after wash,False,C-1140
E-0006930,2023-12-04,Books,Brand Delta,Lahore,4,138.64,1,informative,True,C-201
E-0006931,2024-09-09,Beauty,Brand Gamma,Dubai,5,294.09,3,skin felt great,True,C-906
E-0006932,2023-11-04,Home,Brand Delta,Islamabad,3,275.63,1,very useful,True,C-399
E-0006933,2024-12-29,Books,Brand Alpha,Dubai,2,155.31,2,print quality good,True,C-316
E-0006934,2024-02-27,Beauty,Brand Gamma,London,4,278.06,2,skin felt great,True,C-358
E-0006935,2023-10-29,Clothing,Brand Gamma,Lahore,2,146.33,3,nice fabric,False,C-134
E-0006936,2024-06-25,Beauty,Brand Alpha,New York,3,235.76,2,too expensive,True,C-422
E-0006937,2023-06-06,Beauty,Brand Alpha,Karachi,3,266.17,1,caused irritation,True,C-173
E-0006938,2024-09-02,Clothing,Brand Beta,Karachi,4,208.78,2,too small,True,C-1137
E-0006939,2024-03-16,Beauty,Brand Delta,New York,3,349.02,1,recommend,True,C-509
E-0006940,2024-03-15,Home,Brand Alpha,Lahore,4,292.61,2,looks premium,False,C-1460
E-0006941,2024-09-27,Books,Brand Gamma,Dubai,3,,2,informative,True,C-1123
E-0006942,2023-11-14,Clothing,Brand Alpha,London,3,364.15,1,fits perfectly,True,C-104
E-0006943,2023-12-29,Books,Brand Alpha,Islamabad,3,340.38,1,boring content,False,C-617
E-0006944,2023-07-20,Beauty,Brand Beta,Karachi,4,46.1,2,recommend,True,C-1440
E-0006945,2024-04-27,Beauty,Brand Gamma,Islamabad,2,223.37,5,caused irritation,True,C-413
E-0006946,2024-01-12,Books,Brand Beta,Islamabad,4,353.15,1,boring content,True,C-366
E-0006947,2024-09-12,Home,Brand Alpha,New York,2,57.97,1,looks premium,True,C-405
E-0006948,2024-04-05,Sports,Brand Alpha,Lahore,3,59.62,3,broke after week,True,C-162
E-0006949,2023-07-18,Clothing,Brand Delta,Islamabad,3,283.14,1,nice fabric,True,C-302
E-0006950,2024-10-23,Clothing,Brand Delta,Lahore,4,305.51,2,color faded after wash,True,C-980
E-0006951,2024-01-10,Books,Brand Delta,Lahore,5,308.29,2,print quality good,True,C-142
E-0006952,2024-10-15,Books,Brand Gamma,London,4,126.47,2,,True,C-1130
E-0006953,2024-05-25,Sports,Brand Gamma,Lahore,3,74.44,3,good grip,True,C-384
E-0006954,2024-06-25,Books,Brand Beta,Dubai,3,197.38,1,well written,True,C-1238
E-0006955,2023-11-15,Home,Brand Alpha,New York,4,44.73,1,very useful,False,C-1349
E-0006956,2024-10-13,Electronics,Brand Beta,Dubai,3,241.85,2,works great,True,C-976
E-0006957,2024-12-19,Books,Brand Gamma,Dubai,5,122.58,1,fast delivery,True,C-351
E-0006958,2024-09-01,Sports,Brand Alpha,London,1,38.01,4,poor durability,True,C-1456
E-0006959,2023-10-22,Sports,Brand Alpha,New York,3,260.94,2,great for training,False,C-894
E-0006960,2023-11-16,Clothing,Brand Gamma,Karachi,4,354.75,2,color faded after wash,True,C-1055
E-0006961,2023-07-24,Sports,Brand Alpha,Lahore,5,159.71,1,broke after week,True,C-308
E-0006962,2024-08-05,Sports,Brand Gamma,Karachi,5,232.49,1,broke after week,True,C-691
E-0006963,2024-08-22,Beauty,Brand Alpha,Dubai,4,252.86,3,nice scent,True,C-188
E-0006964,2024-02-14,Home,Brand Delta,Lahore,1,218.85,3,cheap materials,True,C-342
E-0006965,2024-07-25,Electronics,Brand Gamma,London,3,210.49,4,battery dies fast,True,C-993
E-0006966,2023-08-14,Home,Brand Alpha,Islamabad,3,365.11,2,would buy again,True,C-782
E-0006967,2024-09-01,Beauty,Brand Alpha,Lahore,3,118.75,3,too expensive,True,C-1112
E-0006968,2023-10-14,Beauty,Brand Gamma,London,4,125.95,3,nice scent,True,C-606
E-0006969,2024-06-14,Clothing,Brand Gamma,Karachi,3,398.21,2,color faded after wash,True,C-1191
E-0006970,2023-11-27,Sports,Brand Gamma,Dubai,5,289.66,3,great for training,True,C-8
E-0006971,2023-06-05,Home,Brand Delta,Islamabad,4,32.91,3,would buy again,True,C-611
E-0006972,2023-10-25,Books,Brand Delta,Dubai,4,221.06,4,informative,True,C-727
E-0006973,2024-05-03,Home,Brand Beta,Dubai,4,369.69,3,assembly was hard,False,C-148
E-0006974,2024-07-27,Books,Brand Alpha,Dubai,3,232.26,2,,True,C-941
E-0006975,2024-05-25,Books,Brand Delta,Lahore,3,342.01,4,informative,True,C-1132
E-0006976,2024-05-02,Sports,Brand Gamma,Karachi,2,45.23,2,great for training,True,C-272
E-0006977,2024-11-01,Home,Brand Beta,Karachi,2,224.44,1,assembly was hard,True,C-339
E-0006978,2023-07-14,Home,Brand Alpha,New York,5,202.41,2,assembly was hard,True,C-1398
E-0006979,2024-11-12,Electronics,Brand Delta,London,3,352.7,1,excellent quality,False,C-679
E-0006980,2024-10-27,Electronics,Brand Delta,Dubai,3,33.73,4,works great,True,C-918
E-0006981,2023-11-01,Home,Brand Alpha,New York,3,318.16,2,assembly was hard,True,C-1331
E-0006982,2024-08-29,Electronics,Brand Delta,Lahore,4,284.03,1,love it,True,C-1370
E-0006983,2024-01-18,Beauty,Brand Delta,London,4,194.31,1,skin felt great,True,C-1241
E-0006984,2023-10-23,Home,Brand Delta,Lahore,5,119.37,5,very useful,True,C-1136
E-0006985,2023-08-31,Books,Brand Alpha,London,2,59.7,1,print quality good,False,C-413
E-0006986,2024-06-25,Clothing,Brand Beta,Karachi,2,387.37,2,fits perfectly,True,C-1403
E-0006987,2024-09-30,Electronics,Brand Beta,New York,4,90.2,3,love it,True,C-679
E-0006988,2023-12-06,Beauty,Brand Alpha,New York,5,69.11,3,too expensive,True,C-183
E-0006989,2023-11-03,Books,Brand Gamma,Karachi,3,317.35,1,informative,True,C-200
E-0006990,2024-06-01,Beauty,Brand Alpha,New York,2,312.47,2,caused irritation,True,C-705
E-0006991,2023-06-14,Books,Brand Delta,New York,3,186.48,1,boring content,True,C-1447
E-0006992,2024-01-22,Sports,Brand Beta,Islamabad,3,,1,good grip,True,C-413
E-0006993,2023-10-08,Sports,Brand Delta,New York,1,254.78,2,good grip,True,C-74
E-0006994,2024-10-15,Beauty,Brand Gamma,London,3,334.02,4,nice scent,False,C-1342
E-0006995,2024-03-12,Sports,Brand Beta,Lahore,4,379.25,4,poor durability,True,C-719
E-0006996,2024-08-30,Home,Brand Alpha,Islamabad,4,303.7,1,assembly was hard,False,C-1217
E-0006997,2023-12-14,Beauty,Brand Gamma,Lahore,2,283.61,1,caused irritation,True,C-343
E-0006998,2024-12-24,Sports,Brand Delta,Karachi,2,325.05,1,broke after week,True,C-1069
E-0006999,2024-04-01,Beauty,Brand Delta,Karachi,3,110.65,3,skin felt great,True,C-404
E-0007000,2024-07-07,Beauty,Brand Gamma,New York,4,398.52,2,skin felt great,True,C-221
E-0007001,2024-10-28,Sports,Brand Beta,Karachi,3,132.64,3,good grip,True,C-1026
E-0007002,2024-12-03,Clothing,Brand Delta,London,3,21.37,3,comfortable and stylish,True,C-420
E-0007003,2024-06-13,Clothing,Brand Delta,Islamabad,4,211.37,2,great value,False,C-654
E-0007004,2023-09-22,Electronics,Brand Alpha,Islamabad,4,143.77,2,works great,True,C-1038
E-0007005,2024-11-21,Books,Brand Beta,Islamabad,4,47.56,2,fast delivery,True,C-30
E-0007006,2023-07-06,Sports,Brand Beta,Islamabad,3,179.87,3,broke after week,False,C-1321
E-0007007,2024-10-28,Books,Brand Delta,Karachi,3,353.8,1,boring content,True,C-53
E-0007008,2023-06-25,Books,Brand Gamma,London,4,98.13,1,well written,True,C-1182
E-0007009,2024-10-28,Electronics,Brand Alpha,Lahore,5,104.53,2,highly recommend,True,C-877
E-0007010,2024-12-04,Clothing,Brand Alpha,Karachi,3,157.26,3,comfortable and stylish,True,C-415
E-0007011,2024-12-22,Sports,Brand Delta,Lahore,3,47.65,1,poor durability,True,C-414
E-0007012,2024-06-04,Home,Brand Alpha,Karachi,4,179.01,2,looks premium,True,C-638
E-0007013,2024-07-18,Electronics,Brand Gamma,Dubai,3,145.78,1,excellent quality,True,C-342
E-0007014,2024-06-27,Home,Brand Delta,Karachi,3,393.17,4,cheap materials,True,C-206
E-0007015,2023-08-23,Sports,Brand Gamma,London,3,15.53,3,great for training,True,C-1206
E-0007016,2024-02-02,Electronics,Brand Gamma,Karachi,2,349.99,1,poor build,True,C-963
E-0007017,2023-11-03,Sports,Brand Gamma,New York,2,234.91,3,broke after week,False,C-697
E-0007018,2024-12-16,Beauty,Brand Gamma,New York,3,350.11,1,recommend,False,C-1144
E-0007019,2023-12-20,Home,Brand Gamma,Karachi,4,130.36,3,cheap materials,True,C-404
E-0007020,2023-06-04,Sports,Brand Gamma,Islamabad,3,329.66,1,great for training,True,C-1433
E-0007021,2024-05-05,Beauty,Brand Delta,Islamabad,4,164.51,1,too expensive,True,C-683
E-0007022,2024-04-14,Sports,Brand Alpha,Dubai,4,247.6,1,great for training,True,C-394
E-0007023,2025-01-12,Electronics,Brand Gamma,Dubai,5,301.09,2,battery dies fast,True,C-364
E-0007024,2023-07-02,Books,Brand Delta,New York,2,97.18,5,boring content,True,C-1027
E-0007025,2024-07-14,Beauty,Brand Beta,Karachi,2,279.43,1,skin felt great,True,C-1240
E-0007026,2024-05-30,Books,Brand Beta,London,4,242.83,4,print quality good,True,C-1496
E-0007027,2024-10-03,Home,Brand Gamma,Lahore,3,136.53,1,cheap materials,True,C-301
E-0007028,2023-12-10,Clothing,Brand Alpha,Karachi,2,162.32,2,too small,True,C-1037
E-0007029,2024-07-19,Sports,Brand Beta,Dubai,4,118.86,1,great for training,True,C-207
E-0007030,2024-11-22,Books,Brand Gamma,New York,4,398.81,2,well written,True,C-243
E-0007031,2023-06-05,Books,Brand Gamma,London,3,295.17,1,fast delivery,True,C-271
E-0007032,2024-06-03,Clothing,Brand Delta,Islamabad,2,343.41,2,great value,True,C-229
E-0007033,2023-07-03,Home,Brand Delta,Dubai,4,84.51,2,very useful,True,C-249
E-0007034,2023-09-05,Beauty,Brand Beta,London,3,204.08,1,too expensive,True,C-494
E-0007035,2024-12-31,Home,Brand Gamma,Dubai,3,220.41,3,very useful,True,C-742
E-0007036,2023-07-06,Clothing,Brand Alpha,Lahore,4,101.04,3,nice fabric,True,C-654
E-0007037,2023-09-10,Electronics,Brand Alpha,London,4,390.65,2,disappointed with durability,True,C-851
E-0007038,2023-11-14,Electronics,Brand Alpha,Karachi,4,209.93,1,love it,True,C-980
E-0007039,2024-10-30,Books,Brand Delta,Karachi,3,119.62,1,boring content,True,C-1347
E-0007040,2024-07-31,Beauty,Brand Delta,Dubai,2,170.9,3,recommend,True,C-399
E-0007041,2024-04-28,Clothing,Brand Gamma,New York,5,17.04,1,fits perfectly,True,C-880
E-0007042,2024-04-24,Beauty,Brand Delta,New York,3,285.15,2,skin felt great,True,C-299
E-0007043,2023-12-08,Books,Brand Alpha,Lahore,2,83.23,2,boring content,True,C-1185
E-0007044,2023-08-12,Sports,Brand Beta,Islamabad,2,145.36,3,good grip,True,C-517
E-0007045,2025-01-20,Electronics,Brand Gamma,Islamabad,3,169.92,1,disappointed with durability,False,C-842
E-0007046,2024-02-05,Home,Brand Beta,London,3,380.88,1,cheap materials,True,C-785
E-0007047,2024-01-31,Home,Brand Delta,London,5,364.54,2,very useful,True,C-543
E-0007048,2023-12-10,Sports,Brand Alpha,Lahore,4,132.88,2,poor durability,True,C-507
E-0007049,2024-03-26,Home,Brand Beta,Karachi,4,226.81,3,very useful,False,C-11
E-0007050,2024-03-02,Home,Brand Delta,Islamabad,3,309.93,2,cheap materials,True,C-793
E-0007051,2024-07-27,Electronics,Brand Alpha,Dubai,2,284.85,2,works great,True,C-524
E-0007052,2023-10-11,Home,Brand Alpha,Karachi,3,394.41,1,assembly was hard,True,C-1481
E-0007053,2023-08-28,Clothing,Brand Delta,New York,5,247.7,3,seams came apart,True,C-593
E-0007054,2023-09-20,Beauty,Brand Gamma,London,3,345.97,3,caused irritation,False,C-1406
E-0007055,2024-04-20,Beauty,Brand Beta,Islamabad,5,208.99,2,recommend,True,C-1406
E-0007056,2025-01-09,Sports,Brand Delta,New York,4,394.88,2,poor durability,True,C-173
E-0007057,2024-03-15,Sports,Brand Delta,Dubai,3,261.46,4,broke after week,True,C-904
E-0007058,2024-07-28,Home,Brand Beta,Dubai,3,314.61,3,looks premium,True,C-4
E-0007059,2024-07-14,Clothing,Brand Gamma,Islamabad,3,,2,great value,True,C-842
E-0007060,2024-11-02,Beauty,Brand Delta,London,2,390.08,1,too expensive,True,C-388
E-0007061,2023-08-23,Beauty,Brand Gamma,New York,1,59.46,4,nice scent,True,C-1451
E-0007062,2024-03-11,Clothing,Brand Delta,Islamabad,5,186.71,1,great value,True,C-497
E-0007063,2024-07-15,Clothing,Brand Alpha,New York,2,185.28,1,comfortable and stylish,True,C-1138
E-0007064,2024-11-03,Sports,Brand Alpha,Karachi,5,24.84,2,good grip,True,C-1204
E-0007065,2024-07-13,Home,Brand Alpha,London,4,295.02,1,would buy again,False,C-1386
E-0007066,2024-01-28,Beauty,Brand Gamma,Karachi,3,305.43,2,skin felt great,True,C-828
E-0007067,2024-04-05,Home,Brand Delta,Lahore,4,261.34,2,cheap materials,True,C-782
E-0007068,2024-03-12,Home,Brand Alpha,Islamabad,4,263.27,1,assembly was hard,True,C-1096
E-0007069,2024-10-09,Electronics,Brand Gamma,London,3,72.86,2,love it,True,C-381
E-0007070,2024-03-25,Home,Brand Gamma,Karachi,3,221.03,1,cheap materials,True,C-1009
E-0007071,2023-06-29,Books,Brand Delta,New York,3,253.14,2,informative,True,C-835
E-0007072,2024-12-29,Sports,Brand Gamma,Lahore,4,346.52,2,broke after week,True,C-602
E-0007073,2023-09-14,Sports,Brand Alpha,London,4,357.46,2,great for training,True,C-856
E-0007074,2024-09-04,Sports,Brand Beta,Karachi,4,129.6,1,great for training,True,C-85
E-0007075,2023-12-01,Electronics,Brand Alpha,New York,3,62.15,2,disappointed with durability,True,C-882
E-0007076,2024-09-16,Sports,Brand Alpha,Islamabad,3,397.65,2,poor durability,True,C-1183
E-0007077,2024-04-05,Clothing,Brand Beta,Lahore,2,309.68,2,too small,True,C-829
E-0007078,2023-06-07,Sports,Brand Alpha,Lahore,4,180.64,3,poor durability,False,C-591
E-0007079,2023-09-22,Sports,Brand Gamma,Karachi,5,186.48,1,broke after week,False,C-933
E-0007080,2024-05-22,Sports,Brand Alpha,London,4,51.74,2,broke after week,True,C-764
E-0007081,2023-08-10,Books,Brand Delta,Lahore,4,330.61,1,print quality good,True,C-455
E-0007082,2024-12-27,Books,Brand Delta,London,4,82.68,1,informative,True,C-1241
E-0007083,2024-03-21,Sports,Brand Delta,Dubai,2,125.28,1,good grip,True,C-279
E-0007084,2024-03-30,Clothing,Brand Beta,Karachi,2,254.27,2,great value,True,C-1018
E-0007085,2024-03-03,Clothing,Brand Beta,Karachi,1,218.22,1,comfortable and stylish,True,C-987
E-0007086,2023-10-21,Books,Brand Alpha,Lahore,4,46.96,2,well written,True,C-1154
E-0007087,2024-11-08,Home,Brand Delta,London,2,383.91,2,very useful,False,C-25
E-0007088,2024-12-15,Electronics,Brand Alpha,Karachi,3,66.47,2,disappointed with durability,True,C-1100
E-0007089,2024-06-27,Books,Brand Delta,New York,5,346.87,1,print quality good,True,C-944
E-0007090,2023-09-02,Electronics,Brand Beta,Karachi,5,79.82,4,poor build,True,C-1299
E-0007091,2024-07-28,Beauty,Brand Alpha,Karachi,2,58.04,1,too expensive,False,C-942
E-0007092,2023-11-24,Books,Brand Alpha,Karachi,5,375.38,2,well written,True,C-30
E-0007093,2024-09-16,Beauty,Brand Beta,Islamabad,4,211.02,5,,True,C-433
E-0007094,2023-12-16,Home,Brand Beta,Karachi,3,363.5,3,cheap materials,True,C-311
E-0007095,2023-09-21,Sports,Brand Delta,Karachi,4,318.05,2,broke after week,True,C-330
E-0007096,2024-04-08,Books,Brand Delta,New York,4,145.52,2,well written,True,C-1024
E-0007097,2023-08-20,Home,Brand Delta,London,2,164.39,1,looks premium,True,C-971
E-0007098,2024-06-27,Beauty,Brand Gamma,Islamabad,3,95.33,2,caused irritation,True,C-1342
E-0007099,2023-12-25,Books,Brand Gamma,Karachi,5,86.37,3,,False,C-622
E-0007100,2023-11-02,Sports,Brand Beta,Lahore,4,261.51,3,poor durability,True,C-83
E-0007101,2025-01-11,Sports,Brand Gamma,Karachi,5,235.25,1,broke after week,True,C-111
E-0007102,2024-06-29,Books,Brand Delta,New York,3,219.7,2,boring content,True,C-664
E-0007103,2024-01-18,Books,Brand Delta,Karachi,5,297.6,4,print quality good,True,C-188
E-0007104,2024-12-18,Books,Brand Delta,New York,5,46.03,3,,True,C-713
E-0007105,2023-10-08,Sports,Brand Alpha,New York,3,35.88,1,poor durability,True,C-213
E-0007106,2024-05-05,Books,Brand Delta,London,4,11.57,3,boring content,True,C-263
E-0007107,2024-05-21,Electronics,Brand Beta,Dubai,2,177.31,3,average at best,True,C-1228
E-0007108,2024-02-03,Sports,Brand Delta,Lahore,4,264.89,3,poor durability,True,C-261
E-0007109,2023-12-12,Sports,Brand Gamma,New York,2,80.91,2,good grip,True,C-451
E-0007110,2024-08-21,Beauty,Brand Gamma,Lahore,3,225.72,4,caused irritation,False,C-398
E-0007111,2023-07-01,Home,Brand Beta,Dubai,3,46.66,3,looks premium,False,C-1090
E-0007112,2024-07-14,Electronics,Brand Alpha,Lahore,3,367.54,2,love it,True,C-559
E-0007113,2024-05-10,Sports,Brand Gamma,Islamabad,2,30.02,2,good grip,True,C-1454
E-0007114,2023-10-24,Clothing,Brand Delta,Islamabad,4,240.86,2,seams came apart,True,C-162
E-0007115,2024-01-27,Books,Brand Gamma,Lahore,3,243.32,1,boring content,True,C-30
E-0007116,2023-06-30,Sports,Brand Beta,Dubai,4,339.04,1,poor durability,True,C-1020
E-0007117,2024-05-24,Electronics,Brand Delta,Islamabad,5,244.38,2,average at best,False,C-755
E-0007118,2023-06-21,Sports,Brand Alpha,Karachi,2,179.37,1,poor durability,True,C-1305
E-0007119,2024-06-17,Beauty,Brand Beta,New York,3,254.82,3,caused irritation,True,C-822
E-0007120,2023-09-06,Beauty,Brand Alpha,New York,5,139.21,3,caused irritation,True,C-1414
E-0007121,2023-06-11,Electronics,Brand Delta,New York,3,193.72,3,highly recommend,True,C-489
E-0007122,2024-07-29,Beauty,Brand Beta,Lahore,3,206.5,1,nice scent,True,C-1358
E-0007123,2024-08-19,Beauty,Brand Gamma,London,4,311.82,1,nice scent,True,C-460
E-0007124,2024-01-11,Sports,Brand Beta,Karachi,4,26.06,2,poor durability,True,C-1269
E-0007125,2024-06-13,Clothing,Brand Delta,New York,2,177.75,1,too small,True,C-955
E-0007126,2024-06-04,Sports,Brand Beta,Dubai,2,368.03,3,,True,C-521
E-0007127,2023-11-19,Beauty,Brand Delta,New York,4,272.16,2,too expensive,True,C-998
E-0007128,2023-07-26,Sports,Brand Gamma,Karachi,4,243.88,2,good grip,True,C-100
E-0007129,2024-07-10,Books,Brand Delta,Dubai,4,327.38,2,boring content,True,C-436
E-0007130,2024-02-10,Sports,Brand Alpha,Islamabad,3,186.13,4,broke after week,True,C-732
E-0007131,2024-07-13,Sports,Brand Gamma,Dubai,2,144.2,2,good grip,True,C-1388
E-0007132,2023-07-10,Clothing,Brand Beta,Islamabad,4,223.08,1,color faded after wash,True,C-1111
E-0007133,2024-12-07,Sports,Brand Beta,Lahore,2,241.96,1,broke after week,False,C-1146
E-0007134,2023-10-25,Electronics,Brand Delta,Lahore,3,16.29,1,excellent quality,True,C-343
E-0007135,2024-06-07,Clothing,Brand Delta,Karachi,4,370.61,3,too small,True,C-1016
E-0007136,2024-04-25,Clothing,Brand Gamma,Islamabad,4,,1,too small,True,C-97
E-0007137,2024-04-30,Beauty,Brand Gamma,Karachi,4,272.62,1,skin felt great,False,C-32
E-0007138,2024-01-28,Beauty,Brand Gamma,Lahore,5,196.94,2,caused irritation,False,C-1299
E-0007139,2024-09-16,Electronics,Brand Gamma,Lahore,5,,2,poor build,True,C-75
E-0007140,2024-04-03,Sports,Brand Alpha,Dubai,4,224.66,1,poor durability,True,C-188
E-0007141,2023-12-15,Clothing,Brand Gamma,New York,3,337.38,4,color faded after wash,True,C-1199
E-0007142,2024-12-12,Beauty,Brand Alpha,Dubai,2,308.07,2,nice scent,True,C-450
E-0007143,2023-12-17,Home,Brand Alpha,New York,4,380.25,2,cheap materials,False,C-923
E-0007144,2024-12-29,Beauty,Brand Gamma,London,3,,1,recommend,True,C-875
E-0007145,2023-08-31,Books,Brand Beta,New York,4,195.83,2,boring content,True,C-1229
E-0007146,2023-07-08,Clothing,Brand Gamma,New York,5,83.77,2,seams came apart,True,C-247
E-0007147,2024-04-27,Clothing,Brand Gamma,London,4,201.54,2,fits perfectly,True,C-1038
E-0007148,2023-09-19,Home,Brand Alpha,Karachi,2,77.86,2,looks premium,True,C-578
E-0007149,2024-06-13,Home,Brand Alpha,Lahore,3,281.37,1,looks premium,True,C-558
E-0007150,2024-12-11,Clothing,Brand Delta,Karachi,2,312.04,1,nice fabric,True,C-1024
E-0007151,2023-11-03,Electronics,Brand Delta,New York,4,220.41,1,poor build,True,C-949
E-0007152,2024-12-23,Sports,Brand Beta,Lahore,3,213.01,3,good grip,True,C-253
E-0007153,2024-04-03,Books,Brand Delta,Karachi,3,288.76,3,boring content,True,C-506
E-0007154,2024-03-14,Clothing,Brand Beta,Karachi,5,350.91,4,nice fabric,False,C-1208
E-0007155,2023-12-18,Books,Brand Delta,New York,2,74.18,4,informative,False,C-1455
E-0007156,2024-04-09,Electronics,Brand Alpha,Islamabad,3,19.77,1,love it,True,C-1449
E-0007157,2023-08-23,Beauty,Brand Alpha,Islamabad,3,48.0,4,nice scent,True,C-797
E-0007158,2024-08-24,Electronics,Brand Beta,Dubai,4,159.22,4,works great,True,C-1175
E-0007159,2023-06-02,Sports,Brand Delta,Islamabad,3,204.61,2,broke after week,False,C-1197
E-0007160,2023-07-14,Sports,Brand Delta,Karachi,4,69.27,2,great for training,True,C-1382
E-0007161,2023-09-10,Sports,Brand Delta,New York,4,15.69,4,poor durability,True,C-636
E-0007162,2023-12-26,Books,Brand Delta,London,4,297.99,2,fast delivery,True,C-1058
E-0007163,2023-06-11,Beauty,Brand Gamma,Islamabad,2,340.92,3,skin felt great,True,C-40
E-0007164,2024-02-10,Clothing,Brand Delta,Dubai,4,167.83,3,fits perfectly,True,C-1257
E-0007165,2024-06-02,Electronics,Brand Gamma,London,4,384.33,2,works great,False,C-342
E-0007166,2023-08-17,Clothing,Brand Alpha,Karachi,4,322.17,1,great value,True,C-448
E-0007167,2024-10-17,Home,Brand Alpha,Karachi,3,194.48,2,very useful,True,C-1367
E-0007168,2023-06-16,Books,Brand Gamma,Lahore,4,47.85,2,well written,True,C-950
E-0007169,2024-01-21,Sports,Brand Delta,Karachi,4,297.28,1,poor durability,True,C-96
E-0007170,2024-09-28,Home,Brand Gamma,Islamabad,3,349.66,2,very useful,True,C-505
E-0007171,2023-06-01,Sports,Brand Delta,New York,2,374.67,1,great for training,False,C-661
E-0007172,2024-01-02,Sports,Brand Alpha,Lahore,3,365.09,2,poor durability,True,C-1199
E-0007173,2024-11-15,Electronics,Brand Delta,Lahore,4,208.27,4,poor build,False,C-936
E-0007174,2025-01-15,Beauty,Brand Alpha,Karachi,2,267.44,2,nice scent,True,C-1170
E-0007175,2024-11-18,Beauty,Brand Beta,Karachi,4,340.55,3,caused irritation,True,C-503
E-0007176,2024-07-09,Home,Brand Gamma,Karachi,2,176.72,1,cheap materials,True,C-1326
E-0007177,2023-07-21,Electronics,Brand Beta,Lahore,5,394.71,1,battery dies fast,True,C-744
E-0007178,2024-10-13,Electronics,Brand Alpha,Dubai,3,255.24,3,battery dies fast,True,C-1265
E-0007179,2024-11-30,Beauty,Brand Beta,New York,2,280.46,3,too expensive,True,C-1194
E-0007180,2024-06-22,Electronics,Brand Alpha,Dubai,3,163.71,1,average at best,True,C-1019
E-0007181,2023-10-20,Clothing,Brand Delta,Islamabad,3,367.86,2,color faded after wash,True,C-647
E-0007182,2024-10-25,Clothing,Brand Delta,Dubai,2,126.48,2,color faded after wash,True,C-840
E-0007183,2024-05-27,Books,Brand Beta,Dubai,3,228.76,3,fast delivery,True,C-647
E-0007184,2023-07-14,Electronics,Brand Alpha,Dubai,3,209.88,1,highly recommend,True,C-717
E-0007185,2024-12-23,Beauty,Brand Alpha,Islamabad,4,328.78,1,recommend,True,C-1401
E-0007186,2023-06-20,Books,Brand Beta,New York,3,281.14,2,well written,True,C-1002
E-0007187,2024-07-18,Books,Brand Alpha,Dubai,3,342.59,4,fast delivery,True,C-324
E-0007188,2023-12-07,Beauty,Brand Delta,Lahore,4,28.77,2,nice scent,True,C-1307
E-0007189,2023-09-03,Books,Brand Beta,Dubai,4,220.35,1,print quality good,True,C-1327
E-0007190,2023-10-26,Electronics,Brand Beta,New York,4,62.19,1,love it,True,C-616
E-0007191,2024-12-02,Sports,Brand Gamma,New York,4,377.79,4,broke after week,True,C-1362
E-0007192,2023-08-16,Electronics,Brand Delta,Dubai,5,240.22,2,works great,True,C-794
E-0007193,2024-03-24,Beauty,Brand Delta,New York,1,143.32,2,recommend,False,C-1042
E-0007194,2023-12-10,Home,Brand Alpha,Lahore,3,372.75,1,very useful,True,C-1223
E-0007195,2023-11-14,Beauty,Brand Delta,New York,4,227.35,1,too expensive,True,C-237
E-0007196,2024-11-06,Electronics,Brand Gamma,London,2,337.59,3,poor build,True,C-509
E-0007197,2024-02-27,Beauty,Brand Gamma,Lahore,3,364.87,1,recommend,True,C-1329
E-0007198,2024-02-02,Electronics,Brand Gamma,Dubai,3,270.99,2,average at best,True,C-1489
E-0007199,2023-11-13,Clothing,Brand Delta,Islamabad,2,13.57,1,,True,C-36
E-0007200,2024-07-01,Beauty,Brand Gamma,London,2,12.25,3,skin felt great,True,C-745
E-0007201,2023-09-10,Beauty,Brand Gamma,Lahore,3,68.23,3,too expensive,False,C-942
E-0007202,2024-05-13,Books,Brand Gamma,Karachi,3,373.41,2,boring content,True,C-736
E-0007203,2023-06-05,Books,Brand Delta,Lahore,2,310.74,1,print quality good,True,C-239
E-0007204,2024-06-19,Clothing,Brand Beta,Islamabad,4,137.38,3,too small,True,C-44
E-0007205,2024-10-20,Clothing,Brand Alpha,Dubai,2,248.89,3,great value,True,C-205
E-0007206,2023-12-24,Electronics,Brand Delta,Dubai,4,31.73,1,,True,C-872
E-0007207,2023-09-03,Books,Brand Alpha,Dubai,4,187.78,2,informative,True,C-1302
E-0007208,2024-10-22,Electronics,Brand Delta,Islamabad,3,44.63,1,poor build,True,C-258
E-0007209,2024-12-12,Books,Brand Gamma,Dubai,3,362.34,1,print quality good,True,C-1113
E-0007210,2024-12-16,Home,Brand Alpha,New York,3,311.4,1,,True,C-257
E-0007211,2024-12-08,Clothing,Brand Delta,Islamabad,2,231.93,3,comfortable and stylish,True,C-532
E-0007212,2024-10-08,Beauty,Brand Delta,London,3,85.06,3,nice scent,True,C-1176
E-0007213,2024-09-03,Home,Brand Delta,New York,3,313.03,2,would buy again,True,C-834
E-0007214,2023-07-15,Home,Brand Beta,Lahore,4,173.65,4,cheap materials,True,C-1266
E-0007215,2024-11-29,Beauty,Brand Gamma,Karachi,5,93.43,1,recommend,False,C-6
E-0007216,2024-09-28,Sports,Brand Beta,Dubai,3,161.95,2,great for training,True,C-540
E-0007217,2024-12-25,Clothing,Brand Gamma,New York,5,137.67,4,color faded after wash,False,C-1027
E-0007218,2023-07-27,Books,Brand Gamma,Karachi,3,215.65,1,boring content,True,C-315
E-0007219,2024-06-08,Beauty,Brand Beta,Karachi,4,138.3,5,skin felt great,True,C-827
E-0007220,2023-07-17,Books,Brand Gamma,London,3,222.54,1,well written,True,C-668
E-0007221,2024-02-23,Beauty,Brand Delta,Karachi,4,224.17,1,recommend,True,C-656
E-0007222,2024-08-16,Books,Brand Gamma,Dubai,1,268.7,1,well written,True,C-72
E-0007223,2024-04-15,Beauty,Brand Alpha,New York,3,267.72,1,recommend,True,C-183
E-0007224,2024-04-24,Clothing,Brand Gamma,Karachi,5,26.33,3,,True,C-413
E-0007225,2023-11-10,Home,Brand Gamma,Islamabad,1,265.17,6,cheap materials,False,C-459
E-0007226,2024-08-18,Sports,Brand Alpha,London,5,87.43,1,great for training,True,C-1016
E-0007227,2023-06-11,Books,Brand Gamma,Dubai,4,54.7,2,boring content,True,C-1414
E-0007228,2024-08-26,Books,Brand Gamma,New York,3,190.16,1,fast delivery,True,C-800
E-0007229,2023-07-12,Beauty,Brand Beta,London,5,164.81,3,too expensive,True,C-683
E-0007230,2024-08-07,Home,Brand Delta,Karachi,4,258.39,1,would buy again,True,C-291
E-0007231,2024-06-24,Electronics,Brand Gamma,New York,4,328.65,3,poor build,False,C-161
E-0007232,2024-06-11,Electronics,Brand Gamma,Islamabad,4,170.17,1,disappointed with durability,True,C-423
E-0007233,2023-08-30,Clothing,Brand Gamma,Dubai,2,250.1,4,fits perfectly,True,C-1072
E-0007234,2024-04-20,Sports,Brand Beta,Dubai,3,362.7,2,poor durability,True,C-1379
E-0007235,2023-07-11,Beauty,Brand Delta,New York,3,356.97,1,caused irritation,True,C-1408
E-0007236,2024-12-07,Books,Brand Alpha,Karachi,4,287.12,3,print quality good,True,C-644
E-0007237,2023-10-31,Clothing,Brand Alpha,London,2,115.85,1,great value,True,C-520
E-0007238,2023-12-17,Clothing,Brand Gamma,Lahore,3,18.9,2,color faded after wash,True,C-424
E-0007239,2024-01-22,Clothing,Brand Beta,Islamabad,3,328.02,2,fits perfectly,True,C-677
E-0007240,2024-02-04,Beauty,Brand Gamma,Lahore,4,358.02,3,nice scent,True,C-257
E-0007241,2023-10-10,Electronics,Brand Beta,Lahore,3,90.82,5,,False,C-686
E-0007242,2023-10-24,Electronics,Brand Beta,London,4,193.28,5,battery dies fast,True,C-745
E-0007243,2024-06-06,Sports,Brand Gamma,Lahore,5,175.87,1,poor durability,True,C-777
E-0007244,2023-12-05,Electronics,Brand Delta,Karachi,5,243.9,1,poor build,True,C-811
E-0007245,2024-11-21,Clothing,Brand Delta,Islamabad,2,333.37,2,too small,True,C-942
E-0007246,2024-03-23,Home,Brand Delta,New York,5,348.79,3,would buy again,True,C-492
E-0007247,2024-05-30,Beauty,Brand Delta,Islamabad,3,79.48,2,too expensive,True,C-698
E-0007248,2023-12-10,Beauty,Brand Delta,Islamabad,4,67.62,1,recommend,True,C-1370
E-0007249,2023-12-27,Beauty,Brand Beta,London,4,342.26,2,caused irritation,True,C-582
E-0007250,2023-12-24,Beauty,Brand Delta,New York,4,251.12,2,caused irritation,True,C-425
E-0007251,2024-07-10,Clothing,Brand Alpha,Lahore,2,359.54,2,too small,True,C-970
E-0007252,2024-07-28,Sports,Brand Beta,Islamabad,2,98.62,2,poor durability,False,C-80
E-0007253,2024-07-24,Sports,Brand Beta,Dubai,3,289.87,1,great for training,True,C-809
E-0007254,2024-08-11,Clothing,Brand Gamma,New York,4,43.38,1,fits perfectly,True,C-648
E-0007255,2024-08-03,Beauty,Brand Beta,Lahore,4,32.49,1,skin felt great,True,C-581
E-0007256,2024-08-12,Sports,Brand Alpha,Karachi,2,127.07,3,great for training,True,C-72
E-0007257,2023-07-08,Clothing,Brand Delta,London,3,56.24,3,too small,False,C-943
E-0007258,2024-12-03,Sports,Brand Gamma,Lahore,3,234.93,2,broke after week,False,C-1220
E-0007259,2023-11-05,Electronics,Brand Gamma,New York,1,67.74,3,battery dies fast,True,C-431
E-0007260,2024-05-26,Sports,Brand Beta,Karachi,2,207.89,4,broke after week,True,C-1188
E-0007261,2024-09-25,Beauty,Brand Alpha,Islamabad,3,65.9,4,too expensive,True,C-954
E-0007262,2023-12-06,Home,Brand Delta,Lahore,4,378.17,1,very useful,True,C-1459
E-0007263,2023-06-15,Electronics,Brand Beta,Islamabad,2,173.74,2,works great,True,C-1303
E-0007264,2024-07-09,Home,Brand Delta,Lahore,3,221.1,3,very useful,True,C-819
E-0007265,2024-06-17,Electronics,Brand Gamma,Islamabad,3,37.66,1,battery dies fast,False,C-465
E-0007266,2023-06-06,Sports,Brand Alpha,London,4,124.83,5,good grip,False,C-452
E-0007267,2023-09-25,Books,Brand Gamma,London,5,307.34,2,print quality good,True,C-377
E-0007268,2024-08-04,Books,Brand Delta,New York,4,85.56,4,print quality good,True,C-1230
E-0007269,2024-04-23,Clothing,Brand Delta,Islamabad,3,203.63,2,color faded after wash,True,C-1369
E-0007270,2024-11-30,Beauty,Brand Alpha,New York,2,134.92,1,recommend,False,C-354
E-0007271,2023-12-28,Electronics,Brand Alpha,Islamabad,3,222.1,4,,False,C-674
E-0007272,2024-02-18,Books,Brand Gamma,Dubai,5,314.34,2,print quality good,True,C-1124
E-0007273,2024-08-27,Sports,Brand Delta,London,3,342.02,4,poor durability,True,C-840
E-0007274,2024-11-18,Beauty,Brand Delta,New York,3,60.93,1,nice scent,True,C-1444
E-0007275,2023-10-03,Sports,Brand Beta,London,4,275.16,1,great for training,True,C-601
E-0007276,2024-03-30,Electronics,Brand Delta,Karachi,3,170.03,2,love it,True,C-131
E-0007277,2024-12-23,Home,Brand Beta,Dubai,1,265.25,3,looks premium,True,C-535
E-0007278,2024-06-13,Books,Brand Beta,Dubai,3,108.49,3,fast delivery,True,C-1052
E-0007279,2024-07-06,Books,Brand Alpha,London,2,275.96,3,print quality good,True,C-155
E-0007280,2024-07-30,Home,Brand Gamma,New York,3,316.88,2,assembly was hard,True,C-10
E-0007281,2023-09-25,Beauty,Brand Delta,Lahore,4,151.14,2,nice scent,True,C-936
E-0007282,2023-12-24,Books,Brand Beta,Islamabad,5,143.45,2,fast delivery,False,C-349
E-0007283,2023-07-25,Electronics,Brand Beta,Lahore,3,174.27,2,highly recommend,True,C-1182
E-0007284,2024-11-18,Electronics,Brand Beta,Dubai,2,232.07,3,love it,True,C-545
E-0007285,2024-08-21,Electronics,Brand Beta,Dubai,4,274.57,2,average at best,True,C-329
E-0007286,2023-10-20,Beauty,Brand Delta,Dubai,3,117.46,2,skin felt great,True,C-435
E-0007287,2023-11-04,Home,Brand Gamma,Dubai,4,44.99,2,very useful,True,C-1051
E-0007288,2024-03-09,Clothing,Brand Beta,Dubai,1,312.42,2,too small,True,C-1144
E-0007289,2024-11-22,Home,Brand Gamma,Lahore,4,217.61,2,looks premium,True,C-858
E-0007290,2023-06-04,Books,Brand Beta,Dubai,3,209.17,2,informative,True,C-1044
E-0007291,2023-11-17,Sports,Brand Gamma,London,5,204.83,3,great for training,True,C-544
E-0007292,2023-11-24,Beauty,Brand Delta,Islamabad,5,158.45,2,caused irritation,True,C-352
E-0007293,2025-01-01,Sports,Brand Gamma,New York,2,214.71,1,broke after week,True,C-313
E-0007294,2023-06-27,Books,Brand Beta,Karachi,4,224.72,2,print quality good,True,C-955
E-0007295,2024-09-21,Beauty,Brand Delta,London,4,46.97,1,skin felt great,True,C-147
E-0007296,2023-07-14,Books,Brand Delta,Karachi,4,13.96,1,print quality good,True,C-917
E-0007297,2024-08-02,Clothing,Brand Beta,Lahore,3,325.97,2,too small,True,C-1493
E-0007298,2024-07-02,Home,Brand Beta,Karachi,3,87.51,1,looks premium,True,C-772
E-0007299,2024-02-18,Electronics,Brand Beta,Karachi,4,254.27,2,battery dies fast,True,C-1195
E-0007300,2024-04-04,Sports,Brand Beta,New York,4,120.23,3,poor durability,True,C-382
E-0007301,2024-03-01,Clothing,Brand Gamma,Lahore,2,254.86,2,too small,True,C-26
E-0007302,2024-12-22,Beauty,Brand Delta,Karachi,2,384.78,2,skin felt great,True,C-786
E-0007303,2024-12-12,Home,Brand Alpha,New York,4,119.96,4,would buy again,True,C-235
E-0007304,2024-01-24,Electronics,Brand Alpha,New York,2,320.47,5,disappointed with durability,True,C-1112
E-0007305,2024-01-07,Books,Brand Delta,London,3,285.26,2,boring content,True,C-398
E-0007306,2024-08-17,Electronics,Brand Alpha,Islamabad,3,60.54,1,love it,True,C-279
E-0007307,2024-07-21,Beauty,Brand Gamma,Lahore,3,235.48,2,nice scent,False,C-657
E-0007308,2023-11-21,Electronics,Brand Alpha,Dubai,3,201.27,2,excellent quality,True,C-1492
E-0007309,2024-01-19,Sports,Brand Gamma,Lahore,4,14.12,1,great for training,True,C-1080
E-0007310,2023-07-05,Beauty,Brand Alpha,Islamabad,4,373.7,3,too expensive,True,C-411
E-0007311,2024-03-22,Books,Brand Beta,Islamabad,3,281.19,2,informative,True,C-393
E-0007312,2024-09-06,Beauty,Brand Delta,Dubai,2,263.12,2,nice scent,True,C-989
E-0007313,2024-10-04,Clothing,Brand Delta,Karachi,4,76.85,2,seams came apart,True,C-1150
E-0007314,2024-07-26,Home,Brand Alpha,Islamabad,3,101.0,1,assembly was hard,True,C-710
E-0007315,2023-11-19,Home,Brand Beta,Islamabad,4,330.45,2,cheap materials,True,C-71
E-0007316,2023-10-05,Beauty,Brand Gamma,Dubai,3,23.04,2,too expensive,True,C-1061
E-0007317,2024-07-22,Beauty,Brand Beta,Lahore,1,114.33,2,nice scent,True,C-1419
E-0007318,2023-07-27,Beauty,Brand Beta,Lahore,3,84.68,4,caused irritation,True,C-705
E-0007319,2024-08-23,Electronics,Brand Gamma,Islamabad,4,68.56,3,poor build,True,C-233
E-0007320,2024-09-15,Books,Brand Delta,Dubai,3,165.78,1,print quality good,True,C-238
E-0007321,2024-10-31,Beauty,Brand Gamma,Islamabad,4,300.23,1,recommend,True,C-483
E-0007322,2024-04-12,Home,Brand Alpha,Islamabad,3,205.46,1,looks premium,True,C-972
E-0007323,2024-02-25,Sports,Brand Gamma,New York,3,310.68,2,broke after week,False,C-1262
E-0007324,2023-06-03,Sports,Brand Beta,New York,4,104.45,4,broke after week,True,C-720
E-0007325,2023-09-08,Beauty,Brand Alpha,Islamabad,2,222.45,2,caused irritation,True,C-1172
E-0007326,2024-09-09,Clothing,Brand Delta,Islamabad,4,324.78,1,fits perfectly,True,C-1226
E-0007327,2024-06-08,Electronics,Brand Beta,Lahore,3,34.43,2,poor build,True,C-1295
E-0007328,2025-01-08,Sports,Brand Delta,London,4,81.91,2,broke after week,True,C-129
E-0007329,2023-10-30,Books,Brand Alpha,Dubai,3,135.51,2,fast delivery,True,C-1329
E-0007330,2023-08-07,Clothing,Brand Delta,New York,4,370.51,1,seams came apart,False,C-101
E-0007331,2024-10-21,Sports,Brand Gamma,Lahore,2,287.7,2,poor durability,True,C-1077
E-0007332,2024-08-04,Beauty,Brand Gamma,Dubai,4,105.71,1,nice scent,True,C-915
E-0007333,2023-07-13,Sports,Brand Alpha,Lahore,3,153.34,1,poor durability,True,C-1240
E-0007334,2024-07-15,Sports,Brand Beta,New York,2,307.25,2,great for training,True,C-675
E-0007335,2023-09-20,Electronics,Brand Gamma,Karachi,5,261.36,1,excellent quality,True,C-1141
E-0007336,2023-11-05,Home,Brand Gamma,Lahore,5,229.93,2,assembly was hard,True,C-879
E-0007337,2023-11-07,Clothing,Brand Delta,Karachi,3,41.04,2,comfortable and stylish,False,C-470
E-0007338,2024-08-15,Books,Brand Alpha,Lahore,3,145.21,2,fast delivery,True,C-1076
E-0007339,2023-09-28,Home,Brand Gamma,London,4,201.88,1,cheap materials,True,C-706
E-0007340,2024-04-11,Home,Brand Delta,Karachi,5,72.54,1,would buy again,False,C-353
E-0007341,2024-06-16,Beauty,Brand Delta,London,4,250.39,1,too expensive,False,C-1470
E-0007342,2023-09-27,Books,Brand Gamma,Lahore,3,127.54,3,fast delivery,True,C-1323
E-0007343,2023-11-23,Beauty,Brand Alpha,London,3,243.32,5,skin felt great,True,C-813
E-0007344,2024-11-21,Electronics,Brand Delta,Karachi,4,143.49,1,average at best,True,C-821
E-0007345,2024-03-03,Books,Brand Delta,Dubai,4,34.24,1,well written,True,C-1084
E-0007346,2024-06-10,Electronics,Brand Beta,Lahore,5,272.94,1,works great,True,C-847
E-0007347,2023-07-31,Electronics,Brand Delta,Islamabad,2,322.38,2,love it,True,C-468
E-0007348,2023-12-08,Beauty,Brand Gamma,Karachi,2,68.32,3,nice scent,False,C-1071
E-0007349,2024-05-18,Sports,Brand Alpha,New York,4,26.2,1,good grip,True,C-1289
E-0007350,2023-10-23,Books,Brand Beta,Islamabad,5,121.95,3,boring content,True,C-1014
E-0007351,2024-11-22,Clothing,Brand Delta,London,4,65.49,2,nice fabric,False,C-982
E-0007352,2024-06-13,Sports,Brand Delta,Islamabad,3,226.82,1,broke after week,True,C-525
E-0007353,2024-10-20,Clothing,Brand Beta,Lahore,3,174.0,4,color faded after wash,False,C-6
E-0007354,2024-02-12,Electronics,Brand Beta,Islamabad,1,195.16,2,works great,True,C-120
E-0007355,2023-10-14,Sports,Brand Gamma,Dubai,3,399.36,1,broke after week,True,C-1362
E-0007356,2023-10-13,Sports,Brand Alpha,New York,5,22.31,1,poor durability,True,C-428
E-0007357,2024-09-14,Books,Brand Beta,Dubai,1,310.8,3,fast delivery,True,C-1181
E-0007358,2023-07-16,Sports,Brand Alpha,London,1,24.57,2,great for training,True,C-1439
E-0007359,2024-09-30,Clothing,Brand Alpha,Dubai,4,279.48,1,nice fabric,True,C-526
E-0007360,2023-09-25,Clothing,Brand Delta,London,3,89.29,3,seams came apart,True,C-956
E-0007361,2023-07-28,Books,Brand Alpha,Dubai,2,221.99,1,print quality good,True,C-1068
E-0007362,2024-08-05,Clothing,Brand Beta,Lahore,1,144.49,2,great value,True,C-545
E-0007363,2024-07-04,Books,Brand Gamma,Lahore,5,79.92,1,well written,True,C-230
E-0007364,2023-08-09,Sports,Brand Beta,Karachi,5,294.23,1,poor durability,True,C-1442
E-0007365,2024-02-24,Beauty,Brand Beta,Islamabad,5,47.42,2,nice scent,True,C-149
E-0007366,2023-10-12,Home,Brand Gamma,London,3,327.31,2,cheap materials,True,C-858
E-0007367,2024-07-12,Clothing,Brand Delta,Lahore,5,366.38,4,nice fabric,True,C-917
E-0007368,2024-08-20,Beauty,Brand Beta,London,3,27.77,1,nice scent,True,C-662
E-0007369,2024-02-19,Sports,Brand Delta,Lahore,4,269.61,2,good grip,False,C-786
E-0007370,2023-08-31,Clothing,Brand Delta,New York,5,336.56,1,great value,True,C-240
E-0007371,2024-05-17,Electronics,Brand Alpha,Lahore,2,314.49,4,disappointed with durability,False,C-1222
E-0007372,2024-04-27,Beauty,Brand Gamma,London,3,370.41,4,caused irritation,True,C-1241
E-0007373,2023-08-09,Home,Brand Beta,London,5,229.83,2,assembly was hard,True,C-312
E-0007374,2024-12-29,Books,Brand Alpha,New York,4,339.94,3,informative,False,C-1456
E-0007375,2023-08-20,Sports,Brand Gamma,Dubai,4,399.49,3,good grip,True,C-734
E-0007376,2023-12-08,Sports,Brand Beta,London,2,291.62,2,poor durability,True,C-806
E-0007377,2023-08-15,Books,Brand Alpha,Dubai,4,334.83,2,,True,C-313
E-0007378,2023-06-23,Sports,Brand Beta,Islamabad,3,293.79,2,good grip,True,C-246
E-0007379,2024-02-26,Books,Brand Beta,Islamabad,3,307.6,2,print quality good,True,C-420
E-0007380,2023-08-22,Home,Brand Beta,London,2,115.83,2,assembly was hard,True,C-1040
E-0007381,2024-07-31,Books,Brand Alpha,Dubai,4,386.76,3,well written,True,C-1306
E-0007382,2024-07-01,Sports,Brand Delta,London,2,101.17,1,broke after week,True,C-647
E-0007383,2023-12-29,Beauty,Brand Beta,Lahore,3,152.48,2,recommend,True,C-266
E-0007384,2024-01-30,Beauty,Brand Gamma,Lahore,3,125.77,2,nice scent,False,C-882
E-0007385,2024-08-28,Clothing,Brand Beta,Dubai,3,101.52,1,too small,True,C-112
E-0007386,2023-10-03,Home,Brand Delta,Karachi,4,13.32,2,looks premium,True,C-1293
E-0007387,2024-11-07,Books,Brand Gamma,New York,4,75.62,2,boring content,False,C-536
E-0007388,2023-11-18,Home,Brand Gamma,Karachi,3,106.48,3,looks premium,True,C-584
E-0007389,2025-01-04,Beauty,Brand Gamma,Karachi,3,162.85,3,recommend,True,C-1152
E-0007390,2023-06-15,Books,Brand Gamma,Karachi,1,96.93,2,well written,True,C-831
E-0007391,2023-08-20,Electronics,Brand Gamma,Karachi,3,179.79,2,love it,True,C-26
E-0007392,2023-08-09,Electronics,Brand Delta,New York,3,195.69,1,highly recommend,True,C-707
E-0007393,2023-12-18,Beauty,Brand Beta,New York,3,238.06,1,too expensive,True,C-922
E-0007394,2024-08-15,Electronics,Brand Gamma,Lahore,4,365.7,2,disappointed with durability,True,C-1331
E-0007395,2024-04-07,Books,Brand Gamma,London,2,363.15,1,print quality good,True,C-305
E-0007396,2024-02-19,Clothing,Brand Delta,Lahore,5,180.37,1,color faded after wash,True,C-1232
E-0007397,2024-03-24,Electronics,Brand Gamma,Lahore,3,350.89,3,average at best,False,C-451
E-0007398,2024-07-24,Books,Brand Gamma,Lahore,3,43.53,1,print quality good,True,C-1313
E-0007399,2024-02-28,Beauty,Brand Beta,London,3,82.25,2,recommend,True,C-1371
E-0007400,2023-06-01,Clothing,Brand Gamma,New York,4,54.75,1,color faded after wash,False,C-1312
E-0007401,2023-06-04,Books,Brand Beta,Dubai,4,293.7,1,well written,True,C-1117
E-0007402,2024-04-08,Clothing,Brand Alpha,Islamabad,5,83.7,1,nice fabric,False,C-466
E-0007403,2024-09-30,Electronics,Brand Beta,Islamabad,5,52.99,3,disappointed with durability,True,C-1235
E-0007404,2024-12-27,Books,Brand Delta,Dubai,4,247.54,2,fast delivery,True,C-1333
E-0007405,2024-11-22,Home,Brand Gamma,London,3,12.64,3,looks premium,True,C-1412
E-0007406,2023-06-16,Beauty,Brand Beta,New York,3,120.16,3,caused irritation,True,C-637
E-0007407,2023-07-08,Beauty,Brand Alpha,Dubai,4,261.02,1,nice scent,True,C-1496
E-0007408,2024-01-17,Clothing,Brand Beta,Lahore,5,226.18,2,comfortable and stylish,True,C-220
E-0007409,2024-03-29,Beauty,Brand Gamma,London,2,73.37,3,recommend,True,C-1143
E-0007410,2024-11-20,Beauty,Brand Delta,Dubai,2,61.8,1,too expensive,True,C-872
E-0007411,2024-12-17,Home,Brand Gamma,Lahore,4,146.46,1,assembly was hard,True,C-456
E-0007412,2024-09-19,Clothing,Brand Gamma,New York,2,311.19,3,comfortable and stylish,True,C-1106
E-0007413,2024-11-01,Beauty,Brand Beta,London,4,30.24,3,skin felt great,True,C-454
E-0007414,2023-10-10,Clothing,Brand Beta,New York,2,121.53,2,comfortable and stylish,True,C-897
E-0007415,2024-10-16,Clothing,Brand Gamma,Lahore,2,34.39,2,fits perfectly,False,C-683
E-0007416,2024-07-08,Books,Brand Beta,Karachi,3,319.05,2,informative,True,C-613
E-0007417,2024-04-18,Beauty,Brand Alpha,Dubai,4,88.44,2,skin felt great,True,C-393
E-0007418,2024-09-26,Books,Brand Delta,London,3,100.64,3,informative,True,C-1379
E-0007419,2024-12-27,Home,Brand Beta,Karachi,3,118.48,3,assembly was hard,True,C-1183
E-0007420,2024-03-12,Clothing,Brand Beta,London,2,74.18,1,fits perfectly,False,C-759
E-0007421,2023-07-21,Home,Brand Alpha,Dubai,3,230.91,1,would buy again,True,C-661
E-0007422,2023-09-08,Home,Brand Beta,New York,2,155.68,1,cheap materials,True,C-602
E-0007423,2024-09-17,Clothing,Brand Delta,Dubai,4,135.13,3,great value,True,C-1226
E-0007424,2024-09-28,Books,Brand Delta,Islamabad,1,387.9,3,informative,True,C-1265
E-0007425,2025-01-02,Sports,Brand Gamma,Lahore,5,372.29,2,great for training,True,C-207
E-0007426,2023-11-13,Electronics,Brand Gamma,Dubai,4,396.21,3,love it,True,C-117
E-0007427,2023-07-07,Beauty,Brand Delta,Islamabad,2,200.5,3,skin felt great,True,C-635
E-0007428,2024-07-31,Home,Brand Delta,London,3,231.0,2,cheap materials,True,C-217
E-0007429,2024-04-04,Sports,Brand Alpha,Islamabad,4,198.92,1,great for training,True,C-229
E-0007430,2024-09-15,Books,Brand Alpha,Lahore,3,326.03,4,informative,True,C-1076
E-0007431,2024-10-20,Home,Brand Alpha,London,3,285.84,4,looks premium,False,C-1011
E-0007432,2023-08-09,Home,Brand Alpha,New York,4,41.58,3,very useful,True,C-268
E-0007433,2023-12-08,Home,Brand Gamma,Islamabad,3,286.04,1,assembly was hard,True,C-1081
E-0007434,2024-11-14,Sports,Brand Gamma,Dubai,2,249.42,4,poor durability,True,C-582
E-0007435,2024-08-31,Books,Brand Delta,Islamabad,3,225.58,2,fast delivery,True,C-647
E-0007436,2023-08-20,Sports,Brand Delta,New York,3,397.01,1,broke after week,False,C-254
E-0007437,2023-08-21,Books,Brand Beta,Lahore,5,149.11,2,fast delivery,True,C-1378
E-0007438,2024-10-23,Home,Brand Alpha,Karachi,2,397.28,1,assembly was hard,True,C-912
E-0007439,2024-12-30,Clothing,Brand Gamma,Islamabad,3,83.83,2,fits perfectly,True,C-143
E-0007440,2023-07-11,Beauty,Brand Alpha,Dubai,2,282.56,3,recommend,True,C-1391
E-0007441,2023-09-22,Books,Brand Gamma,Dubai,3,274.63,1,print quality good,True,C-530
E-0007442,2023-06-30,Electronics,Brand Alpha,Islamabad,2,23.32,2,battery dies fast,True,C-534
E-0007443,2024-09-13,Home,Brand Delta,London,2,159.75,5,cheap materials,True,C-61
E-0007444,2024-02-26,Beauty,Brand Alpha,London,5,305.12,1,too expensive,False,C-1093
E-0007445,2024-04-17,Clothing,Brand Beta,Islamabad,4,30.4,3,too small,True,C-482
E-0007446,2024-09-30,Sports,Brand Delta,Lahore,3,80.28,2,good grip,True,C-81
E-0007447,2023-09-19,Electronics,Brand Delta,Karachi,4,238.53,3,highly recommend,True,C-59
E-0007448,2023-07-26,Books,Brand Gamma,Islamabad,3,269.17,2,boring content,True,C-990
E-0007449,2023-10-25,Electronics,Brand Alpha,New York,5,347.64,2,excellent quality,True,C-237
E-0007450,2024-12-30,Books,Brand Gamma,London,2,115.64,3,informative,False,C-1097
E-0007451,2024-02-22,Books,Brand Alpha,Islamabad,5,354.51,2,well written,True,C-507
E-0007452,2024-02-15,Sports,Brand Beta,Lahore,2,383.3,2,poor durability,True,C-1230
E-0007453,2024-05-15,Sports,Brand Beta,Dubai,2,345.44,4,good grip,True,C-188
E-0007454,2024-08-22,Beauty,Brand Gamma,Islamabad,4,299.0,1,too expensive,True,C-477
E-0007455,2024-01-10,Sports,Brand Alpha,London,4,110.99,2,broke after week,True,C-885
E-0007456,2023-09-16,Home,Brand Gamma,Lahore,5,363.25,1,cheap materials,True,C-43
E-0007457,2023-10-28,Sports,Brand Beta,Karachi,2,307.34,1,poor durability,True,C-772
E-0007458,2023-09-09,Sports,Brand Delta,New York,2,195.74,5,broke after week,True,C-1436
E-0007459,2024-02-27,Sports,Brand Gamma,London,2,307.18,3,broke after week,True,C-1271
E-0007460,2024-07-26,Books,Brand Gamma,Dubai,1,364.91,3,informative,True,C-1041
E-0007461,2024-12-03,Clothing,Brand Gamma,Islamabad,5,69.72,4,great value,False,C-788
E-0007462,2023-06-05,Sports,Brand Beta,Lahore,5,328.57,1,broke after week,True,C-758
E-0007463,2024-09-04,Books,Brand Delta,London,4,57.08,2,informative,True,C-1020
E-0007464,2024-03-29,Beauty,Brand Delta,Karachi,4,97.3,2,too expensive,True,C-1491
E-0007465,2024-07-19,Home,Brand Alpha,London,2,379.18,3,very useful,True,C-576
E-0007466,2023-07-29,Books,Brand Delta,Lahore,2,327.37,2,print quality good,True,C-947
E-0007467,2025-01-06,Clothing,Brand Beta,Dubai,2,303.65,3,fits perfectly,False,C-327
E-0007468,2023-07-09,Clothing,Brand Delta,Dubai,4,248.35,1,nice fabric,True,C-1236
E-0007469,2024-12-06,Electronics,Brand Gamma,Dubai,4,40.32,1,works great,True,C-157
E-0007470,2023-09-28,Sports,Brand Delta,Karachi,2,209.98,1,poor durability,True,C-844
E-0007471,2024-01-27,Home,Brand Delta,Karachi,4,300.93,2,very useful,True,C-1109
E-0007472,2023-10-18,Beauty,Brand Alpha,Islamabad,1,340.09,1,recommend,True,C-1075
E-0007473,2024-10-16,Home,Brand Delta,London,4,119.25,4,looks premium,True,C-512
E-0007474,2024-11-28,Home,Brand Beta,Karachi,5,302.98,3,would buy again,True,C-385
E-0007475,2024-06-13,Sports,Brand Alpha,New York,3,398.68,1,broke after week,True,C-909
E-0007476,2024-03-24,Beauty,Brand Gamma,Islamabad,3,253.62,2,recommend,False,C-1087
E-0007477,2024-03-16,Electronics,Brand Gamma,Lahore,4,295.77,3,poor build,True,C-333
E-0007478,2023-12-23,Clothing,Brand Delta,New York,4,45.82,1,nice fabric,True,C-163
E-0007479,2023-09-30,Electronics,Brand Gamma,New York,3,66.25,3,excellent quality,True,C-619
E-0007480,2024-03-27,Books,Brand Beta,London,3,150.3,1,well written,True,C-645
E-0007481,2023-07-06,Home,Brand Alpha,Islamabad,3,350.3,1,very useful,True,C-1371
E-0007482,2024-10-17,Sports,Brand Alpha,Lahore,5,368.36,4,,True,C-45
E-0007483,2024-04-02,Sports,Brand Gamma,Dubai,2,69.8,2,great for training,True,C-310
E-0007484,2023-12-06,Home,Brand Beta,Lahore,4,130.63,3,assembly was hard,True,C-1291
E-0007485,2023-07-28,Books,Brand Gamma,Dubai,5,319.67,2,well written,True,C-1072
E-0007486,2024-06-22,Electronics,Brand Beta,London,3,42.01,2,excellent quality,True,C-1027
E-0007487,2024-03-11,Home,Brand Gamma,Islamabad,4,88.05,2,cheap materials,True,C-274
E-0007488,2024-04-18,Beauty,Brand Beta,Lahore,4,268.46,2,caused irritation,True,C-168
E-0007489,2023-06-07,Home,Brand Alpha,London,3,107.11,1,looks premium,True,C-65
E-0007490,2023-12-07,Beauty,Brand Gamma,Karachi,4,321.75,1,skin felt great,True,C-433
E-0007491,2024-10-06,Clothing,Brand Gamma,Islamabad,2,205.24,3,great value,True,C-264
E-0007492,2024-07-06,Books,Brand Delta,New York,5,213.05,1,boring content,True,C-414
E-0007493,2024-05-31,Sports,Brand Beta,Karachi,4,109.83,2,broke after week,True,C-579
E-0007494,2024-01-29,Sports,Brand Alpha,New York,3,251.04,3,poor durability,False,C-1396
E-0007495,2023-08-12,Electronics,Brand Delta,Islamabad,3,273.11,1,love it,True,C-724
E-0007496,2024-07-17,Books,Brand Delta,Lahore,5,246.63,2,fast delivery,True,C-144
E-0007497,2023-12-16,Sports,Brand Alpha,Lahore,4,77.07,2,broke after week,True,C-1310
E-0007498,2024-12-27,Beauty,Brand Alpha,New York,4,224.91,2,recommend,True,C-1418
E-0007499,2023-06-02,Beauty,Brand Beta,Lahore,3,69.76,2,recommend,True,C-53
E-0007500,2024-02-01,Books,Brand Beta,Islamabad,2,58.56,3,boring content,True,C-76
E-0007501,2024-10-14,Clothing,Brand Alpha,Dubai,3,30.61,2,color faded after wash,True,C-29
E-0007502,2024-12-26,Books,Brand Alpha,New York,2,377.02,1,boring content,True,C-284
E-0007503,2024-06-08,Books,Brand Alpha,Karachi,5,352.09,2,fast delivery,False,C-818
E-0007504,2025-01-19,Clothing,Brand Alpha,Dubai,2,193.55,2,fits perfectly,True,C-217
E-0007505,2024-02-17,Beauty,Brand Gamma,London,4,25.5,3,nice scent,True,C-1297
E-0007506,2023-11-01,Home,Brand Beta,Islamabad,3,260.83,4,would buy again,True,C-713
E-0007507,2024-01-25,Books,Brand Beta,Karachi,3,53.45,6,fast delivery,True,C-965
E-0007508,2023-07-14,Home,Brand Gamma,Lahore,4,189.85,4,very useful,True,C-920
E-0007509,2024-01-13,Sports,Brand Beta,Karachi,3,286.27,2,good grip,True,C-668
E-0007510,2023-08-18,Books,Brand Alpha,London,3,367.67,1,fast delivery,True,C-18
E-0007511,2025-01-07,Electronics,Brand Alpha,Lahore,4,146.92,2,disappointed with durability,True,C-334
E-0007512,2024-09-17,Home,Brand Alpha,Lahore,3,,1,looks premium,True,C-22
E-0007513,2024-09-14,Books,Brand Delta,London,2,201.9,1,well written,True,C-1422
E-0007514,2024-05-01,Sports,Brand Alpha,New York,3,82.96,2,great for training,True,C-1116
E-0007515,2023-06-23,Beauty,Brand Delta,New York,5,305.81,4,recommend,True,C-798
E-0007516,2023-08-16,Home,Brand Delta,Lahore,5,36.49,3,would buy again,True,C-1060
E-0007517,2024-08-25,Books,Brand Delta,London,5,283.39,2,informative,False,C-155
E-0007518,2023-06-06,Home,Brand Delta,Islamabad,4,376.38,2,would buy again,True,C-92
E-0007519,2024-11-05,Sports,Brand Gamma,Lahore,5,124.36,1,broke after week,True,C-1347
E-0007520,2024-06-04,Home,Brand Gamma,London,2,318.88,2,looks premium,True,C-1315
E-0007521,2024-07-05,Sports,Brand Beta,Islamabad,5,398.28,2,great for training,True,C-1311
E-0007522,2023-06-04,Home,Brand Gamma,Lahore,3,228.71,2,would buy again,True,C-1272
E-0007523,2024-06-20,Clothing,Brand Alpha,London,2,393.33,1,fits perfectly,True,C-857
E-0007524,2023-10-23,Electronics,Brand Gamma,New York,4,66.1,2,disappointed with durability,True,C-262
E-0007525,2023-06-23,Home,Brand Beta,Dubai,2,54.09,1,would buy again,True,C-565
E-0007526,2024-08-16,Books,Brand Delta,Karachi,2,324.02,4,boring content,True,C-976
E-0007527,2023-12-23,Beauty,Brand Beta,Islamabad,3,263.64,2,recommend,True,C-469
E-0007528,2023-09-30,Books,Brand Beta,Islamabad,5,45.56,1,well written,True,C-1145
E-0007529,2023-12-20,Sports,Brand Delta,Karachi,5,176.48,2,broke after week,True,C-1307
E-0007530,2024-06-11,Electronics,Brand Alpha,New York,3,54.07,5,average at best,True,C-1280
E-0007531,2024-06-27,Home,Brand Alpha,London,3,214.91,1,cheap materials,True,C-942
E-0007532,2023-06-27,Home,Brand Beta,Islamabad,3,34.09,2,cheap materials,True,C-734
E-0007533,2024-04-11,Sports,Brand Delta,New York,2,212.79,2,good grip,False,C-1305
E-0007534,2024-11-25,Sports,Brand Beta,Lahore,3,315.93,3,poor durability,True,C-24
E-0007535,2023-09-20,Sports,Brand Beta,Islamabad,5,203.72,4,broke after week,False,C-1435
E-0007536,2023-09-12,Beauty,Brand Delta,New York,3,280.27,2,recommend,True,C-448
E-0007537,2024-01-21,Electronics,Brand Gamma,London,5,330.1,1,average at best,True,C-547
E-0007538,2024-03-30,Home,Brand Gamma,Lahore,5,331.28,2,would buy again,True,C-382
E-0007539,2025-01-02,Electronics,Brand Alpha,New York,3,149.81,2,highly recommend,True,C-1080
E-0007540,2024-04-19,Sports,Brand Delta,London,5,381.35,2,broke after week,True,C-187
E-0007541,2023-12-21,Electronics,Brand Delta,New York,2,273.09,4,highly recommend,True,C-1464
E-0007542,2024-04-21,Clothing,Brand Delta,New York,4,126.03,2,too small,True,C-111
E-0007543,2024-11-05,Electronics,Brand Delta,Dubai,3,275.15,3,average at best,True,C-32
E-0007544,2023-06-21,Home,Brand Beta,London,3,325.32,2,very useful,True,C-151
E-0007545,2024-01-11,Home,Brand Beta,Islamabad,4,146.39,1,would buy again,False,C-1429
E-0007546,2025-01-14,Clothing,Brand Beta,London,4,157.88,1,fits perfectly,True,C-230
E-0007547,2023-08-14,Sports,Brand Beta,New York,4,216.06,2,poor durability,True,C-1048
E-0007548,2023-08-11,Home,Brand Gamma,Dubai,5,14.23,3,looks premium,True,C-430
E-0007549,2024-06-26,Home,Brand Gamma,Lahore,3,318.5,2,very useful,True,C-284
E-0007550,2024-11-04,Books,Brand Alpha,Lahore,1,28.36,1,well written,True,C-1459
E-0007551,2024-03-17,Clothing,Brand Alpha,London,4,213.94,1,great value,True,C-780
E-0007552,2024-01-03,Books,Brand Gamma,Islamabad,3,185.65,3,boring content,True,C-1148
E-0007553,2023-10-18,Clothing,Brand Gamma,Karachi,3,142.18,3,great value,True,C-1104
E-0007554,2024-06-19,Beauty,Brand Beta,Islamabad,4,106.26,4,caused irritation,True,C-488
E-0007555,2024-04-18,Sports,Brand Alpha,London,2,219.12,1,,True,C-613
E-0007556,2023-06-21,Home,Brand Beta,Islamabad,2,125.56,1,very useful,True,C-1079
E-0007557,2023-07-04,Beauty,Brand Gamma,Islamabad,3,104.59,1,skin felt great,True,C-458
E-0007558,2024-10-08,Electronics,Brand Beta,New York,2,346.06,1,poor build,True,C-1074
E-0007559,2023-09-10,Electronics,Brand Gamma,Islamabad,3,191.51,1,excellent quality,True,C-530
E-0007560,2024-09-11,Clothing,Brand Delta,Islamabad,2,393.77,3,nice fabric,True,C-26
E-0007561,2024-11-12,Books,Brand Delta,New York,1,91.42,4,well written,True,C-1489
E-0007562,2024-05-01,Sports,Brand Gamma,Karachi,5,115.24,1,great for training,True,C-856
E-0007563,2024-07-04,Home,Brand Alpha,London,5,63.13,1,cheap materials,True,C-1341
E-0007564,2024-05-10,Beauty,Brand Beta,New York,3,20.88,2,nice scent,True,C-1224
E-0007565,2023-11-28,Clothing,Brand Beta,Dubai,3,194.89,2,fits perfectly,True,C-718
E-0007566,2024-12-08,Books,Brand Gamma,New York,4,103.81,1,fast delivery,True,C-190
E-0007567,2024-06-21,Electronics,Brand Gamma,Islamabad,4,155.39,3,poor build,True,C-961
E-0007568,2024-08-19,Home,Brand Beta,London,3,119.69,1,cheap materials,True,C-1200
E-0007569,2024-05-20,Clothing,Brand Alpha,Lahore,5,326.43,4,too small,False,C-1214
E-0007570,2023-07-27,Books,Brand Delta,New York,3,75.15,2,boring content,True,C-871
E-0007571,2024-04-24,Electronics,Brand Gamma,London,2,22.15,3,disappointed with durability,True,C-1126
E-0007572,2025-01-02,Clothing,Brand Alpha,Karachi,3,108.65,1,great value,True,C-1162
E-0007573,2023-07-19,Electronics,Brand Gamma,Karachi,3,350.02,3,works great,True,C-40
E-0007574,2024-12-30,Sports,Brand Alpha,Islamabad,3,266.52,1,broke after week,True,C-979
E-0007575,2024-04-06,Books,Brand Gamma,Lahore,2,223.65,2,fast delivery,True,C-914
E-0007576,2024-08-09,Electronics,Brand Delta,London,1,127.65,1,average at best,True,C-60
E-0007577,2024-03-20,Sports,Brand Gamma,London,5,185.37,2,good grip,False,C-395
E-0007578,2024-11-08,Books,Brand Delta,New York,3,287.34,3,print quality good,True,C-664
E-0007579,2024-07-29,Sports,Brand Delta,New York,4,286.0,4,poor durability,True,C-501
E-0007580,2024-05-25,Sports,Brand Beta,New York,3,378.03,2,,True,C-989
E-0007581,2023-08-04,Home,Brand Beta,Dubai,4,137.91,2,looks premium,True,C-1199
E-0007582,2024-05-13,Sports,Brand Alpha,Lahore,3,73.11,2,poor durability,True,C-24
E-0007583,2023-06-11,Beauty,Brand Gamma,London,4,372.61,1,caused irritation,False,C-1349
E-0007584,2024-08-17,Clothing,Brand Beta,Karachi,2,353.06,1,fits perfectly,True,C-901
E-0007585,2024-07-30,Home,Brand Gamma,New York,3,344.93,3,cheap materials,False,C-566
E-0007586,2023-06-10,Clothing,Brand Gamma,Islamabad,3,101.94,2,comfortable and stylish,True,C-238
E-0007587,2024-07-23,Clothing,Brand Delta,New York,4,104.94,2,seams came apart,True,C-612
E-0007588,2023-10-20,Beauty,Brand Beta,Karachi,3,316.43,2,too expensive,True,C-548
E-0007589,2023-07-29,Electronics,Brand Alpha,New York,5,378.76,2,battery dies fast,True,C-1224
E-0007590,2023-11-21,Sports,Brand Delta,Islamabad,3,214.05,2,good grip,True,C-514
E-0007591,2024-07-18,Sports,Brand Delta,Lahore,4,116.89,2,good grip,True,C-1030
E-0007592,2023-07-12,Home,Brand Beta,Islamabad,3,312.95,3,cheap materials,True,C-235
E-0007593,2024-04-19,Sports,Brand Gamma,London,5,108.26,2,poor durability,True,C-456
E-0007594,2023-11-14,Books,Brand Delta,Islamabad,4,177.26,1,fast delivery,True,C-1204
E-0007595,2024-04-30,Electronics,Brand Gamma,Lahore,4,345.37,3,works great,True,C-997
E-0007596,2024-10-09,Books,Brand Gamma,Dubai,2,266.85,1,informative,True,C-110
E-0007597,2023-11-07,Clothing,Brand Beta,Islamabad,4,125.83,1,nice fabric,True,C-679
E-0007598,2023-09-05,Home,Brand Gamma,Dubai,3,141.01,1,cheap materials,True,C-610
E-0007599,2023-06-15,Sports,Brand Delta,Karachi,2,380.6,4,great for training,True,C-1095
E-0007600,2024-08-22,Electronics,Brand Alpha,London,3,366.84,2,poor build,True,C-316
E-0007601,2024-05-07,Home,Brand Alpha,Lahore,2,137.93,2,would buy again,True,C-872
E-0007602,2023-07-07,Electronics,Brand Beta,New York,2,128.83,4,average at best,True,C-1167
E-0007603,2024-03-31,Beauty,Brand Delta,Lahore,4,329.06,6,skin felt great,True,C-595
E-0007604,2023-12-07,Sports,Brand Delta,Islamabad,4,288.56,2,poor durability,True,C-136
E-0007605,2023-11-04,Sports,Brand Beta,Karachi,2,197.74,4,broke after week,True,C-1256
E-0007606,2024-03-28,Sports,Brand Delta,Karachi,5,128.82,2,,True,C-874
E-0007607,2023-07-18,Sports,Brand Beta,Lahore,3,201.61,2,good grip,True,C-1253
E-0007608,2024-09-21,Clothing,Brand Beta,Dubai,3,123.55,3,too small,True,C-389
E-0007609,2024-08-20,Clothing,Brand Alpha,Karachi,4,354.06,1,color faded after wash,True,C-923
E-0007610,2024-06-15,Books,Brand Alpha,Lahore,4,137.1,4,informative,True,C-1162
E-0007611,2024-03-01,Clothing,Brand Alpha,Lahore,5,36.46,2,fits perfectly,True,C-869
E-0007612,2024-11-17,Clothing,Brand Gamma,Islamabad,3,359.88,2,fits perfectly,True,C-158
E-0007613,2025-01-02,Sports,Brand Alpha,Karachi,4,38.8,2,great for training,True,C-1263
E-0007614,2024-05-22,Electronics,Brand Gamma,Lahore,3,81.3,1,highly recommend,False,C-1067
E-0007615,2023-09-23,Sports,Brand Beta,London,5,232.72,2,broke after week,False,C-859
E-0007616,2024-09-18,Clothing,Brand Gamma,Karachi,4,261.65,3,comfortable and stylish,True,C-930
E-0007617,2024-01-06,Home,Brand Alpha,New York,4,13.8,2,would buy again,False,C-248
E-0007618,2023-11-12,Home,Brand Alpha,Islamabad,3,238.29,2,very useful,True,C-1448
E-0007619,2024-08-27,Sports,Brand Beta,Islamabad,3,319.69,2,good grip,True,C-1424
E-0007620,2023-06-11,Home,Brand Beta,Karachi,2,109.31,2,cheap materials,True,C-764
E-0007621,2024-01-23,Sports,Brand Delta,London,4,156.49,1,good grip,True,C-366
E-0007622,2023-10-31,Clothing,Brand Alpha,Karachi,2,387.67,2,too small,True,C-1137
E-0007623,2024-08-11,Beauty,Brand Alpha,Lahore,2,354.29,1,recommend,True,C-1445
E-0007624,2024-11-15,Beauty,Brand Gamma,Islamabad,4,393.57,1,caused irritation,True,C-1199
E-0007625,2023-09-14,Home,Brand Gamma,New York,5,71.81,2,assembly was hard,True,C-1235
E-0007626,2024-08-22,Books,Brand Beta,Dubai,2,158.45,2,print quality good,True,C-787
E-0007627,2024-03-26,Clothing,Brand Beta,Islamabad,4,336.4,1,seams came apart,True,C-717
E-0007628,2023-07-29,Electronics,Brand Beta,Lahore,4,354.73,1,battery dies fast,True,C-267
E-0007629,2023-07-13,Electronics,Brand Beta,Islamabad,4,,2,love it,False,C-1343
E-0007630,2024-09-30,Books,Brand Beta,Dubai,3,132.93,1,print quality good,True,C-105
E-0007631,2024-12-14,Clothing,Brand Delta,Dubai,5,39.79,2,seams came apart,True,C-914
E-0007632,2024-06-04,Beauty,Brand Gamma,London,4,292.73,2,nice scent,True,C-1217
E-0007633,2024-08-02,Beauty,Brand Gamma,Dubai,4,185.41,4,too expensive,True,C-904
E-0007634,2023-10-21,Electronics,Brand Gamma,Dubai,1,237.97,3,battery dies fast,True,C-776
E-0007635,2024-07-04,Sports,Brand Beta,New York,2,73.52,2,great for training,True,C-573
E-0007636,2024-10-28,Beauty,Brand Alpha,London,5,243.39,3,nice scent,True,C-596
E-0007637,2024-09-13,Beauty,Brand Delta,Dubai,2,387.4,2,too expensive,True,C-1282
E-0007638,2024-10-02,Books,Brand Alpha,Karachi,3,22.52,1,fast delivery,True,C-446
E-0007639,2024-06-22,Clothing,Brand Alpha,Islamabad,2,250.59,3,seams came apart,True,C-400
E-0007640,2024-08-19,Sports,Brand Gamma,Dubai,4,86.15,4,broke after week,True,C-251
E-0007641,2023-10-03,Home,Brand Beta,Karachi,4,379.85,3,would buy again,True,C-1331
E-0007642,2024-08-29,Sports,Brand Alpha,Karachi,4,303.35,2,broke after week,True,C-754
E-0007643,2024-11-28,Electronics,Brand Alpha,Islamabad,4,397.52,2,disappointed with durability,True,C-1089
E-0007644,2024-05-27,Books,Brand Beta,London,1,150.49,2,,True,C-767
E-0007645,2024-01-09,Beauty,Brand Gamma,Lahore,4,186.2,3,caused irritation,True,C-1305
E-0007646,2023-06-16,Electronics,Brand Gamma,Karachi,4,244.2,2,average at best,True,C-1457
E-0007647,2023-09-16,Sports,Brand Delta,London,4,73.41,2,broke after week,True,C-1359
E-0007648,2023-07-21,Sports,Brand Delta,London,4,381.62,4,poor durability,True,C-1062
E-0007649,2024-01-01,Home,Brand Beta,Dubai,2,255.34,3,very useful,True,C-820
E-0007650,2024-02-02,Home,Brand Beta,Karachi,2,299.74,3,cheap materials,True,C-1396
E-0007651,2024-10-12,Home,Brand Alpha,London,1,,2,cheap materials,False,C-22
E-0007652,2024-11-19,Clothing,Brand Gamma,Karachi,4,207.57,4,great value,True,C-1353
E-0007653,2024-11-29,Home,Brand Beta,Karachi,1,296.9,3,assembly was hard,True,C-745
E-0007654,2024-02-02,Books,Brand Alpha,Karachi,4,98.54,1,print quality good,True,C-1289
E-0007655,2024-01-19,Sports,Brand Gamma,London,2,11.48,5,good grip,True,C-1068
E-0007656,2024-03-16,Books,Brand Delta,New York,5,181.47,1,boring content,True,C-230
E-0007657,2023-08-11,Clothing,Brand Alpha,Dubai,2,27.03,1,color faded after wash,True,C-1290
E-0007658,2025-01-06,Home,Brand Beta,Karachi,5,149.62,4,very useful,True,C-409
E-0007659,2024-03-19,Home,Brand Alpha,Lahore,5,142.59,2,assembly was hard,False,C-1347
E-0007660,2023-12-03,Books,Brand Gamma,Islamabad,5,296.77,2,informative,True,C-451
E-0007661,2024-01-21,Home,Brand Alpha,Dubai,3,82.94,3,very useful,True,C-1338
E-0007662,2024-04-23,Electronics,Brand Gamma,Karachi,2,275.11,1,poor build,False,C-718
E-0007663,2023-07-16,Home,Brand Alpha,Karachi,2,365.44,2,cheap materials,True,C-73
E-0007664,2023-08-30,Beauty,Brand Gamma,Dubai,5,292.65,1,nice scent,True,C-1060
E-0007665,2024-09-25,Beauty,Brand Beta,New York,4,314.88,1,caused irritation,True,C-266
E-0007666,2024-07-06,Sports,Brand Beta,Lahore,2,111.21,2,broke after week,True,C-1029
E-0007667,2024-12-07,Home,Brand Delta,Lahore,3,61.63,2,,True,C-528
E-0007668,2024-01-10,Books,Brand Alpha,Islamabad,5,207.2,3,boring content,True,C-1003
E-0007669,2024-03-25,Home,Brand Beta,Lahore,4,162.15,4,would buy again,True,C-19
E-0007670,2024-01-13,Sports,Brand Beta,New York,4,293.2,2,broke after week,True,C-929
E-0007671,2023-07-19,Electronics,Brand Alpha,Lahore,4,142.29,2,battery dies fast,True,C-1012
E-0007672,2024-10-28,Beauty,Brand Delta,New York,2,241.09,2,caused irritation,False,C-1418
E-0007673,2024-06-01,Sports,Brand Gamma,London,3,49.07,1,great for training,False,C-532
E-0007674,2023-11-02,Home,Brand Beta,Karachi,3,247.67,3,would buy again,True,C-1112
E-0007675,2023-07-05,Sports,Brand Beta,Lahore,5,254.08,1,great for training,True,C-1042
E-0007676,2024-07-23,Electronics,Brand Delta,Karachi,3,168.42,2,excellent quality,True,C-247
E-0007677,2023-08-20,Clothing,Brand Delta,London,4,101.82,2,comfortable and stylish,True,C-131
E-0007678,2025-01-06,Clothing,Brand Alpha,New York,5,57.54,2,comfortable and stylish,True,C-846
E-0007679,2024-04-01,Beauty,Brand Beta,New York,3,218.41,2,too expensive,True,C-1219
E-0007680,2024-02-13,Books,Brand Alpha,Dubai,5,168.74,1,fast delivery,True,C-695
E-0007681,2023-09-27,Sports,Brand Alpha,London,4,34.65,2,good grip,True,C-464
E-0007682,2024-11-12,Home,Brand Beta,London,5,377.0,2,very useful,True,C-476
E-0007683,2024-06-15,Electronics,Brand Gamma,Islamabad,2,337.01,1,works great,False,C-466
E-0007684,2024-11-16,Clothing,Brand Gamma,Dubai,2,119.29,1,nice fabric,False,C-997
E-0007685,2024-12-09,Electronics,Brand Gamma,Dubai,4,41.43,1,,True,C-1084
E-0007686,2023-12-10,Beauty,Brand Delta,Dubai,3,151.02,3,nice scent,True,C-318
E-0007687,2024-02-14,Electronics,Brand Gamma,London,4,296.76,4,disappointed with durability,True,C-601
E-0007688,2024-12-07,Books,Brand Alpha,Dubai,4,96.96,3,print quality good,False,C-1004
E-0007689,2023-06-04,Sports,Brand Gamma,Dubai,2,29.7,3,broke after week,True,C-747
E-0007690,2024-04-19,Clothing,Brand Gamma,Karachi,4,313.2,1,too small,True,C-462
E-0007691,2024-07-25,Books,Brand Gamma,London,2,260.65,7,print quality good,True,C-751
E-0007692,2024-10-03,Beauty,Brand Delta,New York,3,355.47,2,nice scent,True,C-517
E-0007693,2024-06-15,Beauty,Brand Gamma,London,4,159.97,2,skin felt great,True,C-277
E-0007694,2024-04-01,Clothing,Brand Alpha,Lahore,3,123.68,2,comfortable and stylish,True,C-890
E-0007695,2024-04-15,Home,Brand Delta,Dubai,5,90.06,3,would buy again,True,C-347
E-0007696,2024-05-04,Electronics,Brand Alpha,Dubai,5,127.77,1,works great,True,C-737
E-0007697,2024-03-02,Home,Brand Gamma,New York,4,112.5,1,would buy again,True,C-401
E-0007698,2023-10-15,Beauty,Brand Gamma,Karachi,4,129.22,1,skin felt great,True,C-223
E-0007699,2024-08-31,Clothing,Brand Alpha,New York,3,318.24,1,fits perfectly,True,C-1045
E-0007700,2024-01-09,Beauty,Brand Alpha,London,4,215.06,1,caused irritation,True,C-27
E-0007701,2023-12-14,Electronics,Brand Alpha,London,3,275.59,1,love it,True,C-584
E-0007702,2024-12-09,Sports,Brand Beta,New York,4,255.72,1,good grip,True,C-195
E-0007703,2024-10-02,Sports,Brand Delta,Dubai,5,18.16,1,poor durability,True,C-754
E-0007704,2024-04-01,Electronics,Brand Delta,Lahore,4,259.52,2,poor build,True,C-1463
E-0007705,2024-08-16,Books,Brand Gamma,New York,3,151.73,3,fast delivery,False,C-1130
E-0007706,2024-05-20,Home,Brand Alpha,Islamabad,5,237.39,2,cheap materials,True,C-378
E-0007707,2024-12-20,Sports,Brand Alpha,Karachi,3,49.84,1,great for training,True,C-550
E-0007708,2024-05-04,Electronics,Brand Beta,Islamabad,3,248.39,1,disappointed with durability,True,C-902
E-0007709,2025-01-14,Sports,Brand Delta,London,5,337.42,3,good grip,True,C-892
E-0007710,2024-03-01,Clothing,Brand Alpha,London,1,31.79,2,color faded after wash,True,C-950
E-0007711,2023-10-17,Beauty,Brand Alpha,Karachi,5,123.98,2,nice scent,True,C-18
E-0007712,2024-11-20,Electronics,Brand Gamma,London,3,108.97,3,love it,True,C-1181
E-0007713,2023-07-13,Beauty,Brand Beta,London,2,228.31,1,skin felt great,True,C-1497
E-0007714,2023-07-11,Clothing,Brand Beta,Lahore,3,250.14,3,great value,True,C-489
E-0007715,2023-10-24,Clothing,Brand Alpha,Karachi,1,235.32,3,comfortable and stylish,False,C-1112
E-0007716,2024-08-29,Sports,Brand Beta,Islamabad,5,117.98,2,great for training,False,C-459
E-0007717,2023-09-12,Electronics,Brand Beta,Karachi,3,119.83,3,love it,True,C-488
E-0007718,2023-06-20,Books,Brand Beta,Karachi,4,129.52,2,well written,True,C-684
E-0007719,2024-08-04,Sports,Brand Delta,Dubai,4,,1,broke after week,True,C-273
E-0007720,2023-06-09,Clothing,Brand Gamma,Islamabad,1,84.58,1,color faded after wash,True,C-1250
E-0007721,2024-11-06,Sports,Brand Beta,New York,2,30.79,1,great for training,True,C-1463
E-0007722,2024-03-22,Sports,Brand Alpha,Islamabad,2,280.75,2,great for training,True,C-1444
E-0007723,2023-07-08,Home,Brand Gamma,London,3,32.48,3,very useful,True,C-1178
E-0007724,2024-07-28,Beauty,Brand Alpha,Dubai,2,390.5,3,nice scent,True,C-320
E-0007725,2024-11-24,Home,Brand Alpha,London,1,144.94,2,would buy again,True,C-738
E-0007726,2024-03-07,Electronics,Brand Beta,Islamabad,4,111.58,2,works great,True,C-654
E-0007727,2023-06-28,Beauty,Brand Alpha,London,3,134.07,2,caused irritation,True,C-539
E-0007728,2024-11-10,Clothing,Brand Alpha,Karachi,5,80.65,5,color faded after wash,False,C-1369
E-0007729,2023-12-24,Electronics,Brand Alpha,Dubai,4,72.57,2,,False,C-481
E-0007730,2023-09-28,Books,Brand Alpha,Karachi,2,323.11,2,well written,False,C-1399
E-0007731,2024-05-18,Clothing,Brand Gamma,Lahore,4,240.93,3,seams came apart,True,C-212
E-0007732,2024-08-17,Books,Brand Beta,Lahore,3,389.9,1,boring content,True,C-51
E-0007733,2024-07-29,Clothing,Brand Delta,London,3,74.12,2,too small,True,C-613
E-0007734,2024-09-09,Beauty,Brand Gamma,Karachi,5,53.05,4,recommend,True,C-93
E-0007735,2023-09-10,Clothing,Brand Gamma,Karachi,4,107.32,1,nice fabric,True,C-650
E-0007736,2024-06-22,Home,Brand Delta,New York,4,384.14,2,cheap materials,True,C-1462
E-0007737,2023-12-23,Electronics,Brand Delta,Islamabad,3,121.27,3,average at best,True,C-15
E-0007738,2024-07-11,Clothing,Brand Beta,Islamabad,2,121.87,3,too small,False,C-489
E-0007739,2023-10-20,Books,Brand Alpha,Dubai,4,273.53,1,fast delivery,True,C-1029
E-0007740,2024-10-26,Electronics,Brand Beta,Islamabad,3,51.13,1,battery dies fast,True,C-1040
E-0007741,2024-06-14,Home,Brand Alpha,New York,3,123.86,1,would buy again,True,C-325
E-0007742,2023-08-13,Clothing,Brand Delta,Islamabad,2,307.24,1,seams came apart,True,C-668
E-0007743,2023-11-16,Electronics,Brand Alpha,Islamabad,4,221.91,1,love it,True,C-1421
E-0007744,2024-06-10,Electronics,Brand Gamma,Lahore,2,54.16,2,battery dies fast,True,C-1363
E-0007745,2024-05-24,Electronics,Brand Delta,New York,3,131.39,2,works great,True,C-425
E-0007746,2024-06-20,Sports,Brand Beta,Dubai,4,171.64,2,broke after week,True,C-980
E-0007747,2024-07-22,Clothing,Brand Gamma,Lahore,2,306.44,2,fits perfectly,True,C-116
E-0007748,2024-03-08,Clothing,Brand Alpha,Karachi,3,231.02,1,nice fabric,True,C-348
E-0007749,2023-09-22,Clothing,Brand Beta,Karachi,3,18.86,2,too small,True,C-412
E-0007750,2024-09-03,Beauty,Brand Delta,Lahore,3,309.88,1,recommend,True,C-640
E-0007751,2024-09-12,Clothing,Brand Gamma,Lahore,5,345.95,4,seams came apart,True,C-1297
E-0007752,2023-10-25,Sports,Brand Gamma,Islamabad,5,51.65,2,poor durability,True,C-194
E-0007753,2023-10-08,Electronics,Brand Beta,Karachi,1,104.96,4,battery dies fast,True,C-336
E-0007754,2025-01-12,Clothing,Brand Gamma,Karachi,2,362.07,2,seams came apart,True,C-308
E-0007755,2024-02-04,Sports,Brand Delta,Lahore,5,386.26,2,poor durability,True,C-419
E-0007756,2024-07-30,Home,Brand Beta,Karachi,5,266.52,2,would buy again,True,C-1155
E-0007757,2023-11-30,Sports,Brand Delta,London,4,316.23,1,,True,C-271
E-0007758,2023-08-27,Home,Brand Delta,Dubai,3,225.26,1,assembly was hard,True,C-1457
E-0007759,2024-11-15,Books,Brand Beta,Dubai,4,378.0,2,well written,True,C-644
E-0007760,2023-11-05,Sports,Brand Alpha,Islamabad,3,36.48,3,great for training,False,C-1122
E-0007761,2024-10-31,Books,Brand Gamma,New York,1,306.8,3,well written,True,C-768
E-0007762,2024-10-10,Books,Brand Alpha,Lahore,4,105.92,2,well written,True,C-1441
E-0007763,2024-09-22,Clothing,Brand Beta,Islamabad,4,31.12,1,comfortable and stylish,True,C-807
E-0007764,2024-07-24,Electronics,Brand Alpha,London,5,368.03,1,average at best,True,C-1082
E-0007765,2024-02-09,Home,Brand Beta,New York,3,201.31,1,assembly was hard,True,C-242
E-0007766,2023-06-26,Clothing,Brand Beta,Lahore,1,192.28,1,fits perfectly,True,C-152
E-0007767,2023-12-10,Electronics,Brand Gamma,New York,4,121.37,4,excellent quality,False,C-963
E-0007768,2025-01-16,Books,Brand Beta,London,4,269.06,3,fast delivery,True,C-180
E-0007769,2023-11-07,Books,Brand Alpha,Lahore,5,168.57,1,fast delivery,True,C-240
E-0007770,2023-08-26,Clothing,Brand Alpha,Lahore,3,104.43,3,too small,False,C-1498
E-0007771,2023-10-10,Beauty,Brand Alpha,Lahore,5,216.38,1,nice scent,True,C-670
E-0007772,2025-01-14,Books,Brand Alpha,London,2,78.53,3,well written,True,C-940
E-0007773,2024-02-24,Sports,Brand Alpha,New York,4,250.71,2,broke after week,False,C-358
E-0007774,2024-06-14,Clothing,Brand Beta,Islamabad,3,177.32,2,color faded after wash,True,C-1049
E-0007775,2023-10-07,Clothing,Brand Gamma,London,2,312.67,1,great value,True,C-377
E-0007776,2024-07-16,Books,Brand Alpha,Dubai,4,371.99,4,fast delivery,False,C-920
E-0007777,2024-09-08,Home,Brand Gamma,Karachi,3,129.66,1,would buy again,True,C-1294
E-0007778,2024-06-01,Electronics,Brand Delta,Lahore,4,234.54,1,love it,True,C-817
E-0007779,2023-11-30,Home,Brand Delta,Lahore,3,343.56,3,very useful,True,C-994
E-0007780,2024-04-13,Clothing,Brand Alpha,New York,3,308.84,3,nice fabric,False,C-1458
E-0007781,2023-10-31,Beauty,Brand Alpha,New York,3,226.63,3,caused irritation,True,C-868
E-0007782,2024-02-25,Home,Brand Beta,Lahore,4,230.55,4,cheap materials,True,C-946
E-0007783,2023-06-27,Electronics,Brand Alpha,London,3,247.1,1,battery dies fast,True,C-1293
E-0007784,2023-06-18,Books,Brand Alpha,New York,2,340.32,1,boring content,True,C-418
E-0007785,2024-08-16,Sports,Brand Beta,Lahore,5,288.14,2,poor durability,True,C-1208
E-0007786,2023-10-25,Home,Brand Beta,London,5,100.6,1,assembly was hard,True,C-645
E-0007787,2024-05-11,Sports,Brand Gamma,Lahore,3,16.29,1,broke after week,True,C-636
E-0007788,2023-08-24,Books,Brand Beta,New York,2,219.61,2,print quality good,True,C-695
E-0007789,2024-06-27,Beauty,Brand Delta,London,4,,2,too expensive,True,C-513
E-0007790,2023-06-11,Sports,Brand Delta,Karachi,5,272.28,1,broke after week,True,C-1385
E-0007791,2024-04-12,Home,Brand Delta,Dubai,3,51.67,3,would buy again,False,C-31
E-0007792,2023-07-05,Electronics,Brand Delta,Lahore,3,285.16,3,average at best,True,C-187
E-0007793,2024-05-01,Electronics,Brand Gamma,New York,2,,2,poor build,True,C-409
E-0007794,2024-05-31,Sports,Brand Alpha,Lahore,3,84.49,1,poor durability,True,C-792
E-0007795,2024-08-03,Beauty,Brand Beta,New York,4,61.87,1,nice scent,True,C-547
E-0007796,2024-08-21,Electronics,Brand Alpha,Dubai,3,126.07,1,works great,True,C-202
E-0007797,2023-10-04,Books,Brand Delta,Dubai,3,195.2,1,informative,False,C-68
E-0007798,2024-06-01,Beauty,Brand Delta,Lahore,5,176.12,3,,True,C-1197
E-0007799,2024-10-09,Clothing,Brand Alpha,Karachi,3,53.87,1,seams came apart,True,C-1260
E-0007800,2025-01-09,Electronics,Brand Gamma,New York,3,283.78,1,disappointed with durability,True,C-1336
E-0007801,2024-11-23,Beauty,Brand Delta,New York,4,44.32,3,skin felt great,True,C-1378
E-0007802,2023-10-26,Sports,Brand Alpha,Dubai,4,187.81,1,good grip,True,C-394
E-0007803,2023-12-15,Sports,Brand Gamma,London,3,219.73,2,great for training,True,C-417
E-0007804,2023-06-16,Clothing,Brand Alpha,Islamabad,2,39.41,1,,False,C-657
E-0007805,2024-08-12,Sports,Brand Beta,Dubai,5,163.56,2,good grip,True,C-372
E-0007806,2023-09-12,Beauty,Brand Delta,Karachi,4,303.34,2,caused irritation,True,C-324
E-0007807,2024-12-26,Electronics,Brand Gamma,Islamabad,4,319.9,1,average at best,True,C-31
E-0007808,2023-11-02,Sports,Brand Delta,Islamabad,2,74.38,1,great for training,True,C-934
E-0007809,2023-10-27,Home,Brand Delta,New York,4,289.44,3,cheap materials,True,C-108
E-0007810,2024-07-15,Electronics,Brand Beta,London,4,294.18,2,excellent quality,True,C-410
E-0007811,2023-11-09,Beauty,Brand Beta,New York,4,321.12,3,recommend,True,C-158
E-0007812,2024-03-31,Books,Brand Gamma,London,3,158.37,3,well written,True,C-293
E-0007813,2024-12-05,Books,Brand Alpha,New York,2,282.62,1,well written,False,C-1223
E-0007814,2023-12-31,Electronics,Brand Delta,Lahore,1,372.81,2,battery dies fast,True,C-1353
E-0007815,2024-09-03,Sports,Brand Alpha,London,4,77.31,2,poor durability,True,C-195
E-0007816,2024-08-16,Home,Brand Alpha,Dubai,3,120.83,1,very useful,True,C-495
E-0007817,2024-12-25,Books,Brand Delta,New York,3,170.49,1,print quality good,True,C-1388
E-0007818,2024-09-22,Clothing,Brand Alpha,Dubai,5,380.77,1,fits perfectly,True,C-586
E-0007819,2024-07-31,Home,Brand Gamma,Karachi,4,64.21,1,assembly was hard,True,C-1377
E-0007820,2024-05-30,Beauty,Brand Beta,Dubai,1,47.88,2,nice scent,False,C-297
E-0007821,2024-09-17,Beauty,Brand Beta,New York,3,158.8,1,skin felt great,True,C-673
E-0007822,2024-06-17,Clothing,Brand Gamma,New York,2,312.36,2,too small,True,C-1051
E-0007823,2023-08-07,Clothing,Brand Beta,Islamabad,4,204.24,1,too small,True,C-78
E-0007824,2024-03-10,Home,Brand Beta,New York,3,303.67,2,very useful,True,C-1139
E-0007825,2024-08-25,Books,Brand Beta,Islamabad,5,114.94,4,fast delivery,True,C-1443
E-0007826,2024-12-07,Clothing,Brand Gamma,Dubai,4,77.0,3,color faded after wash,True,C-667
E-0007827,2024-09-26,Electronics,Brand Gamma,New York,1,219.07,3,disappointed with durability,True,C-254
E-0007828,2024-01-26,Books,Brand Alpha,Islamabad,2,347.46,2,boring content,True,C-775
E-0007829,2024-11-02,Clothing,Brand Beta,Lahore,4,213.09,2,comfortable and stylish,True,C-188
E-0007830,2024-05-21,Sports,Brand Gamma,Karachi,2,368.07,1,good grip,True,C-338
E-0007831,2024-03-31,Books,Brand Beta,Islamabad,3,384.92,2,print quality good,False,C-1294
E-0007832,2023-06-07,Books,Brand Beta,Islamabad,2,71.57,1,print quality good,True,C-166
E-0007833,2024-11-16,Electronics,Brand Beta,Islamabad,4,66.61,4,average at best,True,C-478
E-0007834,2023-07-12,Sports,Brand Alpha,Islamabad,1,182.82,1,good grip,True,C-1096
E-0007835,2023-07-18,Books,Brand Delta,New York,2,231.56,1,print quality good,True,C-614
E-0007836,2024-12-05,Electronics,Brand Alpha,London,4,338.68,2,excellent quality,True,C-315
E-0007837,2023-07-19,Home,Brand Beta,Dubai,3,353.86,3,very useful,True,C-741
E-0007838,2024-11-08,Sports,Brand Alpha,Lahore,2,65.05,2,poor durability,True,C-1488
E-0007839,2023-08-06,Electronics,Brand Gamma,New York,4,243.7,2,average at best,True,C-690
E-0007840,2025-01-14,Books,Brand Delta,London,3,380.25,2,informative,True,C-1048
E-0007841,2024-04-25,Clothing,Brand Beta,Islamabad,4,133.72,2,seams came apart,False,C-1098
E-0007842,2024-12-20,Home,Brand Gamma,New York,3,386.2,3,would buy again,True,C-1325
E-0007843,2024-02-17,Beauty,Brand Beta,London,3,155.66,4,nice scent,False,C-682
E-0007844,2024-09-11,Home,Brand Beta,Islamabad,2,200.12,2,cheap materials,True,C-1096
E-0007845,2024-04-22,Clothing,Brand Alpha,London,5,337.25,1,too small,True,C-961
E-0007846,2023-12-05,Books,Brand Beta,Karachi,3,317.51,2,fast delivery,True,C-152
E-0007847,2024-12-03,Electronics,Brand Beta,Lahore,4,231.17,2,works great,True,C-1122
E-0007848,2024-04-18,Beauty,Brand Beta,Dubai,5,279.07,3,,True,C-863
E-0007849,2023-08-29,Beauty,Brand Alpha,Dubai,5,222.92,3,skin felt great,False,C-911
E-0007850,2024-10-12,Books,Brand Gamma,Dubai,3,361.71,2,fast delivery,True,C-523
E-0007851,2024-12-19,Clothing,Brand Gamma,Lahore,2,150.26,2,comfortable and stylish,True,C-625
E-0007852,2024-01-12,Books,Brand Delta,Dubai,4,150.54,2,boring content,True,C-851
E-0007853,2024-10-25,Clothing,Brand Beta,London,4,186.57,1,fits perfectly,True,C-153
E-0007854,2023-09-14,Electronics,Brand Beta,Lahore,3,353.56,3,excellent quality,False,C-751
E-0007855,2023-08-03,Books,Brand Beta,New York,2,253.43,3,informative,False,C-457
E-0007856,2023-10-22,Sports,Brand Alpha,Islamabad,2,177.39,2,great for training,False,C-1024
E-0007857,2024-04-18,Books,Brand Beta,Islamabad,2,382.14,3,informative,False,C-1287
E-0007858,2024-07-21,Home,Brand Gamma,Karachi,5,45.34,1,would buy again,True,C-179
E-0007859,2023-11-03,Books,Brand Beta,Lahore,3,228.68,1,fast delivery,True,C-1146
E-0007860,2023-12-24,Home,Brand Beta,Karachi,2,167.32,2,cheap materials,True,C-773
E-0007861,2024-09-21,Books,Brand Alpha,London,2,45.42,2,informative,True,C-612
E-0007862,2023-10-16,Sports,Brand Delta,Dubai,2,137.85,2,good grip,True,C-1047
E-0007863,2024-04-26,Sports,Brand Gamma,Dubai,3,339.12,4,broke after week,False,C-114
E-0007864,2024-06-14,Electronics,Brand Gamma,Dubai,5,225.9,1,poor build,False,C-1015
E-0007865,2024-03-12,Sports,Brand Delta,Karachi,5,151.74,2,good grip,True,C-988
E-0007866,2025-01-02,Home,Brand Alpha,New York,3,157.27,2,assembly was hard,False,C-237
E-0007867,2024-03-03,Home,Brand Gamma,Dubai,4,189.19,3,cheap materials,True,C-676
E-0007868,2023-08-28,Books,Brand Delta,Dubai,3,255.55,3,informative,True,C-873
E-0007869,2024-02-20,Home,Brand Alpha,Islamabad,1,330.39,3,looks premium,True,C-1103
E-0007870,2023-07-26,Clothing,Brand Alpha,Karachi,5,246.14,1,nice fabric,True,C-1152
E-0007871,2024-03-05,Beauty,Brand Beta,Islamabad,4,272.31,1,skin felt great,True,C-1489
E-0007872,2023-10-22,Electronics,Brand Alpha,London,4,118.41,3,poor build,True,C-1277
E-0007873,2024-03-04,Books,Brand Gamma,New York,5,319.58,1,well written,False,C-1065
E-0007874,2024-06-02,Electronics,Brand Alpha,London,3,277.6,2,poor build,False,C-651
E-0007875,2024-03-11,Home,Brand Alpha,New York,5,147.1,2,assembly was hard,True,C-906
E-0007876,2024-12-30,Clothing,Brand Beta,Islamabad,4,202.92,2,great value,True,C-640
E-0007877,2023-06-28,Home,Brand Beta,London,5,201.92,1,would buy again,True,C-1080
E-0007878,2024-08-21,Clothing,Brand Delta,Lahore,2,146.07,2,color faded after wash,True,C-1170
E-0007879,2024-05-22,Clothing,Brand Delta,London,4,51.23,1,nice fabric,False,C-68
E-0007880,2024-03-06,Electronics,Brand Alpha,London,5,12.7,2,battery dies fast,True,C-100
E-0007881,2024-09-30,Beauty,Brand Gamma,Lahore,5,209.2,1,recommend,True,C-305
E-0007882,2023-10-13,Clothing,Brand Alpha,Dubai,1,141.25,2,color faded after wash,True,C-1127
E-0007883,2024-12-19,Clothing,Brand Gamma,Lahore,3,177.53,1,color faded after wash,True,C-659
E-0007884,2023-06-19,Sports,Brand Delta,Islamabad,3,11.55,1,poor durability,True,C-440
E-0007885,2024-11-26,Electronics,Brand Gamma,Karachi,5,318.82,3,disappointed with durability,False,C-260
E-0007886,2024-08-16,Electronics,Brand Delta,Karachi,4,392.44,3,love it,False,C-1191
E-0007887,2024-02-17,Books,Brand Alpha,New York,3,148.78,3,well written,True,C-1490
E-0007888,2025-01-14,Electronics,Brand Delta,Islamabad,5,303.59,3,poor build,True,C-360
E-0007889,2024-06-26,Books,Brand Gamma,Dubai,4,125.66,4,print quality good,True,C-7
E-0007890,2024-01-17,Clothing,Brand Beta,Karachi,4,333.39,2,too small,True,C-314
E-0007891,2024-05-25,Clothing,Brand Alpha,Dubai,3,358.54,2,seams came apart,False,C-457
E-0007892,2024-09-09,Home,Brand Delta,Lahore,4,68.89,2,cheap materials,True,C-398
E-0007893,2024-08-17,Clothing,Brand Beta,Lahore,4,195.39,2,color faded after wash,False,C-1413
E-0007894,2024-01-10,Home,Brand Gamma,Islamabad,4,347.77,1,looks premium,True,C-1132
E-0007895,2023-07-10,Beauty,Brand Delta,New York,2,126.21,1,nice scent,True,C-653
E-0007896,2023-08-03,Books,Brand Beta,Dubai,4,388.43,1,boring content,False,C-994
E-0007897,2024-06-28,Clothing,Brand Beta,Karachi,5,332.81,1,nice fabric,True,C-77
E-0007898,2024-09-18,Clothing,Brand Beta,Karachi,4,376.02,3,comfortable and stylish,True,C-688
E-0007899,2024-05-28,Books,Brand Gamma,New York,2,357.82,4,informative,True,C-331
E-0007900,2023-08-27,Books,Brand Beta,Islamabad,4,320.19,3,boring content,True,C-245
E-0007901,2024-01-08,Electronics,Brand Beta,Karachi,5,287.36,4,battery dies fast,True,C-548
E-0007902,2024-11-26,Beauty,Brand Gamma,London,3,398.59,2,recommend,True,C-120
E-0007903,2024-12-20,Beauty,Brand Beta,London,4,62.74,1,recommend,True,C-542
E-0007904,2024-08-21,Beauty,Brand Gamma,Dubai,1,288.89,1,recommend,True,C-1022
E-0007905,2025-01-17,Beauty,Brand Alpha,Islamabad,3,29.72,1,nice scent,True,C-1444
E-0007906,2024-11-28,Books,Brand Gamma,London,3,387.32,2,well written,True,C-1023
E-0007907,2024-08-11,Sports,Brand Gamma,Dubai,2,251.65,1,poor durability,True,C-127
E-0007908,2023-11-19,Electronics,Brand Alpha,Islamabad,3,391.49,4,,True,C-875
E-0007909,2024-01-13,Clothing,Brand Gamma,Dubai,3,349.73,1,fits perfectly,True,C-1015
E-0007910,2024-11-08,Beauty,Brand Beta,Lahore,2,272.33,3,nice scent,True,C-1192
E-0007911,2023-08-27,Sports,Brand Alpha,London,4,146.97,2,poor durability,True,C-690
E-0007912,2024-11-29,Home,Brand Alpha,New York,3,172.76,6,cheap materials,True,C-887
E-0007913,2024-01-14,Home,Brand Delta,Dubai,4,105.19,1,very useful,True,C-132
E-0007914,2024-10-20,Books,Brand Beta,Lahore,3,279.95,1,informative,True,C-35
E-0007915,2023-07-10,Clothing,Brand Alpha,New York,3,396.82,4,fits perfectly,True,C-1345
E-0007916,2023-07-14,Books,Brand Alpha,Dubai,3,395.64,3,boring content,True,C-96
E-0007917,2024-01-01,Books,Brand Alpha,London,3,302.05,3,well written,True,C-1346
E-0007918,2024-10-15,Beauty,Brand Gamma,Dubai,5,128.05,1,skin felt great,False,C-1035
E-0007919,2023-10-02,Electronics,Brand Delta,London,4,242.46,2,disappointed with durability,False,C-414
E-0007920,2023-06-09,Books,Brand Alpha,Lahore,5,104.7,1,,False,C-1422
E-0007921,2024-08-10,Electronics,Brand Alpha,Islamabad,5,328.12,1,works great,False,C-1485
E-0007922,2024-04-13,Clothing,Brand Beta,New York,2,158.71,3,seams came apart,True,C-1299
E-0007923,2023-07-20,Sports,Brand Alpha,Dubai,4,50.23,2,poor durability,True,C-317
E-0007924,2024-11-04,Sports,Brand Beta,Lahore,3,33.31,1,great for training,True,C-422
E-0007925,2024-01-22,Electronics,Brand Gamma,London,2,380.81,1,poor build,True,C-504
E-0007926,2024-10-01,Clothing,Brand Alpha,Lahore,3,317.27,1,too small,True,C-946
E-0007927,2025-01-07,Beauty,Brand Gamma,Lahore,3,233.87,1,too expensive,True,C-108
E-0007928,2023-09-25,Clothing,Brand Delta,London,2,349.81,1,comfortable and stylish,True,C-867
E-0007929,2023-07-03,Sports,Brand Beta,Lahore,3,101.63,2,good grip,True,C-1289
E-0007930,2024-02-17,Electronics,Brand Beta,Islamabad,1,172.26,2,disappointed with durability,True,C-367
E-0007931,2024-06-13,Home,Brand Alpha,Karachi,2,370.92,5,would buy again,True,C-1182
E-0007932,2025-01-07,Books,Brand Gamma,Karachi,2,50.06,2,informative,True,C-812
E-0007933,2023-09-26,Beauty,Brand Delta,Karachi,2,245.03,1,too expensive,True,C-714
E-0007934,2024-07-12,Beauty,Brand Gamma,Karachi,3,94.23,1,recommend,True,C-130
E-0007935,2023-09-26,Beauty,Brand Beta,Islamabad,5,137.58,2,nice scent,True,C-1126
E-0007936,2024-10-21,Clothing,Brand Delta,London,2,174.18,2,seams came apart,True,C-1450
E-0007937,2024-06-13,Clothing,Brand Alpha,Islamabad,2,193.1,2,seams came apart,True,C-653
E-0007938,2024-06-03,Home,Brand Delta,New York,3,139.56,2,would buy again,True,C-660
E-0007939,2024-08-23,Books,Brand Gamma,New York,4,129.98,2,print quality good,True,C-1110
E-0007940,2024-10-11,Clothing,Brand Alpha,Lahore,3,316.25,3,great value,True,C-819
E-0007941,2024-06-12,Books,Brand Beta,New York,4,311.09,1,fast delivery,False,C-1054
E-0007942,2024-05-24,Sports,Brand Beta,Dubai,3,387.59,2,poor durability,True,C-360
E-0007943,2024-12-28,Electronics,Brand Gamma,New York,4,262.49,2,works great,True,C-296
E-0007944,2023-07-08,Beauty,Brand Delta,Islamabad,3,340.48,3,too expensive,True,C-1416
E-0007945,2025-01-18,Sports,Brand Alpha,London,3,249.55,1,good grip,False,C-1376
E-0007946,2024-05-10,Books,Brand Alpha,Dubai,3,203.97,2,informative,True,C-213
E-0007947,2024-02-26,Sports,Brand Gamma,New York,3,213.23,2,,True,C-774
E-0007948,2024-01-29,Clothing,Brand Alpha,Dubai,4,187.86,3,comfortable and stylish,True,C-408
E-0007949,2023-09-06,Books,Brand Gamma,Lahore,3,371.07,2,fast delivery,False,C-252
E-0007950,2024-07-11,Home,Brand Alpha,New York,3,180.07,2,would buy again,True,C-1436
E-0007951,2024-08-02,Sports,Brand Alpha,Lahore,5,285.76,2,poor durability,True,C-714
E-0007952,2024-10-25,Books,Brand Gamma,London,2,159.49,1,fast delivery,True,C-31
E-0007953,2024-10-02,Sports,Brand Beta,Lahore,4,193.8,2,broke after week,False,C-636
E-0007954,2024-06-30,Home,Brand Gamma,Dubai,4,22.02,2,assembly was hard,True,C-844
E-0007955,2023-12-11,Books,Brand Alpha,London,3,129.59,2,fast delivery,True,C-133
E-0007956,2024-04-22,Books,Brand Beta,Dubai,3,202.82,3,fast delivery,True,C-885
E-0007957,2023-06-06,Beauty,Brand Beta,London,3,370.95,1,nice scent,True,C-394
E-0007958,2023-11-02,Electronics,Brand Beta,Karachi,5,284.46,3,excellent quality,True,C-1385
E-0007959,2024-08-14,Clothing,Brand Delta,Lahore,5,224.91,2,great value,True,C-1084
E-0007960,2024-11-13,Books,Brand Beta,Karachi,5,351.04,1,print quality good,True,C-1033
E-0007961,2024-09-17,Sports,Brand Beta,Lahore,3,250.41,2,great for training,True,C-1458
E-0007962,2023-06-29,Clothing,Brand Beta,London,3,158.8,2,fits perfectly,True,C-891
E-0007963,2024-06-12,Clothing,Brand Alpha,Islamabad,4,170.7,2,fits perfectly,True,C-312
E-0007964,2023-08-21,Electronics,Brand Delta,Lahore,1,280.96,2,highly recommend,True,C-1466
E-0007965,2023-10-14,Clothing,Brand Alpha,Dubai,3,179.11,1,too small,True,C-111
E-0007966,2024-02-23,Electronics,Brand Beta,Karachi,4,29.55,1,highly recommend,True,C-881
E-0007967,2024-07-25,Beauty,Brand Beta,Dubai,5,358.75,1,recommend,True,C-343
E-0007968,2023-08-15,Beauty,Brand Delta,Dubai,4,219.45,3,nice scent,True,C-830
E-0007969,2024-01-14,Electronics,Brand Delta,London,2,67.73,1,battery dies fast,True,C-947
E-0007970,2024-04-23,Home,Brand Alpha,Karachi,3,244.13,1,cheap materials,True,C-1037
E-0007971,2023-11-04,Home,Brand Gamma,Lahore,3,108.74,5,cheap materials,True,C-40
E-0007972,2024-03-02,Clothing,Brand Beta,Lahore,4,343.27,3,great value,True,C-361
E-0007973,2023-12-05,Sports,Brand Gamma,Karachi,2,173.38,3,great for training,True,C-1432
E-0007974,2024-09-10,Sports,Brand Delta,Islamabad,3,144.61,1,poor durability,True,C-81
E-0007975,2023-07-16,Home,Brand Beta,Dubai,4,367.87,1,looks premium,True,C-1111
E-0007976,2023-09-19,Electronics,Brand Alpha,Islamabad,5,179.08,2,works great,False,C-162
E-0007977,2023-11-14,Books,Brand Beta,Dubai,3,140.46,3,boring content,True,C-269
E-0007978,2024-01-04,Home,Brand Beta,New York,1,207.73,1,would buy again,True,C-974
E-0007979,2023-11-18,Sports,Brand Delta,Lahore,4,196.39,2,great for training,True,C-864
E-0007980,2024-05-21,Sports,Brand Gamma,Islamabad,1,170.83,1,broke after week,True,C-511
E-0007981,2024-10-09,Books,Brand Delta,Dubai,5,229.91,2,informative,True,C-1292
E-0007982,2024-07-18,Clothing,Brand Beta,Karachi,2,342.44,3,fits perfectly,True,C-1368
E-0007983,2023-11-15,Beauty,Brand Gamma,New York,3,35.22,2,too expensive,True,C-222
E-0007984,2024-06-28,Books,Brand Delta,Lahore,4,220.31,2,fast delivery,True,C-1411
E-0007985,2024-02-09,Beauty,Brand Alpha,Lahore,4,233.91,3,caused irritation,True,C-1129
E-0007986,2024-07-23,Electronics,Brand Delta,Islamabad,2,197.62,1,love it,True,C-602
E-0007987,2023-09-21,Clothing,Brand Gamma,Lahore,3,329.89,2,too small,True,C-305
E-0007988,2024-03-28,Electronics,Brand Delta,Karachi,3,23.04,1,works great,True,C-111
E-0007989,2024-12-20,Electronics,Brand Alpha,Islamabad,1,96.06,4,average at best,True,C-981
E-0007990,2023-12-27,Beauty,Brand Beta,Dubai,3,247.36,1,skin felt great,True,C-344
E-0007991,2023-08-11,Books,Brand Beta,Lahore,4,66.09,1,informative,True,C-265
E-0007992,2024-01-16,Electronics,Brand Delta,Islamabad,3,318.15,1,average at best,False,C-322
E-0007993,2024-02-15,Clothing,Brand Delta,Dubai,3,174.27,1,too small,True,C-865
E-0007994,2024-12-12,Books,Brand Beta,New York,3,184.1,1,boring content,True,C-950
E-0007995,2025-01-17,Home,Brand Alpha,London,3,204.8,4,would buy again,True,C-302
E-0007996,2024-05-13,Books,Brand Gamma,Karachi,4,159.35,1,well written,True,C-28
E-0007997,2024-06-09,Electronics,Brand Beta,Lahore,4,248.94,1,average at best,True,C-1016
E-0007998,2024-10-07,Beauty,Brand Gamma,Lahore,2,224.59,4,nice scent,True,C-108
E-0007999,2024-10-06,Clothing,Brand Gamma,Lahore,4,122.74,1,comfortable and stylish,True,C-753
E-0008000,2024-03-28,Books,Brand Beta,London,4,117.73,1,print quality good,True,C-1351
