order_id,order_date,region,product,segment,channel,quantity,unit_price,revenue,discount_pct
ORD-000001,2023-06-25,East,Gadget X,Enterprise,Online,5,36.75,183.76,5
ORD-000002,2023-07-16,West,Widget B,SMB,Online,1,153.09,153.09,15
ORD-000003,2024-06-21,East,Widget A,Consumer,Partners,2,439.83,879.65,10
ORD-000004,2024-05-17,,Gadget Y,SMB,Online,3,310.54,931.61,10
ORD-000005,2024-08-02,South,Widget A,Consumer,Retail,4,387.46,1549.83,5
ORD-000006,2023-07-31,South,Widget A,Enterprise,Partners,4,36.61,146.44,15
ORD-000007,2024-09-07,South,Widget B,SMB,Retail,1,472.82,472.82,0
ORD-000008,2023-12-15,West,Widget A,Enterprise,Retail,6,364.79,2188.77,5
ORD-000009,2023-07-05,West,Widget A,SMB,Online,4,176.43,705.7,10
ORD-000010,2024-02-03,North,Widget B,SMB,Retail,3,143.79,431.36,0
ORD-000011,2024-06-19,South,Widget A,Enterprise,Partners,2,261.04,522.08,10
ORD-000012,2024-08-07,North,Widget C,Enterprise,Retail,3,63.39,190.17,0
ORD-000013,2023-12-12,South,Widget B,SMB,Partners,1,120.68,120.68,0
ORD-000014,2024-01-02,South,Gadget Y,Enterprise,Online,2,447.08,894.16,15
ORD-000015,2024-07-08,West,Widget C,Enterprise,Online,4,380.47,1521.87,5
ORD-000016,2024-12-31,East,Gadget X,Enterprise,Online,2,50.7,101.41,0
ORD-000017,2023-06-17,North,Widget A,Consumer,Online,1,134.04,134.04,0
ORD-000018,2023-03-10,East,Gadget X,Consumer,Online,4,16.96,67.86,5
ORD-000019,2024-03-08,North,Widget B,SMB,Online,3,437.49,1312.46,0
ORD-000020,2025-06-14,East,Widget C,Enterprise,Online,4,255.42,1021.67,0
ORD-000021,2024-01-27,North,Service Plan,Consumer,Online,1,49.75,49.75,0
ORD-000022,2024-05-27,West,Widget B,SMB,Online,4,142.9,571.6,5
ORD-000023,2023-03-17,South,Widget A,SMB,Partners,6,456.69,2740.16,5
ORD-000024,2025-04-03,East,Gadget Y,SMB,Online,6,438.24,2629.46,0
ORD-000025,2023-09-08,South,Widget A,Enterprise,Retail,1,493.65,493.65,5
ORD-000026,2023-01-07,South,Widget B,SMB,Online,5,116.98,584.92,0
ORD-000027,2025-02-26,South,Gadget X,Consumer,Online,2,34.0,68.0,0
ORD-000028,2024-03-20,East,Gadget Y,Consumer,Partners,3,181.46,544.38,0
ORD-000029,2023-02-14,North,Gadget Y,SMB,Retail,3,291.09,873.26,0
ORD-000030,2024-12-04,West,Widget B,Enterprise,Retail,2,34.5,69.01,0
ORD-000031,2023-11-22,North,Gadget Y,SMB,Online,3,427.5,1282.51,0
ORD-000032,2025-04-04,,Widget B,Enterprise,Online,2,111.33,222.65,10
ORD-000033,2023-06-02,North,Gadget X,SMB,Partners,3,205.97,617.92,5
ORD-000034,2023-07-03,West,Gadget Y,Enterprise,Retail,3,100.3,300.9,0
ORD-000035,2023-04-23,West,Widget C,SMB,Partners,1,111.61,111.61,0
ORD-000036,2025-02-02,South,Gadget Y,Enterprise,Partners,1,91.16,91.16,0
ORD-000037,2023-07-09,East,Gadget X,Consumer,Online,2,77.2,154.4,5
ORD-000038,2023-10-18,South,Widget C,SMB,Retail,4,300.26,1201.05,15
ORD-000039,2023-11-09,North,Gadget X,Consumer,Online,3,90.15,270.46,20
ORD-000040,2023-07-21,East,Gadget X,SMB,Retail,3,481.51,1444.52,0
ORD-000041,2024-04-07,West,Widget C,Enterprise,Online,4,150.87,603.47,5
ORD-000042,2024-07-04,South,Widget B,Enterprise,Online,6,17.88,107.29,0
ORD-000043,2025-02-11,East,Gadget X,Enterprise,Partners,2,67.17,134.34,15
ORD-000044,2024-05-09,East,Widget A,Consumer,Online,3,63.81,191.43,10
ORD-000045,2023-05-18,West,Widget A,Enterprise,Online,3,127.05,381.15,0
ORD-000046,2025-05-05,East,Gadget Y,SMB,Online,5,263.46,1317.32,0
ORD-000047,2024-04-28,East,Widget A,SMB,Retail,3,381.76,1145.29,0
ORD-000048,2023-07-15,North,Widget A,SMB,Online,2,244.72,489.44,0
ORD-000049,2023-03-14,East,Widget C,Enterprise,Online,2,243.48,486.96,5
ORD-000050,2025-05-01,South,Widget A,SMB,Online,4,438.61,1754.43,5
ORD-000051,2023-09-15,North,Widget B,Consumer,Retail,5,183.53,917.65,15
ORD-000052,2024-12-05,West,Widget B,Consumer,Retail,1,153.98,153.98,0
ORD-000053,2024-02-05,West,Widget B,Consumer,Online,1,320.25,320.25,0
ORD-000054,2024-01-10,North,Service Plan,Enterprise,Partners,3,392.52,1177.56,0
ORD-000055,2023-12-16,West,Gadget X,Enterprise,Retail,3,127.29,381.88,5
ORD-000056,2024-08-27,South,Service Plan,SMB,Online,2,172.92,345.83,5
ORD-000057,2025-02-03,South,Gadget Y,Enterprise,Partners,3,69.04,207.12,0
ORD-000058,2024-08-06,West,Service Plan,SMB,Retail,4,323.68,1294.74,15
ORD-000059,2023-10-07,West,Widget B,Enterprise,Online,3,270.79,812.38,0
ORD-000060,2024-06-06,West,Widget A,Enterprise,Retail,1,220.37,220.37,0
ORD-000061,2025-01-15,West,Widget B,Enterprise,Retail,1,250.27,250.27,5
ORD-000062,2025-03-14,South,Service Plan,Consumer,Retail,3,207.3,621.9,5
ORD-000063,2024-03-24,North,Service Plan,Enterprise,Online,4,315.29,1261.15,0
ORD-000064,2023-11-14,South,Service Plan,Consumer,Retail,3,210.39,631.17,15
ORD-000065,2024-01-27,East,Service Plan,Enterprise,Online,1,300.19,,0
ORD-000066,2023-06-01,West,Gadget X,Enterprise,Online,4,492.95,1971.8,0
ORD-000067,2023-04-03,South,Widget B,SMB,Online,3,236.9,710.69,0
ORD-000068,2025-01-29,,Widget A,Consumer,Online,3,433.35,1300.06,0
ORD-000069,2023-08-13,South,Widget A,Enterprise,Online,4,437.44,1749.74,0
ORD-000070,2024-10-23,South,Widget A,SMB,Online,2,249.67,499.34,0
ORD-000071,2023-12-23,East,Gadget X,Enterprise,Retail,4,313.37,1253.49,5
ORD-000072,2024-04-26,East,Widget C,Enterprise,Partners,4,122.73,490.94,10
ORD-000073,2024-08-02,West,Service Plan,Enterprise,Retail,3,277.85,833.54,5
ORD-000074,2025-06-10,West,Widget A,Consumer,Online,5,392.7,1963.51,0
ORD-000075,2023-08-08,South,Service Plan,Consumer,Partners,2,26.65,53.29,5
ORD-000076,2024-04-26,North,Widget A,Enterprise,Online,2,211.93,423.86,10
ORD-000077,2023-01-20,East,Widget B,Enterprise,Retail,4,438.84,1755.37,5
ORD-000078,2024-05-31,South,Widget B,SMB,Retail,1,486.59,486.59,0
ORD-000079,2025-02-26,South,Widget B,Consumer,Online,4,407.66,1630.65,0
ORD-000080,2023-02-03,West,Widget A,Enterprise,Online,3,416.59,1249.77,0
ORD-000081,2023-05-04,North,Widget A,SMB,Retail,3,155.74,467.23,5
ORD-000082,2023-10-14,West,Widget A,Consumer,Online,4,393.66,1574.65,0
ORD-000083,2024-11-28,East,Widget B,Enterprise,Online,3,26.59,79.76,0
ORD-000084,2025-01-11,South,Service Plan,Enterprise,Online,2,62.84,125.68,0
ORD-000085,2025-04-21,West,Widget B,Consumer,Partners,4,484.8,1939.18,15
ORD-000086,2025-06-14,West,Gadget Y,Consumer,Online,2,109.02,218.05,0
ORD-000087,2024-02-20,South,Widget A,Consumer,Online,4,90.02,360.08,0
ORD-000088,2023-05-11,East,Widget C,Enterprise,Online,2,16.92,33.83,5
ORD-000089,2023-03-25,South,Widget B,Enterprise,Online,3,418.57,1255.72,0
ORD-000090,2024-02-07,South,Widget C,Enterprise,Retail,3,439.55,1318.66,10
ORD-000091,2023-01-22,South,Widget C,SMB,Retail,4,99.09,396.35,5
ORD-000092,2024-09-23,North,Gadget Y,Enterprise,Retail,4,223.64,894.57,0
ORD-000093,2024-08-02,North,Widget A,Enterprise,Retail,3,426.27,1278.81,0
ORD-000094,2023-07-23,West,Service Plan,Consumer,Partners,2,107.68,215.36,0
ORD-000095,2023-02-17,West,Widget C,Consumer,Online,2,46.53,93.07,10
ORD-000096,2025-02-23,North,Widget C,Enterprise,Retail,3,293.47,880.4,15
ORD-000097,2024-06-08,South,Gadget X,Enterprise,Online,3,58.94,176.81,5
ORD-000098,2023-12-16,South,Gadget X,SMB,Retail,7,8.25,57.75,5
ORD-000099,2023-04-18,West,Gadget Y,Enterprise,Online,4,390.01,1560.03,15
ORD-000100,2025-01-15,East,Widget B,SMB,Retail,1,368.74,368.74,5
ORD-000101,2024-01-29,East,Widget B,SMB,Online,2,57.17,114.35,0
ORD-000102,2025-04-24,East,Widget A,Consumer,Online,4,454.61,1818.43,5
ORD-000103,2025-04-15,South,Widget C,SMB,Retail,2,217.78,435.56,10
ORD-000104,2024-09-14,East,Widget A,SMB,Online,3,396.21,1188.63,15
ORD-000105,2024-10-16,West,Widget B,SMB,Retail,3,129.65,388.95,5
ORD-000106,2024-09-28,South,Widget A,SMB,Online,3,381.33,1144.0,5
ORD-000107,2023-10-04,South,Gadget Y,Enterprise,Online,1,154.07,154.07,5
ORD-000108,2023-11-06,East,Widget C,SMB,Retail,2,174.29,348.58,0
ORD-000109,2025-04-07,South,Service Plan,SMB,Online,1,360.41,360.41,5
ORD-000110,2023-02-05,West,Gadget Y,SMB,Retail,1,405.03,405.03,5
ORD-000111,2025-03-27,North,Widget B,Consumer,Online,4,447.26,1789.04,10
ORD-000112,2023-09-18,East,Gadget Y,Enterprise,Online,3,332.3,996.89,0
ORD-000113,2025-03-22,West,Gadget Y,SMB,Online,2,253.44,506.88,10
ORD-000114,2024-04-01,West,Widget B,Enterprise,Partners,5,405.09,2025.43,15
ORD-000115,2024-04-19,East,Widget A,SMB,Retail,4,143.07,572.26,15
ORD-000116,2025-02-01,West,Gadget Y,Enterprise,Partners,5,129.24,646.19,5
ORD-000117,2024-07-20,West,Gadget Y,SMB,Online,3,301.02,903.06,10
ORD-000118,2024-07-09,West,Widget C,Enterprise,Retail,3,432.99,1298.96,10
ORD-000119,2023-08-04,West,Widget A,SMB,Retail,2,369.71,739.43,5
ORD-000120,2024-03-10,East,Gadget Y,SMB,Online,1,304.86,304.86,5
ORD-000121,2023-02-09,West,Gadget X,Enterprise,Retail,1,256.1,256.1,10
ORD-000122,2023-05-12,South,Widget C,SMB,Partners,5,153.42,767.09,0
ORD-000123,2024-02-18,North,Widget A,SMB,Retail,1,124.92,124.92,5
ORD-000124,2024-04-05,West,Gadget X,Consumer,Online,2,85.78,171.57,5
ORD-000125,2025-04-27,North,Service Plan,Enterprise,Online,3,472.3,1416.9,5
ORD-000126,2025-03-08,South,Widget A,Enterprise,Online,1,231.09,231.09,0
ORD-000127,2024-10-10,South,Widget A,Enterprise,Retail,1,164.1,164.1,0
ORD-000128,2024-07-20,West,Service Plan,SMB,Online,1,271.56,271.56,10
ORD-000129,2024-11-09,West,Widget A,Consumer,Partners,2,386.9,773.81,0
ORD-000130,2024-01-09,East,Widget A,Consumer,Partners,1,167.78,167.78,10
ORD-000131,2024-12-11,East,Gadget Y,SMB,Retail,3,296.93,890.78,10
ORD-000132,2024-10-23,West,Gadget X,Enterprise,Online,2,150.77,301.54,5
ORD-000133,2023-02-14,East,Widget C,Consumer,Retail,4,405.52,1622.08,0
ORD-000134,2024-10-09,North,Gadget X,Consumer,Retail,2,443.4,886.79,0
ORD-000135,2024-12-22,East,Gadget X,Enterprise,Online,2,33.17,66.33,0
ORD-000136,2024-05-10,North,Widget C,Enterprise,Retail,2,429.43,858.86,0
ORD-000137,2023-07-17,North,Widget B,Consumer,Online,2,88.18,176.36,15
ORD-000138,2023-04-11,West,Gadget X,Enterprise,Retail,1,74.63,74.63,0
ORD-000139,2023-06-30,East,Gadget X,Consumer,Online,2,37.63,75.27,5
ORD-000140,2023-06-19,East,Gadget X,SMB,Retail,2,333.78,667.56,5
ORD-000141,2023-01-30,South,Gadget Y,Enterprise,Online,1,264.98,264.98,0
ORD-000142,2023-10-10,East,Gadget X,Enterprise,Online,6,219.2,1315.19,0
ORD-000143,2025-04-12,West,Widget A,SMB,Partners,4,124.81,499.26,5
ORD-000144,2025-02-03,North,Service Plan,Enterprise,Retail,3,36.83,110.5,5
ORD-000145,2023-07-10,West,Widget B,SMB,Retail,3,5.89,17.66,5
ORD-000146,2024-12-27,South,Gadget X,SMB,Retail,1,295.6,295.6,5
ORD-000147,2025-01-08,East,Widget A,Enterprise,Retail,6,268.95,1613.72,0
ORD-000148,2023-01-13,East,Gadget X,SMB,Online,4,197.26,789.03,0
ORD-000149,2024-10-08,East,Widget B,SMB,Partners,1,445.68,445.68,5
ORD-000150,2024-05-03,South,Widget B,Enterprise,Online,5,179.95,899.74,0
ORD-000151,2024-03-19,East,Gadget Y,Enterprise,Partners,5,322.16,1610.81,10
ORD-000152,2023-04-17,East,Gadget X,SMB,Online,2,26.51,53.03,15
ORD-000153,2024-09-14,East,Widget A,SMB,Retail,4,345.94,1383.76,15
ORD-000154,2025-06-03,South,Widget B,Enterprise,Partners,1,461.4,461.4,5
ORD-000155,2024-05-12,South,Widget A,Consumer,Online,3,439.57,1318.72,0
ORD-000156,2023-12-16,South,Gadget X,Consumer,Partners,5,297.83,1489.16,5
ORD-000157,2024-05-01,West,Widget B,SMB,Retail,2,328.9,657.8,5
ORD-000158,2023-08-23,East,Widget A,Enterprise,Online,2,68.04,136.09,5
ORD-000159,2024-06-13,East,Widget B,Enterprise,Online,3,434.68,1304.05,10
ORD-000160,2023-01-06,West,Gadget X,Enterprise,Online,3,102.42,307.25,5
ORD-000161,2025-04-27,East,Widget C,SMB,Online,6,320.5,1923.01,10
ORD-000162,2023-02-19,North,Gadget Y,Consumer,Partners,6,216.24,1297.47,5
ORD-000163,2024-03-14,South,Widget C,SMB,Online,2,424.17,848.34,10
ORD-000164,2023-11-29,East,Widget C,Consumer,Retail,3,23.63,70.89,0
ORD-000165,2024-09-09,East,Gadget X,Enterprise,Online,3,295.75,887.25,0
ORD-000166,2023-07-02,South,Gadget X,SMB,Online,2,240.52,481.04,0
ORD-000167,2024-11-18,South,Service Plan,Enterprise,Retail,4,163.38,653.51,0
ORD-000168,2024-02-26,North,Gadget Y,Enterprise,Online,1,282.83,282.83,5
ORD-000169,2024-08-22,West,Widget C,SMB,Online,3,320.14,960.41,0
ORD-000170,2024-10-23,North,Gadget X,SMB,Online,1,356.27,356.27,5
ORD-000171,2023-09-18,South,Gadget Y,SMB,Retail,6,25.17,151.01,0
ORD-000172,2024-04-20,East,Widget B,Consumer,Online,1,431.07,431.07,0
ORD-000173,2024-08-11,West,Service Plan,SMB,Retail,4,331.93,1327.74,5
ORD-000174,2023-08-22,East,Widget C,SMB,Retail,2,21.89,43.77,5
ORD-000175,2023-11-28,East,Widget A,Enterprise,Online,4,330.17,1320.69,15
ORD-000176,2025-02-13,West,Widget B,SMB,Retail,2,260.46,520.93,0
ORD-000177,2025-06-07,South,Widget A,Enterprise,Online,2,151.58,303.17,10
ORD-000178,2023-08-14,East,Gadget X,SMB,Online,4,396.14,1584.58,0
ORD-000179,2024-04-14,South,Service Plan,Consumer,Partners,3,433.68,1301.04,10
ORD-000180,2023-03-27,East,Gadget X,Consumer,Retail,3,484.74,1454.23,5
ORD-000181,2024-11-01,East,Widget A,SMB,Online,4,436.97,1747.89,5
ORD-000182,2025-05-25,North,Gadget X,Enterprise,Online,3,204.63,613.89,0
ORD-000183,2024-04-21,South,Gadget X,SMB,Online,3,158.31,474.92,5
ORD-000184,2025-04-04,South,Widget B,SMB,Online,3,109.38,328.14,0
ORD-000185,2025-03-30,West,Gadget Y,SMB,Partners,1,331.13,331.13,0
ORD-000186,2023-09-05,West,Widget C,Enterprise,Online,2,171.19,342.37,0
ORD-000187,2023-07-03,South,Gadget X,Enterprise,Online,2,143.42,286.84,0
ORD-000188,2024-09-25,North,Gadget X,SMB,Online,2,462.47,924.93,15
ORD-000189,2023-03-18,East,Widget A,SMB,Retail,4,26.55,106.19,0
ORD-000190,2025-05-27,South,Service Plan,Consumer,Online,3,178.16,534.49,0
ORD-000191,2024-12-12,North,Widget A,SMB,Partners,5,220.32,1101.62,0
ORD-000192,2023-03-27,South,Widget C,Enterprise,Retail,1,106.85,106.85,0
ORD-000193,2024-11-29,East,Widget A,Consumer,Online,1,150.79,150.79,0
ORD-000194,2025-03-20,South,Widget C,Consumer,Retail,1,199.55,199.55,15
ORD-000195,2023-08-19,North,Gadget Y,SMB,Online,3,375.84,1127.53,0
ORD-000196,2025-03-22,West,Widget B,SMB,Online,1,41.44,41.44,0
ORD-000197,2023-11-12,South,Gadget X,SMB,Partners,4,60.77,243.1,0
ORD-000198,2025-04-30,,Widget C,SMB,Partners,1,205.89,205.89,0
ORD-000199,2024-07-29,East,Gadget Y,Enterprise,Online,2,396.14,792.28,5
ORD-000200,2024-02-05,East,Gadget X,Enterprise,Online,2,21.66,43.31,0
ORD-000201,2023-02-05,East,Widget A,Consumer,Online,6,171.26,1027.57,5
ORD-000202,2024-08-12,West,Widget B,Enterprise,Retail,5,113.56,567.82,20
ORD-000203,2023-10-16,West,Widget C,SMB,Retail,2,252.18,504.35,5
ORD-000204,2024-09-21,East,Widget B,SMB,Online,4,194.37,777.47,0
ORD-000205,2024-12-28,North,Widget A,Enterprise,Partners,2,140.04,280.09,0
ORD-000206,2023-06-11,East,Gadget X,SMB,Online,4,35.33,141.32,0
ORD-000207,2023-02-15,South,Widget A,SMB,Online,3,84.64,253.91,0
ORD-000208,2024-09-20,North,Widget A,SMB,Retail,3,309.74,929.22,5
ORD-000209,2024-04-20,West,Gadget X,Enterprise,Retail,2,301.73,603.47,0
ORD-000210,2024-02-03,East,Widget C,Consumer,Online,2,346.1,692.2,0
ORD-000211,2023-02-15,West,Gadget Y,Enterprise,Online,2,39.79,79.59,5
ORD-000212,2025-05-23,West,Widget B,Enterprise,Retail,2,9.28,18.56,5
ORD-000213,2023-02-12,East,Gadget X,Enterprise,Partners,4,311.74,1246.97,5
ORD-000214,2025-05-14,South,Gadget X,Enterprise,Partners,1,92.86,92.86,5
ORD-000215,2023-10-18,East,Widget A,Enterprise,Retail,5,376.04,1880.2,0
ORD-000216,2023-04-06,South,Gadget X,Enterprise,Retail,1,290.63,290.63,10
ORD-000217,2025-05-30,South,Widget C,Enterprise,Retail,1,136.02,136.02,15
ORD-000218,2023-07-03,South,Gadget Y,Enterprise,Online,3,218.51,655.52,0
ORD-000219,2023-08-19,East,Service Plan,SMB,Partners,5,215.95,1079.76,20
ORD-000220,2023-09-23,West,Gadget Y,Enterprise,Partners,5,125.88,629.41,0
ORD-000221,2023-09-27,South,Widget C,Consumer,Online,5,427.02,2135.1,0
ORD-000222,2023-12-08,East,Gadget Y,Consumer,Online,1,5.93,5.93,0
ORD-000223,2023-01-02,South,Gadget X,Enterprise,Online,5,125.88,629.39,10
ORD-000224,2023-10-15,West,Service Plan,Consumer,Retail,2,104.17,208.34,0
ORD-000225,2023-07-28,North,Widget C,SMB,Online,2,457.26,914.52,0
ORD-000226,2024-07-14,North,Widget B,SMB,Online,5,401.98,2009.89,0
ORD-000227,2024-10-27,North,Service Plan,Enterprise,Online,5,398.25,1991.27,0
ORD-000228,2024-05-12,West,Widget A,Consumer,Retail,4,413.67,1654.69,0
ORD-000229,2023-06-11,West,Widget B,Consumer,Retail,3,86.74,260.21,5
ORD-000230,2023-09-13,East,Widget A,Enterprise,Online,2,435.48,870.96,0
ORD-000231,2023-12-05,East,Service Plan,Consumer,Retail,4,199.45,797.79,0
ORD-000232,2024-07-30,West,Service Plan,SMB,Online,3,131.04,393.11,15
ORD-000233,2024-04-06,East,Widget B,SMB,Online,3,94.32,282.95,0
ORD-000234,2025-04-06,,Gadget Y,Enterprise,Retail,2,144.42,288.83,5
ORD-000235,2023-09-24,East,Widget B,Consumer,Online,5,271.85,1359.27,15
ORD-000236,2024-03-12,North,Widget C,SMB,Online,1,179.93,179.93,10
ORD-000237,2024-05-21,East,Widget A,Consumer,Online,3,342.45,1027.34,5
ORD-000238,2024-06-23,North,Gadget X,SMB,Online,5,8.27,41.35,0
ORD-000239,2023-06-06,North,Widget C,Consumer,Online,4,233.0,932.0,5
ORD-000240,2023-01-09,South,Gadget X,SMB,Retail,4,207.24,828.97,0
ORD-000241,2025-01-29,East,Widget A,Enterprise,Partners,5,97.09,485.47,5
ORD-000242,2024-04-26,North,Gadget Y,Consumer,Retail,1,423.58,423.58,20
ORD-000243,2024-09-04,South,Gadget X,Consumer,Online,1,137.07,137.07,5
ORD-000244,2024-03-04,West,Gadget X,SMB,Partners,1,188.18,188.18,0
ORD-000245,2025-02-05,West,Gadget Y,Consumer,Retail,1,253.43,253.43,15
ORD-000246,2025-04-02,South,Widget C,Enterprise,Partners,1,104.01,104.01,10
ORD-000247,2023-10-26,East,Widget A,SMB,Online,1,314.25,314.25,0
ORD-000248,2023-12-15,North,Gadget X,SMB,Online,2,62.82,125.64,0
ORD-000249,2024-06-03,East,Widget B,SMB,Online,4,136.36,545.46,0
ORD-000250,2025-01-23,South,Widget B,Consumer,Retail,3,86.74,260.21,5
ORD-000251,2023-05-24,West,Gadget Y,SMB,Online,3,498.35,1495.06,0
ORD-000252,2024-10-02,East,Gadget X,SMB,Retail,2,234.04,468.08,5
ORD-000253,2023-07-30,South,Widget B,SMB,Retail,4,41.02,164.09,0
ORD-000254,2023-08-20,East,Gadget Y,SMB,Online,3,328.02,984.05,0
ORD-000255,2024-11-19,East,Widget C,Enterprise,Retail,4,302.11,1208.44,5
ORD-000256,2024-03-24,South,Widget B,Consumer,Online,2,147.47,294.94,0
ORD-000257,2023-02-14,South,Service Plan,SMB,Online,2,21.22,42.44,5
ORD-000258,2024-06-05,North,Widget C,Enterprise,Retail,4,71.61,286.44,0
ORD-000259,2025-03-25,South,Widget A,Enterprise,Online,3,250.19,750.57,0
ORD-000260,2024-03-16,South,Widget A,SMB,Online,1,119.38,119.38,0
ORD-000261,2023-06-26,East,Gadget X,Consumer,Retail,3,312.08,936.24,5
ORD-000262,2024-10-01,South,Gadget Y,Enterprise,Online,4,428.66,1714.62,0
ORD-000263,2024-03-03,West,Service Plan,SMB,Partners,4,230.96,923.86,0
ORD-000264,2024-06-01,North,Widget C,SMB,Online,2,53.32,106.64,0
ORD-000265,2023-05-25,West,Widget B,Consumer,Online,1,421.95,421.95,5
ORD-000266,2023-01-12,North,Gadget X,SMB,Online,2,28.83,57.66,0
ORD-000267,2025-05-24,North,Widget C,SMB,Online,2,198.8,397.59,0
ORD-000268,2023-06-10,West,Widget A,Consumer,Online,3,188.21,564.63,0
ORD-000269,2025-03-19,West,Widget C,Enterprise,Online,3,317.61,952.83,0
ORD-000270,2024-07-02,East,Widget C,SMB,Retail,4,409.79,1639.14,5
ORD-000271,2023-03-11,East,Widget B,Enterprise,Online,3,55.75,167.25,5
ORD-000272,2023-12-30,East,Service Plan,Consumer,Retail,3,229.27,687.8,10
ORD-000273,2024-08-28,East,Gadget X,Enterprise,Online,3,91.1,273.31,0
ORD-000274,2023-02-19,West,Widget C,SMB,Online,4,345.36,1381.42,0
ORD-000275,2025-04-09,North,Widget A,Enterprise,Retail,2,443.66,887.31,15
ORD-000276,2024-01-02,South,Widget C,Enterprise,Online,2,159.18,318.36,0
ORD-000277,2024-05-05,South,Gadget X,Enterprise,Retail,2,353.75,707.51,0
ORD-000278,2024-03-12,South,Gadget X,SMB,Retail,1,270.35,270.35,5
ORD-000279,2025-01-05,East,Widget B,SMB,Online,1,415.72,415.72,5
ORD-000280,2024-10-09,East,Widget B,Enterprise,Retail,4,445.89,1783.57,5
ORD-000281,2023-04-03,East,Gadget X,SMB,Retail,1,214.19,214.19,10
ORD-000282,2024-05-10,South,Gadget X,Enterprise,Partners,2,27.46,54.91,5
ORD-000283,2025-04-06,North,Service Plan,Enterprise,Retail,3,46.37,139.1,10
ORD-000284,2024-11-21,North,Gadget X,Consumer,Online,3,266.55,799.66,5
ORD-000285,2024-11-19,West,Widget A,Consumer,Online,3,244.81,734.43,10
ORD-000286,2025-04-26,East,Widget A,Enterprise,Online,1,11.35,11.35,0
ORD-000287,2024-07-13,West,Widget A,Consumer,Online,3,51.41,154.22,0
ORD-000288,2024-09-30,West,Gadget X,Enterprise,Online,1,281.94,281.94,5
ORD-000289,2024-04-06,East,Widget A,Consumer,Online,1,169.09,169.09,0
ORD-000290,2023-07-31,South,Gadget Y,SMB,Retail,3,182.33,547.0,0
ORD-000291,2023-04-16,East,Gadget X,SMB,Online,4,370.9,1483.59,0
ORD-000292,2023-03-19,West,Widget C,SMB,Retail,4,431.36,1725.44,0
ORD-000293,2024-06-20,South,Widget A,SMB,Online,3,338.76,1016.29,5
ORD-000294,2023-03-09,East,Gadget X,Consumer,Online,5,350.43,1752.17,0
ORD-000295,2024-07-15,South,Gadget X,Enterprise,Online,7,341.5,2390.5,5
ORD-000296,2024-05-05,South,Widget A,Enterprise,Retail,4,272.92,1091.69,0
ORD-000297,2024-02-21,East,Widget A,SMB,Retail,4,60.47,,0
ORD-000298,2023-02-03,West,Widget B,Enterprise,Online,1,225.4,225.4,0
ORD-000299,2023-11-28,West,Widget A,Consumer,Retail,3,237.87,713.6,5
ORD-000300,2025-05-09,West,Service Plan,Consumer,Partners,4,314.45,1257.8,10
ORD-000301,2023-03-10,West,Widget B,Consumer,Online,7,448.64,3140.45,0
ORD-000302,2023-08-19,East,Gadget X,SMB,Retail,3,161.67,485.02,0
ORD-000303,2024-08-30,South,Widget C,SMB,Online,4,65.57,262.26,5
ORD-000304,2024-09-29,South,Widget A,Enterprise,Online,1,68.0,68.0,0
ORD-000305,2025-02-02,South,Service Plan,Enterprise,Retail,3,87.43,262.28,0
ORD-000306,2024-07-27,South,Gadget Y,Enterprise,Partners,6,476.58,2859.47,5
ORD-000307,2025-05-12,North,Widget B,Consumer,Partners,3,138.16,,0
ORD-000308,2023-03-20,North,Gadget X,SMB,Retail,2,274.12,548.23,15
ORD-000309,2025-05-26,East,Gadget Y,Enterprise,Retail,4,346.86,1387.45,0
ORD-000310,2024-03-03,West,Widget A,Consumer,Partners,3,293.27,879.81,0
ORD-000311,2024-08-11,East,Widget B,SMB,Online,4,92.23,368.91,5
ORD-000312,2024-02-05,North,Gadget X,SMB,Online,6,248.23,1489.38,5
ORD-000313,2024-01-05,North,Widget C,Enterprise,Online,3,463.41,1390.24,5
ORD-000314,2024-09-26,South,Widget C,Enterprise,Online,3,239.69,719.08,0
ORD-000315,2024-02-15,East,Service Plan,Enterprise,Retail,1,121.56,121.56,5
ORD-000316,2024-01-16,South,Widget C,SMB,Online,6,190.31,1141.83,0
ORD-000317,2025-05-15,West,Gadget X,Enterprise,Retail,3,85.05,255.16,0
ORD-000318,2024-06-04,South,Widget A,SMB,Retail,1,144.59,144.59,0
ORD-000319,2024-11-23,West,Widget C,Consumer,Online,4,388.25,1553.0,0
ORD-000320,2024-08-29,West,Widget B,SMB,Partners,4,259.6,,0
ORD-000321,2025-05-15,North,Widget A,Enterprise,Partners,2,86.04,172.08,5
ORD-000322,2024-12-20,West,Widget A,Enterprise,Online,5,61.69,308.46,0
ORD-000323,2024-02-11,North,Widget A,Consumer,Partners,3,61.86,185.58,0
ORD-000324,2023-07-04,East,Widget A,Enterprise,Retail,4,344.12,1376.46,0
ORD-000325,2023-07-01,East,Gadget X,SMB,Online,2,7.91,15.83,0
ORD-000326,2024-06-30,South,Widget B,Consumer,Partners,1,479.98,479.98,5
ORD-000327,2025-02-19,East,Service Plan,Enterprise,Online,2,142.98,285.95,0
ORD-000328,2023-09-18,South,Widget A,Consumer,Online,2,398.64,797.28,5
ORD-000329,2023-02-14,North,Widget A,SMB,Retail,2,368.69,737.37,0
ORD-000330,2023-11-08,West,Service Plan,Enterprise,Retail,1,148.37,148.37,0
ORD-000331,2023-10-04,East,Widget A,Consumer,Online,2,68.12,136.25,0
ORD-000332,2025-03-22,West,Gadget Y,Consumer,Online,5,102.86,514.3,0
ORD-000333,2024-03-09,West,Widget A,Enterprise,Online,3,255.76,767.28,15
ORD-000334,2023-10-02,East,Widget A,SMB,Partners,3,242.5,727.51,5
ORD-000335,2023-07-04,East,Widget B,SMB,Online,3,45.8,137.4,10
ORD-000336,2024-10-23,West,Widget C,Enterprise,Online,1,291.03,291.03,10
ORD-000337,2023-05-02,North,Widget C,Enterprise,Retail,3,495.4,1486.2,5
ORD-000338,2024-02-11,South,Widget A,SMB,Partners,1,151.79,151.79,0
ORD-000339,2023-01-19,West,Widget C,SMB,Partners,2,235.2,470.41,5
ORD-000340,2025-05-21,South,Widget B,Enterprise,Online,5,310.0,1549.98,0
ORD-000341,2023-09-05,East,Widget B,Consumer,Retail,3,97.74,293.21,5
ORD-000342,2023-01-06,South,Service Plan,SMB,Online,3,319.19,957.58,0
ORD-000343,2024-10-07,North,Widget B,SMB,Online,3,327.74,983.21,10
ORD-000344,2025-04-18,West,Widget A,Consumer,Partners,3,254.71,764.14,5
ORD-000345,2024-04-24,South,Gadget X,Consumer,Online,3,51.13,153.39,0
ORD-000346,2023-06-07,East,Service Plan,Consumer,Online,5,119.3,596.48,5
ORD-000347,2024-02-05,West,Gadget Y,Consumer,Retail,3,440.43,1321.28,5
ORD-000348,2023-09-04,East,Gadget X,Consumer,Partners,4,118.76,475.05,0
ORD-000349,2023-03-10,North,Widget A,Enterprise,Online,3,281.01,843.03,20
ORD-000350,2023-08-27,East,Gadget X,Enterprise,Online,6,289.31,1735.85,0
ORD-000351,2023-04-13,,Widget B,Consumer,Partners,3,460.63,1381.88,0
ORD-000352,2024-12-18,East,Gadget X,Enterprise,Partners,2,445.93,891.86,5
ORD-000353,2024-03-26,East,Gadget Y,SMB,Online,5,121.51,607.57,0
ORD-000354,2025-04-02,East,Widget C,Enterprise,Online,3,254.25,762.74,0
ORD-000355,2023-03-30,West,Widget A,SMB,Retail,5,168.37,841.84,0
ORD-000356,2023-04-02,East,Gadget Y,Enterprise,Retail,1,150.11,150.11,15
ORD-000357,2024-03-15,South,Widget C,Consumer,Partners,2,215.8,431.59,10
ORD-000358,2023-01-17,East,Gadget X,Enterprise,Online,3,65.84,197.53,5
ORD-000359,2024-05-09,East,Gadget X,Consumer,Retail,2,469.64,939.27,5
ORD-000360,2024-01-16,North,Gadget Y,SMB,Partners,3,86.44,259.31,0
ORD-000361,2024-10-07,South,Gadget X,Enterprise,Retail,2,339.16,678.33,0
ORD-000362,2023-04-15,North,Service Plan,Enterprise,Online,4,152.07,608.28,5
ORD-000363,2024-08-28,East,Widget B,SMB,Retail,3,329.71,989.13,10
ORD-000364,2023-03-15,West,Widget A,SMB,Partners,2,416.31,832.63,5
ORD-000365,2024-03-04,West,Widget A,Enterprise,Online,3,85.63,256.89,5
ORD-000366,2024-11-26,North,Gadget Y,Consumer,Online,3,478.89,1436.66,0
ORD-000367,2023-10-23,South,Widget A,Consumer,Retail,5,356.58,1782.9,5
ORD-000368,2023-07-26,South,Service Plan,Enterprise,Online,4,489.79,1959.15,15
ORD-000369,2023-07-10,North,Widget B,SMB,Online,2,243.09,486.17,0
ORD-000370,2024-01-22,,Gadget X,SMB,Partners,3,275.74,827.22,10
ORD-000371,2024-07-03,East,Gadget X,SMB,Retail,4,457.7,1830.78,5
ORD-000372,2023-12-09,South,Gadget Y,SMB,Online,4,26.41,105.64,0
ORD-000373,2023-08-30,North,Widget B,Consumer,Retail,1,238.8,238.8,15
ORD-000374,2025-03-25,East,Widget B,Enterprise,Partners,3,53.85,161.54,0
ORD-000375,2023-09-23,South,Widget B,SMB,Online,4,110.77,443.08,0
ORD-000376,2024-11-06,South,Widget A,SMB,Retail,3,258.24,774.73,0
ORD-000377,2024-06-11,South,Service Plan,SMB,Online,3,407.99,1223.98,10
ORD-000378,2024-11-03,North,Service Plan,Consumer,Online,2,95.65,191.31,5
ORD-000379,2025-05-17,,Widget A,Enterprise,Partners,4,276.83,1107.31,0
ORD-000380,2023-07-18,South,Widget A,SMB,Retail,4,315.53,1262.12,5
ORD-000381,2024-04-13,South,Widget B,Enterprise,Retail,2,244.92,489.85,15
ORD-000382,2025-06-15,North,Service Plan,Enterprise,Partners,4,222.85,891.38,10
ORD-000383,2023-08-01,North,Widget C,Enterprise,Online,5,390.09,1950.43,0
ORD-000384,2024-06-29,North,Widget B,Enterprise,Partners,3,366.73,1100.2,15
ORD-000385,2024-06-17,South,Widget A,SMB,Partners,6,219.07,1314.42,5
ORD-000386,2025-04-14,East,Widget A,Enterprise,Online,1,128.11,128.11,0
ORD-000387,2023-09-25,West,Service Plan,Enterprise,Online,5,359.98,1799.88,0
ORD-000388,2023-10-31,West,Widget C,Consumer,Partners,2,199.02,398.05,0
ORD-000389,2023-05-20,East,Widget B,Consumer,Online,2,434.75,869.5,5
ORD-000390,2023-02-06,South,Widget B,Enterprise,Online,3,265.12,795.36,15
ORD-000391,2024-04-01,South,Service Plan,Enterprise,Online,3,76.64,229.92,5
ORD-000392,2025-01-19,West,Widget B,SMB,Retail,4,339.46,1357.85,0
ORD-000393,2024-11-14,South,Gadget Y,Consumer,Retail,4,235.95,943.79,10
ORD-000394,2025-02-04,South,Gadget Y,Consumer,Online,3,97.1,291.3,5
ORD-000395,2024-12-12,South,Widget B,Enterprise,Retail,2,477.93,955.85,0
ORD-000396,2025-04-01,North,Service Plan,Consumer,Retail,6,78.62,471.72,0
ORD-000397,2025-02-14,East,Gadget X,Consumer,Retail,2,93.83,187.67,0
ORD-000398,2024-02-10,West,Widget B,SMB,Online,5,333.9,1669.49,15
ORD-000399,2023-05-07,North,Widget C,Consumer,Retail,3,171.61,514.84,10
ORD-000400,2023-10-03,South,Widget A,SMB,Online,3,83.6,250.81,5
ORD-000401,2025-05-04,East,Widget C,SMB,Online,5,17.07,85.34,20
ORD-000402,2023-10-29,East,Gadget Y,SMB,Partners,2,279.3,558.61,5
ORD-000403,2024-03-10,North,Gadget Y,SMB,Online,6,458.0,2747.98,0
ORD-000404,2023-08-16,West,Service Plan,Consumer,Online,4,485.58,1942.32,0
ORD-000405,2025-06-13,West,Widget C,Enterprise,Partners,3,297.45,892.35,5
ORD-000406,2025-04-29,East,Service Plan,SMB,Partners,3,232.65,697.95,0
ORD-000407,2024-06-29,South,Widget B,SMB,Online,5,314.62,1573.12,5
ORD-000408,2025-02-15,West,Widget B,SMB,Retail,3,357.21,1071.64,0
ORD-000409,2025-06-03,South,Gadget X,SMB,Online,2,277.1,554.2,0
ORD-000410,2024-12-20,West,Widget B,Enterprise,Retail,3,47.77,143.32,5
ORD-000411,2025-02-25,East,Gadget X,SMB,Online,2,475.99,951.99,0
ORD-000412,2024-03-19,South,Widget A,Enterprise,Retail,3,272.08,816.25,0
ORD-000413,2024-08-16,West,Gadget X,SMB,Partners,3,51.44,154.33,5
ORD-000414,2023-04-14,West,Gadget X,SMB,Online,2,54.46,108.91,0
ORD-000415,2025-06-15,South,Service Plan,Consumer,Retail,6,20.63,123.78,0
ORD-000416,2024-08-07,East,Service Plan,SMB,Online,3,230.87,692.62,0
ORD-000417,2023-06-02,South,Widget A,Enterprise,Retail,3,63.59,190.77,0
ORD-000418,2023-09-26,,Widget A,Enterprise,Online,1,417.69,417.69,0
ORD-000419,2024-11-20,East,Gadget X,SMB,Online,2,196.57,393.14,0
ORD-000420,2023-08-15,South,Service Plan,Enterprise,Online,5,93.56,467.82,5
ORD-000421,2023-07-15,West,Widget B,SMB,Retail,6,398.82,2392.9,0
ORD-000422,2023-05-05,East,Widget A,Enterprise,Online,4,53.78,215.11,5
ORD-000423,2024-08-31,North,Gadget X,Consumer,Retail,4,331.2,1324.79,0
ORD-000424,2024-12-31,North,Widget B,SMB,Partners,3,24.11,72.32,5
ORD-000425,2023-12-04,West,Gadget Y,Enterprise,Online,1,156.02,156.02,0
ORD-000426,2024-12-16,North,Widget A,Consumer,Online,3,452.44,1357.32,0
ORD-000427,2023-05-10,North,Widget A,Enterprise,Online,3,12.03,36.08,15
ORD-000428,2025-03-16,East,Widget A,Enterprise,Retail,4,408.88,1635.51,15
ORD-000429,2025-03-16,East,Service Plan,Enterprise,Online,4,306.72,1226.87,5
ORD-000430,2024-05-11,West,Widget C,SMB,Partners,2,440.48,880.97,0
ORD-000431,2025-05-09,South,Widget A,Consumer,Online,2,384.98,769.97,10
ORD-000432,2024-12-24,North,Gadget Y,Consumer,Online,3,310.94,932.82,5
ORD-000433,2024-07-09,East,Gadget X,SMB,Retail,4,440.67,1762.67,0
ORD-000434,2023-06-28,North,Widget C,SMB,Online,3,63.26,189.78,5
ORD-000435,2025-05-02,North,Widget C,SMB,Online,4,492.83,1971.32,0
ORD-000436,2023-07-14,West,Widget A,Enterprise,Retail,2,86.38,172.76,0
ORD-000437,2023-04-22,East,Widget A,Enterprise,Partners,3,351.53,1054.59,0
ORD-000438,2023-05-17,East,Gadget X,Enterprise,Retail,3,291.63,874.9,0
ORD-000439,2025-02-01,South,Widget A,Enterprise,Online,6,142.2,853.18,0
ORD-000440,2024-07-28,North,Widget B,SMB,Online,2,395.88,791.77,5
ORD-000441,2023-03-26,South,Widget C,Consumer,Online,3,327.58,982.74,0
ORD-000442,2023-11-10,South,Widget B,SMB,Online,1,356.81,356.81,15
ORD-000443,2024-01-19,North,Service Plan,Enterprise,Retail,2,151.54,303.08,0
ORD-000444,2024-04-03,,Widget B,Consumer,Retail,1,23.17,23.17,0
ORD-000445,2023-06-10,South,Gadget Y,Consumer,Retail,2,96.47,192.94,0
ORD-000446,2023-09-12,North,Widget A,SMB,Retail,5,278.92,1394.61,0
ORD-000447,2025-06-09,West,Service Plan,Consumer,Retail,3,100.83,302.49,10
ORD-000448,2025-01-19,South,Widget A,Consumer,Online,2,372.54,745.08,10
ORD-000449,2025-04-14,East,Service Plan,Enterprise,Partners,2,195.23,390.45,0
ORD-000450,2025-06-11,South,Widget A,SMB,Online,2,310.0,619.99,0
ORD-000451,2024-12-08,East,Widget B,Consumer,Online,2,158.25,316.49,5
ORD-000452,2023-01-29,,Gadget X,Consumer,Partners,3,244.65,733.95,5
ORD-000453,2024-11-24,West,Widget A,Consumer,Online,5,192.07,960.33,10
ORD-000454,2023-03-21,West,Gadget Y,Consumer,Online,1,181.91,181.91,0
ORD-000455,2024-03-05,South,Widget A,Consumer,Partners,2,236.4,472.8,0
ORD-000456,2024-09-06,East,Widget C,Enterprise,Online,1,30.72,30.72,0
ORD-000457,2023-11-26,North,Widget B,SMB,Retail,3,138.36,,5
ORD-000458,2025-05-23,,Widget A,SMB,Online,6,440.38,2642.31,10
ORD-000459,2023-02-11,,Widget A,Enterprise,Online,3,331.97,995.9,0
ORD-000460,2023-10-20,South,Gadget X,SMB,Online,6,23.56,141.39,0
ORD-000461,2024-02-29,South,Widget C,SMB,Partners,5,69.31,346.56,0
ORD-000462,2025-02-19,North,Widget A,Consumer,Online,1,285.26,285.26,5
ORD-000463,2023-12-21,West,Gadget X,SMB,Retail,3,311.14,933.41,5
ORD-000464,2024-11-07,South,Widget B,SMB,Online,3,165.99,497.96,0
ORD-000465,2025-05-04,East,Gadget X,SMB,Retail,5,359.19,1795.94,0
ORD-000466,2024-12-10,West,Service Plan,Consumer,Retail,2,330.44,660.87,10
ORD-000467,2023-03-01,South,Gadget X,SMB,Online,4,56.03,224.13,0
ORD-000468,2023-12-02,West,Gadget X,Enterprise,Online,3,482.55,1447.66,0
ORD-000469,2023-05-12,West,Widget B,SMB,Retail,4,281.34,1125.36,5
ORD-000470,2023-06-15,East,Gadget X,Enterprise,Online,2,457.48,914.95,10
ORD-000471,2024-01-06,South,Widget C,Enterprise,Online,4,446.38,1785.5,0
ORD-000472,2023-03-28,West,Widget B,Enterprise,Online,1,74.67,74.67,0
ORD-000473,2024-11-17,South,Widget B,SMB,Retail,4,322.54,1290.17,0
ORD-000474,2023-01-15,North,Service Plan,Enterprise,Online,2,285.87,571.73,0
ORD-000475,2024-10-21,,Gadget X,SMB,Retail,2,497.51,995.02,15
ORD-000476,2023-06-28,South,Widget B,SMB,Online,5,305.69,1528.45,15
ORD-000477,2023-12-31,West,Widget A,Enterprise,Retail,3,123.78,371.33,5
ORD-000478,2023-10-21,West,Widget A,SMB,Online,4,381.85,1527.39,10
ORD-000479,2023-11-10,West,Service Plan,Enterprise,Online,4,471.48,1885.9,5
ORD-000480,2024-05-09,South,Widget B,Enterprise,Partners,2,5.97,11.93,5
ORD-000481,2023-12-10,South,Service Plan,Enterprise,Partners,2,478.29,956.59,20
ORD-000482,2024-08-04,West,Gadget X,Enterprise,Retail,5,209.66,1048.32,0
ORD-000483,2024-12-29,North,Widget C,SMB,Online,3,313.6,940.8,5
ORD-000484,2023-09-25,South,Gadget X,Enterprise,Partners,5,9.27,46.35,5
ORD-000485,2024-06-22,West,Widget B,Enterprise,Online,3,318.08,954.24,0
ORD-000486,2024-05-16,South,Service Plan,Enterprise,Partners,3,26.69,80.08,0
ORD-000487,2023-10-18,West,Widget B,Enterprise,Online,3,251.98,755.95,10
ORD-000488,2024-08-15,West,Widget C,Enterprise,Partners,2,242.02,484.05,0
ORD-000489,2025-03-20,West,Gadget Y,Enterprise,Retail,4,393.12,1572.47,10
ORD-000490,2025-05-01,South,Widget B,SMB,Partners,1,325.04,325.04,0
ORD-000491,2025-03-13,South,Gadget Y,Enterprise,Online,1,183.05,183.05,0
ORD-000492,2025-04-22,East,Gadget X,Enterprise,Online,4,86.19,344.78,0
ORD-000493,2025-04-16,West,Widget B,SMB,Online,6,136.6,819.61,5
ORD-000494,2023-07-15,West,Widget C,SMB,Online,2,63.7,127.39,20
ORD-000495,2024-05-31,South,Widget B,Consumer,Online,3,440.65,1321.95,5
ORD-000496,2024-09-08,East,Gadget X,Enterprise,Retail,1,267.29,267.29,5
ORD-000497,2023-05-16,South,Service Plan,Enterprise,Online,3,470.36,1411.07,0
ORD-000498,2023-08-23,North,Gadget X,Enterprise,Online,5,129.61,648.03,0
ORD-000499,2025-04-06,South,Widget A,Enterprise,Online,3,274.92,824.75,20
ORD-000500,2024-09-16,South,Widget A,Enterprise,Retail,2,50.76,101.52,0
ORD-000501,2023-09-16,East,Widget C,SMB,Partners,3,189.61,568.83,0
ORD-000502,2025-03-18,West,Widget C,Consumer,Online,2,337.09,674.19,0
ORD-000503,2025-04-22,North,Widget A,Enterprise,Retail,3,259.87,779.61,0
ORD-000504,2023-03-14,West,Widget B,Consumer,Partners,4,423.59,1694.37,0
ORD-000505,2025-05-11,East,Gadget X,Consumer,Online,6,89.15,534.93,0
ORD-000506,2024-05-31,West,Widget A,Enterprise,Retail,3,352.53,1057.59,0
ORD-000507,2024-05-27,East,Widget C,Enterprise,Retail,3,104.2,312.6,0
ORD-000508,2024-11-23,South,Widget A,Enterprise,Retail,3,224.71,674.12,5
ORD-000509,2024-09-17,South,Widget C,Enterprise,Online,3,61.11,183.34,5
ORD-000510,2024-06-16,South,Widget C,Enterprise,Online,3,9.03,27.08,0
ORD-000511,2024-09-28,West,Widget A,Enterprise,Online,3,234.91,704.74,5
ORD-000512,2024-04-22,East,Widget B,Enterprise,Online,4,456.82,1827.28,0
ORD-000513,2025-06-08,East,Gadget X,Consumer,Online,2,346.72,693.45,5
ORD-000514,2024-06-27,South,Gadget X,SMB,Online,2,432.96,865.93,0
ORD-000515,2024-01-04,South,Gadget X,Enterprise,Retail,2,420.56,841.12,5
ORD-000516,2024-07-15,South,Gadget Y,SMB,Partners,3,474.56,1423.68,5
ORD-000517,2024-01-04,South,Gadget Y,Enterprise,Online,2,323.69,647.38,15
ORD-000518,2023-08-23,West,Widget A,Enterprise,Partners,2,85.93,171.86,0
ORD-000519,2023-05-31,South,Widget A,SMB,Retail,6,313.42,1880.52,0
ORD-000520,2024-11-01,South,Widget C,Consumer,Online,5,433.15,2165.76,0
ORD-000521,2023-04-25,East,Widget B,Enterprise,Retail,3,34.89,104.66,5
ORD-000522,2025-04-12,East,Widget A,Consumer,Partners,3,243.22,729.66,0
ORD-000523,2023-06-12,West,Widget C,Enterprise,Online,3,13.33,39.98,15
ORD-000524,2023-03-26,West,Widget A,Enterprise,Partners,4,345.79,1383.16,0
ORD-000525,2023-03-21,East,Gadget Y,Enterprise,Partners,3,150.97,452.91,0
ORD-000526,2024-02-09,South,Service Plan,SMB,Online,2,180.68,361.36,5
ORD-000527,2024-02-06,East,Gadget Y,SMB,Retail,6,63.89,383.34,10
ORD-000528,2024-01-30,East,Widget B,Enterprise,Online,3,478.66,1435.99,0
ORD-000529,2023-01-01,West,Gadget Y,SMB,Online,3,423.25,1269.75,5
ORD-000530,2025-06-15,East,Gadget X,Enterprise,Online,2,157.28,314.55,15
ORD-000531,2023-08-15,North,Gadget X,Enterprise,Online,1,328.38,328.38,0
ORD-000532,2024-11-06,East,Gadget X,Enterprise,Retail,4,219.56,878.26,0
ORD-000533,2023-04-30,East,Gadget Y,Consumer,Online,2,92.09,184.18,15
ORD-000534,2023-04-29,South,Widget A,SMB,Online,3,144.01,432.04,15
ORD-000535,2023-06-06,West,Widget C,Consumer,Retail,2,217.27,434.54,5
ORD-000536,2024-03-01,West,Gadget Y,Consumer,Online,2,457.08,914.16,5
ORD-000537,2025-03-14,East,Widget A,Consumer,Retail,2,52.2,104.4,5
ORD-000538,2025-05-03,South,Widget B,SMB,Retail,3,243.06,729.19,0
ORD-000539,2023-06-23,East,Gadget X,Enterprise,Retail,5,290.65,1453.23,5
ORD-000540,2025-05-06,West,Widget B,Enterprise,Online,2,216.07,432.14,0
ORD-000541,2024-03-20,West,Gadget X,Enterprise,Online,4,64.55,258.18,5
ORD-000542,2023-08-03,South,Widget A,SMB,Partners,4,235.74,942.96,0
ORD-000543,2023-03-29,North,Widget B,Consumer,Online,3,140.76,422.27,0
ORD-000544,2024-04-21,North,Widget C,Consumer,Retail,3,448.1,1344.31,5
ORD-000545,2023-09-01,North,Gadget X,Consumer,Partners,2,335.26,670.52,10
ORD-000546,2024-01-12,West,Service Plan,Enterprise,Online,2,263.11,526.22,15
ORD-000547,2023-01-12,North,Service Plan,Enterprise,Online,4,288.99,1155.94,0
ORD-000548,2025-06-04,East,Widget C,Enterprise,Partners,1,28.33,28.33,5
ORD-000549,2024-02-11,West,Service Plan,SMB,Partners,3,292.79,878.36,5
ORD-000550,2025-04-14,West,Widget A,Consumer,Retail,3,47.19,141.58,5
ORD-000551,2023-04-04,West,Gadget X,SMB,Retail,2,471.73,943.46,0
ORD-000552,2023-12-26,North,Widget B,SMB,Partners,5,384.17,1920.87,0
ORD-000553,2025-05-23,South,Gadget X,Enterprise,Online,2,161.3,322.59,15
ORD-000554,2023-11-07,West,Service Plan,SMB,Partners,3,390.88,1172.65,0
ORD-000555,2024-11-13,South,Service Plan,SMB,Online,3,158.04,474.13,0
ORD-000556,2025-02-01,West,Widget B,Enterprise,Retail,1,311.15,311.15,0
ORD-000557,2024-01-28,West,Widget A,SMB,Online,4,464.32,1857.27,5
ORD-000558,2024-11-09,North,Gadget X,Enterprise,Online,3,458.62,1375.85,0
ORD-000559,2023-04-01,South,Service Plan,Enterprise,Online,2,95.38,190.76,10
ORD-000560,2023-05-26,South,Widget A,Enterprise,Online,3,494.8,1484.41,0
ORD-000561,2023-05-25,North,Widget B,Consumer,Online,1,118.39,118.39,0
ORD-000562,2024-08-06,West,Widget B,SMB,Online,7,434.05,3038.35,0
ORD-000563,2024-09-22,West,Gadget Y,SMB,Online,4,62.72,250.9,5
ORD-000564,2023-02-26,West,Widget A,SMB,Online,5,455.84,2279.18,0
ORD-000565,2023-09-03,East,Widget A,Consumer,Retail,3,309.29,927.86,0
ORD-000566,2025-02-11,South,Service Plan,Enterprise,Online,1,492.76,492.76,5
ORD-000567,2025-02-05,North,Gadget Y,SMB,Partners,4,69.99,279.95,0
ORD-000568,2023-06-24,West,Gadget X,Enterprise,Retail,4,389.97,1559.87,15
ORD-000569,2023-03-09,North,Gadget X,SMB,Online,3,52.92,158.75,0
ORD-000570,2023-08-29,West,Widget A,Enterprise,Partners,4,188.3,753.2,5
ORD-000571,2024-12-28,East,Widget B,SMB,Online,2,113.18,226.35,5
ORD-000572,2025-03-07,East,Gadget X,Consumer,Retail,6,52.68,316.09,15
ORD-000573,2024-11-15,East,Widget A,Consumer,Online,5,7.54,37.69,0
ORD-000574,2023-10-20,East,Widget A,Consumer,Online,5,58.49,292.44,5
ORD-000575,2023-02-01,East,Widget C,SMB,Retail,4,287.35,1149.4,0
ORD-000576,2023-11-01,South,Widget C,SMB,Retail,7,8.17,57.18,0
ORD-000577,2024-07-06,East,Widget B,Enterprise,Partners,4,285.06,1140.26,0
ORD-000578,2024-09-26,West,Widget B,Enterprise,Partners,3,497.31,1491.94,0
ORD-000579,2023-07-07,North,Widget C,Enterprise,Partners,2,428.93,857.87,0
ORD-000580,2023-09-13,East,Gadget Y,Enterprise,Retail,1,342.46,342.46,0
ORD-000581,2023-11-17,South,Widget A,Consumer,Online,2,114.89,229.79,5
ORD-000582,2023-01-29,West,Widget A,Consumer,Partners,4,311.37,1245.47,5
ORD-000583,2023-01-08,West,Widget B,SMB,Online,3,304.71,914.14,0
ORD-000584,2024-07-09,North,Widget A,Enterprise,Online,1,302.46,302.46,5
ORD-000585,2023-12-13,South,Widget B,Enterprise,Online,1,88.39,88.39,0
ORD-000586,2023-05-14,East,Service Plan,Consumer,Online,2,126.64,253.28,20
ORD-000587,2023-11-29,East,Widget B,Enterprise,Online,2,78.28,156.57,0
ORD-000588,2025-04-13,North,Widget B,Consumer,Retail,2,359.87,719.74,0
ORD-000589,2023-08-02,West,Gadget X,Enterprise,Partners,1,156.0,156.0,0
ORD-000590,2024-08-24,East,Widget A,Enterprise,Retail,1,320.53,320.53,0
ORD-000591,2024-11-23,East,Gadget X,SMB,Online,4,156.73,626.93,5
ORD-000592,2023-03-31,North,Gadget X,Enterprise,Online,5,233.9,1169.51,20
ORD-000593,2024-01-14,North,Service Plan,Enterprise,Online,3,370.8,1112.39,5
ORD-000594,2023-01-22,East,Widget C,SMB,Online,4,317.51,1270.06,5
ORD-000595,2024-09-06,South,Widget C,SMB,Retail,2,202.32,404.64,5
ORD-000596,2023-04-18,South,Widget B,Enterprise,Online,5,116.4,582.0,5
ORD-000597,2024-01-12,West,Widget B,Enterprise,Online,3,275.52,826.56,5
ORD-000598,2023-06-15,East,Gadget Y,Enterprise,Online,3,380.47,1141.42,5
ORD-000599,2025-03-04,West,Gadget X,Enterprise,Online,2,141.32,282.65,15
ORD-000600,2024-01-18,West,Gadget X,SMB,Partners,3,370.35,1111.04,5
ORD-000601,2024-08-03,West,Widget B,Enterprise,Retail,2,115.5,231.0,10
ORD-000602,2024-02-18,South,Gadget X,SMB,Online,3,233.68,701.04,0
ORD-000603,2023-05-31,North,Widget C,Enterprise,Retail,2,34.47,68.93,5
ORD-000604,2023-02-02,West,Gadget Y,Consumer,Online,2,432.54,865.09,5
ORD-000605,2025-04-11,South,Gadget X,Enterprise,Online,5,199.31,996.56,5
ORD-000606,2024-04-15,South,Gadget Y,Enterprise,Online,1,156.71,156.71,5
ORD-000607,2025-01-08,East,Gadget X,SMB,Retail,2,218.42,436.84,0
ORD-000608,2023-01-11,West,Gadget Y,SMB,Online,4,307.42,1229.69,5
ORD-000609,2023-11-30,South,Widget A,Consumer,Retail,3,346.85,1040.54,0
ORD-000610,2024-11-06,West,Widget A,SMB,Online,2,124.25,248.5,0
ORD-000611,2024-07-04,South,Service Plan,SMB,Online,4,249.48,997.9,5
ORD-000612,2023-12-26,South,Gadget Y,Consumer,Retail,3,275.84,827.52,0
ORD-000613,2024-09-16,East,Gadget X,Enterprise,Online,3,334.06,1002.18,10
ORD-000614,2024-04-09,West,Gadget Y,Consumer,Online,2,131.44,262.88,0
ORD-000615,2024-05-27,,Widget B,SMB,Retail,5,260.26,1301.28,5
ORD-000616,2023-03-24,North,Gadget Y,SMB,Partners,3,97.96,293.88,15
ORD-000617,2025-02-13,East,Service Plan,Enterprise,Retail,3,61.35,184.06,5
ORD-000618,2023-09-16,North,Widget A,SMB,Partners,4,447.99,1791.97,0
ORD-000619,2023-01-15,South,Widget A,Consumer,Partners,7,302.84,2119.88,0
ORD-000620,2024-11-17,East,Gadget X,SMB,Online,2,172.67,345.35,10
ORD-000621,2023-11-19,North,Widget B,Enterprise,Online,4,168.94,675.78,0
ORD-000622,2023-10-15,South,Widget C,SMB,Retail,1,378.03,378.03,0
ORD-000623,2023-03-19,South,Widget C,Consumer,Partners,2,431.33,862.66,0
ORD-000624,2024-04-21,East,Widget B,Consumer,Partners,3,120.28,360.83,0
ORD-000625,2023-06-19,East,Gadget Y,Enterprise,Online,4,327.98,1311.91,5
ORD-000626,2023-06-04,East,Widget C,Enterprise,Online,6,199.77,1198.62,10
ORD-000627,2024-09-07,East,Widget A,SMB,Online,2,484.55,969.1,20
ORD-000628,2025-02-25,East,Widget B,Enterprise,Retail,3,100.21,300.62,0
ORD-000629,2023-12-07,West,Gadget Y,Enterprise,Online,4,294.82,1179.26,5
ORD-000630,2024-06-19,South,Gadget Y,SMB,Retail,1,309.93,309.93,0
ORD-000631,2024-11-26,East,Service Plan,Consumer,Retail,3,443.22,1329.67,5
ORD-000632,2023-12-15,North,Service Plan,Enterprise,Retail,6,472.4,2834.41,0
ORD-000633,2025-06-10,North,Gadget X,SMB,Online,6,338.35,2030.08,0
ORD-000634,2024-05-20,North,Widget A,Consumer,Retail,3,376.22,1128.66,0
ORD-000635,2024-12-20,South,Widget A,SMB,Online,3,494.42,1483.26,0
ORD-000636,2025-03-24,North,Gadget Y,Enterprise,Retail,3,224.11,672.32,0
ORD-000637,2025-05-15,North,Gadget X,Enterprise,Partners,5,479.55,2397.77,5
ORD-000638,2025-02-08,South,Gadget X,SMB,Partners,4,264.27,1057.07,0
ORD-000639,2025-03-03,South,Widget A,SMB,Partners,2,278.0,556.0,0
ORD-000640,2024-09-07,South,Widget C,Consumer,Retail,3,152.04,456.13,5
ORD-000641,2025-04-06,West,Gadget Y,Enterprise,Partners,2,311.16,622.32,0
ORD-000642,2025-03-15,South,Widget A,Consumer,Online,3,202.98,608.93,10
ORD-000643,2024-07-08,,Gadget X,SMB,Partners,3,28.73,86.2,0
ORD-000644,2023-02-17,East,Widget B,Enterprise,Online,5,465.73,2328.66,5
ORD-000645,2025-05-04,East,Gadget X,SMB,Online,3,134.31,402.93,10
ORD-000646,2024-03-03,East,Gadget X,SMB,Partners,2,11.09,22.19,10
ORD-000647,2025-06-16,West,Widget C,SMB,Online,2,356.51,713.01,5
ORD-000648,2024-08-19,South,Widget C,Consumer,Online,2,329.37,658.74,10
ORD-000649,2023-07-20,South,Gadget Y,Enterprise,Online,3,8.03,24.08,0
ORD-000650,2023-12-10,South,Widget B,Enterprise,Partners,3,47.79,143.38,5
ORD-000651,2024-11-17,West,Widget A,SMB,Online,3,297.4,892.19,0
ORD-000652,2025-03-30,East,Widget B,Enterprise,Online,2,410.42,820.85,0
ORD-000653,2024-01-17,West,Widget B,Consumer,Partners,6,26.68,160.06,0
ORD-000654,2024-06-23,North,Widget A,SMB,Online,1,218.66,218.66,0
ORD-000655,2023-10-19,East,Gadget X,Consumer,Online,2,378.23,756.45,5
ORD-000656,2023-07-26,East,Widget A,SMB,Online,4,141.87,567.48,0
ORD-000657,2023-05-31,South,Gadget Y,SMB,Online,6,249.07,1494.44,10
ORD-000658,2024-09-20,South,Widget A,Consumer,Retail,1,453.11,453.11,0
ORD-000659,2024-08-24,West,Widget A,SMB,Online,3,142.19,426.58,0
ORD-000660,2023-04-28,East,Gadget Y,Consumer,Partners,4,133.59,534.35,5
ORD-000661,2024-12-02,North,Service Plan,Consumer,Partners,3,134.55,403.65,0
ORD-000662,2025-03-04,South,Widget C,Enterprise,Online,5,212.06,1060.32,15
ORD-000663,2024-06-26,West,Widget B,Enterprise,Retail,1,448.44,448.44,0
ORD-000664,2023-04-17,West,Gadget Y,Consumer,Online,3,235.55,706.64,20
ORD-000665,2024-08-11,West,Widget A,Consumer,Online,3,124.74,374.23,10
ORD-000666,2024-03-17,South,Widget A,Consumer,Retail,2,129.78,259.56,0
ORD-000667,2025-05-05,West,Gadget X,SMB,Retail,3,388.78,1166.33,5
ORD-000668,2025-05-20,East,Widget A,Enterprise,Retail,4,455.92,1823.68,0
ORD-000669,2025-01-31,West,Widget A,Consumer,Retail,4,474.34,1897.36,20
ORD-000670,2023-09-06,South,Widget B,SMB,Online,7,74.82,523.73,5
ORD-000671,2024-03-19,South,Widget B,Consumer,Online,2,14.78,29.57,5
ORD-000672,2024-08-23,East,Gadget X,SMB,Retail,1,384.71,384.71,5
ORD-000673,2023-12-09,East,Gadget X,Enterprise,Retail,4,451.48,1805.91,0
ORD-000674,2023-06-05,West,Gadget X,SMB,Retail,3,40.4,121.21,5
ORD-000675,2024-01-22,South,Service Plan,Enterprise,Online,2,285.48,570.95,0
ORD-000676,2025-03-29,West,Widget B,SMB,Online,4,466.97,1867.9,0
ORD-000677,2024-02-07,North,Gadget X,Enterprise,Online,3,269.78,809.35,0
ORD-000678,2025-05-25,North,Service Plan,Enterprise,Retail,2,220.48,440.96,0
ORD-000679,2024-04-30,South,Widget C,Consumer,Online,4,488.77,1955.1,0
ORD-000680,2024-06-13,South,Gadget X,Enterprise,Online,3,98.07,294.2,5
ORD-000681,2023-02-22,West,Service Plan,Consumer,Online,4,30.2,120.82,0
ORD-000682,2024-04-10,East,Widget C,SMB,Online,4,403.78,1615.12,15
ORD-000683,2024-05-31,South,Gadget X,SMB,Retail,4,406.7,1626.79,15
ORD-000684,2024-08-24,North,Widget A,Enterprise,Online,2,322.88,645.76,10
ORD-000685,2023-08-10,West,Service Plan,Enterprise,Online,4,295.5,1181.98,10
ORD-000686,2025-04-23,South,Widget B,Enterprise,Online,3,387.59,1162.77,0
ORD-000687,2024-09-05,East,Widget A,Consumer,Partners,3,7.61,22.82,15
ORD-000688,2025-02-05,East,Widget B,SMB,Online,4,82.99,331.97,5
ORD-000689,2023-08-12,West,Gadget X,Enterprise,Partners,2,12.04,24.07,15
ORD-000690,2024-07-24,East,Widget B,SMB,Online,3,300.16,900.49,5
ORD-000691,2024-05-30,East,Widget A,Enterprise,Retail,4,395.34,1581.37,5
ORD-000692,2024-03-29,East,Widget B,SMB,Partners,3,413.31,,0
ORD-000693,2023-09-06,North,Widget A,Consumer,Partners,3,324.14,972.42,5
ORD-000694,2025-01-13,East,Service Plan,Enterprise,Retail,4,422.36,1689.42,10
ORD-000695,2023-03-04,East,Widget C,SMB,Online,6,464.45,2786.73,5
ORD-000696,2023-01-01,West,Gadget Y,Consumer,Online,3,10.99,32.98,0
ORD-000697,2024-05-05,North,Widget A,SMB,Online,2,395.7,791.41,10
ORD-000698,2023-12-31,East,Widget B,Enterprise,Retail,2,136.58,273.17,5
ORD-000699,2023-05-01,East,Widget B,Enterprise,Online,2,284.56,569.13,0
ORD-000700,2023-03-21,South,Gadget X,SMB,Retail,1,35.19,35.19,0
ORD-000701,2024-03-20,North,Service Plan,Enterprise,Partners,3,231.71,695.14,0
ORD-000702,2025-01-27,East,Widget B,SMB,Online,5,285.38,1426.91,10
ORD-000703,2023-04-11,South,Gadget X,SMB,Online,7,330.83,2315.83,20
ORD-000704,2023-02-14,South,Widget C,Enterprise,Partners,3,401.91,1205.72,5
ORD-000705,2024-10-15,East,Gadget X,SMB,Partners,3,55.45,166.35,0
ORD-000706,2024-08-31,South,Widget B,SMB,Retail,5,329.05,1645.25,15
ORD-000707,2023-04-27,West,Gadget X,Consumer,Retail,4,219.43,877.71,0
ORD-000708,2024-07-21,South,Gadget X,Consumer,Retail,7,211.71,1482.0,10
ORD-000709,2024-04-25,North,Gadget X,Enterprise,Partners,3,339.14,1017.43,10
ORD-000710,2024-11-25,North,Widget C,Enterprise,Retail,5,438.34,2191.71,0
ORD-000711,2023-11-28,West,Gadget X,Enterprise,Retail,2,26.76,53.51,5
ORD-000712,2023-08-24,South,Gadget X,SMB,Online,6,415.43,2492.58,10
ORD-000713,2023-07-13,West,Service Plan,SMB,Retail,2,370.02,740.04,10
ORD-000714,2023-12-19,North,Widget B,Consumer,Partners,3,442.94,1328.82,10
ORD-000715,2025-01-13,West,Widget C,Enterprise,Online,3,192.23,576.69,0
ORD-000716,2024-01-26,South,Widget C,SMB,Online,1,131.24,131.24,0
ORD-000717,2023-11-01,East,Gadget X,Enterprise,Online,4,219.65,878.62,0
ORD-000718,2024-01-23,West,Widget A,SMB,Online,3,163.13,489.38,10
ORD-000719,2024-07-21,East,Widget A,Enterprise,Partners,3,368.18,1104.55,5
ORD-000720,2023-08-08,West,Widget B,SMB,Retail,2,53.79,107.58,5
ORD-000721,2024-09-08,East,Gadget Y,Consumer,Retail,8,424.98,3399.83,0
ORD-000722,2023-10-14,East,Gadget X,SMB,Online,6,472.56,2835.33,0
ORD-000723,2025-03-05,West,Widget C,Enterprise,Retail,4,417.27,1669.09,5
ORD-000724,2023-10-30,East,Widget B,Consumer,Partners,5,417.1,2085.51,15
ORD-000725,2023-02-25,North,Widget C,SMB,Online,3,331.97,995.91,10
ORD-000726,2024-07-07,South,Widget A,Enterprise,Retail,3,324.97,974.9,5
ORD-000727,2025-04-02,South,Widget B,SMB,Online,3,122.9,368.69,0
ORD-000728,2024-05-14,East,Gadget X,Enterprise,Retail,3,91.76,275.29,0
ORD-000729,2025-03-05,West,Gadget Y,SMB,Online,4,258.32,1033.29,0
ORD-000730,2023-04-02,West,Widget C,Enterprise,Online,3,368.45,1105.34,5
ORD-000731,2024-12-30,West,Widget A,SMB,Online,4,346.86,1387.42,0
ORD-000732,2024-10-23,East,Widget B,SMB,Online,2,231.03,462.06,0
ORD-000733,2023-08-25,West,Widget A,Enterprise,Retail,2,453.93,907.86,0
ORD-000734,2024-12-15,West,Widget C,Enterprise,Partners,1,316.25,316.25,0
ORD-000735,2024-05-12,South,Gadget X,Consumer,Online,4,448.46,1793.86,0
ORD-000736,2023-12-20,East,Gadget X,SMB,Online,3,167.16,501.47,5
ORD-000737,2023-02-07,East,Widget C,Consumer,Partners,2,184.1,368.2,5
ORD-000738,2025-03-23,East,Gadget Y,Enterprise,Online,5,346.61,1733.03,0
ORD-000739,2024-11-20,East,Widget A,Enterprise,Partners,2,124.16,248.32,0
ORD-000740,2024-12-23,North,Gadget Y,SMB,Online,3,407.65,1222.95,15
ORD-000741,2023-10-29,East,Widget B,Enterprise,Partners,2,221.48,442.96,5
ORD-000742,2025-04-29,South,Widget C,SMB,Partners,3,121.85,365.56,15
ORD-000743,2023-11-08,West,Widget C,Enterprise,Retail,2,217.47,434.93,0
ORD-000744,2024-05-09,North,Service Plan,Enterprise,Online,2,301.15,602.3,0
ORD-000745,2025-02-24,East,Widget A,SMB,Partners,5,395.04,1975.21,0
ORD-000746,2023-08-15,West,Widget A,Consumer,Partners,6,165.09,990.56,5
ORD-000747,2025-06-05,South,Widget A,SMB,Online,1,309.77,309.77,5
ORD-000748,2024-08-12,West,Widget C,SMB,Online,3,383.44,1150.32,0
ORD-000749,2023-03-04,North,Gadget X,Enterprise,Retail,3,371.18,1113.55,0
ORD-000750,2024-07-13,East,Widget A,Consumer,Online,2,61.25,122.49,5
ORD-000751,2023-03-11,North,Widget A,Enterprise,Partners,3,228.06,684.19,5
ORD-000752,2024-02-11,West,Widget A,Enterprise,Retail,2,156.45,312.9,10
ORD-000753,2024-07-06,West,Gadget X,Consumer,Partners,1,469.36,469.36,0
ORD-000754,2025-03-30,East,Gadget X,SMB,Online,6,435.6,2613.61,5
ORD-000755,2024-07-31,West,Gadget X,SMB,Retail,3,173.88,521.63,10
ORD-000756,2023-02-02,East,Gadget X,Consumer,Online,7,429.97,3009.79,10
ORD-000757,2023-06-30,West,Widget B,SMB,Partners,3,378.05,1134.14,0
ORD-000758,2024-01-07,West,Widget A,Enterprise,Retail,3,49.94,149.82,5
ORD-000759,2024-12-12,South,Gadget X,Consumer,Retail,1,123.38,123.38,0
ORD-000760,2023-01-30,South,Widget A,SMB,Retail,3,92.47,277.41,5
ORD-000761,2023-03-18,East,Gadget Y,Enterprise,Online,3,18.53,55.6,5
ORD-000762,2023-12-23,West,Gadget X,Enterprise,Retail,3,311.32,933.96,0
ORD-000763,2023-01-01,East,Gadget X,Consumer,Online,4,241.6,966.39,5
ORD-000764,2023-08-18,,Widget A,Enterprise,Partners,3,216.07,648.21,5
ORD-000765,2023-01-03,South,Widget C,SMB,Retail,5,27.32,136.62,0
ORD-000766,2025-03-26,South,Widget A,Consumer,Online,2,456.18,912.35,0
ORD-000767,2023-12-08,South,Widget A,SMB,Online,3,214.37,643.1,5
ORD-000768,2025-03-01,West,Widget A,Enterprise,Online,3,262.8,788.41,0
ORD-000769,2023-11-26,South,Widget B,SMB,Online,3,96.47,289.42,0
ORD-000770,2025-05-04,East,Widget A,Enterprise,Retail,1,283.3,283.3,0
ORD-000771,2023-04-30,East,Widget A,Consumer,Partners,2,219.21,438.42,0
ORD-000772,2024-03-13,East,Widget C,SMB,Retail,1,497.54,497.54,0
ORD-000773,2025-05-05,South,Service Plan,Enterprise,Retail,4,272.68,1090.71,5
ORD-000774,2023-02-22,East,Widget C,SMB,Online,1,103.87,103.87,15
ORD-000775,2025-02-17,East,Gadget X,Enterprise,Online,3,62.9,188.7,5
ORD-000776,2023-05-17,South,Widget A,Consumer,Partners,2,145.09,290.18,0
ORD-000777,2025-04-23,West,Widget A,SMB,Online,2,183.51,367.02,5
ORD-000778,2024-09-23,East,Widget A,SMB,Online,1,417.71,417.71,5
ORD-000779,2023-10-23,East,Widget A,Consumer,Online,4,232.34,929.34,5
ORD-000780,2025-04-04,West,Widget C,Consumer,Partners,4,122.61,490.44,0
ORD-000781,2023-11-20,South,Widget A,Enterprise,Retail,7,152.67,1068.67,5
ORD-000782,2024-05-10,South,Widget C,Consumer,Online,4,494.2,1976.82,5
ORD-000783,2024-09-19,East,Widget A,Enterprise,Partners,2,493.53,987.07,0
ORD-000784,2025-04-19,South,Service Plan,SMB,Online,3,14.91,44.74,0
ORD-000785,2024-09-16,West,Widget C,Consumer,Online,2,307.92,615.85,5
ORD-000786,2025-02-23,South,Widget C,Consumer,Retail,3,272.23,816.7,0
ORD-000787,2024-08-05,North,Widget B,Enterprise,Partners,2,414.94,829.87,0
ORD-000788,2025-02-14,North,Widget A,Enterprise,Retail,2,298.42,596.84,5
ORD-000789,2023-11-30,West,Widget A,Consumer,Retail,1,28.34,28.34,0
ORD-000790,2023-01-17,South,Gadget X,Consumer,Online,3,213.26,639.78,0
ORD-000791,2025-02-03,East,Widget C,Enterprise,Partners,2,489.95,979.89,0
ORD-000792,2023-01-03,,Service Plan,Consumer,Online,3,432.68,1298.04,0
ORD-000793,2023-12-26,South,Gadget X,SMB,Retail,2,248.13,496.27,0
ORD-000794,2024-10-06,South,Widget B,Enterprise,Partners,3,231.63,694.89,5
ORD-000795,2023-01-30,South,Widget C,Enterprise,Partners,3,19.22,57.66,0
ORD-000796,2023-08-18,South,Gadget X,Enterprise,Partners,3,233.71,701.14,10
ORD-000797,2023-11-30,South,Widget A,SMB,Online,1,65.22,65.22,5
ORD-000798,2023-07-11,West,Widget B,Consumer,Retail,6,215.96,1295.74,0
ORD-000799,2025-03-03,North,Widget C,Enterprise,Online,2,172.43,344.85,0
ORD-000800,2023-07-12,East,Gadget X,Consumer,Retail,1,257.83,257.83,0
ORD-000801,2024-12-26,West,Widget C,SMB,Online,1,396.33,396.33,0
ORD-000802,2025-05-17,East,Widget A,SMB,Online,2,440.1,880.19,15
ORD-000803,2023-04-18,East,Widget C,Enterprise,Online,2,166.19,332.37,0
ORD-000804,2023-08-28,South,Gadget X,Enterprise,Retail,3,126.58,379.74,20
ORD-000805,2023-08-07,West,Widget B,Enterprise,Partners,2,377.44,754.88,0
ORD-000806,2025-01-03,East,Service Plan,Consumer,Online,3,253.04,759.11,0
ORD-000807,2024-12-20,South,Gadget Y,Enterprise,Online,1,75.59,75.59,10
ORD-000808,2024-10-06,North,Widget B,Enterprise,Retail,2,119.88,239.76,5
ORD-000809,2023-05-30,South,Gadget X,Enterprise,Online,3,202.3,606.89,0
ORD-000810,2023-08-27,South,Widget A,Enterprise,Partners,3,154.18,462.55,5
ORD-000811,2024-10-29,East,Widget B,Consumer,Online,4,465.03,1860.11,0
ORD-000812,2024-03-04,West,Widget A,SMB,Online,4,201.5,806.0,0
ORD-000813,2024-01-12,,Gadget X,Consumer,Online,3,40.9,122.7,0
ORD-000814,2024-04-03,North,Gadget X,Enterprise,Online,3,299.45,898.36,0
ORD-000815,2024-02-16,East,Widget B,Consumer,Online,4,47.99,191.97,0
ORD-000816,2024-03-24,North,Widget A,SMB,Partners,6,481.2,2887.19,5
ORD-000817,2023-03-27,West,Gadget Y,Consumer,Online,4,162.96,651.85,0
ORD-000818,2025-03-04,South,Widget A,Consumer,Retail,3,210.97,632.92,0
ORD-000819,2025-05-27,East,Gadget X,SMB,Retail,5,416.64,2083.2,0
ORD-000820,2023-01-06,South,Widget C,SMB,Online,1,68.03,68.03,0
ORD-000821,2025-06-15,East,Gadget Y,Enterprise,Partners,4,162.43,649.73,0
ORD-000822,2024-11-16,West,Widget B,Consumer,Retail,1,78.08,78.08,0
ORD-000823,2023-10-01,South,Gadget Y,Enterprise,Online,3,469.64,1408.92,5
ORD-000824,2025-04-22,West,Widget C,SMB,Online,2,104.58,209.16,0
ORD-000825,2025-03-18,East,Widget B,SMB,Partners,2,267.17,534.35,0
ORD-000826,2024-10-25,North,Widget A,SMB,Online,5,39.44,197.22,0
ORD-000827,2024-05-02,East,Widget C,Consumer,Retail,4,132.05,528.21,0
ORD-000828,2024-12-07,South,Gadget X,SMB,Retail,4,39.02,156.07,5
ORD-000829,2025-04-24,West,Widget C,Enterprise,Online,3,289.98,869.94,0
ORD-000830,2023-02-22,West,Widget C,Enterprise,Online,2,446.98,893.97,15
ORD-000831,2025-03-03,South,Widget C,Enterprise,Partners,3,295.29,885.87,5
ORD-000832,2024-05-29,North,Widget B,Enterprise,Online,3,137.4,412.19,5
ORD-000833,2024-12-12,West,Widget B,Enterprise,Retail,3,282.99,848.96,0
ORD-000834,2024-04-21,West,Widget A,Enterprise,Online,5,178.22,891.1,0
ORD-000835,2024-09-05,North,Widget C,Enterprise,Online,3,16.77,50.3,0
ORD-000836,2024-08-06,North,Widget A,SMB,Online,1,250.31,250.31,10
ORD-000837,2023-09-09,West,Widget B,SMB,Retail,2,18.4,36.79,0
ORD-000838,2024-03-10,South,Widget C,Enterprise,Online,2,117.28,234.56,0
ORD-000839,2023-07-08,South,Widget A,Enterprise,Partners,2,84.19,168.37,0
ORD-000840,2025-01-15,West,Widget A,SMB,Retail,3,411.67,1235.0,0
ORD-000841,2023-10-19,West,Widget B,SMB,Online,2,95.01,190.03,5
ORD-000842,2023-12-19,West,Widget A,Enterprise,Online,1,132.83,132.83,5
ORD-000843,2024-09-18,South,Widget A,SMB,Partners,2,180.84,361.69,15
ORD-000844,2023-10-09,South,Gadget X,SMB,Retail,4,193.26,773.05,0
ORD-000845,2023-06-19,West,Gadget Y,Enterprise,Partners,1,167.42,167.42,0
ORD-000846,2024-12-25,South,Widget A,Enterprise,Partners,2,123.15,246.3,0
ORD-000847,2025-03-30,West,Widget A,SMB,Online,8,89.29,714.33,5
ORD-000848,2023-09-19,South,Service Plan,SMB,Retail,6,339.39,2036.34,0
ORD-000849,2024-03-14,East,Gadget X,SMB,Retail,4,60.74,242.97,5
ORD-000850,2025-06-11,West,Widget A,SMB,Online,3,313.08,939.24,0
ORD-000851,2025-02-06,South,Widget B,Enterprise,Partners,3,219.06,657.19,5
ORD-000852,2024-02-24,West,Widget A,Consumer,Online,4,323.29,1293.18,15
ORD-000853,2024-08-14,East,Gadget X,SMB,Retail,2,59.7,119.4,5
ORD-000854,2023-10-24,South,Widget B,Enterprise,Online,2,392.89,785.77,0
ORD-000855,2023-09-18,South,Widget C,Enterprise,Retail,3,59.44,178.33,5
ORD-000856,2024-02-16,South,Widget A,Consumer,Online,1,366.9,366.9,5
ORD-000857,2024-06-04,South,Gadget X,SMB,Partners,3,407.97,1223.9,0
ORD-000858,2023-03-07,East,Widget B,SMB,Online,7,288.13,2016.92,0
ORD-000859,2024-06-16,West,Service Plan,Enterprise,Online,4,125.88,503.51,5
ORD-000860,2023-09-16,North,Widget C,SMB,Online,2,162.9,325.81,0
ORD-000861,2024-11-17,North,Widget B,Enterprise,Online,1,12.99,12.99,5
ORD-000862,2024-05-06,,Gadget Y,SMB,Retail,2,265.73,531.46,0
ORD-000863,2023-03-19,North,Gadget X,Enterprise,Partners,1,229.65,229.65,5
ORD-000864,2025-02-15,West,Widget B,Enterprise,Retail,3,17.76,53.28,0
ORD-000865,2024-02-10,East,Gadget X,SMB,Retail,1,409.55,409.55,5
ORD-000866,2023-05-20,South,Gadget X,Consumer,Online,2,218.47,436.94,0
ORD-000867,2023-03-06,West,Widget B,Consumer,Online,5,396.62,1983.08,10
ORD-000868,2023-01-11,South,Gadget Y,SMB,Partners,1,191.14,191.14,15
ORD-000869,2025-05-23,West,Widget C,Enterprise,Online,3,462.8,1388.39,10
ORD-000870,2024-09-24,South,Widget A,Consumer,Retail,3,304.58,913.74,10
ORD-000871,2025-05-31,North,Gadget X,Enterprise,Retail,3,358.31,1074.93,10
ORD-000872,2024-02-22,North,Widget A,Enterprise,Online,3,451.68,1355.04,0
ORD-000873,2025-03-06,West,Widget A,Enterprise,Online,4,456.02,1824.09,0
ORD-000874,2023-02-01,East,Gadget X,SMB,Retail,3,221.13,663.38,0
ORD-000875,2023-02-01,West,Widget A,Enterprise,Partners,6,37.06,222.37,10
ORD-000876,2025-03-12,West,Widget B,Consumer,Online,2,206.69,413.39,5
ORD-000877,2023-09-23,South,Widget B,Enterprise,Partners,5,247.99,1239.94,0
ORD-000878,2025-01-03,South,Widget C,Enterprise,Retail,1,29.04,29.04,0
ORD-000879,2025-04-26,East,Gadget X,Consumer,Online,4,61.26,245.06,5
ORD-000880,2023-03-08,West,Widget B,Enterprise,Online,3,491.19,1473.58,0
ORD-000881,2025-04-21,West,Widget A,SMB,Retail,2,428.09,856.18,0
ORD-000882,2023-07-23,North,Widget C,SMB,Retail,3,85.29,255.88,20
ORD-000883,2024-05-20,West,Widget B,SMB,Online,2,321.14,642.27,5
ORD-000884,2023-05-02,North,Widget A,Enterprise,Partners,5,347.12,1735.61,5
ORD-000885,2023-11-18,,Widget C,Enterprise,Online,5,223.4,1117.02,0
ORD-000886,2024-04-27,South,Widget A,SMB,Retail,1,409.88,409.88,0
ORD-000887,2024-12-04,West,Widget C,SMB,Partners,3,310.01,930.02,20
ORD-000888,2023-03-23,North,Widget C,SMB,Retail,5,142.23,711.13,0
ORD-000889,2023-05-14,East,Gadget X,Enterprise,Partners,2,154.35,308.71,5
ORD-000890,2024-09-15,South,Gadget X,SMB,Online,2,8.97,17.94,5
ORD-000891,2024-03-19,South,Service Plan,Consumer,Partners,3,452.77,1358.3,10
ORD-000892,2024-11-09,East,Widget A,SMB,Online,4,287.63,1150.53,10
ORD-000893,2025-05-13,West,Service Plan,SMB,Retail,1,51.56,51.56,0
ORD-000894,2023-02-20,East,Widget A,SMB,Retail,2,216.58,433.17,5
ORD-000895,2023-05-23,North,Gadget Y,Enterprise,Retail,1,131.13,131.13,5
ORD-000896,2024-05-17,South,Service Plan,Consumer,Online,4,150.41,601.66,15
ORD-000897,2023-05-01,South,Widget B,Enterprise,Partners,2,10.66,21.33,5
ORD-000898,2024-12-22,South,Widget B,Enterprise,Partners,1,490.57,490.57,0
ORD-000899,2024-04-15,East,Gadget X,Consumer,Partners,2,66.9,133.8,5
ORD-000900,2024-02-05,East,Gadget X,SMB,Partners,6,20.5,122.99,5
ORD-000901,2025-05-30,North,Widget A,Consumer,Online,1,227.16,227.16,0
ORD-000902,2025-02-12,West,Gadget X,Enterprise,Retail,4,432.21,1728.82,0
ORD-000903,2025-05-31,North,Service Plan,Enterprise,Retail,1,142.57,142.57,5
ORD-000904,2024-02-28,South,Widget A,Enterprise,Retail,2,165.92,331.85,5
ORD-000905,2023-05-05,North,Widget C,Consumer,Online,3,396.49,1189.48,5
ORD-000906,2025-05-02,East,Gadget X,SMB,Online,3,404.66,1213.97,0
ORD-000907,2023-05-05,West,Widget B,Consumer,Retail,2,210.16,420.33,5
ORD-000908,2025-06-17,North,Widget A,SMB,Partners,5,37.88,189.38,5
ORD-000909,2023-01-23,West,Widget C,Enterprise,Online,4,466.29,1865.17,10
ORD-000910,2024-01-24,North,Widget A,Enterprise,Online,3,349.94,1049.82,5
ORD-000911,2025-01-20,South,Widget A,SMB,Online,2,348.7,697.41,0
ORD-000912,2023-08-14,North,Service Plan,SMB,Retail,3,64.81,194.42,10
ORD-000913,2025-05-21,West,Widget A,SMB,Partners,2,67.75,135.5,0
ORD-000914,2024-07-17,West,Service Plan,SMB,Online,3,215.65,646.94,5
ORD-000915,2023-12-19,South,Widget C,Enterprise,Online,1,196.25,196.25,0
ORD-000916,2024-04-17,North,Widget A,Enterprise,Online,4,83.38,333.5,0
ORD-000917,2024-11-20,South,Widget A,Enterprise,Online,4,190.64,762.58,0
ORD-000918,2025-04-02,North,Widget A,SMB,Retail,5,239.73,1198.65,5
ORD-000919,2023-01-17,South,Widget A,Enterprise,Online,2,235.9,471.81,15
ORD-000920,2024-03-01,South,Widget A,Enterprise,Retail,4,14.54,58.16,0
ORD-000921,2024-04-25,North,Gadget Y,SMB,Partners,5,497.57,2487.87,0
ORD-000922,2024-01-11,East,Widget A,Enterprise,Retail,3,87.53,262.59,5
ORD-000923,2024-09-19,South,Gadget X,Consumer,Retail,3,186.67,560.0,0
ORD-000924,2023-10-27,North,Widget B,Enterprise,Partners,5,458.64,2293.19,5
ORD-000925,2024-03-18,South,Widget C,Consumer,Retail,2,476.83,953.67,0
ORD-000926,2024-10-21,West,Gadget X,SMB,Partners,3,175.44,526.33,0
ORD-000927,2025-02-25,East,Gadget X,Enterprise,Retail,5,124.23,621.17,0
ORD-000928,2024-12-23,West,Widget A,SMB,Online,1,186.64,186.64,5
ORD-000929,2024-03-17,East,Gadget Y,Enterprise,Online,3,125.41,376.22,0
ORD-000930,2023-01-01,South,Widget C,Enterprise,Online,1,430.2,430.2,5
ORD-000931,2024-06-08,West,Widget A,SMB,Retail,2,46.07,,5
ORD-000932,2023-02-15,South,Gadget X,Enterprise,Retail,4,381.93,1527.74,15
ORD-000933,2023-10-05,North,Widget A,Consumer,Retail,2,252.93,505.87,20
ORD-000934,2025-02-23,South,Gadget X,SMB,Online,3,462.92,1388.75,10
ORD-000935,2023-06-24,West,Gadget X,SMB,Online,2,378.53,757.07,0
ORD-000936,2024-04-20,South,Gadget X,SMB,Partners,1,227.13,227.13,5
ORD-000937,2024-04-11,East,Widget A,Consumer,Online,1,9.47,9.47,0
ORD-000938,2023-09-29,South,Gadget X,Enterprise,Retail,2,471.27,942.54,5
ORD-000939,2023-12-29,North,Gadget Y,Enterprise,Retail,2,367.95,735.89,5
ORD-000940,2023-09-08,South,Gadget X,Consumer,Partners,1,226.45,226.45,5
ORD-000941,2024-02-08,South,Gadget X,Enterprise,Online,2,67.07,134.13,0
ORD-000942,2024-12-15,East,Gadget X,SMB,Partners,2,231.68,463.36,0
ORD-000943,2024-05-06,East,Gadget Y,SMB,Retail,1,321.0,321.0,0
ORD-000944,2024-08-24,South,Widget A,SMB,Online,1,75.1,75.1,5
ORD-000945,2025-04-12,East,Widget B,Enterprise,Retail,3,221.59,664.77,5
ORD-000946,2024-08-23,West,Widget B,Consumer,Online,6,143.76,862.58,0
ORD-000947,2024-06-28,North,Widget B,Enterprise,Online,3,160.33,480.99,5
ORD-000948,2024-07-05,West,Widget B,Enterprise,Online,3,228.61,685.82,10
ORD-000949,2024-11-19,East,Gadget X,Enterprise,Online,3,329.8,989.4,0
ORD-000950,2024-02-26,West,Widget A,Consumer,Retail,2,366.2,732.39,20
ORD-000951,2024-09-26,,Widget B,Consumer,Online,4,415.47,1661.86,0
ORD-000952,2023-02-09,North,Widget A,SMB,Online,3,276.43,829.3,0
ORD-000953,2024-06-23,East,Gadget Y,SMB,Online,5,386.78,1933.88,5
ORD-000954,2024-03-11,West,Gadget X,Enterprise,Online,4,409.26,1637.02,10
ORD-000955,2025-01-23,North,Gadget Y,Consumer,Online,4,292.8,1171.21,0
ORD-000956,2025-01-22,South,Widget A,Consumer,Online,3,450.26,1350.78,5
ORD-000957,2025-02-09,North,Widget B,Enterprise,Online,4,450.66,1802.64,0
ORD-000958,2024-05-17,West,Widget A,SMB,Partners,3,341.15,1023.46,5
ORD-000959,2023-07-29,West,Widget B,SMB,Online,4,398.64,1594.54,0
ORD-000960,2024-11-27,West,Widget A,Enterprise,Retail,1,185.54,185.54,0
ORD-000961,2024-10-03,South,Widget A,SMB,Partners,1,267.89,267.89,0
ORD-000962,2024-05-09,East,Widget C,SMB,Online,5,206.98,1034.9,5
ORD-000963,2025-04-14,West,Gadget X,SMB,Online,4,237.52,950.08,0
ORD-000964,2023-08-31,East,Gadget Y,Enterprise,Online,3,367.96,1103.87,5
ORD-000965,2023-01-31,North,Gadget X,Consumer,Retail,2,113.77,227.53,0
ORD-000966,2023-11-26,,Widget A,SMB,Retail,2,171.81,343.62,10
ORD-000967,2023-08-04,West,Widget A,SMB,Online,4,35.09,140.35,10
ORD-000968,2025-01-22,North,Service Plan,Enterprise,Online,1,294.15,294.15,0
ORD-000969,2025-04-16,,Widget B,SMB,Online,3,454.7,1364.11,10
ORD-000970,2023-10-29,East,Widget C,Enterprise,Online,2,235.85,471.69,0
ORD-000971,2025-03-23,South,Gadget X,SMB,Online,3,398.68,1196.03,10
ORD-000972,2024-09-04,North,Widget A,Enterprise,Online,4,206.56,826.24,0
ORD-000973,2023-03-22,North,Gadget X,Enterprise,Online,3,476.6,1429.79,10
ORD-000974,2023-03-11,North,Widget B,Enterprise,Online,4,331.63,1326.53,0
ORD-000975,2024-11-23,North,Gadget Y,Enterprise,Online,2,284.27,568.53,0
ORD-000976,2024-11-10,South,Widget C,Consumer,Partners,3,255.96,767.88,0
ORD-000977,2025-01-19,,Service Plan,SMB,Online,2,298.75,597.5,0
ORD-000978,2024-03-25,West,Widget A,SMB,Online,7,390.91,2736.37,0
ORD-000979,2023-08-07,West,Widget C,Enterprise,Partners,1,472.79,472.79,15
ORD-000980,2023-12-19,East,Widget C,SMB,Partners,2,194.73,389.46,5
ORD-000981,2025-03-26,West,Widget B,Enterprise,Partners,3,105.31,315.93,0
ORD-000982,2025-02-01,East,Service Plan,Consumer,Online,2,381.4,762.81,0
ORD-000983,2024-10-01,East,Service Plan,Enterprise,Online,3,14.0,41.99,0
ORD-000984,2024-08-12,East,Widget A,Consumer,Retail,4,51.37,205.49,5
ORD-000985,2024-04-04,North,Service Plan,Consumer,Online,4,411.27,1645.1,10
ORD-000986,2023-10-23,East,Widget A,SMB,Retail,3,98.44,295.32,0
ORD-000987,2025-05-15,North,Widget A,SMB,Partners,3,91.5,274.49,0
ORD-000988,2025-03-16,East,Gadget Y,Consumer,Retail,4,363.61,1454.45,5
ORD-000989,2023-11-07,East,Gadget X,SMB,Partners,1,40.06,40.06,5
ORD-000990,2024-08-23,East,Gadget Y,SMB,Retail,6,253.6,1521.61,0
ORD-000991,2024-02-27,East,Widget C,Enterprise,Online,1,71.73,71.73,5
ORD-000992,2023-05-02,East,Widget B,Enterprise,Online,1,136.3,136.3,0
ORD-000993,2023-11-04,West,Widget A,Consumer,Retail,4,400.38,1601.51,0
ORD-000994,2024-04-21,West,Gadget Y,Consumer,Retail,3,19.29,57.86,10
ORD-000995,2025-04-30,,Service Plan,SMB,Retail,3,169.04,507.12,5
ORD-000996,2023-04-23,West,Service Plan,Consumer,Retail,7,391.24,2738.71,0
ORD-000997,2024-10-03,East,Service Plan,Enterprise,Partners,1,448.21,448.21,5
ORD-000998,2024-03-04,West,Gadget X,SMB,Online,4,15.24,,15
ORD-000999,2025-04-22,West,Widget A,Consumer,Partners,3,402.06,1206.19,0
ORD-001000,2023-07-22,East,Widget A,SMB,Partners,1,342.19,342.19,0
ORD-001001,2024-07-14,South,Widget B,Enterprise,Partners,2,398.28,796.56,0
ORD-001002,2023-12-27,East,Service Plan,SMB,Online,5,217.42,1087.11,5
ORD-001003,2023-01-03,West,Gadget X,Consumer,Retail,2,97.68,195.36,0
ORD-001004,2025-03-10,East,Widget C,Consumer,Online,4,23.67,94.66,5
ORD-001005,2023-06-09,East,Widget A,SMB,Retail,3,144.0,432.01,0
ORD-001006,2024-03-09,North,Widget C,Enterprise,Partners,4,415.32,1661.27,5
ORD-001007,2024-06-11,North,Gadget X,Enterprise,Online,3,372.69,1118.06,5
ORD-001008,2024-11-16,North,Widget A,Enterprise,Retail,1,431.86,431.86,5
ORD-001009,2025-01-31,North,Gadget Y,SMB,Online,5,103.41,517.07,0
ORD-001010,2024-05-20,East,Gadget X,Consumer,Partners,2,82.98,165.96,0
ORD-001011,2024-08-19,West,Widget A,Enterprise,Online,2,322.31,644.63,0
ORD-001012,2024-10-24,North,Widget C,Enterprise,Retail,4,122.03,,0
ORD-001013,2024-06-27,South,Widget C,Consumer,Partners,2,396.02,792.05,5
ORD-001014,2024-03-31,,Widget B,Enterprise,Online,3,172.25,516.75,5
ORD-001015,2023-10-26,South,Gadget X,Consumer,Online,1,292.68,292.68,0
ORD-001016,2025-04-21,North,Widget C,Enterprise,Partners,2,455.55,911.11,5
ORD-001017,2025-05-09,West,Gadget X,Enterprise,Retail,5,295.96,1479.81,0
ORD-001018,2023-12-24,East,Widget B,SMB,Retail,4,394.78,1579.13,0
ORD-001019,2023-11-11,West,Widget B,Enterprise,Retail,3,83.92,251.75,0
ORD-001020,2025-04-20,,Widget A,Enterprise,Online,2,135.88,271.77,5
ORD-001021,2024-02-27,East,Gadget X,Enterprise,Online,3,323.81,971.43,0
ORD-001022,2023-06-27,South,Widget A,Enterprise,Partners,2,122.04,244.07,5
ORD-001023,2025-01-20,East,Widget C,SMB,Retail,2,31.94,63.88,0
ORD-001024,2024-01-20,South,Gadget X,Consumer,Partners,3,280.14,840.43,0
ORD-001025,2025-03-10,East,Gadget X,SMB,Online,1,328.51,328.51,0
ORD-001026,2025-03-02,South,Service Plan,Consumer,Online,2,298.53,597.05,0
ORD-001027,2024-08-31,South,Widget C,Consumer,Retail,3,252.32,756.95,15
ORD-001028,2023-01-08,North,Widget C,Consumer,Retail,1,5.95,5.95,5
ORD-001029,2023-09-14,,Widget A,Enterprise,Online,3,238.31,714.92,10
ORD-001030,2023-11-12,East,Widget A,Enterprise,Online,5,379.18,1895.89,5
ORD-001031,2023-06-08,South,Widget A,Enterprise,Online,5,476.85,2384.24,0
ORD-001032,2024-04-28,West,Widget B,Consumer,Partners,6,5.19,31.13,0
ORD-001033,2023-09-08,South,Widget A,Enterprise,Online,3,437.33,1311.99,20
ORD-001034,2024-02-09,North,Widget C,Consumer,Online,3,301.39,904.17,5
ORD-001035,2023-07-12,South,Service Plan,Enterprise,Online,5,461.35,2306.75,10
ORD-001036,2025-04-07,North,Widget A,Enterprise,Retail,2,258.83,517.65,0
ORD-001037,2025-01-14,East,Gadget X,Enterprise,Online,4,243.08,972.31,0
ORD-001038,2024-05-17,West,Widget B,SMB,Online,2,494.44,988.89,0
ORD-001039,2025-02-09,North,Gadget X,Enterprise,Online,2,366.3,,0
ORD-001040,2023-07-18,West,Widget C,Consumer,Partners,4,317.41,1269.62,0
ORD-001041,2023-06-12,East,Gadget X,Enterprise,Retail,2,56.31,112.63,0
ORD-001042,2025-05-30,East,Widget A,SMB,Online,2,142.13,284.27,0
ORD-001043,2024-11-20,South,Widget B,Consumer,Retail,3,54.42,163.26,5
ORD-001044,2024-08-12,North,Service Plan,Enterprise,Online,1,248.65,248.65,5
ORD-001045,2024-01-01,West,Gadget X,Consumer,Online,5,97.34,486.69,0
ORD-001046,2023-09-04,South,Gadget X,Enterprise,Online,2,73.8,147.6,15
ORD-001047,2023-01-29,West,Widget A,Enterprise,Partners,4,80.29,321.17,5
ORD-001048,2023-07-10,North,Widget A,Enterprise,Online,7,198.62,1390.32,0
ORD-001049,2023-10-31,East,Gadget Y,Enterprise,Partners,2,238.51,477.03,0
ORD-001050,2023-05-29,North,Widget C,Enterprise,Online,4,214.5,858.02,0
ORD-001051,2024-10-19,North,Widget A,SMB,Partners,2,118.45,236.89,0
ORD-001052,2023-10-23,East,Widget C,SMB,Online,6,145.72,874.33,5
ORD-001053,2023-12-05,South,Gadget X,SMB,Partners,3,373.53,1120.6,0
ORD-001054,2024-04-24,West,Widget C,Enterprise,Retail,3,173.13,,5
ORD-001055,2023-03-29,East,Gadget Y,Enterprise,Retail,4,283.65,1134.6,0
ORD-001056,2024-06-10,South,Widget B,SMB,Online,2,255.77,511.54,10
ORD-001057,2024-06-12,South,Widget A,Enterprise,Online,3,325.67,977.0,10
ORD-001058,2023-05-26,South,Gadget X,Consumer,Retail,4,307.87,1231.5,0
ORD-001059,2023-05-16,South,Service Plan,Enterprise,Online,1,102.68,102.68,5
ORD-001060,2023-11-14,South,Widget B,SMB,Online,2,65.87,131.74,0
ORD-001061,2023-11-24,West,Widget C,Enterprise,Online,3,309.46,928.37,0
ORD-001062,2023-08-31,South,Gadget Y,SMB,Online,1,261.81,261.81,0
ORD-001063,2023-02-05,South,Gadget X,Enterprise,Online,2,267.74,535.48,0
ORD-001064,2024-01-04,South,Service Plan,Consumer,Online,1,271.43,271.43,0
ORD-001065,2024-03-24,,Gadget X,Enterprise,Online,7,64.73,453.14,0
ORD-001066,2024-02-10,South,Widget B,Consumer,Retail,2,415.75,831.5,0
ORD-001067,2025-05-11,South,Widget B,SMB,Online,1,475.55,475.55,0
ORD-001068,2023-06-08,West,Widget A,Enterprise,Online,3,334.89,1004.67,5
ORD-001069,2023-03-15,South,Widget A,Consumer,Retail,5,388.95,1944.73,5
ORD-001070,2024-11-28,West,Widget B,Consumer,Online,5,264.97,1324.87,10
ORD-001071,2024-07-11,East,Gadget X,Consumer,Retail,2,261.7,523.4,10
ORD-001072,2025-05-30,North,Widget B,Enterprise,Partners,5,158.91,794.56,0
ORD-001073,2023-05-18,South,Widget C,Consumer,Retail,4,409.38,1637.52,0
ORD-001074,2024-10-03,North,Gadget Y,Enterprise,Online,2,10.65,21.3,5
ORD-001075,2023-01-17,North,Widget C,Consumer,Retail,3,268.35,805.06,0
ORD-001076,2024-10-17,East,Gadget X,Enterprise,Partners,5,437.9,2189.5,5
ORD-001077,2024-05-09,East,Widget A,SMB,Partners,2,467.08,934.16,10
ORD-001078,2024-09-10,West,Widget B,Consumer,Online,3,336.0,1008.01,0
ORD-001079,2023-08-07,West,Widget C,Enterprise,Partners,3,295.19,885.57,5
ORD-001080,2024-09-25,East,Widget C,Consumer,Online,2,496.98,993.95,0
ORD-001081,2023-02-05,East,Widget C,Enterprise,Retail,6,37.04,222.21,5
ORD-001082,2023-01-20,West,Service Plan,Enterprise,Partners,4,128.86,515.42,5
ORD-001083,2023-03-11,South,Widget C,SMB,Retail,4,229.18,916.72,10
ORD-001084,2025-04-25,North,Widget C,SMB,Retail,4,225.88,903.5,0
ORD-001085,2024-08-01,East,Widget A,Enterprise,Retail,3,427.42,1282.26,5
ORD-001086,2024-04-25,West,Widget B,SMB,Online,6,328.32,1969.94,5
ORD-001087,2025-01-14,East,Service Plan,SMB,Online,2,87.56,175.12,0
ORD-001088,2025-03-17,West,Widget A,Enterprise,Retail,4,298.16,1192.63,0
ORD-001089,2023-02-01,East,Widget A,Enterprise,Online,5,416.48,2082.38,0
ORD-001090,2024-06-07,North,Gadget Y,Consumer,Online,2,29.58,59.16,0
ORD-001091,2024-12-27,East,Gadget X,Enterprise,Online,3,42.26,126.77,10
ORD-001092,2025-04-11,East,Gadget X,Consumer,Online,4,276.71,1106.85,5
ORD-001093,2023-01-22,East,Widget B,SMB,Retail,3,248.55,745.65,15
ORD-001094,2025-02-06,North,Gadget Y,Enterprise,Online,5,442.05,2210.27,0
ORD-001095,2024-07-09,South,Gadget Y,SMB,Partners,2,40.44,80.89,10
ORD-001096,2023-01-02,North,Widget B,Enterprise,Retail,3,84.69,254.07,5
ORD-001097,2024-10-16,South,Widget B,Enterprise,Retail,3,25.37,76.12,0
ORD-001098,2024-08-17,South,Gadget Y,SMB,Retail,3,208.98,626.93,0
ORD-001099,2024-03-15,West,Gadget X,Enterprise,Retail,5,498.21,2491.03,0
ORD-001100,2023-06-13,West,Widget A,Consumer,Retail,5,34.71,173.53,0
ORD-001101,2023-05-19,East,Widget B,Enterprise,Retail,2,182.22,364.45,0
ORD-001102,2025-01-08,East,Widget B,Enterprise,Online,4,23.61,94.44,0
ORD-001103,2024-09-26,North,Service Plan,Enterprise,Partners,3,172.17,516.5,0
ORD-001104,2024-11-20,,Widget A,Consumer,Retail,3,365.85,1097.56,0
ORD-001105,2023-01-07,South,Service Plan,Enterprise,Online,2,67.66,135.31,0
ORD-001106,2023-09-24,East,Service Plan,Consumer,Online,1,56.42,56.42,5
ORD-001107,2023-06-24,North,Gadget X,Enterprise,Online,1,39.6,39.6,5
ORD-001108,2025-04-05,West,Widget B,SMB,Partners,6,461.3,2767.79,5
ORD-001109,2024-09-21,North,Widget B,Consumer,Online,2,149.65,299.3,0
ORD-001110,2025-05-28,East,Widget A,Enterprise,Online,4,487.43,1949.71,0
ORD-001111,2024-06-03,East,Widget C,SMB,Online,2,170.0,340.0,0
ORD-001112,2023-11-16,North,Widget B,SMB,Online,2,28.3,56.59,0
ORD-001113,2023-08-10,South,Service Plan,Enterprise,Online,2,486.3,972.6,0
ORD-001114,2023-04-17,North,Gadget Y,Enterprise,Retail,3,438.4,1315.19,5
ORD-001115,2023-06-23,South,Widget B,Consumer,Retail,4,205.71,822.85,5
ORD-001116,2025-05-06,North,Widget C,Enterprise,Partners,2,264.83,529.66,0
ORD-001117,2023-02-14,North,Widget A,Consumer,Retail,4,95.76,383.05,5
ORD-001118,2024-12-13,West,Gadget X,SMB,Online,4,6.74,26.97,10
ORD-001119,2025-06-07,West,Service Plan,SMB,Online,1,286.92,286.92,0
ORD-001120,2023-08-06,North,Gadget Y,Consumer,Online,3,498.4,1495.19,0
ORD-001121,2024-06-27,South,Service Plan,Enterprise,Retail,3,248.99,746.97,5
ORD-001122,2025-03-20,North,Gadget Y,SMB,Retail,1,58.02,58.02,5
ORD-001123,2025-05-24,South,Widget B,Consumer,Partners,3,423.85,1271.56,0
ORD-001124,2023-03-30,South,Gadget Y,Consumer,Online,2,14.47,28.94,5
ORD-001125,2024-08-13,South,Widget A,Enterprise,Retail,6,185.25,1111.5,0
ORD-001126,2024-07-23,East,Gadget X,SMB,Retail,1,58.3,58.3,10
ORD-001127,2023-12-02,,Widget C,Consumer,Online,3,401.67,1205.0,0
ORD-001128,2024-06-06,East,Widget A,Consumer,Online,4,136.41,545.63,5
ORD-001129,2024-02-22,West,Widget A,Enterprise,Online,1,159.47,159.47,5
ORD-001130,2023-03-16,East,Gadget X,SMB,Partners,2,96.44,192.88,0
ORD-001131,2024-10-01,West,Gadget X,Consumer,Online,3,360.1,1080.29,5
ORD-001132,2023-08-23,North,Widget C,Consumer,Partners,4,59.84,239.37,0
ORD-001133,2023-11-01,East,Gadget X,SMB,Retail,3,424.02,1272.05,10
ORD-001134,2024-04-20,West,Widget B,Enterprise,Partners,4,279.17,1116.68,5
ORD-001135,2025-03-23,West,Widget A,Consumer,Online,1,80.15,80.15,15
ORD-001136,2023-02-19,North,Widget A,Consumer,Partners,3,368.06,1104.19,0
ORD-001137,2023-01-30,East,Widget C,Consumer,Retail,2,90.98,181.96,5
ORD-001138,2025-03-10,East,Gadget Y,Enterprise,Partners,3,108.32,324.95,0
ORD-001139,2023-01-09,East,Widget A,SMB,Retail,2,277.6,555.2,0
ORD-001140,2023-09-12,North,Widget A,Enterprise,Online,3,450.01,1350.03,0
ORD-001141,2024-09-16,East,Widget A,Consumer,Online,1,417.96,417.96,0
ORD-001142,2025-01-31,North,Widget B,Enterprise,Online,6,349.67,2097.99,5
ORD-001143,2024-04-01,West,Widget B,Enterprise,Retail,1,24.64,24.64,0
ORD-001144,2024-08-22,East,Service Plan,Enterprise,Online,3,252.39,757.17,10
ORD-001145,2023-09-13,,Gadget X,Enterprise,Partners,3,306.1,918.31,0
ORD-001146,2023-10-20,South,Widget A,Consumer,Partners,4,480.95,1923.79,10
ORD-001147,2024-03-12,North,Gadget X,SMB,Retail,5,68.95,344.73,5
ORD-001148,2024-07-28,South,Widget C,Enterprise,Online,1,294.19,294.19,5
ORD-001149,2024-02-05,South,Gadget Y,Enterprise,Online,2,485.56,971.12,15
ORD-001150,2025-01-05,East,Widget A,SMB,Partners,1,267.25,267.25,10
ORD-001151,2025-03-21,North,Gadget X,Consumer,Partners,4,249.66,998.66,5
ORD-001152,2025-05-01,South,Gadget X,SMB,Online,4,130.24,520.97,0
ORD-001153,2023-11-29,,Service Plan,Consumer,Online,1,276.25,276.25,10
ORD-001154,2023-08-19,West,Widget B,Enterprise,Online,2,322.68,645.36,0
ORD-001155,2023-02-19,North,Widget B,SMB,Partners,4,411.25,1644.99,0
ORD-001156,2024-07-27,North,Widget C,Consumer,Online,4,269.88,1079.5,20
ORD-001157,2024-05-12,East,Widget A,Enterprise,Retail,4,59.47,237.86,0
ORD-001158,2024-04-05,North,Gadget Y,Enterprise,Online,3,321.98,965.95,0
ORD-001159,2024-03-13,South,Widget C,Enterprise,Retail,4,144.4,577.59,10
ORD-001160,2024-02-23,North,Widget C,Consumer,Online,4,468.17,1872.66,0
ORD-001161,2024-09-16,South,Widget C,Consumer,Online,4,108.36,433.45,15
ORD-001162,2024-12-10,East,Widget C,Enterprise,Online,7,437.4,3061.79,15
ORD-001163,2023-03-22,South,Gadget Y,Consumer,Retail,4,266.22,1064.89,15
ORD-001164,2024-11-06,South,Widget A,Enterprise,Online,3,112.1,336.31,0
ORD-001165,2025-04-16,North,Widget C,SMB,Online,2,328.58,657.16,20
ORD-001166,2024-06-22,West,Widget B,Enterprise,Online,4,414.93,1659.71,0
ORD-001167,2024-03-05,East,Widget A,Enterprise,Online,2,81.31,162.62,0
ORD-001168,2025-02-24,South,Widget C,Enterprise,Retail,3,67.47,202.42,0
ORD-001169,2025-03-30,North,Widget C,Enterprise,Retail,3,427.82,1283.46,0
ORD-001170,2024-02-29,West,Gadget Y,Enterprise,Partners,2,56.89,113.78,0
ORD-001171,2023-03-27,South,Gadget X,Enterprise,Partners,3,406.67,1220.02,0
ORD-001172,2024-12-09,South,Widget C,Enterprise,Retail,4,462.5,1850.0,5
ORD-001173,2024-12-23,North,Gadget X,Consumer,Partners,3,233.89,701.68,10
ORD-001174,2023-08-14,South,Widget B,SMB,Retail,1,334.59,334.59,15
ORD-001175,2024-05-30,East,Widget B,Consumer,Partners,2,83.55,167.1,10
ORD-001176,2024-12-04,East,Widget C,Consumer,Retail,3,215.52,646.56,0
ORD-001177,2023-12-01,East,Widget C,SMB,Retail,1,61.41,61.41,15
ORD-001178,2025-02-10,East,Service Plan,Consumer,Online,3,181.43,544.29,0
ORD-001179,2024-07-15,East,Widget B,Enterprise,Retail,4,493.8,1975.21,0
ORD-001180,2024-10-08,East,Widget A,Enterprise,Retail,2,237.91,475.81,5
ORD-001181,2023-03-28,North,Service Plan,SMB,Partners,1,260.75,260.75,10
ORD-001182,2024-04-22,West,Widget A,SMB,Retail,3,342.64,1027.91,5
ORD-001183,2024-03-15,North,Service Plan,SMB,Retail,2,217.24,434.48,0
ORD-001184,2024-12-12,East,Widget A,SMB,Retail,1,350.23,350.23,0
ORD-001185,2023-11-18,North,Service Plan,SMB,Online,1,184.77,184.77,10
ORD-001186,2024-08-12,East,Widget B,SMB,Online,2,107.28,214.55,5
ORD-001187,2025-05-01,,Widget A,Consumer,Online,3,190.86,572.58,0
ORD-001188,2023-04-13,North,Service Plan,SMB,Retail,5,55.56,277.82,10
ORD-001189,2023-07-16,North,Widget A,SMB,Retail,4,152.52,,5
ORD-001190,2023-02-27,South,Gadget X,Enterprise,Online,3,86.19,258.58,5
ORD-001191,2023-07-28,South,Gadget Y,Enterprise,Online,4,27.64,110.55,5
ORD-001192,2023-02-06,West,Widget A,Enterprise,Online,4,427.51,1710.05,0
ORD-001193,2023-03-17,South,Widget B,Enterprise,Online,4,190.37,761.49,5
ORD-001194,2023-07-31,South,Widget A,Enterprise,Partners,7,451.02,3157.14,5
ORD-001195,2024-12-13,South,Widget B,Consumer,Partners,4,286.88,1147.52,10
ORD-001196,2025-04-11,West,Gadget X,SMB,Online,1,297.06,297.06,5
ORD-001197,2025-05-16,East,Gadget Y,Enterprise,Retail,4,269.32,1077.29,5
ORD-001198,2024-05-23,North,Service Plan,SMB,Partners,4,413.07,1652.3,0
ORD-001199,2023-12-02,East,Service Plan,Enterprise,Online,3,170.66,,0
ORD-001200,2024-03-20,,Widget C,Consumer,Online,1,419.62,419.62,5
ORD-001201,2024-09-08,East,Widget C,Enterprise,Partners,5,328.02,1640.1,15
ORD-001202,2023-05-12,West,Service Plan,Enterprise,Online,3,315.37,946.11,0
ORD-001203,2024-05-24,South,Widget A,SMB,Online,2,182.93,365.85,0
ORD-001204,2024-10-27,South,Widget C,Consumer,Online,4,379.12,1516.48,5
ORD-001205,2024-04-21,West,Widget A,SMB,Online,4,382.48,1529.92,5
ORD-001206,2024-10-04,South,Service Plan,SMB,Retail,3,120.75,362.26,0
ORD-001207,2024-11-04,West,Widget A,Consumer,Online,7,487.24,3410.68,5
ORD-001208,2023-04-16,North,Gadget X,Consumer,Online,4,70.02,280.06,0
ORD-001209,2023-04-18,West,Widget A,Consumer,Online,4,195.89,783.56,5
ORD-001210,2023-08-11,South,Widget A,Consumer,Online,2,80.07,160.14,0
ORD-001211,2025-04-11,East,Gadget Y,Consumer,Online,1,256.21,256.21,15
ORD-001212,2025-05-04,North,Widget A,Enterprise,Retail,3,57.22,171.65,0
ORD-001213,2023-01-26,East,Gadget X,SMB,Online,3,49.31,147.93,0
ORD-001214,2023-09-02,South,Service Plan,Consumer,Online,5,353.83,1769.17,0
ORD-001215,2025-03-20,South,Widget C,SMB,Partners,2,354.0,708.01,0
ORD-001216,2025-05-04,East,Gadget Y,Enterprise,Online,4,460.93,1843.71,0
ORD-001217,2023-08-24,South,Widget B,Enterprise,Online,1,73.16,73.16,10
ORD-001218,2024-01-27,North,Gadget Y,SMB,Online,3,162.53,487.58,0
ORD-001219,2024-06-20,East,Gadget X,SMB,Online,3,15.61,46.84,5
ORD-001220,2023-08-12,North,Service Plan,Enterprise,Online,5,211.1,1055.48,15
ORD-001221,2023-03-03,East,Widget B,SMB,Retail,5,247.07,1235.37,0
ORD-001222,2023-03-16,East,Widget A,Enterprise,Online,5,228.72,1143.62,0
ORD-001223,2024-07-24,South,Widget C,Consumer,Online,1,252.64,252.64,0
ORD-001224,2025-01-21,East,Widget A,SMB,Online,3,151.66,454.99,5
ORD-001225,2024-06-27,East,Widget C,Enterprise,Retail,3,75.99,227.97,0
ORD-001226,2025-06-13,South,Gadget X,SMB,Partners,2,61.7,123.41,20
ORD-001227,2024-10-27,West,Gadget X,Enterprise,Retail,8,144.5,1155.97,0
ORD-001228,2024-08-21,North,Widget A,Consumer,Online,4,283.43,1133.72,5
ORD-001229,2025-03-15,South,Service Plan,Consumer,Retail,4,400.66,1602.63,0
ORD-001230,2023-12-09,East,Widget C,Consumer,Online,3,326.01,978.03,0
ORD-001231,2024-08-30,South,Widget A,SMB,Online,5,59.17,295.85,0
ORD-001232,2024-08-29,North,Widget A,Consumer,Online,2,291.12,582.24,5
ORD-001233,2024-03-29,North,Widget A,Enterprise,Online,2,88.8,177.6,5
ORD-001234,2024-11-26,North,Widget C,SMB,Partners,2,91.01,182.02,5
ORD-001235,2024-10-30,South,Widget C,Enterprise,Online,2,370.47,740.94,5
ORD-001236,2024-07-02,South,Widget B,Enterprise,Partners,1,119.44,119.44,15
ORD-001237,2023-09-29,West,Service Plan,SMB,Partners,4,34.17,136.68,5
ORD-001238,2023-07-28,East,Widget C,Enterprise,Online,1,215.1,215.1,5
ORD-001239,2023-06-23,East,Widget A,Enterprise,Online,6,179.48,1076.88,0
ORD-001240,2024-06-17,West,Widget B,Consumer,Partners,4,313.87,1255.47,5
ORD-001241,2025-02-09,South,Gadget X,SMB,Retail,2,160.22,320.44,5
ORD-001242,2024-10-23,South,Widget A,SMB,Partners,2,398.62,797.25,0
ORD-001243,2023-01-30,East,Widget B,SMB,Retail,3,418.51,1255.53,0
ORD-001244,2024-05-31,West,Service Plan,Consumer,Partners,1,209.28,209.28,20
ORD-001245,2024-01-02,North,Gadget X,SMB,Online,5,323.34,1616.7,5
ORD-001246,2023-05-30,East,Gadget Y,Consumer,Partners,2,313.83,627.67,0
ORD-001247,2023-11-13,West,Gadget X,Enterprise,Online,2,478.05,956.1,10
ORD-001248,2025-03-24,South,Widget A,Enterprise,Online,5,360.26,1801.3,5
ORD-001249,2023-02-19,South,Gadget Y,Consumer,Partners,3,56.86,170.58,0
ORD-001250,2023-11-24,East,Widget A,Consumer,Retail,2,219.28,438.56,5
ORD-001251,2023-10-04,South,Widget B,SMB,Retail,3,294.9,884.7,0
ORD-001252,2024-12-25,East,Gadget X,Enterprise,Partners,5,369.14,1845.72,5
ORD-001253,2025-04-26,East,Widget C,Consumer,Retail,6,393.36,2360.18,0
ORD-001254,2023-11-19,West,Gadget X,Consumer,Retail,4,274.94,1099.77,0
ORD-001255,2023-02-17,West,Widget A,Enterprise,Partners,5,142.07,710.36,0
ORD-001256,2024-06-04,North,Widget C,SMB,Retail,3,367.99,1103.98,0
ORD-001257,2024-08-06,South,Gadget X,Consumer,Online,1,164.73,164.73,5
ORD-001258,2024-06-18,West,Widget C,Enterprise,Retail,1,211.52,211.52,0
ORD-001259,2023-06-16,South,Widget A,Consumer,Online,5,108.81,544.04,0
ORD-001260,2025-02-20,West,Widget B,Consumer,Retail,3,439.71,1319.12,15
ORD-001261,2025-02-20,South,Widget A,Enterprise,Retail,3,73.6,220.81,15
ORD-001262,2024-02-13,West,Gadget Y,Enterprise,Online,4,132.3,529.18,0
ORD-001263,2025-02-21,North,Gadget Y,Enterprise,Online,2,351.13,702.26,5
ORD-001264,2023-03-22,East,Widget B,Enterprise,Online,6,296.21,1777.23,5
ORD-001265,2023-01-07,East,Widget A,Enterprise,Retail,3,198.89,596.68,10
ORD-001266,2024-10-30,South,Widget B,SMB,Partners,2,301.78,603.56,5
ORD-001267,2023-11-03,South,Widget C,Enterprise,Online,2,367.0,734.0,0
ORD-001268,2023-02-08,East,Widget A,Enterprise,Retail,2,293.31,586.62,0
ORD-001269,2024-07-28,South,Service Plan,SMB,Online,3,8.49,25.48,0
ORD-001270,2025-06-07,East,Gadget Y,Consumer,Online,1,256.91,256.91,0
ORD-001271,2024-10-06,West,Gadget X,SMB,Partners,2,55.17,110.34,0
ORD-001272,2025-03-26,,Service Plan,Enterprise,Online,4,365.94,1463.78,0
ORD-001273,2024-05-09,South,Service Plan,SMB,Retail,5,6.9,34.51,0
ORD-001274,2023-04-14,West,Widget C,SMB,Partners,4,112.07,448.26,10
ORD-001275,2023-02-26,East,Service Plan,Enterprise,Online,2,319.04,638.08,10
ORD-001276,2023-02-12,North,Widget A,SMB,Retail,1,424.37,424.37,10
ORD-001277,2023-07-15,West,Gadget Y,Enterprise,Partners,4,20.12,80.49,5
ORD-001278,2024-12-24,North,Widget B,Enterprise,Online,5,139.13,695.65,15
ORD-001279,2023-11-28,South,Widget A,Enterprise,Online,4,289.46,1157.84,0
ORD-001280,2023-04-05,West,Widget B,SMB,Online,4,280.8,1123.22,0
ORD-001281,2024-02-25,North,Widget B,SMB,Partners,4,400.85,1603.41,5
ORD-001282,2023-07-11,South,Service Plan,SMB,Online,4,210.72,842.88,0
ORD-001283,2023-09-30,East,Widget A,Enterprise,Retail,3,430.92,1292.77,0
ORD-001284,2025-06-12,South,Service Plan,Enterprise,Online,5,195.67,978.33,5
ORD-001285,2023-11-19,South,Gadget Y,Consumer,Online,2,274.14,548.27,5
ORD-001286,2023-03-16,South,Gadget X,Enterprise,Online,1,226.85,226.85,10
ORD-001287,2025-02-15,East,Widget B,Enterprise,Partners,2,268.96,537.92,15
ORD-001288,2024-05-08,West,Widget B,SMB,Online,5,73.88,369.42,0
ORD-001289,2023-06-18,South,Widget A,SMB,Partners,1,383.48,383.48,5
ORD-001290,2024-10-04,East,Widget A,SMB,Retail,6,74.88,449.31,5
ORD-001291,2023-06-21,South,Widget B,SMB,Online,4,227.0,907.99,0
ORD-001292,2024-06-27,East,Widget A,Consumer,Partners,1,320.27,320.27,5
ORD-001293,2023-03-11,West,Widget C,Enterprise,Retail,4,114.3,457.21,0
ORD-001294,2023-03-12,West,Widget B,Consumer,Online,4,493.25,1973.02,5
ORD-001295,2023-03-14,East,Widget A,SMB,Online,5,343.74,1718.71,0
ORD-001296,2024-04-25,East,Gadget Y,Enterprise,Partners,3,68.37,205.1,10
ORD-001297,2024-11-10,North,Widget B,Enterprise,Online,2,494.28,988.56,0
ORD-001298,2024-01-18,East,Widget A,SMB,Retail,6,174.78,1048.67,0
ORD-001299,2024-10-21,East,Widget C,SMB,Online,3,425.57,1276.7,15
ORD-001300,2023-08-20,West,Widget A,Enterprise,Partners,2,171.87,343.73,0
ORD-001301,2023-06-21,South,Widget C,Consumer,Retail,2,300.92,601.84,5
ORD-001302,2025-01-11,East,Widget A,SMB,Partners,4,365.66,1462.62,0
ORD-001303,2023-03-27,South,Gadget Y,SMB,Partners,2,202.48,404.96,10
ORD-001304,2023-06-26,West,Gadget X,Consumer,Retail,4,492.0,1968.02,10
ORD-001305,2025-06-05,South,Widget A,Enterprise,Retail,3,444.82,1334.45,5
ORD-001306,2024-07-18,East,Widget B,Enterprise,Online,6,123.46,740.77,0
ORD-001307,2024-01-15,North,Widget B,Enterprise,Online,3,340.4,1021.19,0
ORD-001308,2023-06-11,West,Widget B,Consumer,Retail,2,219.66,439.32,20
ORD-001309,2025-01-03,West,Gadget X,Enterprise,Retail,4,446.9,1787.59,0
ORD-001310,2024-10-12,West,Gadget Y,SMB,Partners,2,81.56,163.11,0
ORD-001311,2024-03-22,South,Widget A,SMB,Online,3,376.28,1128.84,0
ORD-001312,2025-01-30,South,Widget B,SMB,Retail,7,197.15,1380.06,0
ORD-001313,2024-10-21,East,Gadget X,Consumer,Online,2,258.05,516.1,5
ORD-001314,2024-08-24,North,Widget A,SMB,Retail,3,347.28,1041.84,5
ORD-001315,2024-10-23,North,Gadget Y,Consumer,Partners,1,108.19,108.19,10
ORD-001316,2023-12-14,West,Gadget Y,Enterprise,Online,6,55.12,330.7,0
ORD-001317,2023-08-01,East,Widget B,Consumer,Retail,5,135.54,677.71,5
ORD-001318,2025-01-20,North,Widget A,SMB,Online,3,207.86,623.57,20
ORD-001319,2024-06-19,East,Widget B,Enterprise,Online,2,152.48,304.96,5
ORD-001320,2024-05-30,,Widget A,SMB,Retail,2,112.56,225.12,5
ORD-001321,2023-10-10,,Service Plan,Enterprise,Retail,5,355.31,1776.56,0
ORD-001322,2024-09-09,West,Gadget Y,Enterprise,Online,2,380.74,761.48,20
ORD-001323,2025-03-01,East,Widget A,Consumer,Online,6,449.79,2698.75,0
ORD-001324,2025-05-20,West,Widget B,Enterprise,Retail,4,149.93,599.73,0
ORD-001325,2023-04-04,South,Widget B,Enterprise,Online,1,363.1,363.1,15
ORD-001326,2024-06-22,South,Widget A,Consumer,Retail,2,44.82,89.65,0
ORD-001327,2024-04-23,South,Widget C,SMB,Partners,4,107.56,430.25,10
ORD-001328,2023-03-27,North,Widget C,Enterprise,Retail,3,73.31,219.93,0
ORD-001329,2024-04-02,North,Widget A,Enterprise,Retail,3,120.88,362.65,0
ORD-001330,2025-05-09,South,Gadget Y,SMB,Partners,6,353.82,2122.91,0
ORD-001331,2023-11-19,East,Widget C,Enterprise,Partners,4,92.86,371.43,0
ORD-001332,2025-05-21,West,Widget C,Enterprise,Partners,6,373.44,2240.67,0
ORD-001333,2024-08-22,South,Service Plan,Enterprise,Retail,2,241.94,483.88,10
ORD-001334,2023-03-04,South,Widget A,SMB,Online,3,366.99,1100.98,0
ORD-001335,2025-06-05,South,Gadget X,Enterprise,Online,1,259.37,259.37,5
ORD-001336,2024-04-04,North,Widget B,SMB,Online,4,204.69,818.77,0
ORD-001337,2025-05-17,East,Widget C,Enterprise,Online,5,475.73,2378.66,0
ORD-001338,2024-05-09,North,Gadget X,SMB,Online,3,370.35,1111.04,5
ORD-001339,2023-10-02,East,Gadget X,Enterprise,Online,3,408.05,1224.15,0
ORD-001340,2025-03-10,North,Widget C,Consumer,Partners,7,251.98,1763.88,0
ORD-001341,2025-01-06,East,Gadget Y,SMB,Partners,1,31.52,31.52,0
ORD-001342,2023-03-21,,Widget A,Enterprise,Partners,6,286.22,1717.33,0
ORD-001343,2024-05-23,East,Widget A,Enterprise,Online,5,283.08,1415.42,0
ORD-001344,2023-12-31,North,Gadget Y,Enterprise,Online,5,435.91,2179.57,0
ORD-001345,2024-09-10,East,Widget B,Consumer,Retail,2,336.16,672.33,10
ORD-001346,2025-03-09,South,Service Plan,SMB,Online,3,13.77,41.32,5
ORD-001347,2024-02-04,East,Widget B,Consumer,Partners,4,136.85,547.42,10
ORD-001348,2025-02-22,North,Widget A,Consumer,Partners,3,379.93,1139.78,5
ORD-001349,2024-01-31,East,Service Plan,Consumer,Online,3,255.98,767.94,0
ORD-001350,2024-12-14,South,Widget A,Enterprise,Online,4,356.4,1425.61,0
ORD-001351,2024-07-01,East,Widget C,Consumer,Retail,2,271.37,542.75,0
ORD-001352,2024-10-18,South,Widget B,Enterprise,Partners,3,197.72,593.16,15
ORD-001353,2023-11-02,South,Widget A,SMB,Retail,1,428.53,428.53,0
ORD-001354,2023-06-10,West,Widget B,Enterprise,Retail,4,120.42,481.67,10
ORD-001355,2024-10-14,South,Widget A,SMB,Partners,3,11.11,33.32,0
ORD-001356,2024-04-07,West,Gadget X,SMB,Online,3,38.9,116.7,5
ORD-001357,2024-06-07,West,Widget C,SMB,Retail,2,55.65,111.29,0
ORD-001358,2024-12-04,South,Gadget X,SMB,Retail,2,280.55,561.09,5
ORD-001359,2023-06-07,North,Gadget X,Enterprise,Retail,3,234.16,702.48,20
ORD-001360,2024-11-06,,Gadget Y,SMB,Partners,2,127.54,255.08,0
ORD-001361,2024-04-11,East,Gadget Y,SMB,Retail,7,36.46,255.24,0
ORD-001362,2023-01-17,South,Widget A,Enterprise,Retail,2,349.27,698.53,0
ORD-001363,2024-03-05,North,Widget B,Enterprise,Online,2,403.32,806.65,0
ORD-001364,2023-05-30,West,Gadget Y,SMB,Retail,2,365.22,730.44,0
ORD-001365,2025-06-02,South,Service Plan,Enterprise,Retail,7,307.24,2150.66,5
ORD-001366,2023-12-12,North,Widget B,Consumer,Online,4,419.25,1677.0,15
ORD-001367,2023-06-12,South,Gadget X,Enterprise,Partners,3,175.84,527.51,0
ORD-001368,2024-07-18,West,Widget A,Enterprise,Online,4,89.94,359.77,0
ORD-001369,2024-12-15,West,Service Plan,Enterprise,Online,2,407.95,815.9,0
ORD-001370,2023-04-02,East,Widget A,Consumer,Online,3,284.62,853.85,0
ORD-001371,2023-05-02,North,Service Plan,Enterprise,Partners,3,140.65,421.95,10
ORD-001372,2024-11-24,East,Widget C,SMB,Retail,3,456.09,1368.27,0
ORD-001373,2025-02-24,South,Gadget X,Consumer,Retail,1,177.24,177.24,5
ORD-001374,2023-01-23,East,Widget B,Consumer,Retail,2,483.59,967.19,5
ORD-001375,2024-05-01,East,Widget B,SMB,Retail,2,375.46,750.91,5
ORD-001376,2023-10-31,South,Widget C,Enterprise,Online,2,164.61,329.22,5
ORD-001377,2024-05-23,East,Gadget X,Enterprise,Retail,2,479.05,958.11,0
ORD-001378,2023-04-02,East,Widget C,Enterprise,Retail,1,8.37,8.37,5
ORD-001379,2023-01-04,South,Widget A,SMB,Retail,2,158.44,316.88,0
ORD-001380,2023-07-25,West,Widget A,SMB,Online,4,430.69,1722.76,5
ORD-001381,2024-08-08,West,Widget A,Consumer,Online,3,125.56,376.67,0
ORD-001382,2024-06-10,North,Widget B,Consumer,Online,2,353.58,707.15,5
ORD-001383,2024-08-12,East,Widget A,Consumer,Online,2,378.65,757.31,10
ORD-001384,2025-03-20,South,Widget C,SMB,Online,3,190.99,572.98,0
ORD-001385,2024-04-01,South,Widget B,SMB,Online,2,110.24,220.49,5
ORD-001386,2025-05-22,North,Gadget X,Consumer,Online,4,201.95,807.79,20
ORD-001387,2024-05-01,East,Gadget X,Consumer,Retail,2,65.57,131.13,0
ORD-001388,2024-04-13,East,Service Plan,Consumer,Online,6,261.4,1568.39,0
ORD-001389,2023-06-08,North,Widget C,Enterprise,Online,6,477.03,2862.17,0
ORD-001390,2024-09-07,,Gadget X,Enterprise,Online,2,442.77,885.54,0
ORD-001391,2023-10-04,East,Gadget Y,Enterprise,Online,2,300.6,601.19,5
ORD-001392,2023-08-21,,Gadget X,SMB,Retail,4,323.38,1293.51,5
ORD-001393,2023-12-03,South,Widget C,SMB,Online,4,295.1,1180.41,5
ORD-001394,2025-01-06,East,Gadget X,Consumer,Partners,3,360.66,1081.98,5
ORD-001395,2023-12-12,East,Widget A,Consumer,Online,1,113.25,113.25,0
ORD-001396,2023-07-15,South,Widget A,Enterprise,Online,6,145.47,872.82,10
ORD-001397,2024-04-14,East,Gadget X,Enterprise,Online,7,65.03,455.21,5
ORD-001398,2023-05-14,South,Widget B,Enterprise,Partners,3,237.95,713.85,0
ORD-001399,2023-07-03,South,Widget C,Enterprise,Online,3,76.06,228.19,0
ORD-001400,2023-08-14,West,Gadget X,Consumer,Online,3,219.29,657.86,0
ORD-001401,2023-05-17,East,Widget B,Consumer,Online,2,333.63,667.27,15
ORD-001402,2023-08-10,North,Gadget Y,SMB,Online,3,232.61,697.83,0
ORD-001403,2025-02-20,West,Widget C,Consumer,Partners,2,447.34,894.67,10
ORD-001404,2023-08-28,South,Gadget X,Consumer,Online,3,71.69,215.08,10
ORD-001405,2024-05-09,South,Gadget X,SMB,Partners,2,203.1,406.2,0
ORD-001406,2023-11-01,South,Widget C,SMB,Retail,3,487.19,1461.56,10
ORD-001407,2023-02-09,South,Gadget X,Enterprise,Online,6,72.45,434.72,5
ORD-001408,2023-08-24,,Widget A,Enterprise,Retail,3,284.19,852.57,0
ORD-001409,2023-11-01,,Gadget X,SMB,Online,1,275.16,275.16,0
ORD-001410,2023-04-13,North,Widget A,Consumer,Partners,1,461.4,461.4,0
ORD-001411,2024-06-25,North,Widget A,Enterprise,Online,4,434.21,1736.82,5
ORD-001412,2023-08-14,South,Widget B,Consumer,Retail,2,309.76,619.51,0
ORD-001413,2024-06-08,South,Widget C,SMB,Online,2,494.76,989.53,0
ORD-001414,2024-07-23,North,Gadget X,SMB,Online,3,64.37,193.11,0
ORD-001415,2024-11-11,East,Widget A,SMB,Online,7,352.01,2464.06,0
ORD-001416,2024-09-24,South,Widget B,Enterprise,Retail,3,368.49,1105.47,0
ORD-001417,2023-03-07,West,Widget A,SMB,Online,2,210.29,420.58,5
ORD-001418,2024-08-20,South,Widget C,Enterprise,Online,3,450.75,1352.26,5
ORD-001419,2023-08-08,East,Gadget Y,Enterprise,Online,5,101.0,505.01,0
ORD-001420,2023-02-11,North,Widget B,Consumer,Retail,2,11.61,23.21,0
ORD-001421,2023-08-09,North,Service Plan,Consumer,Online,5,13.87,69.34,10
ORD-001422,2024-09-01,,Widget B,Consumer,Online,3,156.53,469.59,0
ORD-001423,2024-01-21,South,Widget A,SMB,Retail,1,407.68,407.68,0
ORD-001424,2023-09-26,North,Widget B,Consumer,Online,4,399.45,1597.8,0
ORD-001425,2023-05-15,East,Gadget Y,SMB,Retail,3,267.65,802.96,5
ORD-001426,2023-12-22,East,Gadget X,SMB,Retail,2,195.28,390.56,0
ORD-001427,2023-05-04,West,Gadget X,Enterprise,Online,2,442.66,885.32,0
ORD-001428,2024-01-30,West,Widget A,Consumer,Online,4,464.38,1857.51,0
ORD-001429,2024-07-20,North,Widget A,Enterprise,Partners,3,314.95,944.84,0
ORD-001430,2025-01-19,North,Gadget X,Enterprise,Online,4,465.18,1860.72,10
ORD-001431,2023-06-03,West,Gadget X,Enterprise,Online,2,226.02,452.05,0
ORD-001432,2025-06-12,South,Widget A,Enterprise,Online,3,316.1,948.3,0
ORD-001433,2024-04-12,East,Widget C,Consumer,Retail,3,184.5,553.51,5
ORD-001434,2024-12-27,West,Widget C,SMB,Online,4,332.63,1330.52,5
ORD-001435,2023-07-29,South,Widget A,Enterprise,Online,3,450.76,1352.29,0
ORD-001436,2023-02-18,West,Widget C,Enterprise,Online,2,271.71,543.42,5
ORD-001437,2024-11-09,West,Widget A,Consumer,Online,2,226.86,453.73,0
ORD-001438,2023-07-02,West,Widget A,Enterprise,Online,2,360.56,721.13,0
ORD-001439,2023-08-10,East,Widget B,Consumer,Online,3,144.35,433.04,5
ORD-001440,2024-01-15,West,Gadget Y,Consumer,Online,5,292.14,1460.71,0
ORD-001441,2024-08-31,South,Service Plan,SMB,Online,7,287.21,2010.44,5
ORD-001442,2024-08-05,East,Widget B,SMB,Online,1,132.56,132.56,5
ORD-001443,2025-06-08,East,Widget B,SMB,Online,6,46.14,276.85,0
ORD-001444,2023-05-05,South,Widget C,Enterprise,Online,1,125.36,125.36,0
ORD-001445,2023-07-28,West,Gadget X,Consumer,Online,2,28.61,57.23,0
ORD-001446,2023-07-04,North,Widget C,Enterprise,Online,5,70.35,351.75,5
ORD-001447,2023-11-30,South,Service Plan,SMB,Partners,2,304.03,608.06,5
ORD-001448,2025-02-21,South,Widget C,Enterprise,Retail,3,36.7,110.1,5
ORD-001449,2024-05-28,West,Widget A,Enterprise,Partners,2,411.18,822.37,5
ORD-001450,2023-01-31,North,Gadget X,Enterprise,Partners,2,68.04,136.08,0
ORD-001451,2023-07-29,East,Widget A,Enterprise,Partners,2,45.46,90.92,0
ORD-001452,2025-05-15,East,Widget A,Enterprise,Retail,2,20.11,40.21,5
ORD-001453,2023-03-01,West,Widget A,Consumer,Online,5,155.34,776.72,0
ORD-001454,2024-09-19,East,Widget A,SMB,Online,2,288.91,577.82,15
ORD-001455,2024-03-24,South,Widget A,Consumer,Partners,2,233.52,467.05,0
ORD-001456,2023-03-25,West,Widget A,Consumer,Partners,5,361.47,1807.36,5
ORD-001457,2024-09-10,South,Gadget X,SMB,Retail,4,459.79,1839.16,0
ORD-001458,2024-10-30,West,Service Plan,SMB,Online,5,365.23,1826.13,0
ORD-001459,2023-09-19,South,Widget A,SMB,Online,2,137.28,274.55,10
ORD-001460,2023-05-29,North,Widget B,SMB,Online,2,23.28,46.56,0
ORD-001461,2025-05-01,West,Service Plan,Enterprise,Online,5,335.22,1676.08,10
ORD-001462,2023-02-10,East,Widget C,SMB,Retail,2,40.61,81.21,15
ORD-001463,2025-04-06,East,Widget C,Enterprise,Online,2,268.45,536.9,0
ORD-001464,2024-07-11,South,Widget B,SMB,Partners,3,184.2,552.61,15
ORD-001465,2023-12-02,West,Widget A,SMB,Retail,1,315.34,315.34,5
ORD-001466,2025-02-22,South,Widget B,Consumer,Online,3,413.01,1239.02,0
ORD-001467,2023-02-23,South,Gadget X,Enterprise,Partners,5,267.19,1335.94,0
ORD-001468,2023-03-23,West,Gadget X,Enterprise,Online,7,306.59,2146.12,0
ORD-001469,2025-02-16,North,Service Plan,SMB,Online,1,395.2,395.2,5
ORD-001470,2025-03-04,West,Widget C,SMB,Retail,6,167.05,1002.28,0
ORD-001471,2023-10-17,East,Widget C,SMB,Partners,1,318.27,318.27,0
ORD-001472,2025-06-17,East,Widget A,Enterprise,Online,4,39.91,159.64,0
ORD-001473,2024-09-25,North,Widget C,Consumer,Online,2,160.49,320.97,5
ORD-001474,2024-07-04,West,Widget A,Enterprise,Online,2,241.47,482.95,0
ORD-001475,2023-09-14,East,Service Plan,Enterprise,Online,1,479.74,479.74,0
ORD-001476,2024-04-21,South,Service Plan,Enterprise,Retail,2,88.13,176.25,0
ORD-001477,2025-04-12,North,Widget A,Enterprise,Partners,1,374.7,374.7,10
ORD-001478,2023-05-17,South,Widget A,SMB,Online,1,386.22,386.22,0
ORD-001479,2023-05-06,West,Widget B,Consumer,Online,4,239.5,957.98,5
ORD-001480,2024-01-26,West,Gadget X,SMB,Retail,7,78.58,550.07,5
ORD-001481,2025-01-02,South,Widget B,Consumer,Partners,4,99.09,396.34,5
ORD-001482,2024-01-04,East,Widget A,Enterprise,Retail,3,155.21,465.63,0
ORD-001483,2024-08-27,West,Service Plan,Consumer,Online,4,311.16,1244.65,5
ORD-001484,2025-01-06,East,Service Plan,Enterprise,Online,4,5.39,21.55,5
ORD-001485,2023-07-29,East,Gadget X,Enterprise,Online,1,393.48,393.48,5
ORD-001486,2023-08-14,East,Widget B,SMB,Partners,2,123.25,246.5,5
ORD-001487,2024-10-09,,Widget A,Enterprise,Online,8,323.5,2588.02,0
ORD-001488,2023-05-13,North,Gadget X,SMB,Online,3,387.12,1161.35,0
ORD-001489,2024-08-04,South,Gadget X,Enterprise,Online,6,84.65,507.89,0
ORD-001490,2023-11-13,South,Widget A,Enterprise,Online,3,436.18,1308.55,0
ORD-001491,2024-07-13,North,Service Plan,Enterprise,Partners,2,278.98,557.96,5
ORD-001492,2025-01-11,,Widget B,Enterprise,Online,4,484.03,1936.1,0
ORD-001493,2023-11-15,South,Widget A,Enterprise,Retail,5,492.48,2462.39,0
ORD-001494,2024-06-26,North,Widget C,Enterprise,Retail,3,317.74,953.23,5
ORD-001495,2023-11-02,North,Widget B,Enterprise,Online,1,116.89,116.89,0
ORD-001496,2024-04-22,South,Service Plan,Enterprise,Online,3,499.04,1497.11,5
ORD-001497,2025-06-03,East,Widget A,Enterprise,Retail,3,406.06,1218.17,0
ORD-001498,2024-05-26,East,Service Plan,SMB,Retail,6,489.36,2936.18,5
ORD-001499,2025-05-15,West,Widget B,SMB,Online,3,317.04,951.13,0
ORD-001500,2024-01-18,South,Gadget X,SMB,Online,3,259.56,778.68,5
ORD-001501,2024-04-17,West,Gadget X,SMB,Online,3,471.68,1415.03,0
ORD-001502,2023-03-03,West,Widget A,Enterprise,Online,5,367.06,1835.32,5
ORD-001503,2024-05-27,South,Widget A,Enterprise,Retail,5,109.92,549.59,0
ORD-001504,2024-07-05,East,Widget C,SMB,Partners,3,316.93,950.79,0
ORD-001505,2023-12-03,South,Widget B,Enterprise,Retail,3,295.59,886.77,0
ORD-001506,2024-07-22,South,Gadget Y,Enterprise,Retail,2,412.13,824.26,5
ORD-001507,2023-11-29,South,Widget B,Enterprise,Retail,2,85.39,170.78,0
ORD-001508,2023-03-09,East,Gadget Y,Enterprise,Partners,4,429.71,1718.85,0
ORD-001509,2023-03-26,East,Widget A,SMB,Online,2,427.84,855.68,5
ORD-001510,2023-05-13,North,Gadget X,Enterprise,Online,1,62.6,62.6,0
ORD-001511,2024-06-02,North,Widget B,SMB,Partners,2,63.26,,10
ORD-001512,2024-11-08,East,Widget B,SMB,Online,3,209.12,627.36,0
ORD-001513,2025-01-26,West,Widget B,Consumer,Partners,1,167.79,167.79,10
ORD-001514,2024-10-08,North,Gadget Y,Enterprise,Retail,2,377.57,755.15,15
ORD-001515,2024-01-27,North,Gadget Y,Enterprise,Online,2,37.52,75.04,0
ORD-001516,2023-01-07,West,Widget B,SMB,Partners,5,269.71,1348.55,0
ORD-001517,2025-03-26,East,Widget B,Enterprise,Retail,2,129.46,258.92,5
ORD-001518,2025-05-19,West,Gadget X,SMB,Partners,3,420.3,1260.89,0
ORD-001519,2023-02-22,East,Widget A,SMB,Online,2,249.56,499.12,0
ORD-001520,2024-02-22,South,Widget B,Enterprise,Online,3,299.94,899.83,0
ORD-001521,2024-11-17,South,Widget C,Enterprise,Online,3,29.57,88.71,5
ORD-001522,2025-04-23,East,Widget A,Consumer,Retail,1,454.86,454.86,5
ORD-001523,2023-10-08,West,Service Plan,SMB,Online,2,205.92,411.83,15
ORD-001524,2024-05-25,South,Widget A,Enterprise,Partners,1,359.68,359.68,5
ORD-001525,2023-02-18,South,Widget B,SMB,Online,4,111.6,446.41,0
ORD-001526,2023-05-03,West,Gadget X,SMB,Online,3,254.12,762.36,0
ORD-001527,2024-05-24,South,Widget A,Enterprise,Online,1,401.14,401.14,0
ORD-001528,2024-10-17,West,Service Plan,Consumer,Online,1,167.88,167.88,5
ORD-001529,2024-09-13,North,Gadget X,Enterprise,Retail,5,163.44,817.18,5
ORD-001530,2023-08-24,East,Gadget X,Consumer,Retail,3,328.35,985.06,5
ORD-001531,2024-08-14,East,Widget B,SMB,Online,1,101.95,101.95,0
ORD-001532,2023-09-03,North,Widget B,SMB,Online,2,300.32,600.64,0
ORD-001533,2023-11-18,West,Service Plan,SMB,Online,2,283.32,566.64,10
ORD-001534,2024-04-26,,Widget B,SMB,Online,5,444.85,2224.25,5
ORD-001535,2024-05-20,South,Widget C,SMB,Retail,2,152.28,304.56,5
ORD-001536,2023-06-07,East,Widget B,Enterprise,Online,2,91.6,183.2,0
ORD-001537,2023-10-11,East,Widget A,SMB,Online,3,220.58,661.73,0
ORD-001538,2023-10-30,East,Widget A,Consumer,Retail,5,285.35,1426.77,15
ORD-001539,2024-11-23,East,Widget A,SMB,Online,2,69.21,138.41,5
ORD-001540,2024-04-07,South,Widget A,Consumer,Online,4,201.1,804.41,0
ORD-001541,2023-05-12,South,Gadget X,SMB,Retail,4,150.36,601.45,5
ORD-001542,2023-06-05,South,Gadget X,Consumer,Retail,4,185.29,741.17,0
ORD-001543,2024-10-18,,Widget B,Consumer,Online,1,189.45,,0
ORD-001544,2023-09-04,North,Widget A,SMB,Retail,5,136.18,680.91,0
ORD-001545,2023-07-07,South,Widget B,Enterprise,Retail,2,179.51,359.01,0
ORD-001546,2025-05-22,South,Widget B,Consumer,Online,2,413.36,826.71,0
ORD-001547,2023-03-22,East,Gadget Y,Enterprise,Partners,4,336.86,1347.46,0
ORD-001548,2023-11-24,North,Widget B,Enterprise,Online,3,285.57,856.7,5
ORD-001549,2023-08-29,North,Service Plan,SMB,Partners,4,282.3,1129.21,15
ORD-001550,2023-03-19,West,Widget B,Enterprise,Online,5,272.87,1364.35,10
ORD-001551,2025-04-23,East,Gadget Y,Consumer,Partners,3,311.65,934.96,5
ORD-001552,2023-09-08,East,Gadget Y,Consumer,Partners,3,222.95,668.84,15
ORD-001553,2024-06-14,South,Service Plan,Consumer,Online,2,141.72,283.44,5
ORD-001554,2023-09-23,North,Widget B,Consumer,Online,1,203.2,203.2,0
ORD-001555,2025-03-23,South,Widget C,Enterprise,Partners,3,454.34,1363.03,0
ORD-001556,2023-05-07,South,Widget B,Enterprise,Partners,5,187.84,939.21,0
ORD-001557,2023-09-23,North,Gadget X,Enterprise,Online,6,59.65,357.93,5
ORD-001558,2024-10-04,East,Gadget Y,Consumer,Partners,3,358.52,1075.56,0
ORD-001559,2025-05-15,West,Widget A,SMB,Retail,2,459.05,918.11,10
ORD-001560,2024-08-03,South,Widget A,Consumer,Partners,3,67.76,203.27,10
ORD-001561,2023-09-16,North,Gadget X,SMB,Online,5,295.45,1477.24,0
ORD-001562,2024-04-23,South,Widget A,Enterprise,Partners,4,50.36,201.45,20
ORD-001563,2023-11-19,North,Widget C,SMB,Retail,3,80.8,242.4,20
ORD-001564,2025-03-28,East,Widget B,SMB,Retail,3,247.34,742.01,5
ORD-001565,2024-12-07,North,Widget A,Enterprise,Partners,2,171.67,343.35,0
ORD-001566,2023-06-02,South,Widget A,SMB,Retail,2,161.7,323.4,10
ORD-001567,2023-09-11,West,Widget A,SMB,Partners,3,170.32,510.96,5
ORD-001568,2025-02-05,East,Widget B,SMB,Online,3,92.02,276.06,5
ORD-001569,2023-08-05,North,Widget B,SMB,Partners,4,123.5,493.98,5
ORD-001570,2025-03-28,East,Service Plan,SMB,Online,3,84.48,253.44,0
ORD-001571,2024-11-17,West,Widget A,Enterprise,Retail,4,173.93,695.73,0
ORD-001572,2024-11-23,West,Widget C,Consumer,Retail,3,7.42,22.26,0
ORD-001573,2023-05-03,West,Gadget Y,Enterprise,Online,3,304.25,912.76,10
ORD-001574,2024-12-15,South,Widget A,SMB,Partners,1,447.55,447.55,0
ORD-001575,2024-04-18,South,Widget A,SMB,Partners,3,368.0,1103.99,5
ORD-001576,2023-07-19,East,Widget B,SMB,Online,3,310.67,932.02,15
ORD-001577,2024-02-12,South,Gadget X,SMB,Online,2,389.3,778.6,0
ORD-001578,2024-06-15,North,Widget C,Consumer,Retail,1,157.34,157.34,5
ORD-001579,2023-05-07,West,Gadget X,Consumer,Online,2,97.65,195.3,0
ORD-001580,2024-10-04,West,Widget C,Enterprise,Retail,2,33.42,66.83,5
ORD-001581,2023-07-21,South,Widget C,Enterprise,Retail,3,171.21,513.64,0
ORD-001582,2023-10-21,East,Widget C,SMB,Online,1,237.17,237.17,0
ORD-001583,2025-03-22,West,Widget A,Consumer,Online,3,248.79,746.38,0
ORD-001584,2024-12-26,South,Widget B,SMB,Retail,4,27.68,110.71,5
ORD-001585,2023-07-01,East,Gadget X,SMB,Online,1,252.26,252.26,10
ORD-001586,2023-06-25,South,Gadget X,SMB,Retail,4,172.89,691.58,0
ORD-001587,2024-10-10,South,Widget A,SMB,Retail,3,22.47,67.42,5
ORD-001588,2024-11-02,North,Widget B,SMB,Partners,3,92.05,276.14,0
ORD-001589,2025-06-12,West,Widget B,Consumer,Partners,1,82.52,82.52,5
ORD-001590,2023-10-11,South,Widget B,Consumer,Partners,5,26.05,130.24,10
ORD-001591,2023-11-19,West,Service Plan,Consumer,Online,4,90.34,361.35,5
ORD-001592,2024-08-20,West,Service Plan,SMB,Partners,6,349.02,2094.14,0
ORD-001593,2024-12-29,East,Gadget Y,Consumer,Online,5,412.55,2062.73,5
ORD-001594,2023-03-09,East,Widget B,Enterprise,Online,2,480.68,961.35,10
ORD-001595,2024-07-20,North,Widget C,Enterprise,Retail,3,426.91,1280.72,10
ORD-001596,2023-01-23,South,Widget B,Consumer,Online,4,430.02,1720.07,0
ORD-001597,2023-10-25,,Widget A,Consumer,Partners,3,98.9,296.7,10
ORD-001598,2024-11-06,East,Gadget X,Consumer,Retail,5,428.68,2143.41,0
ORD-001599,2024-02-14,South,Widget C,Enterprise,Online,4,132.98,531.93,0
ORD-001600,2025-02-15,West,Widget B,Enterprise,Partners,4,331.03,1324.11,15
ORD-001601,2024-06-18,South,Widget B,SMB,Retail,4,163.85,655.41,5
ORD-001602,2024-05-18,West,Service Plan,Enterprise,Retail,4,399.74,,10
ORD-001603,2023-11-23,South,Gadget Y,SMB,Retail,2,409.04,818.08,0
ORD-001604,2025-04-17,West,Widget B,Consumer,Online,3,439.71,1319.13,0
ORD-001605,2025-05-05,West,Widget C,Enterprise,Retail,1,354.69,354.69,5
ORD-001606,2025-03-11,East,Widget C,Consumer,Retail,3,397.72,1193.16,0
ORD-001607,2023-06-21,East,Widget C,SMB,Online,2,462.1,924.2,10
ORD-001608,2023-06-23,North,Gadget X,SMB,Retail,2,249.73,499.46,0
ORD-001609,2025-04-08,East,Widget A,Enterprise,Partners,4,370.29,1481.15,0
ORD-001610,2023-06-20,South,Widget A,Enterprise,Retail,5,229.06,1145.29,0
ORD-001611,2023-09-18,North,Widget B,Enterprise,Retail,2,301.47,602.94,10
ORD-001612,2023-09-08,North,Service Plan,Enterprise,Retail,4,209.63,838.52,0
ORD-001613,2024-08-15,South,Service Plan,SMB,Partners,1,266.48,266.48,5
ORD-001614,2024-10-04,East,Widget C,SMB,Retail,2,356.66,713.32,5
ORD-001615,2024-08-04,North,Gadget Y,SMB,Retail,2,382.47,764.95,0
ORD-001616,2023-06-25,East,Widget A,Consumer,Online,3,344.92,1034.77,0
ORD-001617,2023-02-25,West,Service Plan,SMB,Retail,2,367.67,735.35,10
ORD-001618,2023-04-04,North,Widget B,SMB,Retail,2,491.77,983.54,10
ORD-001619,2024-01-19,West,Widget B,Enterprise,Partners,2,349.01,698.01,0
ORD-001620,2024-10-26,North,Service Plan,Consumer,Online,2,428.0,856.0,15
ORD-001621,2024-12-25,North,Widget B,SMB,Retail,1,173.24,173.24,0
ORD-001622,2023-11-01,West,Widget B,SMB,Retail,4,368.31,1473.22,5
ORD-001623,2023-12-05,North,Widget B,Enterprise,Partners,5,308.26,1541.32,0
ORD-001624,2025-04-13,East,Widget B,SMB,Partners,6,475.49,2852.94,5
ORD-001625,2023-12-01,East,Widget A,Consumer,Retail,2,36.07,72.14,10
ORD-001626,2024-07-27,West,Gadget Y,Enterprise,Retail,1,399.28,399.28,0
ORD-001627,2023-05-04,North,Gadget X,Enterprise,Partners,2,241.3,482.6,0
ORD-001628,2024-08-23,West,Widget A,SMB,Online,1,436.12,436.12,0
ORD-001629,2024-08-04,East,Service Plan,Enterprise,Online,4,461.11,1844.44,0
ORD-001630,2024-09-09,North,Gadget X,Consumer,Online,5,438.56,2192.79,5
ORD-001631,2025-03-11,South,Widget C,SMB,Retail,4,37.27,149.1,5
ORD-001632,2023-03-10,North,Widget A,Enterprise,Online,2,496.03,992.06,5
ORD-001633,2023-05-29,East,Widget A,Consumer,Online,4,343.98,1375.93,0
ORD-001634,2024-12-04,East,Widget A,Enterprise,Partners,5,168.33,841.67,5
ORD-001635,2023-06-09,East,Gadget X,Enterprise,Online,4,384.43,1537.71,0
ORD-001636,2024-03-08,West,Gadget X,Enterprise,Retail,5,35.59,177.97,10
ORD-001637,2023-12-31,West,Gadget X,Enterprise,Partners,4,61.88,247.53,5
ORD-001638,2023-08-27,East,Widget A,SMB,Online,1,379.17,379.17,5
ORD-001639,2023-02-02,West,Widget A,Enterprise,Retail,6,132.33,793.96,10
ORD-001640,2024-08-28,South,Gadget X,Enterprise,Online,7,361.3,2529.13,15
ORD-001641,2024-12-15,South,Widget A,Consumer,Online,5,326.75,1633.75,5
ORD-001642,2024-05-13,North,Widget A,Consumer,Retail,4,458.81,1835.25,5
ORD-001643,2024-09-23,West,Service Plan,Consumer,Online,3,295.77,887.31,0
ORD-001644,2025-03-06,North,Service Plan,SMB,Partners,3,252.55,757.66,5
ORD-001645,2024-10-25,South,Widget B,SMB,Retail,4,298.94,1195.76,0
ORD-001646,2025-06-07,South,Widget A,SMB,Retail,4,451.73,1806.93,0
ORD-001647,2025-06-06,South,Widget A,Consumer,Partners,1,474.72,474.72,5
ORD-001648,2023-12-04,South,Widget A,SMB,Online,5,120.98,604.89,5
ORD-001649,2025-05-22,East,Widget B,SMB,Online,2,422.43,844.86,0
ORD-001650,2023-03-27,West,Service Plan,Enterprise,Online,3,300.18,900.55,0
ORD-001651,2023-06-16,South,Widget A,SMB,Retail,3,386.0,1157.99,0
ORD-001652,2023-09-22,North,Widget B,Consumer,Partners,4,229.63,918.53,20
ORD-001653,2024-06-06,North,Gadget Y,Enterprise,Retail,2,9.89,19.78,5
ORD-001654,2024-01-23,South,Widget A,SMB,Online,1,83.44,83.44,0
ORD-001655,2025-04-05,South,Widget A,SMB,Partners,3,84.44,253.31,0
ORD-001656,2024-06-26,West,Widget C,SMB,Online,4,433.7,1734.8,5
ORD-001657,2023-02-25,North,Service Plan,Enterprise,Online,2,130.7,261.39,0
ORD-001658,2023-11-19,North,Gadget Y,SMB,Online,1,377.39,377.39,0
ORD-001659,2023-05-09,East,Widget C,Consumer,Online,2,164.16,328.31,0
ORD-001660,2023-11-02,North,Widget B,Enterprise,Partners,3,406.02,1218.06,10
ORD-001661,2024-11-08,West,Gadget Y,SMB,Online,4,441.45,1765.8,0
ORD-001662,2025-05-20,North,Widget B,SMB,Online,3,48.9,146.71,10
ORD-001663,2024-09-04,,Widget B,SMB,Retail,3,69.06,207.19,0
ORD-001664,2024-12-26,East,Gadget Y,Enterprise,Online,2,468.89,937.77,5
ORD-001665,2023-06-11,West,Widget A,Enterprise,Online,3,345.39,1036.17,5
ORD-001666,2024-08-22,North,Widget B,Consumer,Retail,4,288.54,1154.14,0
ORD-001667,2025-02-12,South,Widget C,Enterprise,Online,4,92.52,370.07,5
ORD-001668,2025-02-26,West,Gadget X,SMB,Retail,3,107.02,321.07,5
ORD-001669,2024-09-08,South,Widget B,SMB,Online,4,8.25,33.0,5
ORD-001670,2023-09-16,East,Widget B,SMB,Retail,2,491.64,983.28,5
ORD-001671,2023-10-10,South,Widget C,SMB,Retail,4,133.52,534.07,0
ORD-001672,2023-09-19,South,Widget B,Consumer,Partners,6,399.23,2395.38,10
ORD-001673,2023-05-20,North,Gadget X,Enterprise,Retail,2,28.25,56.5,10
ORD-001674,2023-03-03,,Widget A,Enterprise,Online,4,306.35,1225.39,0
ORD-001675,2023-02-17,,Widget A,Consumer,Online,3,243.95,731.85,0
ORD-001676,2024-07-04,West,Gadget X,Consumer,Online,4,315.4,1261.6,5
ORD-001677,2023-04-08,West,Service Plan,SMB,Retail,4,442.61,1770.44,0
ORD-001678,2024-11-17,,Gadget X,SMB,Online,2,308.77,617.53,0
ORD-001679,2024-06-16,West,Widget B,SMB,Retail,3,255.64,766.91,0
ORD-001680,2024-01-23,North,Gadget Y,SMB,Online,4,266.15,1064.59,5
ORD-001681,2024-11-27,North,Gadget X,Consumer,Partners,2,168.87,337.73,20
ORD-001682,2024-08-03,West,Gadget Y,Consumer,Partners,3,102.09,306.28,0
ORD-001683,2024-07-27,East,Widget A,SMB,Retail,1,270.59,270.59,0
ORD-001684,2025-02-13,,Widget A,SMB,Online,1,280.01,280.01,0
ORD-001685,2024-10-25,North,Widget B,Enterprise,Online,4,426.82,1707.28,10
ORD-001686,2024-12-20,South,Service Plan,Consumer,Online,5,251.44,1257.21,5
ORD-001687,2023-06-26,North,Widget A,Enterprise,Online,7,267.59,1873.12,0
ORD-001688,2023-04-04,South,Widget A,Enterprise,Online,3,205.5,616.5,5
ORD-001689,2024-11-07,,Widget A,SMB,Online,3,356.74,1070.23,5
ORD-001690,2024-10-09,South,Gadget Y,Enterprise,Online,2,326.95,653.91,5
ORD-001691,2023-02-17,South,Gadget Y,SMB,Partners,2,296.1,592.21,0
ORD-001692,2024-05-01,East,Widget B,SMB,Online,3,101.17,303.51,0
ORD-001693,2024-09-13,North,Service Plan,SMB,Online,1,387.24,387.24,0
ORD-001694,2024-05-06,West,Widget B,Enterprise,Online,3,294.8,884.39,0
ORD-001695,2025-02-03,West,Gadget X,SMB,Online,2,419.36,838.73,10
ORD-001696,2023-05-07,South,Gadget Y,Enterprise,Retail,2,276.79,553.58,0
ORD-001697,2024-08-04,,Widget B,Enterprise,Retail,2,262.9,525.8,10
ORD-001698,2024-09-16,West,Service Plan,SMB,Online,2,14.25,28.51,0
ORD-001699,2024-12-29,North,Service Plan,SMB,Retail,1,331.66,331.66,0
ORD-001700,2025-04-22,North,Widget A,Consumer,Partners,2,438.98,877.95,0
ORD-001701,2024-07-27,North,Widget A,Enterprise,Online,2,490.78,981.55,20
ORD-001702,2023-10-13,North,Gadget X,SMB,Online,3,351.47,1054.42,0
ORD-001703,2023-11-04,South,Gadget X,SMB,Retail,4,146.19,584.74,10
ORD-001704,2023-08-31,North,Gadget X,Consumer,Online,1,350.49,350.49,5
ORD-001705,2023-06-20,North,Service Plan,SMB,Online,4,429.81,1719.23,0
ORD-001706,2024-04-29,West,Widget A,Consumer,Online,3,166.54,499.62,5
ORD-001707,2024-01-05,West,Widget A,Consumer,Retail,2,291.11,582.22,0
ORD-001708,2024-05-25,West,Widget A,Enterprise,Partners,5,231.33,1156.63,5
ORD-001709,2023-07-02,South,Widget A,SMB,Partners,5,49.76,248.79,0
ORD-001710,2024-08-24,East,Widget B,Consumer,Retail,1,230.66,230.66,10
ORD-001711,2023-05-01,West,Widget A,SMB,Partners,4,345.11,1380.45,0
ORD-001712,2024-04-03,South,Widget A,Enterprise,Online,3,419.27,1257.8,10
ORD-001713,2023-01-23,East,Widget B,Consumer,Online,3,76.01,228.02,5
ORD-001714,2025-02-23,South,Gadget X,Consumer,Online,3,463.33,1390.0,5
ORD-001715,2024-12-21,East,Gadget X,SMB,Online,1,382.5,382.5,0
ORD-001716,2024-04-09,West,Gadget X,Consumer,Online,4,226.76,907.05,0
ORD-001717,2024-08-11,North,Gadget X,Consumer,Online,2,90.92,,0
ORD-001718,2024-03-27,North,Gadget X,Enterprise,Online,4,176.53,706.13,5
ORD-001719,2023-09-13,West,Gadget Y,Consumer,Online,1,228.14,228.14,5
ORD-001720,2023-11-03,North,Widget C,SMB,Online,6,248.35,1490.12,0
ORD-001721,2024-06-22,North,Gadget X,SMB,Retail,2,193.14,386.27,0
ORD-001722,2024-04-21,South,Widget A,Enterprise,Online,1,494.25,494.25,0
ORD-001723,2024-03-21,West,Widget B,SMB,Retail,7,119.9,839.33,5
ORD-001724,2023-09-02,East,Gadget X,Enterprise,Online,8,97.12,776.98,5
ORD-001725,2024-11-08,West,Widget C,SMB,Retail,4,438.01,1752.03,0
ORD-001726,2024-04-18,South,Gadget Y,SMB,Online,4,359.39,1437.58,0
ORD-001727,2024-04-28,West,Gadget Y,Enterprise,Partners,3,120.33,361.0,15
ORD-001728,2024-12-27,West,Gadget X,SMB,Online,2,254.28,508.57,15
ORD-001729,2023-07-13,North,Widget C,SMB,Online,6,125.34,752.04,5
ORD-001730,2024-11-02,West,Widget B,Consumer,Online,2,60.07,120.15,5
ORD-001731,2024-07-07,North,Widget B,Enterprise,Online,3,142.79,428.38,0
ORD-001732,2024-07-12,East,Widget A,Enterprise,Online,2,334.58,669.16,0
ORD-001733,2024-02-19,West,Widget A,Consumer,Retail,2,287.72,575.44,10
ORD-001734,2025-01-02,South,Widget B,Consumer,Online,4,144.87,579.48,5
ORD-001735,2023-09-10,South,Gadget X,SMB,Online,2,163.98,327.97,5
ORD-001736,2023-09-18,South,Widget A,SMB,Online,4,390.84,1563.36,0
ORD-001737,2025-05-17,South,Widget C,Consumer,Online,3,241.36,724.09,0
ORD-001738,2023-06-26,South,Widget A,Consumer,Retail,2,383.31,766.61,10
ORD-001739,2023-04-02,East,Gadget Y,Enterprise,Online,3,218.84,,10
ORD-001740,2023-12-23,South,Widget A,SMB,Partners,5,401.32,2006.59,0
ORD-001741,2023-06-27,West,Widget A,Enterprise,Online,2,69.32,138.64,0
ORD-001742,2023-08-07,South,Gadget Y,SMB,Partners,1,144.73,144.73,0
ORD-001743,2023-05-18,West,Gadget X,SMB,Partners,4,29.58,118.31,15
ORD-001744,2023-01-27,North,Widget B,SMB,Retail,5,416.45,2082.25,10
ORD-001745,2025-03-08,West,Gadget X,SMB,Online,3,249.74,749.21,0
ORD-001746,2025-01-24,North,Gadget X,Consumer,Online,4,348.25,1392.99,0
ORD-001747,2023-12-29,East,Widget C,SMB,Online,4,469.71,1878.84,0
ORD-001748,2024-02-08,West,Service Plan,SMB,Online,3,129.78,389.33,0
ORD-001749,2023-03-10,West,Widget A,Enterprise,Retail,3,170.54,511.63,5
ORD-001750,2023-12-15,South,Widget B,Enterprise,Retail,2,404.23,808.45,0
ORD-001751,2025-05-10,West,Service Plan,SMB,Partners,4,245.41,981.64,0
ORD-001752,2025-02-22,North,Gadget X,SMB,Partners,2,370.15,740.31,10
ORD-001753,2024-09-14,South,Widget A,SMB,Partners,4,142.36,569.44,0
ORD-001754,2024-06-20,South,Gadget X,Enterprise,Retail,5,26.83,134.17,10
ORD-001755,2023-10-13,East,Widget A,Consumer,Partners,2,218.28,436.57,0
ORD-001756,2025-01-31,West,Widget B,Consumer,Partners,4,358.25,1432.98,0
ORD-001757,2023-01-02,North,Service Plan,Enterprise,Online,5,242.43,1212.16,0
ORD-001758,2024-03-18,East,Widget A,Consumer,Partners,5,213.69,1068.44,0
ORD-001759,2024-06-15,West,Widget B,Enterprise,Retail,3,373.41,1120.23,10
ORD-001760,2025-05-23,West,Widget A,SMB,Online,4,21.74,86.96,15
ORD-001761,2025-03-25,West,Service Plan,SMB,Retail,1,489.33,489.33,5
ORD-001762,2023-12-19,South,Gadget X,Enterprise,Retail,3,392.52,1177.55,0
ORD-001763,2024-05-12,East,Service Plan,Enterprise,Retail,1,72.7,72.7,5
ORD-001764,2023-03-24,East,Widget A,Consumer,Retail,2,198.18,396.36,0
ORD-001765,2024-02-21,South,Widget A,Enterprise,Retail,4,402.01,1608.04,0
ORD-001766,2023-03-30,North,Widget B,Consumer,Retail,4,335.4,1341.62,5
ORD-001767,2023-09-03,South,Widget A,SMB,Online,4,98.29,393.16,0
ORD-001768,2024-04-28,West,Widget B,Enterprise,Retail,2,340.97,681.94,5
ORD-001769,2025-02-07,South,Widget C,SMB,Online,2,160.06,320.12,10
ORD-001770,2024-11-27,West,Gadget X,Enterprise,Online,5,124.78,623.89,5
ORD-001771,2023-07-27,South,Widget B,Enterprise,Partners,5,106.64,533.21,5
ORD-001772,2023-10-08,South,Gadget Y,Enterprise,Retail,2,263.81,527.61,0
ORD-001773,2023-12-21,South,Widget A,Consumer,Online,2,210.26,420.51,10
ORD-001774,2023-05-07,East,Gadget Y,Consumer,Online,5,208.9,1044.51,0
ORD-001775,2023-07-22,North,Widget A,SMB,Retail,2,417.81,835.62,15
ORD-001776,2024-12-28,East,Gadget X,Consumer,Online,3,40.29,120.86,0
ORD-001777,2024-06-30,North,Gadget X,Enterprise,Online,2,15.89,31.79,5
ORD-001778,2023-10-04,East,Gadget X,Consumer,Partners,4,498.21,1992.85,0
ORD-001779,2025-04-03,South,Service Plan,Enterprise,Partners,5,342.73,1713.64,5
ORD-001780,2024-07-18,South,Widget C,Enterprise,Retail,2,246.5,493.0,10
ORD-001781,2023-11-20,West,Widget A,Consumer,Online,2,60.7,121.41,0
ORD-001782,2023-12-31,West,Widget A,Consumer,Partners,3,81.28,243.83,0
ORD-001783,2023-09-27,East,Gadget Y,Consumer,Partners,3,89.08,267.23,10
ORD-001784,2023-04-01,East,Gadget Y,SMB,Partners,2,58.61,117.23,15
ORD-001785,2025-03-11,East,Widget B,Enterprise,Online,5,133.05,665.26,0
ORD-001786,2023-01-16,North,Widget A,SMB,Online,1,125.26,125.26,0
ORD-001787,2023-08-24,West,Widget C,SMB,Partners,1,492.15,492.15,0
ORD-001788,2024-03-25,West,Gadget Y,Enterprise,Partners,4,225.02,900.09,10
ORD-001789,2024-02-21,West,Widget B,SMB,Online,2,153.28,306.56,5
ORD-001790,2024-01-21,West,Gadget X,Consumer,Online,4,238.9,955.61,0
ORD-001791,2024-12-27,North,Widget A,Enterprise,Online,2,264.06,528.11,5
ORD-001792,2025-04-09,East,Widget B,SMB,Retail,4,410.96,1643.82,0
ORD-001793,2024-10-03,East,Gadget Y,SMB,Retail,4,159.4,637.61,0
ORD-001794,2023-08-02,North,Widget C,SMB,Partners,5,288.01,1440.03,0
ORD-001795,2024-05-04,South,Widget B,Consumer,Online,6,31.52,189.13,0
ORD-001796,2023-08-17,East,Widget B,Consumer,Online,2,405.92,811.83,0
ORD-001797,2024-10-16,South,Widget B,Enterprise,Retail,2,212.88,425.76,0
ORD-001798,2023-01-09,South,Widget B,SMB,Online,1,395.72,395.72,20
ORD-001799,2023-04-03,South,Widget C,Consumer,Online,2,80.14,160.28,5
ORD-001800,2024-06-15,North,Gadget X,Enterprise,Retail,3,94.52,283.55,0
ORD-001801,2024-10-05,North,Gadget X,Enterprise,Online,3,207.34,622.03,0
ORD-001802,2023-03-15,,Widget A,SMB,Partners,2,175.7,351.41,0
ORD-001803,2023-12-13,West,Service Plan,Enterprise,Online,4,166.43,665.71,10
ORD-001804,2024-10-25,South,Widget A,SMB,Retail,2,185.1,370.2,0
ORD-001805,2024-11-14,South,Widget C,SMB,Online,2,425.24,850.47,0
ORD-001806,2024-07-31,West,Widget A,Enterprise,Partners,6,192.18,1153.06,5
ORD-001807,2025-03-26,South,Widget A,Enterprise,Retail,2,287.43,574.85,5
ORD-001808,2023-01-24,North,Gadget Y,Enterprise,Online,2,370.57,741.13,15
ORD-001809,2025-01-01,East,Widget B,Enterprise,Partners,2,318.67,637.34,0
ORD-001810,2023-08-27,South,Widget C,Enterprise,Online,3,397.86,1193.58,10
ORD-001811,2025-05-27,East,Widget A,SMB,Online,2,122.69,245.38,15
ORD-001812,2024-01-12,East,Widget B,Enterprise,Retail,3,227.69,683.08,0
ORD-001813,2025-05-24,North,Gadget X,Enterprise,Online,1,414.46,414.46,0
ORD-001814,2023-03-01,East,Gadget X,SMB,Partners,4,412.21,1648.82,15
ORD-001815,2024-12-23,South,Widget B,Enterprise,Partners,5,178.89,894.46,5
ORD-001816,2023-06-09,North,Widget B,SMB,Partners,8,199.17,1593.34,0
ORD-001817,2023-03-26,West,Widget B,SMB,Retail,3,138.26,414.78,0
ORD-001818,2025-02-10,West,Service Plan,Consumer,Retail,4,22.52,90.09,0
ORD-001819,2023-06-30,West,Widget A,SMB,Retail,3,201.12,603.37,5
ORD-001820,2025-05-22,North,Widget C,Enterprise,Retail,2,276.84,553.68,0
ORD-001821,2023-02-09,South,Gadget X,Consumer,Retail,1,209.71,209.71,10
ORD-001822,2023-04-01,South,Gadget Y,Enterprise,Online,4,50.2,200.82,0
ORD-001823,2024-07-20,North,Widget B,SMB,Online,3,42.69,128.08,0
ORD-001824,2025-05-14,South,Widget B,SMB,Online,5,470.49,2352.46,0
ORD-001825,2024-03-13,South,Gadget X,Consumer,Retail,3,415.87,1247.61,0
ORD-001826,2024-05-02,South,Widget A,Consumer,Online,1,331.34,331.34,20
ORD-001827,2024-09-22,West,Widget A,SMB,Partners,3,108.04,324.13,15
ORD-001828,2024-01-27,East,Service Plan,Enterprise,Retail,2,398.71,797.42,0
ORD-001829,2024-06-22,West,Widget B,SMB,Partners,2,159.11,318.22,15
ORD-001830,2024-07-25,West,Gadget X,Consumer,Retail,4,170.61,682.42,0
ORD-001831,2023-10-30,North,Widget B,SMB,Online,2,310.98,621.95,5
ORD-001832,2023-08-05,North,Widget B,SMB,Partners,5,116.14,580.71,5
ORD-001833,2023-08-08,West,Widget B,Enterprise,Online,3,62.62,187.87,5
ORD-001834,2025-03-27,North,Widget C,SMB,Retail,3,166.63,499.9,20
ORD-001835,2024-06-13,East,Widget B,SMB,Partners,2,154.52,309.03,0
ORD-001836,2024-02-18,East,Gadget X,Consumer,Retail,2,75.03,150.07,0
ORD-001837,2023-03-17,West,Widget A,SMB,Retail,2,375.61,751.23,5
ORD-001838,2023-08-15,North,Widget A,Consumer,Online,2,149.16,298.32,0
ORD-001839,2024-07-21,East,Service Plan,Enterprise,Partners,2,466.46,932.91,5
ORD-001840,2023-10-31,West,Widget C,Enterprise,Retail,3,312.81,938.44,10
ORD-001841,2024-12-11,North,Widget A,Enterprise,Online,4,127.63,510.52,10
ORD-001842,2025-04-17,West,Service Plan,Enterprise,Partners,6,137.92,827.51,0
ORD-001843,2024-08-08,East,Widget A,SMB,Online,2,165.79,331.58,0
ORD-001844,2024-09-24,East,Gadget Y,Consumer,Partners,3,197.62,592.86,5
ORD-001845,2023-09-24,West,Widget B,Enterprise,Partners,2,78.92,157.85,0
ORD-001846,2024-08-12,East,Gadget X,SMB,Online,1,360.6,360.6,5
ORD-001847,2023-11-07,West,Widget C,SMB,Online,1,443.62,443.62,0
ORD-001848,2023-09-12,West,Widget B,Enterprise,Online,4,488.42,1953.69,10
ORD-001849,2023-11-18,East,Gadget X,Enterprise,Online,3,199.27,,20
ORD-001850,2024-11-06,West,Widget A,Enterprise,Online,3,72.55,217.65,15
ORD-001851,2024-10-07,North,Gadget X,Consumer,Online,5,487.45,2437.26,0
ORD-001852,2023-05-13,South,Gadget X,Enterprise,Partners,5,233.87,1169.36,10
ORD-001853,2023-05-20,South,Gadget Y,Consumer,Online,4,14.3,57.21,0
ORD-001854,2025-04-10,East,Widget B,Enterprise,Partners,3,130.73,392.19,5
ORD-001855,2023-02-20,South,Widget A,SMB,Partners,4,68.13,272.54,15
ORD-001856,2023-02-18,North,Widget C,SMB,Online,4,203.48,813.93,0
ORD-001857,2023-10-02,North,Widget A,SMB,Retail,2,224.72,449.44,5
ORD-001858,2024-10-11,South,Widget B,Enterprise,Online,3,436.88,1310.63,0
ORD-001859,2023-05-13,East,Widget B,Consumer,Retail,4,27.24,108.97,5
ORD-001860,2023-01-28,East,Widget C,SMB,Online,3,423.17,1269.51,0
ORD-001861,2023-07-09,West,Widget B,Consumer,Partners,1,378.0,378.0,10
ORD-001862,2023-06-03,North,Gadget Y,SMB,Online,1,424.18,424.18,0
ORD-001863,2023-05-11,West,Service Plan,SMB,Partners,2,223.28,446.56,0
ORD-001864,2025-05-21,East,Gadget Y,SMB,Online,5,464.3,2321.5,0
ORD-001865,2025-03-20,South,Gadget X,SMB,Online,1,312.36,312.36,10
ORD-001866,2024-06-12,West,Widget A,Consumer,Online,5,293.76,1468.79,0
ORD-001867,2023-11-12,West,Widget A,SMB,Online,5,442.57,2212.83,0
ORD-001868,2024-07-31,South,Gadget X,Enterprise,Online,2,355.64,711.28,0
ORD-001869,2025-03-23,West,Gadget Y,Enterprise,Partners,1,455.04,455.04,0
ORD-001870,2025-05-16,South,Widget A,SMB,Online,3,94.22,282.66,5
ORD-001871,2025-06-04,South,Gadget Y,Consumer,Online,3,209.54,628.63,0
ORD-001872,2025-03-09,West,Gadget Y,Consumer,Online,2,83.14,166.28,0
ORD-001873,2023-10-30,North,Widget A,Enterprise,Partners,2,114.78,229.57,5
ORD-001874,2023-10-22,South,Gadget X,Consumer,Retail,3,247.15,741.46,5
ORD-001875,2024-12-31,South,Gadget X,SMB,Online,3,182.24,546.73,5
ORD-001876,2025-04-23,East,Widget C,SMB,Online,3,332.01,996.04,15
ORD-001877,2023-03-09,East,Widget A,Consumer,Retail,7,75.95,531.66,5
ORD-001878,2024-11-29,South,Widget C,Consumer,Online,3,10.81,32.44,0
ORD-001879,2023-06-11,East,Widget B,Enterprise,Retail,4,90.92,363.69,0
ORD-001880,2024-11-29,West,Widget B,SMB,Retail,3,478.51,1435.53,0
ORD-001881,2023-03-05,South,Widget A,Enterprise,Online,2,479.68,959.36,0
ORD-001882,2024-01-14,North,Widget C,Consumer,Retail,4,26.03,104.13,0
ORD-001883,2024-09-17,East,Widget B,Consumer,Partners,1,71.39,71.39,0
ORD-001884,2024-05-13,South,Widget C,Enterprise,Retail,4,237.38,949.54,5
ORD-001885,2024-10-16,East,Widget B,Enterprise,Partners,2,26.3,52.59,20
ORD-001886,2024-03-12,South,Gadget Y,Enterprise,Partners,3,205.98,617.95,20
ORD-001887,2023-10-16,East,Widget A,Enterprise,Online,2,388.02,776.04,0
ORD-001888,2023-09-01,North,Widget C,Consumer,Retail,2,154.75,309.51,0
ORD-001889,2023-07-13,North,Gadget X,Enterprise,Retail,1,57.78,57.78,0
ORD-001890,2023-06-14,,Widget B,SMB,Partners,4,478.0,1912.0,10
ORD-001891,2023-11-16,East,Widget C,Enterprise,Online,3,386.39,1159.18,0
ORD-001892,2024-02-13,South,Widget A,Enterprise,Online,3,487.11,1461.34,0
ORD-001893,2024-02-14,West,Widget C,SMB,Online,2,377.05,754.11,0
ORD-001894,2023-10-04,West,Gadget Y,Consumer,Retail,1,227.98,227.98,5
ORD-001895,2024-05-15,East,Service Plan,Enterprise,Partners,4,189.0,755.98,0
ORD-001896,2023-01-22,North,Gadget X,Enterprise,Retail,4,79.29,317.16,0
ORD-001897,2024-04-14,South,Service Plan,Consumer,Retail,1,143.99,143.99,5
ORD-001898,2024-09-21,East,Gadget X,Enterprise,Online,1,384.47,384.47,0
ORD-001899,2024-05-20,East,Widget A,Enterprise,Partners,1,205.36,205.36,0
ORD-001900,2023-04-29,North,Widget B,Enterprise,Retail,2,278.21,556.42,5
ORD-001901,2025-02-21,West,Service Plan,Enterprise,Online,1,125.98,125.98,0
ORD-001902,2025-03-05,North,Widget B,SMB,Online,4,132.87,531.46,5
ORD-001903,2025-06-04,North,Service Plan,SMB,Online,3,441.79,1325.36,0
ORD-001904,2023-12-15,South,Widget B,Enterprise,Retail,1,343.46,343.46,0
ORD-001905,2024-07-19,South,Service Plan,SMB,Partners,3,308.9,926.71,0
ORD-001906,2024-01-20,West,Gadget X,Enterprise,Partners,4,213.92,855.7,0
ORD-001907,2025-02-18,South,Widget C,Enterprise,Online,2,133.09,266.19,5
ORD-001908,2024-05-26,South,Gadget X,SMB,Retail,2,133.96,267.93,10
ORD-001909,2024-11-20,East,Widget A,SMB,Partners,3,169.9,509.71,0
ORD-001910,2023-03-07,North,Gadget X,Consumer,Online,1,379.01,379.01,10
ORD-001911,2025-05-19,East,Widget C,Enterprise,Retail,3,470.47,1411.41,5
ORD-001912,2024-10-10,South,Service Plan,SMB,Retail,2,118.13,236.25,10
ORD-001913,2024-03-01,East,Widget C,Enterprise,Retail,4,414.63,1658.53,5
ORD-001914,2023-04-25,North,Service Plan,SMB,Online,3,307.42,922.26,0
ORD-001915,2024-09-03,North,Widget B,SMB,Retail,1,19.36,19.36,10
ORD-001916,2024-08-24,East,Widget A,SMB,Retail,3,455.39,1366.18,5
ORD-001917,2024-08-09,North,Widget C,Enterprise,Retail,4,423.4,1693.61,10
ORD-001918,2023-03-30,East,Widget C,Enterprise,Retail,4,163.94,655.76,5
ORD-001919,2023-04-07,,Widget B,SMB,Online,3,303.9,911.7,0
ORD-001920,2024-04-03,East,Widget C,Consumer,Online,3,45.97,137.91,0
ORD-001921,2023-09-18,West,Gadget Y,Enterprise,Online,6,393.48,2360.88,0
ORD-001922,2024-03-24,East,Widget B,Enterprise,Retail,5,250.52,1252.59,5
ORD-001923,2024-04-11,West,Service Plan,Enterprise,Online,4,88.72,354.87,0
ORD-001924,2024-01-06,East,Gadget X,Consumer,Online,6,32.2,193.18,5
ORD-001925,2024-06-20,North,Widget A,Enterprise,Retail,1,110.09,110.09,5
ORD-001926,2024-05-20,West,Gadget X,Enterprise,Online,3,391.82,1175.47,0
ORD-001927,2023-04-26,North,Widget B,Enterprise,Online,3,392.66,1177.97,0
ORD-001928,2024-05-20,South,Service Plan,SMB,Retail,2,120.54,241.08,5
ORD-001929,2023-04-13,South,Widget B,Consumer,Retail,4,380.3,1521.18,0
ORD-001930,2024-01-20,,Widget A,SMB,Partners,1,468.71,468.71,0
ORD-001931,2023-11-17,West,Widget A,SMB,Online,2,419.9,839.79,0
ORD-001932,2024-07-27,West,Widget C,SMB,Online,4,208.79,835.16,15
ORD-001933,2023-01-26,East,Widget C,SMB,Retail,2,174.13,348.26,0
ORD-001934,2023-03-15,East,Widget C,Enterprise,Retail,1,199.53,199.53,0
ORD-001935,2023-04-23,,Widget B,Enterprise,Partners,2,464.34,928.67,0
ORD-001936,2023-10-21,East,Widget C,Consumer,Online,6,415.02,2490.1,0
ORD-001937,2025-03-05,East,Widget B,Consumer,Partners,2,183.55,367.11,10
ORD-001938,2024-03-04,North,Gadget X,Consumer,Retail,4,263.43,1053.72,0
ORD-001939,2023-11-16,East,Widget C,Enterprise,Partners,5,495.26,2476.28,0
ORD-001940,2025-01-28,South,Service Plan,Consumer,Partners,3,319.65,958.96,0
ORD-001941,2025-03-30,West,Widget B,SMB,Retail,1,350.48,350.48,0
ORD-001942,2024-07-29,East,Widget C,Enterprise,Partners,5,117.25,586.27,0
ORD-001943,2024-05-16,South,Service Plan,Enterprise,Retail,3,491.04,1473.11,0
ORD-001944,2025-02-16,North,Widget B,SMB,Retail,1,150.19,150.19,0
ORD-001945,2024-02-08,South,Gadget Y,Enterprise,Partners,2,70.6,141.2,10
ORD-001946,2023-09-02,East,Service Plan,SMB,Retail,2,172.16,344.32,5
ORD-001947,2023-10-21,East,Widget A,SMB,Retail,1,49.55,49.55,0
ORD-001948,2023-09-30,West,Gadget X,SMB,Retail,1,253.11,253.11,5
ORD-001949,2023-07-07,North,Widget A,Consumer,Partners,2,215.15,430.3,15
ORD-001950,2023-10-05,West,Gadget X,SMB,Retail,1,464.46,464.46,0
ORD-001951,2024-08-29,North,Gadget X,SMB,Online,3,100.81,302.44,5
ORD-001952,2024-07-21,South,Gadget X,Consumer,Retail,1,141.49,141.49,15
ORD-001953,2024-08-04,East,Widget B,SMB,Online,3,472.4,1417.21,0
ORD-001954,2024-02-16,West,Widget B,SMB,Online,1,292.74,292.74,0
ORD-001955,2024-05-01,South,Gadget X,SMB,Partners,2,63.28,126.57,5
ORD-001956,2024-01-25,North,Widget A,Consumer,Online,3,352.8,1058.39,15
ORD-001957,2023-01-14,West,Widget A,Consumer,Online,4,438.34,1753.37,0
ORD-001958,2023-05-12,South,Service Plan,Consumer,Partners,2,182.29,364.59,20
ORD-001959,2024-10-21,East,Widget A,SMB,Online,3,296.14,888.41,0
ORD-001960,2023-08-25,South,Gadget X,SMB,Retail,2,459.56,919.12,0
ORD-001961,2024-06-05,South,Widget A,SMB,Retail,3,259.21,777.64,5
ORD-001962,2023-05-19,East,Widget B,Enterprise,Online,4,376.96,1507.85,5
ORD-001963,2024-07-09,South,Widget C,SMB,Online,1,330.91,330.91,5
ORD-001964,2025-01-12,West,Widget A,Enterprise,Online,3,399.63,1198.89,5
ORD-001965,2024-03-31,,Gadget X,Enterprise,Partners,4,138.29,553.17,0
ORD-001966,2024-12-01,West,Service Plan,Consumer,Online,2,187.63,375.25,10
ORD-001967,2024-05-07,North,Widget A,SMB,Retail,3,438.9,1316.71,0
ORD-001968,2023-09-16,West,Service Plan,Enterprise,Retail,4,199.7,798.79,5
ORD-001969,2023-04-03,East,Widget A,Enterprise,Retail,2,116.06,232.11,10
ORD-001970,2023-06-17,North,Widget C,Enterprise,Online,6,202.25,1213.48,5
ORD-001971,2023-09-06,West,Widget B,Enterprise,Online,4,428.39,1713.56,10
ORD-001972,2024-11-30,East,Gadget X,Enterprise,Retail,1,492.18,,5
ORD-001973,2024-06-08,North,Widget B,SMB,Online,2,370.01,740.03,5
ORD-001974,2023-05-25,South,Gadget Y,Enterprise,Retail,5,186.53,932.64,5
ORD-001975,2024-06-26,South,Widget A,Consumer,Online,3,353.2,1059.59,0
ORD-001976,2023-12-13,South,Gadget X,Enterprise,Retail,3,392.76,1178.27,5
ORD-001977,2024-03-10,West,Gadget X,Enterprise,Partners,6,169.52,1017.14,0
ORD-001978,2024-10-10,East,Widget C,Enterprise,Online,3,277.39,832.16,5
ORD-001979,2023-10-02,West,Widget C,SMB,Partners,3,158.61,475.84,5
ORD-001980,2023-04-09,South,Widget B,SMB,Online,5,400.62,2003.08,0
ORD-001981,2023-08-04,East,Gadget X,SMB,Partners,2,6.33,12.66,0
ORD-001982,2024-10-25,North,Widget B,Enterprise,Online,3,22.16,66.47,0
ORD-001983,2023-01-04,East,Widget B,SMB,Retail,2,455.73,911.45,5
ORD-001984,2024-12-26,West,Gadget X,SMB,Online,3,173.9,521.7,5
ORD-001985,2024-11-29,East,Service Plan,SMB,Online,2,255.01,510.03,0
ORD-001986,2025-05-10,West,Widget B,SMB,Online,2,93.53,187.05,0
ORD-001987,2025-06-01,West,Widget C,SMB,Online,3,113.45,340.36,0
ORD-001988,2024-10-19,East,Gadget X,SMB,Partners,1,120.43,120.43,10
ORD-001989,2024-11-20,West,Gadget X,SMB,Partners,2,373.95,747.9,0
ORD-001990,2025-02-27,West,Widget A,SMB,Online,1,466.38,466.38,5
ORD-001991,2024-01-17,West,Gadget Y,Consumer,Retail,5,468.85,2344.26,10
ORD-001992,2024-05-20,East,Widget A,SMB,Online,4,467.37,1869.48,0
ORD-001993,2023-02-11,West,Gadget X,Consumer,Retail,1,190.8,,15
ORD-001994,2025-03-24,South,Widget A,Enterprise,Online,1,263.1,263.1,15
ORD-001995,2024-01-25,North,Gadget X,Enterprise,Online,2,228.1,456.2,0
ORD-001996,2023-11-04,North,Gadget X,SMB,Online,4,280.11,1120.45,0
ORD-001997,2023-08-13,West,Widget A,SMB,Retail,2,101.39,202.78,0
ORD-001998,2023-10-18,South,Gadget X,Consumer,Retail,5,186.94,934.7,10
ORD-001999,2025-03-26,East,Widget A,Enterprise,Retail,3,24.41,73.24,5
ORD-002000,2023-12-26,West,Gadget X,Enterprise,Online,3,140.15,420.46,0
ORD-002001,2025-03-29,North,Service Plan,SMB,Online,1,348.75,348.75,0
ORD-002002,2024-05-08,North,Gadget Y,Enterprise,Online,2,296.45,592.9,0
ORD-002003,2023-12-22,South,Gadget Y,SMB,Retail,1,35.75,35.75,10
ORD-002004,2024-06-24,North,Gadget X,SMB,Online,3,418.92,1256.77,10
ORD-002005,2023-03-20,West,Widget B,Consumer,Retail,2,136.72,,0
ORD-002006,2025-02-17,North,Widget C,Consumer,Retail,3,59.65,178.96,0
ORD-002007,2023-11-21,South,Gadget X,Consumer,Partners,2,156.92,313.84,0
ORD-002008,2024-12-12,West,Service Plan,Enterprise,Partners,2,366.58,733.16,0
ORD-002009,2025-03-20,South,Gadget X,Enterprise,Online,1,468.46,468.46,0
ORD-002010,2023-02-26,North,Widget B,Consumer,Partners,4,346.53,1386.11,5
ORD-002011,2025-06-12,West,Widget A,Enterprise,Online,1,113.91,113.91,5
ORD-002012,2024-01-20,North,Service Plan,Consumer,Online,2,256.45,512.9,0
ORD-002013,2024-02-14,,Widget C,SMB,Online,2,276.68,553.36,10
ORD-002014,2023-03-08,East,Service Plan,Consumer,Partners,1,321.74,321.74,0
ORD-002015,2023-07-29,East,Widget B,Enterprise,Online,4,40.42,161.69,0
ORD-002016,2024-08-27,South,Widget C,SMB,Online,3,291.33,873.98,5
ORD-002017,2023-12-04,East,Widget B,SMB,Online,3,60.92,182.75,5
ORD-002018,2023-06-04,West,Widget B,Enterprise,Retail,2,142.06,284.11,10
ORD-002019,2025-03-04,East,Gadget X,SMB,Retail,1,50.67,50.67,0
ORD-002020,2024-02-15,East,Widget B,Enterprise,Online,2,23.76,47.52,0
ORD-002021,2024-12-23,East,Gadget X,Enterprise,Retail,4,238.62,954.48,0
ORD-002022,2023-04-14,West,Widget A,Enterprise,Online,1,142.0,142.0,10
ORD-002023,2025-05-25,West,Service Plan,SMB,Online,3,224.19,672.58,0
ORD-002024,2025-06-15,North,Widget B,SMB,Online,4,293.91,1175.64,10
ORD-002025,2025-04-02,South,Widget B,Consumer,Retail,8,81.5,651.99,0
ORD-002026,2025-05-24,South,Service Plan,SMB,Partners,1,110.93,110.93,0
ORD-002027,2025-03-29,South,Widget C,Enterprise,Online,1,375.02,375.02,10
ORD-002028,2024-07-26,South,Widget B,Enterprise,Retail,1,258.34,258.34,0
ORD-002029,2025-02-23,,Widget C,Consumer,Online,4,79.0,316.02,0
ORD-002030,2025-01-17,West,Service Plan,SMB,Retail,4,431.5,1726.01,10
ORD-002031,2025-06-12,East,Widget A,Enterprise,Partners,9,381.76,3435.84,10
ORD-002032,2025-04-02,East,Widget C,Enterprise,Online,3,450.51,1351.54,15
ORD-002033,2023-05-09,East,Gadget X,Enterprise,Online,2,336.96,673.91,0
ORD-002034,2025-05-06,West,Gadget X,Enterprise,Online,3,88.0,264.01,0
ORD-002035,2024-08-17,North,Gadget Y,SMB,Online,2,5.37,10.74,0
ORD-002036,2023-05-25,South,Gadget X,Enterprise,Online,2,292.43,584.87,0
ORD-002037,2025-05-26,East,Gadget Y,SMB,Online,1,210.25,210.25,5
ORD-002038,2025-06-15,North,Widget C,Enterprise,Online,6,347.9,2087.37,5
ORD-002039,2024-07-28,South,Widget B,SMB,Online,5,23.16,115.81,0
ORD-002040,2023-05-15,South,Gadget X,SMB,Online,3,87.01,261.03,0
ORD-002041,2023-09-07,West,Service Plan,Enterprise,Online,5,22.87,114.37,0
ORD-002042,2023-02-18,West,Widget A,Enterprise,Online,3,19.8,59.4,0
ORD-002043,2024-03-22,North,Widget C,Enterprise,Partners,1,365.76,365.76,0
ORD-002044,2023-10-14,South,Gadget X,Enterprise,Online,4,208.68,834.73,5
ORD-002045,2023-10-03,North,Gadget X,Enterprise,Partners,5,429.24,2146.21,5
ORD-002046,2023-04-12,South,Widget C,SMB,Online,1,171.36,171.36,0
ORD-002047,2025-02-14,West,Gadget X,Consumer,Online,4,360.32,1441.29,0
ORD-002048,2024-07-20,North,Service Plan,Enterprise,Online,2,365.05,730.1,0
ORD-002049,2023-02-12,South,Widget B,Enterprise,Retail,3,257.73,773.18,0
ORD-002050,2024-04-21,North,Widget A,SMB,Online,3,460.33,1380.99,5
ORD-002051,2024-07-25,North,Gadget X,Enterprise,Partners,3,68.35,205.05,0
ORD-002052,2025-01-01,East,Widget B,Enterprise,Retail,4,249.28,997.11,5
ORD-002053,2025-04-27,East,Widget A,Enterprise,Retail,3,416.47,1249.41,0
ORD-002054,2023-11-28,East,Widget A,SMB,Partners,3,203.35,610.04,5
ORD-002055,2023-12-18,North,Widget B,Enterprise,Online,3,364.73,1094.19,15
ORD-002056,2023-10-22,South,Gadget Y,Consumer,Online,2,211.31,422.63,15
ORD-002057,2023-10-09,,Gadget Y,Enterprise,Partners,4,20.46,81.85,5
ORD-002058,2023-06-13,North,Gadget X,Enterprise,Retail,1,129.65,129.65,0
ORD-002059,2023-01-23,East,Gadget Y,SMB,Retail,3,232.75,698.26,5
ORD-002060,2023-01-18,North,Widget B,Consumer,Online,3,374.2,1122.61,5
ORD-002061,2024-01-23,North,Gadget Y,Enterprise,Online,4,18.32,73.29,0
ORD-002062,2023-01-26,East,Widget C,Consumer,Retail,3,84.02,252.07,0
ORD-002063,2025-04-18,South,Gadget X,SMB,Online,2,154.7,309.4,0
ORD-002064,2023-05-15,East,Gadget Y,Enterprise,Online,5,312.74,1563.68,5
ORD-002065,2023-11-23,East,Widget A,SMB,Online,2,225.34,450.68,0
ORD-002066,2024-03-14,South,Widget A,Consumer,Retail,3,106.73,320.18,5
ORD-002067,2023-11-29,South,Widget A,SMB,Retail,3,312.0,936.0,5
ORD-002068,2025-03-27,North,Gadget Y,SMB,Online,1,367.37,367.37,0
ORD-002069,2024-08-28,North,Gadget X,Consumer,Partners,5,79.7,398.5,5
ORD-002070,2023-09-04,West,Widget B,SMB,Retail,4,47.08,188.3,15
ORD-002071,2024-09-16,East,Gadget Y,Enterprise,Online,2,478.96,957.93,0
ORD-002072,2025-05-03,East,Widget A,Consumer,Online,3,400.46,1201.38,0
ORD-002073,2024-12-02,East,Gadget Y,Enterprise,Partners,3,278.86,836.57,5
ORD-002074,2023-07-22,West,Widget B,Enterprise,Partners,4,277.94,1111.76,0
ORD-002075,2025-04-15,South,Service Plan,SMB,Partners,3,419.72,1259.17,0
ORD-002076,2024-08-16,East,Widget B,Consumer,Partners,5,293.55,1467.74,5
ORD-002077,2023-10-15,North,Gadget X,SMB,Online,2,482.43,964.86,0
ORD-002078,2023-11-10,South,Widget B,SMB,Retail,4,376.34,1505.35,10
ORD-002079,2025-04-09,East,Gadget Y,Consumer,Online,1,447.61,447.61,5
ORD-002080,2024-01-06,South,Widget C,SMB,Retail,1,239.75,239.75,0
ORD-002081,2025-03-04,West,Widget C,SMB,Online,5,187.01,935.05,5
ORD-002082,2024-02-02,,Widget B,Enterprise,Partners,5,269.58,1347.89,0
ORD-002083,2023-09-23,North,Service Plan,Enterprise,Retail,2,435.17,870.35,0
ORD-002084,2023-09-30,North,Gadget Y,SMB,Online,2,484.24,968.48,5
ORD-002085,2024-09-15,West,Gadget X,SMB,Online,3,364.3,1092.89,0
ORD-002086,2023-07-21,West,Gadget X,Enterprise,Online,1,90.09,90.09,0
ORD-002087,2024-12-24,West,Widget A,SMB,Partners,3,437.44,1312.32,0
ORD-002088,2023-03-19,East,Widget B,Enterprise,Online,3,428.26,1284.79,0
ORD-002089,2025-03-12,East,Service Plan,Consumer,Online,2,362.34,724.69,0
ORD-002090,2023-08-11,West,Widget B,SMB,Online,4,273.68,1094.71,5
ORD-002091,2024-10-19,North,Widget A,Enterprise,Online,3,274.81,824.43,10
ORD-002092,2023-09-24,East,Service Plan,SMB,Online,5,381.67,1908.33,15
ORD-002093,2025-02-28,South,Widget B,Consumer,Retail,1,276.93,276.93,5
ORD-002094,2023-05-09,North,Widget C,Consumer,Online,3,184.39,553.16,0
ORD-002095,2024-01-28,South,Widget B,Consumer,Partners,4,447.54,1790.16,5
ORD-002096,2025-03-14,South,Gadget X,Enterprise,Partners,2,16.85,33.7,0
ORD-002097,2023-10-17,South,Service Plan,SMB,Partners,5,263.73,1318.65,0
ORD-002098,2023-12-13,East,Widget B,Enterprise,Online,3,246.62,739.85,5
ORD-002099,2025-01-08,South,Gadget Y,Consumer,Retail,2,169.41,338.82,0
ORD-002100,2023-04-16,North,Service Plan,Consumer,Online,2,103.21,206.42,0
ORD-002101,2025-02-01,North,Service Plan,SMB,Retail,2,179.41,358.82,20
ORD-002102,2023-12-27,South,Gadget X,Consumer,Online,3,326.8,980.4,5
ORD-002103,2023-12-24,North,Gadget X,Consumer,Online,4,152.55,610.19,20
ORD-002104,2024-02-07,North,Widget C,Consumer,Online,2,245.9,491.79,5
ORD-002105,2023-01-20,South,Widget A,Enterprise,Online,5,274.0,1370.0,0
ORD-002106,2024-07-09,West,Gadget Y,Consumer,Online,2,182.74,365.48,0
ORD-002107,2023-06-14,West,Widget B,Enterprise,Online,3,220.97,662.92,0
ORD-002108,2025-05-06,North,Widget B,Consumer,Online,3,309.6,928.81,10
ORD-002109,2024-08-30,East,Gadget Y,SMB,Online,1,108.97,108.97,5
ORD-002110,2023-11-08,North,Gadget X,Consumer,Online,1,245.93,245.93,0
ORD-002111,2023-03-06,South,Widget B,Enterprise,Online,2,268.52,537.05,0
ORD-002112,2023-04-12,North,Widget B,SMB,Retail,1,414.47,414.47,0
ORD-002113,2024-06-11,South,Widget C,SMB,Online,7,142.25,995.74,0
ORD-002114,2023-08-19,South,Widget A,SMB,Retail,4,402.85,1611.4,0
ORD-002115,2023-12-21,South,Widget A,Enterprise,Online,2,345.74,691.49,0
ORD-002116,2024-10-07,North,Widget A,SMB,Retail,3,419.88,1259.63,0
ORD-002117,2024-11-11,West,Widget A,Enterprise,Partners,3,352.1,1056.3,0
ORD-002118,2023-02-10,South,Widget B,SMB,Retail,4,115.69,462.76,0
ORD-002119,2024-09-13,South,Widget C,SMB,Retail,3,273.29,819.88,20
ORD-002120,2025-03-08,,Service Plan,Consumer,Partners,5,407.16,2035.82,0
ORD-002121,2024-10-12,West,Widget B,SMB,Online,1,233.43,233.43,20
ORD-002122,2024-08-28,South,Widget C,Consumer,Partners,5,348.32,1741.61,0
ORD-002123,2025-05-12,North,Widget B,SMB,Online,2,295.82,591.65,5
ORD-002124,2023-04-20,East,Widget A,Enterprise,Online,4,197.04,788.17,0
ORD-002125,2024-11-01,South,Gadget Y,SMB,Partners,5,192.23,961.14,10
ORD-002126,2023-11-27,North,Widget A,Enterprise,Partners,2,146.55,293.11,0
ORD-002127,2024-05-30,West,Widget A,Consumer,Retail,4,12.1,48.41,0
ORD-002128,2024-03-05,South,Service Plan,Enterprise,Partners,2,176.28,352.55,5
ORD-002129,2024-03-11,North,Widget A,Enterprise,Online,6,407.71,2446.24,0
ORD-002130,2024-07-11,North,Gadget X,Consumer,Partners,1,412.66,412.66,0
ORD-002131,2024-02-15,East,Gadget X,Enterprise,Retail,1,177.13,177.13,0
ORD-002132,2024-03-29,West,Gadget Y,Enterprise,Retail,2,265.79,531.57,0
ORD-002133,2024-09-17,South,Widget B,SMB,Partners,3,331.11,993.33,0
ORD-002134,2025-04-29,South,Widget A,Consumer,Partners,6,172.69,1036.16,0
ORD-002135,2025-01-17,North,Widget B,Enterprise,Online,2,224.73,449.46,0
ORD-002136,2023-03-04,South,Widget A,Consumer,Partners,5,295.86,1479.31,0
ORD-002137,2024-10-30,South,Widget B,Consumer,Online,3,147.35,442.05,0
ORD-002138,2024-03-28,West,Widget B,Enterprise,Partners,2,208.29,416.58,15
ORD-002139,2025-03-08,West,Gadget Y,SMB,Online,2,50.38,100.76,5
ORD-002140,2025-02-07,West,Widget C,Enterprise,Partners,1,438.85,438.85,0
ORD-002141,2024-05-20,West,Widget A,SMB,Retail,4,350.1,1400.4,20
ORD-002142,2024-02-27,West,Gadget Y,Consumer,Partners,3,225.09,675.26,0
ORD-002143,2023-03-23,South,Gadget X,SMB,Retail,3,98.49,,0
ORD-002144,2024-12-07,West,Gadget X,SMB,Retail,6,270.01,1620.05,0
ORD-002145,2023-07-13,West,Gadget Y,Enterprise,Online,3,313.07,939.2,0
ORD-002146,2024-02-29,North,Widget C,Enterprise,Online,3,325.22,975.65,0
ORD-002147,2023-01-02,,Widget C,SMB,Online,3,225.67,677.02,0
ORD-002148,2025-01-25,West,Gadget X,Enterprise,Online,3,117.52,,0
ORD-002149,2025-05-19,South,Widget B,SMB,Online,1,64.34,64.34,0
ORD-002150,2024-05-23,East,Gadget X,SMB,Online,4,406.95,1627.81,5
ORD-002151,2023-05-13,North,Widget A,SMB,Online,2,105.4,210.81,0
ORD-002152,2023-08-16,South,Widget A,SMB,Partners,3,338.57,1015.71,0
ORD-002153,2025-01-09,East,Widget B,SMB,Online,7,243.06,1701.41,5
ORD-002154,2023-10-04,West,Service Plan,Enterprise,Partners,5,455.29,2276.43,0
ORD-002155,2023-08-12,North,Gadget X,Enterprise,Online,1,196.63,196.63,0
ORD-002156,2024-08-23,West,Widget B,SMB,Retail,3,372.22,1116.65,0
ORD-002157,2023-03-07,South,Widget C,Enterprise,Online,4,362.0,1448.01,0
ORD-002158,2025-01-17,West,Widget A,SMB,Partners,4,430.74,1722.94,20
ORD-002159,2023-11-03,West,Widget A,SMB,Online,4,414.97,1659.89,10
ORD-002160,2024-04-18,East,Widget C,Consumer,Online,1,53.53,53.53,5
ORD-002161,2024-10-08,South,Widget B,SMB,Online,3,499.08,1497.23,10
ORD-002162,2024-07-12,North,Gadget X,SMB,Online,5,143.75,718.75,0
ORD-002163,2024-09-09,North,Widget C,SMB,Retail,6,435.8,2614.8,10
ORD-002164,2025-06-01,East,Widget A,Consumer,Partners,3,42.56,127.67,10
ORD-002165,2023-01-05,West,Gadget X,Enterprise,Retail,3,484.37,1453.12,5
ORD-002166,2023-11-17,North,Widget A,Enterprise,Online,3,224.2,672.6,10
ORD-002167,2024-06-26,East,Gadget X,Enterprise,Retail,1,119.16,119.16,0
ORD-002168,2024-01-06,South,Service Plan,SMB,Partners,2,77.03,154.06,10
ORD-002169,2024-06-14,North,Widget C,Consumer,Retail,2,425.59,851.17,15
ORD-002170,2024-01-20,East,Widget A,SMB,Partners,4,10.8,43.18,0
ORD-002171,2023-04-27,South,Gadget X,SMB,Online,3,204.98,614.95,15
ORD-002172,2023-03-26,West,Widget B,Consumer,Retail,2,390.11,780.22,5
ORD-002173,2023-06-17,North,Widget C,Consumer,Retail,1,486.23,486.23,20
ORD-002174,2023-12-14,East,Widget B,Consumer,Retail,1,404.96,404.96,0
ORD-002175,2025-03-26,West,Widget A,Consumer,Online,3,49.11,147.32,5
ORD-002176,2025-01-07,West,Gadget Y,Enterprise,Retail,4,189.7,758.8,20
ORD-002177,2024-10-04,West,Gadget Y,Enterprise,Online,1,177.18,177.18,0
ORD-002178,2024-06-26,South,Widget B,Enterprise,Retail,4,184.64,738.58,5
ORD-002179,2025-04-10,South,Widget A,Consumer,Retail,3,432.58,1297.74,5
ORD-002180,2023-02-05,South,Widget A,Enterprise,Online,1,75.49,75.49,0
ORD-002181,2023-04-06,North,Service Plan,SMB,Retail,5,431.4,2157.01,0
ORD-002182,2025-04-16,,Widget A,Enterprise,Online,3,137.71,413.13,5
ORD-002183,2024-06-15,East,Widget B,Consumer,Retail,1,111.62,111.62,0
ORD-002184,2024-10-03,West,Gadget X,SMB,Online,2,221.78,443.56,5
ORD-002185,2025-06-02,North,Widget A,SMB,Online,2,444.99,889.99,5
ORD-002186,2024-04-23,South,Gadget X,SMB,Online,3,498.74,1496.21,5
ORD-002187,2023-11-21,West,Widget A,Consumer,Online,2,253.66,507.31,0
ORD-002188,2024-06-02,East,Gadget Y,Enterprise,Retail,4,197.33,789.31,5
ORD-002189,2023-08-11,South,Gadget X,Enterprise,Online,3,386.1,1158.31,10
ORD-002190,2025-04-19,North,Gadget X,SMB,Online,2,260.91,521.83,0
ORD-002191,2025-01-17,South,Widget A,Enterprise,Partners,1,333.08,333.08,5
ORD-002192,2023-06-05,North,Service Plan,SMB,Partners,3,96.48,289.44,0
ORD-002193,2025-04-21,East,Gadget X,Enterprise,Partners,6,327.6,1965.61,0
ORD-002194,2023-04-24,South,Widget C,SMB,Online,1,137.95,137.95,0
ORD-002195,2023-12-15,North,Widget C,SMB,Retail,3,134.93,404.79,0
ORD-002196,2024-07-06,West,Widget B,Consumer,Retail,2,465.07,930.14,15
ORD-002197,2023-10-26,East,Widget B,Consumer,Partners,1,250.91,250.91,15
ORD-002198,2023-06-16,North,Service Plan,Consumer,Retail,2,106.97,213.95,5
ORD-002199,2024-10-10,East,Widget A,SMB,Online,1,440.07,440.07,5
ORD-002200,2025-01-10,West,Gadget X,Consumer,Retail,4,248.49,993.94,0
ORD-002201,2023-03-16,South,Service Plan,Consumer,Online,2,11.91,23.81,5
ORD-002202,2024-08-29,East,Gadget X,Consumer,Online,5,214.2,1070.99,0
ORD-002203,2024-03-11,North,Widget B,Consumer,Online,4,409.11,1636.45,0
ORD-002204,2024-06-17,South,Widget A,Enterprise,Online,5,86.04,430.18,0
ORD-002205,2023-08-12,West,Gadget X,Consumer,Online,3,204.54,613.63,20
ORD-002206,2023-03-11,North,Widget B,Enterprise,Online,2,350.56,701.13,0
ORD-002207,2024-04-23,South,Gadget Y,SMB,Retail,5,248.1,1240.52,0
ORD-002208,2024-03-05,South,Widget C,Enterprise,Retail,2,371.88,743.76,10
ORD-002209,2023-08-24,West,Gadget X,Enterprise,Retail,3,112.86,338.58,0
ORD-002210,2025-04-02,West,Widget A,Consumer,Retail,6,426.21,2557.28,0
ORD-002211,2023-08-09,West,Widget A,Enterprise,Online,1,187.15,187.15,0
ORD-002212,2025-05-01,West,Widget A,Enterprise,Retail,2,161.84,323.68,5
ORD-002213,2024-03-16,East,Widget A,SMB,Online,4,203.86,815.43,10
ORD-002214,2024-05-21,West,Gadget X,Enterprise,Online,2,215.85,431.7,0
ORD-002215,2024-06-25,East,Service Plan,Enterprise,Online,2,459.19,918.38,0
ORD-002216,2023-11-13,North,Gadget X,Enterprise,Partners,4,491.8,1967.18,0
ORD-002217,2023-01-24,West,Widget C,Enterprise,Online,3,151.49,454.47,0
ORD-002218,2023-12-10,North,Widget A,Consumer,Retail,2,111.55,223.1,5
ORD-002219,2023-01-24,West,Widget A,SMB,Partners,2,100.82,201.64,15
ORD-002220,2024-03-01,South,Service Plan,Enterprise,Online,1,319.25,319.25,5
ORD-002221,2023-11-19,North,Widget C,Consumer,Partners,4,478.69,1914.76,0
ORD-002222,2023-12-05,West,Gadget Y,Enterprise,Online,1,16.16,16.16,10
ORD-002223,2024-10-15,North,Widget A,Consumer,Online,5,130.22,651.08,15
ORD-002224,2023-05-15,South,Gadget Y,SMB,Retail,5,443.59,2217.93,0
ORD-002225,2023-05-17,North,Widget A,Consumer,Online,3,361.24,1083.71,15
ORD-002226,2024-08-15,South,Widget A,Enterprise,Online,6,121.57,729.39,0
ORD-002227,2024-03-30,East,Widget A,Consumer,Retail,5,382.9,1914.51,5
ORD-002228,2024-01-15,South,Widget A,Enterprise,Online,2,99.91,199.82,5
ORD-002229,2024-06-22,North,Service Plan,SMB,Partners,1,457.82,457.82,5
ORD-002230,2023-11-14,West,Widget A,Consumer,Online,2,14.69,29.39,20
ORD-002231,2025-05-06,West,Gadget Y,SMB,Partners,4,264.46,1057.86,10
ORD-002232,2024-08-11,West,Widget B,SMB,Online,5,484.39,2421.94,0
ORD-002233,2023-04-22,South,Gadget Y,Consumer,Online,3,440.34,1321.03,5
ORD-002234,2023-11-18,South,Widget C,SMB,Retail,1,447.07,447.07,0
ORD-002235,2023-09-22,South,Widget A,Enterprise,Online,3,70.19,210.57,0
ORD-002236,2023-05-17,North,Widget A,Consumer,Retail,3,450.21,1350.64,5
ORD-002237,2024-02-27,West,Gadget Y,Enterprise,Retail,2,201.9,403.79,5
ORD-002238,2024-07-07,North,Gadget Y,SMB,Online,5,231.03,1155.13,0
ORD-002239,2023-07-17,East,Gadget Y,Enterprise,Online,7,331.36,2319.49,0
ORD-002240,2023-02-15,East,Widget A,Consumer,Retail,3,418.08,1254.24,15
ORD-002241,2025-01-06,East,Gadget Y,Enterprise,Online,3,420.63,1261.9,15
ORD-002242,2024-02-13,West,Widget A,Consumer,Online,2,375.17,750.34,10
ORD-002243,2024-06-17,East,Widget C,SMB,Retail,5,493.09,2465.43,5
ORD-002244,2024-01-30,,Widget A,SMB,Online,3,58.19,174.56,5
ORD-002245,2024-08-31,North,Widget C,Enterprise,Retail,1,74.79,74.79,5
ORD-002246,2023-04-20,North,Widget A,Enterprise,Online,1,472.42,472.42,0
ORD-002247,2023-05-27,East,Widget A,Enterprise,Retail,4,278.65,,10
ORD-002248,2023-04-13,South,Widget B,Consumer,Partners,4,11.1,44.4,0
ORD-002249,2024-10-27,North,Widget B,Consumer,Partners,2,311.08,,15
ORD-002250,2024-12-15,North,Widget A,SMB,Online,3,234.39,703.17,5
ORD-002251,2025-02-04,South,Widget B,Consumer,Online,4,478.6,1914.41,10
ORD-002252,2023-03-25,West,Widget C,SMB,Online,2,415.44,830.87,10
ORD-002253,2024-10-25,East,Widget A,SMB,Online,2,273.77,547.54,15
ORD-002254,2023-11-23,South,Gadget X,Consumer,Partners,5,425.53,2127.64,5
ORD-002255,2024-09-23,South,Gadget Y,Consumer,Online,2,239.54,479.09,10
ORD-002256,2023-09-22,West,Gadget X,SMB,Partners,4,494.93,1979.73,0
ORD-002257,2024-04-06,West,Widget B,Consumer,Partners,4,429.36,1717.44,15
ORD-002258,2024-07-18,North,Gadget Y,SMB,Retail,2,452.37,904.75,0
ORD-002259,2024-10-09,East,Widget A,Enterprise,Partners,5,26.99,134.93,5
ORD-002260,2024-05-13,North,Widget A,Enterprise,Retail,5,340.29,1701.44,0
ORD-002261,2023-04-15,North,Widget B,Enterprise,Online,4,411.98,1647.9,0
ORD-002262,2024-08-16,East,Widget B,Enterprise,Online,2,197.38,394.76,10
ORD-002263,2025-04-14,South,Gadget X,Consumer,Online,7,214.43,1500.99,0
ORD-002264,2023-03-06,South,Gadget Y,SMB,Online,2,421.24,842.48,0
ORD-002265,2023-09-19,East,Widget B,Enterprise,Online,3,170.65,511.95,0
ORD-002266,2023-09-07,West,Gadget Y,Enterprise,Retail,2,87.25,174.49,15
ORD-002267,2024-08-08,South,Widget C,SMB,Online,3,421.16,1263.49,5
ORD-002268,2024-07-02,West,Widget C,SMB,Retail,4,144.09,576.36,0
ORD-002269,2025-03-30,West,Gadget Y,Enterprise,Retail,1,362.04,362.04,10
ORD-002270,2024-02-22,East,Widget A,SMB,Partners,3,21.74,65.21,15
ORD-002271,2024-05-08,East,Widget B,SMB,Online,5,308.6,1543.02,10
ORD-002272,2024-11-23,East,Widget C,Consumer,Online,5,492.81,2464.07,0
ORD-002273,2024-03-06,East,Widget B,Enterprise,Retail,6,490.99,2945.93,0
ORD-002274,2023-11-01,South,Widget A,SMB,Online,3,202.75,608.26,0
ORD-002275,2023-11-04,East,Widget A,Enterprise,Online,7,238.1,1666.72,0
ORD-002276,2023-09-07,South,Gadget Y,SMB,Partners,3,172.89,518.66,0
ORD-002277,2025-04-04,South,Widget A,Consumer,Online,1,284.78,284.78,0
ORD-002278,2024-07-10,East,Widget A,SMB,Online,1,303.11,303.11,5
ORD-002279,2025-01-18,East,Widget B,SMB,Retail,1,324.81,324.81,5
ORD-002280,2023-05-24,East,Widget B,Enterprise,Online,3,489.31,1467.94,5
ORD-002281,2025-05-31,South,Widget A,Consumer,Online,2,458.19,916.39,5
ORD-002282,2023-03-06,,Widget B,Enterprise,Online,2,448.03,896.06,0
ORD-002283,2023-11-06,South,Widget A,Consumer,Partners,5,123.57,617.86,5
ORD-002284,2023-07-19,South,Gadget Y,Enterprise,Online,1,282.11,282.11,5
ORD-002285,2023-11-06,North,Widget C,Consumer,Retail,3,114.55,343.64,0
ORD-002286,2023-07-27,East,Gadget Y,Consumer,Retail,3,289.2,867.6,0
ORD-002287,2024-11-29,North,Gadget X,Consumer,Online,2,67.5,135.0,0
ORD-002288,2024-08-01,North,Widget C,SMB,Partners,3,272.37,817.11,0
ORD-002289,2024-03-01,South,Widget B,SMB,Online,4,375.67,1502.68,5
ORD-002290,2023-09-15,North,Service Plan,SMB,Online,3,383.34,1150.02,0
ORD-002291,2023-11-08,West,Widget A,SMB,Online,2,44.2,88.4,0
ORD-002292,2025-04-02,East,Gadget X,SMB,Partners,2,248.92,497.84,10
ORD-002293,2023-05-29,East,Service Plan,Enterprise,Online,3,170.63,511.88,5
ORD-002294,2023-12-01,South,Service Plan,Enterprise,Online,2,38.28,76.56,0
ORD-002295,2023-08-19,South,Widget B,SMB,Online,3,209.25,627.74,5
ORD-002296,2024-08-12,East,Widget A,SMB,Online,2,467.3,934.61,0
ORD-002297,2024-04-22,East,Widget C,Enterprise,Online,4,40.56,162.23,0
ORD-002298,2025-05-08,South,Widget A,Enterprise,Online,5,114.72,573.62,5
ORD-002299,2024-11-14,West,Widget B,Enterprise,Retail,3,306.09,918.26,0
ORD-002300,2023-04-20,East,Widget A,SMB,Online,7,260.76,1825.33,0
ORD-002301,2023-03-09,South,Widget C,SMB,Retail,2,153.97,307.93,5
ORD-002302,2024-12-12,South,Widget C,Enterprise,Partners,3,293.5,880.49,0
ORD-002303,2025-02-20,West,Widget C,Enterprise,Online,2,383.74,767.48,0
ORD-002304,2024-01-16,West,Widget B,Consumer,Online,2,269.87,539.75,0
ORD-002305,2025-04-30,West,Widget A,SMB,Online,3,248.02,744.05,0
ORD-002306,2025-05-04,West,Widget B,Enterprise,Partners,2,241.33,482.67,0
ORD-002307,2025-05-20,North,Widget B,SMB,Retail,1,60.84,60.84,10
ORD-002308,2023-07-17,West,Gadget X,Enterprise,Online,2,112.55,225.09,0
ORD-002309,2023-04-25,East,Widget B,Consumer,Online,2,343.64,687.27,5
ORD-002310,2025-02-27,South,Gadget X,Consumer,Retail,3,85.18,255.54,5
ORD-002311,2024-11-10,East,Widget B,Consumer,Online,3,94.09,282.28,0
ORD-002312,2024-03-27,South,Gadget X,Enterprise,Retail,3,184.85,554.56,5
ORD-002313,2023-11-30,North,Widget A,Consumer,Partners,2,420.97,841.94,5
ORD-002314,2024-10-21,North,Widget C,Consumer,Online,3,378.83,1136.48,0
ORD-002315,2023-08-20,North,Widget B,Enterprise,Online,4,217.34,869.38,0
ORD-002316,2024-05-08,South,Widget C,Consumer,Retail,2,433.64,867.29,0
ORD-002317,2023-10-22,West,Gadget X,Enterprise,Partners,1,425.03,425.03,0
ORD-002318,2024-04-22,North,Widget C,Enterprise,Online,2,405.8,811.6,10
ORD-002319,2024-01-14,North,Gadget Y,Enterprise,Retail,3,300.75,902.24,15
ORD-002320,2023-05-25,East,Widget A,Enterprise,Retail,1,100.66,,5
ORD-002321,2024-01-04,West,Service Plan,SMB,Retail,4,315.06,1260.23,15
ORD-002322,2023-09-21,South,Gadget Y,Consumer,Online,3,33.48,100.45,0
ORD-002323,2025-03-26,West,Gadget X,Consumer,Online,3,369.97,1109.9,5
ORD-002324,2025-05-16,West,Widget B,Enterprise,Online,3,105.7,317.09,10
ORD-002325,2023-05-04,South,Gadget X,Enterprise,Retail,5,185.16,925.78,5
ORD-002326,2023-09-04,North,Widget C,Enterprise,Online,3,460.55,1381.65,0
ORD-002327,2023-07-27,South,Widget A,Consumer,Online,4,207.82,831.3,0
ORD-002328,2023-06-10,West,Service Plan,Enterprise,Retail,4,277.6,1110.41,0
ORD-002329,2024-09-09,West,Gadget Y,SMB,Online,6,36.75,220.52,0
ORD-002330,2023-03-26,West,Widget B,Consumer,Online,3,115.79,347.36,5
ORD-002331,2024-04-04,South,Service Plan,Enterprise,Retail,4,481.58,1926.31,10
ORD-002332,2023-07-05,South,Gadget Y,Consumer,Retail,4,394.53,1578.13,10
ORD-002333,2023-08-20,South,Widget A,SMB,Online,1,416.65,416.65,0
ORD-002334,2023-02-26,South,Gadget X,Consumer,Retail,3,42.45,127.36,0
ORD-002335,2023-08-13,South,Widget B,SMB,Partners,2,464.82,929.64,0
ORD-002336,2023-06-12,South,Widget B,Consumer,Online,3,497.17,1491.51,5
ORD-002337,2023-12-04,South,Gadget Y,Enterprise,Online,4,209.5,837.99,0
ORD-002338,2024-03-28,South,Service Plan,SMB,Retail,1,131.38,131.38,0
ORD-002339,2024-05-16,West,Widget C,Consumer,Online,4,101.61,406.43,0
ORD-002340,2024-10-11,East,Widget C,SMB,Partners,3,274.23,822.69,5
ORD-002341,2023-06-24,South,Gadget X,Enterprise,Retail,3,324.48,973.43,10
ORD-002342,2023-12-28,West,Widget C,Consumer,Online,2,394.57,789.15,5
ORD-002343,2023-04-24,West,Widget B,Consumer,Online,4,212.72,,10
ORD-002344,2024-10-16,North,Gadget Y,SMB,Retail,4,467.7,1870.81,5
ORD-002345,2023-11-29,West,Widget B,SMB,Partners,3,164.98,494.94,15
ORD-002346,2023-05-09,South,Service Plan,SMB,Retail,1,176.51,176.51,5
ORD-002347,2024-05-16,South,Gadget X,Consumer,Retail,5,368.15,1840.73,0
ORD-002348,2025-04-06,North,Widget A,SMB,Online,2,93.91,187.83,15
ORD-002349,2023-06-10,West,Widget A,Consumer,Retail,1,233.1,233.1,0
ORD-002350,2024-09-06,North,Widget A,Consumer,Online,3,201.18,603.53,15
ORD-002351,2023-01-11,East,Widget A,Enterprise,Online,2,266.47,532.93,5
ORD-002352,2024-11-09,North,Widget C,Consumer,Online,3,329.69,989.07,0
ORD-002353,2024-12-03,West,Widget C,Enterprise,Online,3,116.87,350.6,10
ORD-002354,2024-02-26,East,Widget A,Consumer,Online,3,235.16,705.49,5
ORD-002355,2025-01-01,South,Widget C,Enterprise,Online,5,188.27,941.35,5
ORD-002356,2025-06-05,East,Widget C,Enterprise,Partners,5,275.59,1377.97,0
ORD-002357,2023-01-11,North,Widget A,Enterprise,Online,2,124.65,249.3,0
ORD-002358,2023-12-20,North,Gadget X,SMB,Online,2,460.86,921.72,5
ORD-002359,2023-04-02,South,Widget C,SMB,Retail,3,396.39,1189.17,0
ORD-002360,2023-07-25,West,Service Plan,SMB,Online,2,386.9,773.8,15
ORD-002361,2025-03-19,South,Widget B,Enterprise,Partners,4,364.69,1458.75,0
ORD-002362,2024-04-30,,Widget A,Enterprise,Retail,3,165.69,497.07,0
ORD-002363,2023-10-09,East,Widget A,SMB,Online,3,54.01,162.03,10
ORD-002364,2025-03-09,,Service Plan,Enterprise,Retail,4,87.44,349.77,5
ORD-002365,2023-11-13,East,Gadget X,SMB,Retail,2,75.96,151.91,0
ORD-002366,2024-09-19,West,Widget C,SMB,Online,3,121.99,365.97,5
ORD-002367,2023-05-30,West,Gadget X,Consumer,Retail,6,413.23,2479.36,5
ORD-002368,2025-05-12,North,Gadget X,Enterprise,Online,3,472.76,1418.27,0
ORD-002369,2025-03-05,South,Widget A,Consumer,Partners,4,490.77,1963.09,10
ORD-002370,2023-10-08,South,Widget B,Enterprise,Online,3,7.46,22.39,0
ORD-002371,2024-11-14,North,Widget A,SMB,Online,3,487.04,1461.11,0
ORD-002372,2023-09-19,North,Widget B,Consumer,Online,2,298.28,596.56,0
ORD-002373,2024-03-06,South,Gadget X,SMB,Online,3,22.0,66.0,0
ORD-002374,2023-05-24,West,Widget B,SMB,Partners,2,454.63,909.25,5
ORD-002375,2024-08-31,South,Widget A,SMB,Online,3,457.32,1371.97,0
ORD-002376,2023-03-18,East,Widget B,Consumer,Online,6,416.01,2496.05,0
ORD-002377,2025-04-21,North,Gadget Y,SMB,Online,2,39.95,79.9,0
ORD-002378,2024-06-16,East,Service Plan,SMB,Retail,4,462.79,1851.14,5
ORD-002379,2025-05-20,East,Gadget X,Consumer,Online,6,340.63,2043.81,0
ORD-002380,2023-02-17,North,Widget B,Enterprise,Online,1,425.1,425.1,5
ORD-002381,2025-02-08,South,Widget C,Enterprise,Retail,4,317.09,1268.35,0
ORD-002382,2023-07-08,East,Widget B,SMB,Retail,3,48.85,146.54,0
ORD-002383,2025-03-22,South,Widget C,SMB,Online,2,320.06,640.11,10
ORD-002384,2024-10-12,South,Widget A,Consumer,Online,3,215.17,645.52,15
ORD-002385,2023-11-30,North,Gadget X,SMB,Retail,2,230.18,460.36,0
ORD-002386,2024-11-27,North,Gadget X,Enterprise,Partners,3,169.97,509.9,0
ORD-002387,2023-11-09,,Widget A,SMB,Online,2,346.71,693.42,0
ORD-002388,2023-03-07,West,Widget C,Consumer,Online,7,280.15,1961.04,0
ORD-002389,2025-02-19,West,Widget A,Enterprise,Online,3,175.19,525.58,0
ORD-002390,2023-01-11,South,Widget A,SMB,Online,5,14.52,72.59,10
ORD-002391,2023-01-11,North,Widget A,Enterprise,Online,4,313.97,1255.88,5
ORD-002392,2024-11-20,North,Widget A,SMB,Online,2,132.14,264.28,10
ORD-002393,2024-12-15,East,Gadget Y,SMB,Online,4,477.82,1911.28,0
ORD-002394,2024-05-22,West,Gadget Y,Enterprise,Online,2,265.37,530.73,0
ORD-002395,2023-04-19,,Widget A,SMB,Online,2,112.91,225.83,0
ORD-002396,2024-11-12,South,Gadget X,Consumer,Online,3,396.21,1188.62,0
ORD-002397,2023-04-16,South,Gadget X,Consumer,Online,3,327.5,982.5,0
ORD-002398,2024-08-02,South,Widget A,SMB,Online,4,141.39,565.55,0
ORD-002399,2023-12-30,North,Gadget X,Consumer,Partners,3,404.92,1214.77,5
ORD-002400,2023-03-15,West,Service Plan,Enterprise,Retail,2,333.55,667.1,5
ORD-002401,2023-11-05,West,Widget B,SMB,Retail,5,385.86,1929.31,5
ORD-002402,2024-05-19,,Widget B,Enterprise,Retail,3,379.14,1137.43,0
ORD-002403,2025-03-03,South,Service Plan,SMB,Partners,2,230.04,460.08,20
ORD-002404,2024-07-03,South,Widget B,Consumer,Retail,6,227.8,1366.81,0
ORD-002405,2024-04-07,North,Gadget X,SMB,Retail,2,425.22,850.44,0
ORD-002406,2023-10-18,West,Gadget X,Enterprise,Online,4,54.53,218.14,5
ORD-002407,2025-01-25,North,Gadget X,Enterprise,Online,3,381.27,1143.81,0
ORD-002408,2023-02-01,West,Widget B,SMB,Online,5,300.93,1504.66,10
ORD-002409,2024-04-03,North,Widget B,SMB,Retail,3,396.56,1189.69,5
ORD-002410,2024-09-02,South,Widget A,Enterprise,Online,5,337.69,1688.45,10
ORD-002411,2023-08-27,North,Gadget X,SMB,Online,2,216.18,432.37,5
ORD-002412,2023-12-03,South,Service Plan,Consumer,Partners,3,205.46,616.37,5
ORD-002413,2024-03-31,North,Widget A,SMB,Online,1,484.18,484.18,0
ORD-002414,2025-05-17,South,Widget C,Enterprise,Online,2,173.39,346.78,10
ORD-002415,2025-05-02,North,Widget A,Enterprise,Retail,5,6.65,33.26,0
ORD-002416,2023-05-06,South,Widget B,SMB,Online,9,117.39,1056.53,5
ORD-002417,2023-12-09,West,Gadget X,Consumer,Online,2,161.02,322.05,5
ORD-002418,2023-02-25,South,Widget C,SMB,Partners,3,200.72,602.15,0
ORD-002419,2025-04-12,South,Widget A,Consumer,Online,2,472.43,944.85,5
ORD-002420,2024-11-19,West,Gadget Y,Consumer,Online,1,182.34,182.34,5
ORD-002421,2024-04-15,East,Widget C,SMB,Online,3,274.39,823.17,5
ORD-002422,2025-06-08,West,Service Plan,SMB,Online,3,32.24,96.73,5
ORD-002423,2024-09-15,South,Widget A,Enterprise,Online,2,245.19,490.39,0
ORD-002424,2023-11-03,South,Widget A,Enterprise,Retail,4,326.23,1304.92,5
ORD-002425,2023-10-12,South,Gadget Y,Consumer,Partners,3,385.17,1155.52,5
ORD-002426,2025-02-24,South,Widget B,Enterprise,Retail,2,264.63,529.27,15
ORD-002427,2023-05-08,East,Widget A,Enterprise,Partners,3,77.5,232.5,20
ORD-002428,2023-12-18,South,Widget C,Consumer,Online,2,189.91,379.81,0
ORD-002429,2023-10-19,South,Widget A,Enterprise,Retail,4,489.71,1958.83,5
ORD-002430,2024-09-19,South,Gadget X,Enterprise,Online,2,248.67,497.35,5
ORD-002431,2025-05-09,East,Widget B,Enterprise,Online,5,499.44,2497.19,5
ORD-002432,2024-06-05,South,Gadget X,Consumer,Online,3,72.22,216.66,5
ORD-002433,2023-05-11,South,Widget B,Enterprise,Retail,2,300.46,600.93,10
ORD-002434,2025-02-16,,Widget B,SMB,Online,4,456.02,1824.1,15
ORD-002435,2024-05-12,South,Widget B,SMB,Online,2,131.77,263.54,5
ORD-002436,2023-10-12,South,Widget A,SMB,Retail,3,473.18,1419.54,5
ORD-002437,2023-03-12,South,Widget A,SMB,Online,1,220.27,220.27,15
ORD-002438,2023-06-28,South,Gadget X,SMB,Online,3,411.36,1234.09,0
ORD-002439,2023-07-01,North,Gadget X,SMB,Online,5,137.48,687.41,0
ORD-002440,2025-03-13,East,Widget A,Consumer,Online,4,455.35,1821.41,0
ORD-002441,2024-03-25,East,Widget C,SMB,Retail,2,388.99,777.98,0
ORD-002442,2024-05-11,South,Widget A,SMB,Online,4,89.29,357.17,0
ORD-002443,2024-08-27,North,Widget B,Enterprise,Partners,4,235.97,943.88,0
ORD-002444,2024-09-12,South,Gadget X,Enterprise,Partners,4,283.34,1133.35,0
ORD-002445,2023-12-11,North,Widget A,SMB,Online,3,117.23,351.68,10
ORD-002446,2023-02-03,West,Widget B,Enterprise,Online,5,266.15,1330.77,0
ORD-002447,2023-04-18,South,Gadget Y,Enterprise,Online,4,53.43,213.71,5
ORD-002448,2025-06-12,West,Widget A,Enterprise,Partners,2,399.7,799.4,0
ORD-002449,2024-12-27,West,Widget A,Consumer,Online,2,166.63,333.26,0
ORD-002450,2024-03-07,West,Widget C,SMB,Online,2,30.88,61.77,5
ORD-002451,2024-10-03,North,Gadget X,SMB,Partners,2,330.13,660.27,15
ORD-002452,2024-10-31,East,Widget C,SMB,Partners,3,62.48,187.43,10
ORD-002453,2025-03-21,South,Gadget X,SMB,Partners,5,460.22,2301.12,0
ORD-002454,2024-01-04,South,Gadget X,Enterprise,Online,2,420.67,841.35,0
ORD-002455,2024-09-21,South,Widget B,Enterprise,Online,1,196.69,,15
ORD-002456,2024-03-30,South,Service Plan,Consumer,Online,5,405.99,2029.93,0
ORD-002457,2024-11-05,South,Gadget X,SMB,Online,2,461.76,923.52,10
ORD-002458,2023-10-22,East,Service Plan,Consumer,Partners,2,478.79,957.58,0
ORD-002459,2023-10-14,South,Gadget X,SMB,Online,3,165.21,495.62,0
ORD-002460,2024-11-26,West,Widget A,Enterprise,Online,3,88.49,265.46,5
ORD-002461,2023-06-25,South,Widget B,Enterprise,Online,5,8.7,43.52,10
ORD-002462,2023-02-15,West,Gadget X,SMB,Online,2,195.5,390.99,0
ORD-002463,2024-02-14,East,Widget A,Consumer,Online,2,68.9,137.8,5
ORD-002464,2023-01-24,North,Gadget X,SMB,Partners,2,293.6,587.19,5
ORD-002465,2023-08-18,North,Gadget Y,Consumer,Online,3,437.57,1312.71,0
ORD-002466,2024-05-02,South,Widget A,Enterprise,Retail,1,163.04,163.04,5
ORD-002467,2023-11-10,South,Gadget Y,Enterprise,Online,3,362.48,1087.45,0
ORD-002468,2023-10-18,East,Service Plan,Enterprise,Partners,5,265.08,1325.38,0
ORD-002469,2024-06-04,South,Widget C,Enterprise,Online,3,115.78,347.35,5
ORD-002470,2023-07-09,South,Widget A,Enterprise,Online,5,10.37,51.84,0
ORD-002471,2024-10-10,South,Widget C,SMB,Retail,2,405.41,810.83,5
ORD-002472,2024-09-18,,Gadget Y,Enterprise,Online,1,313.87,313.87,0
ORD-002473,2023-12-22,,Widget A,Enterprise,Partners,2,423.76,847.53,0
ORD-002474,2023-07-23,East,Widget C,Enterprise,Online,3,35.41,106.22,20
ORD-002475,2024-11-23,North,Widget A,SMB,Partners,2,165.43,330.87,0
ORD-002476,2025-04-05,South,Gadget Y,Enterprise,Retail,2,125.86,251.73,5
ORD-002477,2024-05-20,,Widget C,Enterprise,Online,5,41.36,206.78,0
ORD-002478,2025-03-22,South,Widget B,Consumer,Online,6,109.65,657.88,0
ORD-002479,2024-09-17,,Widget A,Consumer,Partners,1,203.11,203.11,5
ORD-002480,2024-01-16,North,Widget B,Enterprise,Retail,5,192.8,964.0,0
ORD-002481,2023-02-25,North,Gadget X,SMB,Partners,5,293.13,1465.65,0
ORD-002482,2024-01-30,North,Widget B,Enterprise,Retail,3,31.88,95.64,0
ORD-002483,2023-06-30,East,Widget A,Consumer,Online,4,239.24,956.95,0
ORD-002484,2023-01-22,North,Gadget X,SMB,Partners,5,80.9,404.49,0
ORD-002485,2024-02-14,South,Widget C,SMB,Retail,1,233.16,233.16,5
ORD-002486,2024-03-15,West,Widget A,SMB,Online,1,81.99,81.99,10
ORD-002487,2023-02-26,West,Widget C,SMB,Partners,2,132.2,264.4,0
ORD-002488,2025-02-04,South,Widget A,Enterprise,Online,1,10.78,,5
ORD-002489,2024-11-16,South,Widget A,Enterprise,Partners,1,336.37,336.37,5
ORD-002490,2023-05-18,East,Gadget X,Enterprise,Online,1,147.11,147.11,5
ORD-002491,2025-05-14,,Widget C,Enterprise,Online,4,24.58,98.33,10
ORD-002492,2025-04-23,East,Gadget Y,Enterprise,Partners,3,192.94,578.81,0
ORD-002493,2023-11-11,West,Widget A,SMB,Online,5,204.19,1020.94,0
ORD-002494,2024-11-13,West,Widget B,Consumer,Online,4,468.01,1872.04,0
ORD-002495,2023-06-16,East,Widget A,Enterprise,Online,1,291.34,291.34,0
ORD-002496,2025-01-06,North,Gadget X,SMB,Online,5,41.07,205.35,0
ORD-002497,2024-02-29,East,Gadget Y,SMB,Online,2,5.55,11.1,0
ORD-002498,2023-03-16,South,Widget A,Enterprise,Online,2,357.63,715.26,0
ORD-002499,2024-08-30,West,Service Plan,SMB,Online,2,224.03,448.05,0
ORD-002500,2024-01-29,East,Widget B,SMB,Online,6,491.63,2949.77,5
ORD-002501,2024-12-15,South,Widget C,Consumer,Retail,3,403.25,1209.75,0
ORD-002502,2024-10-06,West,Widget A,Enterprise,Online,3,129.26,387.79,20
ORD-002503,2024-06-18,East,Gadget X,Consumer,Partners,1,371.37,371.37,5
ORD-002504,2024-04-13,East,Widget B,Enterprise,Online,2,309.44,618.88,0
ORD-002505,2023-03-23,West,Gadget Y,Consumer,Online,3,317.0,950.99,10
ORD-002506,2023-12-11,West,Widget B,Consumer,Partners,5,422.61,2113.07,10
ORD-002507,2024-04-12,East,Gadget X,Consumer,Partners,2,229.02,458.05,5
ORD-002508,2025-03-08,North,Gadget X,SMB,Retail,4,12.95,51.81,10
ORD-002509,2024-07-15,East,Widget B,Enterprise,Online,2,265.86,531.72,10
ORD-002510,2024-05-03,North,Widget A,SMB,Retail,4,330.24,1320.95,0
ORD-002511,2024-07-07,West,Gadget X,Enterprise,Online,3,40.32,120.97,10
ORD-002512,2025-02-03,South,Widget B,Consumer,Retail,3,73.31,219.94,5
ORD-002513,2024-08-11,South,Service Plan,Enterprise,Retail,3,454.78,1364.34,0
ORD-002514,2024-08-22,East,Widget A,Consumer,Online,2,448.98,897.96,0
ORD-002515,2023-10-28,West,Widget A,Consumer,Retail,4,88.52,354.08,5
ORD-002516,2023-06-12,West,Widget B,Enterprise,Online,3,420.03,1260.09,0
ORD-002517,2024-05-24,South,Gadget X,Consumer,Online,2,451.54,903.08,10
ORD-002518,2023-02-10,South,Widget A,Enterprise,Retail,3,66.14,198.42,0
ORD-002519,2024-02-29,East,Widget B,Enterprise,Partners,3,449.02,1347.05,0
ORD-002520,2023-05-15,South,Widget A,Enterprise,Online,3,438.89,1316.67,15
ORD-002521,2023-05-30,South,Widget A,SMB,Online,2,365.17,730.34,5
ORD-002522,2024-01-13,North,Widget A,Enterprise,Online,2,254.52,509.04,0
ORD-002523,2023-05-11,West,Gadget X,SMB,Online,4,50.94,203.77,20
ORD-002524,2023-07-30,North,Widget C,Enterprise,Online,2,94.01,188.01,0
ORD-002525,2024-03-23,South,Widget C,SMB,Partners,3,478.81,1436.42,20
ORD-002526,2023-01-24,East,Service Plan,SMB,Online,3,259.02,777.07,5
ORD-002527,2023-09-22,South,Widget A,Consumer,Online,3,236.49,709.48,0
ORD-002528,2023-09-10,South,Widget A,Consumer,Retail,2,488.48,976.96,0
ORD-002529,2024-04-06,West,Gadget Y,Enterprise,Online,3,258.15,774.46,5
ORD-002530,2024-06-25,West,Widget C,Enterprise,Retail,4,53.63,214.52,5
ORD-002531,2023-06-04,South,Service Plan,Enterprise,Partners,3,177.99,,5
ORD-002532,2023-12-01,East,Widget C,SMB,Online,3,396.86,1190.59,10
ORD-002533,2024-07-10,West,Widget B,SMB,Online,4,175.29,701.17,0
ORD-002534,2024-07-03,South,Widget A,Consumer,Retail,2,237.73,475.46,5
ORD-002535,2024-09-06,East,Widget A,SMB,Online,4,366.0,1464.01,0
ORD-002536,2024-02-16,West,Widget A,Consumer,Online,3,335.23,1005.69,5
ORD-002537,2024-04-11,West,Gadget Y,Enterprise,Retail,3,109.98,329.95,5
ORD-002538,2025-01-25,West,Widget C,SMB,Online,4,220.81,883.23,5
ORD-002539,2023-02-15,East,Service Plan,Enterprise,Partners,2,156.71,313.42,5
ORD-002540,2024-10-14,North,Widget A,Consumer,Retail,3,264.44,793.32,0
ORD-002541,2024-08-17,South,Service Plan,SMB,Online,3,141.47,424.42,5
ORD-002542,2024-11-16,West,Widget C,SMB,Retail,3,157.91,473.73,0
ORD-002543,2023-01-04,East,Widget B,SMB,Retail,3,406.97,1220.9,10
ORD-002544,2024-04-12,West,Service Plan,Consumer,Online,3,175.35,526.06,5
ORD-002545,2023-03-21,North,Widget A,Enterprise,Online,3,329.46,988.38,0
ORD-002546,2024-11-23,North,Gadget X,SMB,Partners,4,295.46,1181.83,0
ORD-002547,2024-06-13,East,Gadget X,Consumer,Online,4,358.35,1433.41,5
ORD-002548,2023-05-04,West,Widget A,Enterprise,Online,1,473.42,473.42,0
ORD-002549,2023-03-06,West,Gadget X,Enterprise,Partners,4,363.16,1452.64,5
ORD-002550,2025-05-29,East,Widget A,Enterprise,Online,1,96.21,96.21,0
ORD-002551,2023-04-06,North,Gadget X,Enterprise,Partners,5,395.5,1977.49,0
ORD-002552,2023-11-24,East,Gadget X,Enterprise,Online,3,323.0,969.01,15
ORD-002553,2023-03-29,West,Gadget Y,SMB,Retail,4,125.37,501.49,0
ORD-002554,2023-06-24,East,Widget A,SMB,Online,6,316.93,1901.61,5
ORD-002555,2024-12-31,,Widget C,Enterprise,Online,4,138.4,553.59,15
ORD-002556,2025-01-15,West,Gadget X,SMB,Online,4,418.42,1673.7,15
ORD-002557,2025-05-11,South,Gadget X,SMB,Online,5,181.16,905.81,0
ORD-002558,2024-05-06,East,Service Plan,Consumer,Online,2,498.02,996.05,15
ORD-002559,2024-09-06,North,Widget A,SMB,Online,3,220.76,662.27,15
ORD-002560,2024-03-14,South,Widget A,Enterprise,Online,2,321.92,643.84,5
ORD-002561,2025-05-17,East,Widget C,Enterprise,Online,1,350.57,350.57,15
ORD-002562,2024-01-28,East,Widget B,SMB,Partners,4,254.52,1018.08,5
ORD-002563,2023-11-27,South,Widget B,Enterprise,Online,5,258.33,1291.67,0
ORD-002564,2024-10-04,North,Widget C,Enterprise,Online,6,365.74,2194.44,5
ORD-002565,2024-07-28,North,Widget C,SMB,Online,3,390.38,1171.13,0
ORD-002566,2025-06-01,South,Widget C,Enterprise,Retail,2,381.36,762.72,0
ORD-002567,2023-04-30,East,Widget B,Enterprise,Online,1,97.25,97.25,0
ORD-002568,2023-02-15,West,Service Plan,Enterprise,Online,2,412.08,824.17,5
ORD-002569,2023-01-19,West,Widget A,SMB,Retail,2,308.26,616.52,0
ORD-002570,2023-12-09,North,Widget C,Consumer,Online,1,160.07,160.07,0
ORD-002571,2023-11-05,East,Widget C,SMB,Online,2,195.35,390.7,0
ORD-002572,2023-06-22,South,Service Plan,SMB,Online,2,458.63,917.26,0
ORD-002573,2024-03-17,West,Widget A,SMB,Partners,3,29.17,87.51,0
ORD-002574,2024-05-12,South,Widget B,SMB,Retail,2,289.35,578.7,20
ORD-002575,2023-04-07,North,Widget A,Enterprise,Partners,4,127.95,511.81,5
ORD-002576,2025-01-05,South,Widget A,Consumer,Online,1,138.71,138.71,0
ORD-002577,2023-10-07,South,Widget C,Consumer,Online,2,178.58,357.15,15
ORD-002578,2023-01-21,North,Service Plan,Enterprise,Online,2,387.33,774.65,0
ORD-002579,2023-10-09,West,Widget A,SMB,Online,4,138.81,555.24,0
ORD-002580,2024-01-23,South,Widget C,Enterprise,Online,1,422.35,422.35,0
ORD-002581,2024-04-05,South,Gadget Y,Enterprise,Retail,2,439.66,879.32,0
ORD-002582,2023-07-15,West,Gadget X,Enterprise,Online,3,153.92,461.75,0
ORD-002583,2024-08-06,East,Widget A,SMB,Online,3,336.9,1010.69,0
ORD-002584,2025-03-22,South,Widget A,Enterprise,Retail,2,208.12,416.23,0
ORD-002585,2024-07-28,East,Widget A,Consumer,Online,4,417.06,1668.24,5
ORD-002586,2023-12-03,West,Gadget X,Enterprise,Retail,6,77.06,462.38,0
ORD-002587,2024-12-16,North,Widget B,Enterprise,Online,1,499.64,499.64,0
ORD-002588,2023-02-01,West,Gadget Y,Enterprise,Online,1,194.4,194.4,0
ORD-002589,2024-06-12,West,Gadget X,Enterprise,Online,2,465.44,930.89,10
ORD-002590,2025-03-17,East,Widget C,Enterprise,Online,3,470.0,1409.99,0
ORD-002591,2024-10-06,East,Gadget X,Enterprise,Online,1,142.8,142.8,0
ORD-002592,2023-01-04,West,Gadget Y,SMB,Online,5,476.18,2380.89,0
ORD-002593,2023-09-09,East,Gadget Y,Consumer,Retail,1,85.2,85.2,10
ORD-002594,2025-04-26,East,Gadget Y,Enterprise,Partners,2,179.08,358.16,0
ORD-002595,2023-02-22,West,Widget A,Enterprise,Partners,1,263.32,263.32,15
ORD-002596,2024-05-19,North,Widget A,Consumer,Retail,4,199.24,796.96,0
ORD-002597,2023-05-04,North,Widget C,Consumer,Online,3,165.54,496.63,10
ORD-002598,2024-02-08,East,Gadget X,SMB,Online,3,455.96,1367.87,0
ORD-002599,2023-01-25,North,Widget A,Consumer,Online,3,261.55,784.65,5
ORD-002600,2023-01-04,West,Gadget X,SMB,Online,3,46.53,139.6,5
ORD-002601,2025-04-24,East,Service Plan,SMB,Partners,2,334.77,669.54,5
ORD-002602,2023-03-12,South,Gadget X,SMB,Retail,2,473.55,947.09,5
ORD-002603,2023-01-10,,Gadget X,Enterprise,Retail,2,400.65,801.3,0
ORD-002604,2023-04-20,South,Gadget X,SMB,Online,4,102.79,411.16,0
ORD-002605,2024-06-23,West,Gadget X,Enterprise,Online,5,162.51,812.56,0
ORD-002606,2023-09-27,West,Service Plan,Enterprise,Online,2,114.59,229.18,20
ORD-002607,2025-06-06,West,Gadget X,Enterprise,Retail,4,114.09,456.35,5
ORD-002608,2023-07-27,East,Gadget X,SMB,Partners,4,32.05,128.19,15
ORD-002609,2024-08-14,North,Gadget X,Consumer,Partners,4,369.53,1478.13,0
ORD-002610,2024-02-02,West,Gadget X,Enterprise,Retail,2,417.19,834.38,5
ORD-002611,2023-03-10,North,Widget C,Enterprise,Online,2,466.69,933.39,0
ORD-002612,2023-10-27,East,Widget A,SMB,Online,2,259.29,518.58,15
ORD-002613,2023-04-19,North,Widget A,Consumer,Online,3,348.06,1044.18,0
ORD-002614,2024-04-10,West,Gadget X,SMB,Retail,2,131.42,262.84,5
ORD-002615,2025-01-30,South,Widget B,SMB,Retail,3,60.25,180.74,5
ORD-002616,2023-05-21,West,Widget A,Consumer,Online,4,165.5,662.0,5
ORD-002617,2023-06-18,South,Widget A,SMB,Retail,3,363.92,1091.76,10
ORD-002618,2024-12-26,South,Widget B,SMB,Online,4,97.26,389.05,5
ORD-002619,2024-02-29,South,Widget C,Enterprise,Online,2,141.43,282.87,0
ORD-002620,2024-01-19,West,Widget A,SMB,Online,2,68.51,137.01,5
ORD-002621,2024-08-08,East,Service Plan,Enterprise,Retail,1,33.76,33.76,10
ORD-002622,2023-06-08,South,Gadget X,Enterprise,Online,2,367.98,735.96,15
ORD-002623,2024-07-24,West,Widget C,SMB,Partners,2,367.3,734.59,10
ORD-002624,2023-04-25,South,Widget C,Enterprise,Online,2,50.64,101.28,0
ORD-002625,2025-06-18,South,Service Plan,Enterprise,Online,4,120.23,480.92,5
ORD-002626,2023-11-12,South,Widget C,Enterprise,Partners,6,221.9,1331.43,5
ORD-002627,2023-02-06,North,Widget B,Enterprise,Partners,3,5.47,16.4,0
ORD-002628,2023-09-05,West,Widget A,Enterprise,Online,4,447.47,1789.87,5
ORD-002629,2024-10-22,South,Gadget X,SMB,Online,3,249.44,748.32,15
ORD-002630,2024-09-06,West,Widget A,SMB,Retail,1,365.81,365.81,0
ORD-002631,2023-06-15,West,Widget B,Consumer,Online,2,361.92,723.84,5
ORD-002632,2023-02-01,East,Widget C,Consumer,Partners,3,256.98,770.95,10
ORD-002633,2023-12-17,South,Gadget X,Consumer,Online,3,151.27,453.82,10
ORD-002634,2023-04-02,West,Gadget X,Enterprise,Online,4,271.72,1086.88,10
ORD-002635,2024-05-31,East,Widget A,Enterprise,Partners,4,396.87,1587.47,0
ORD-002636,2024-03-19,South,Widget B,Enterprise,Online,2,319.35,638.69,0
ORD-002637,2023-10-04,North,Widget B,Enterprise,Online,5,316.14,1580.7,0
ORD-002638,2023-09-07,West,Widget A,SMB,Partners,6,227.91,1367.46,5
ORD-002639,2024-03-04,East,Service Plan,Enterprise,Retail,2,211.88,423.76,0
ORD-002640,2023-01-05,North,Widget C,Consumer,Partners,1,61.81,61.81,0
ORD-002641,2024-05-16,South,Widget A,Enterprise,Retail,5,487.05,2435.25,10
ORD-002642,2023-04-13,East,Widget A,SMB,Retail,5,236.74,1183.69,0
ORD-002643,2024-09-22,South,Gadget X,SMB,Online,3,106.72,320.15,5
ORD-002644,2025-02-18,East,Widget B,Enterprise,Online,2,418.65,837.3,10
ORD-002645,2025-03-22,South,Gadget X,Consumer,Retail,2,461.68,923.36,0
ORD-002646,2023-09-22,,Widget C,Enterprise,Retail,2,335.87,,0
ORD-002647,2023-05-03,East,Gadget Y,Enterprise,Partners,2,185.06,370.11,10
ORD-002648,2025-02-10,East,Widget B,SMB,Online,6,271.43,1628.6,5
ORD-002649,2023-10-14,South,Service Plan,Enterprise,Online,2,229.71,459.41,0
ORD-002650,2023-10-22,West,Widget A,SMB,Partners,2,242.17,484.34,15
ORD-002651,2024-12-12,East,Widget A,SMB,Retail,3,254.29,762.87,5
ORD-002652,2024-04-22,South,Gadget X,Enterprise,Online,2,321.21,642.41,15
ORD-002653,2024-12-22,South,Gadget Y,Enterprise,Online,4,422.87,1691.48,5
ORD-002654,2025-03-15,North,Gadget Y,SMB,Retail,3,345.77,1037.3,5
ORD-002655,2023-03-24,East,Widget A,SMB,Retail,3,336.36,1009.07,0
ORD-002656,2023-01-10,East,Widget B,SMB,Online,1,324.29,324.29,10
ORD-002657,2024-12-23,North,Widget B,SMB,Retail,4,400.09,1600.34,0
ORD-002658,2024-01-20,East,Widget B,Consumer,Retail,2,185.04,370.08,10
ORD-002659,2024-06-27,West,Widget B,Consumer,Online,5,465.38,2326.89,5
ORD-002660,2023-07-11,,Widget A,Enterprise,Retail,3,407.3,1221.91,0
ORD-002661,2023-12-20,South,Widget C,Enterprise,Retail,2,19.26,38.52,5
ORD-002662,2023-10-25,South,Gadget Y,SMB,Online,3,201.9,605.7,10
ORD-002663,2023-01-15,East,Service Plan,Enterprise,Retail,6,310.85,1865.08,0
ORD-002664,2025-03-31,South,Widget B,SMB,Retail,4,489.05,1956.2,0
ORD-002665,2025-05-23,East,Widget A,Consumer,Online,2,472.01,944.02,5
ORD-002666,2024-12-10,West,Widget C,SMB,Online,2,352.07,704.14,5
ORD-002667,2024-10-14,East,Gadget Y,SMB,Online,3,32.93,98.79,5
ORD-002668,2024-03-23,West,Service Plan,SMB,Online,3,209.84,,0
ORD-002669,2023-03-16,East,Widget C,Consumer,Retail,2,202.74,405.49,0
ORD-002670,2023-01-29,West,Gadget Y,Consumer,Online,3,96.1,288.31,5
ORD-002671,2024-05-25,North,Widget B,Enterprise,Retail,1,153.2,153.2,0
ORD-002672,2024-02-21,West,Gadget X,SMB,Online,4,196.82,787.27,5
ORD-002673,2023-07-17,North,Widget A,SMB,Retail,1,381.22,381.22,5
ORD-002674,2024-01-17,North,Gadget Y,SMB,Retail,4,296.58,1186.3,5
ORD-002675,2023-06-14,South,Widget B,Enterprise,Partners,2,385.54,771.09,10
ORD-002676,2023-12-31,East,Widget B,SMB,Retail,6,34.12,204.73,15
ORD-002677,2025-05-10,East,Gadget X,SMB,Online,1,124.34,124.34,0
ORD-002678,2023-04-08,South,Widget B,SMB,Online,4,361.41,1445.62,10
ORD-002679,2023-04-06,North,Widget B,Enterprise,Online,3,294.04,882.11,15
ORD-002680,2023-04-24,North,Gadget X,Enterprise,Partners,2,248.72,497.44,0
ORD-002681,2024-06-14,South,Gadget Y,SMB,Retail,1,212.19,212.19,10
ORD-002682,2025-06-18,South,Gadget X,SMB,Online,3,441.96,1325.89,0
ORD-002683,2023-09-03,West,Gadget Y,Enterprise,Retail,2,118.76,237.52,0
ORD-002684,2023-07-28,North,Gadget X,Enterprise,Partners,3,352.66,1057.99,15
ORD-002685,2024-01-03,North,Service Plan,SMB,Online,3,180.09,540.27,0
ORD-002686,2023-01-22,East,Widget C,Enterprise,Retail,1,158.51,158.51,5
ORD-002687,2024-08-27,West,Gadget Y,SMB,Online,3,248.72,746.17,0
ORD-002688,2024-08-02,East,Widget C,SMB,Online,3,333.51,1000.53,0
ORD-002689,2025-05-22,West,Widget B,Enterprise,Retail,5,19.49,97.43,0
ORD-002690,2024-04-14,East,Widget C,Enterprise,Partners,2,41.29,82.58,0
ORD-002691,2023-05-15,West,Gadget X,SMB,Online,4,310.59,1242.38,10
ORD-002692,2023-03-03,West,Widget A,Consumer,Online,5,317.9,1589.52,5
ORD-002693,2024-08-18,West,Widget C,Consumer,Partners,1,274.36,274.36,0
ORD-002694,2025-04-05,North,Gadget X,Consumer,Online,1,477.63,477.63,0
ORD-002695,2023-05-11,North,Gadget X,Consumer,Retail,1,323.13,323.13,0
ORD-002696,2023-05-09,South,Widget C,Enterprise,Online,4,440.47,1761.89,0
ORD-002697,2025-04-28,East,Gadget Y,Enterprise,Partners,5,315.66,1578.28,0
ORD-002698,2023-04-02,South,Widget C,SMB,Retail,5,164.38,821.9,0
ORD-002699,2023-09-30,South,Service Plan,Consumer,Retail,3,429.34,1288.01,5
ORD-002700,2024-09-04,West,Widget C,SMB,Online,2,300.67,601.34,5
ORD-002701,2024-12-22,North,Widget B,Consumer,Online,2,93.67,187.34,0
ORD-002702,2024-04-12,North,Service Plan,Consumer,Partners,5,187.21,936.06,15
ORD-002703,2024-06-02,,Service Plan,Enterprise,Online,3,63.88,191.64,5
ORD-002704,2024-09-17,East,Service Plan,Consumer,Online,6,128.71,772.27,0
ORD-002705,2025-02-15,West,Gadget X,Consumer,Retail,2,198.84,397.68,0
ORD-002706,2025-03-10,East,Widget A,Consumer,Partners,2,301.09,602.17,5
ORD-002707,2023-11-18,West,Service Plan,Consumer,Online,3,279.12,837.37,0
ORD-002708,2025-04-23,East,Widget C,Enterprise,Online,2,459.19,918.38,15
ORD-002709,2023-10-03,South,Service Plan,Consumer,Partners,7,457.62,3203.31,0
ORD-002710,2025-03-12,South,Gadget Y,Enterprise,Partners,4,64.05,256.19,0
ORD-002711,2023-08-04,South,Widget A,Consumer,Partners,3,39.14,117.41,0
ORD-002712,2025-01-09,East,Service Plan,Consumer,Retail,2,229.8,459.61,0
ORD-002713,2024-04-08,East,Gadget X,SMB,Partners,2,432.18,864.35,5
ORD-002714,2023-01-30,East,Widget A,Enterprise,Partners,2,300.05,600.11,5
ORD-002715,2025-04-15,South,Widget A,SMB,Online,3,452.84,1358.52,0
ORD-002716,2024-07-12,North,Gadget X,SMB,Partners,5,229.52,1147.6,0
ORD-002717,2024-11-16,East,Gadget Y,Enterprise,Online,3,202.53,607.59,5
ORD-002718,2023-06-26,East,Widget A,Enterprise,Online,4,159.63,638.53,10
ORD-002719,2023-06-07,West,Widget A,Consumer,Partners,4,129.93,519.72,5
ORD-002720,2023-06-24,East,Service Plan,Consumer,Retail,1,440.1,440.1,5
ORD-002721,2023-11-09,East,Widget A,Enterprise,Online,3,276.95,830.84,5
ORD-002722,2024-01-18,North,Widget B,Enterprise,Online,3,215.06,645.18,0
ORD-002723,2024-04-02,North,Gadget Y,SMB,Online,2,326.65,653.3,5
ORD-002724,2023-06-19,South,Gadget X,Enterprise,Partners,1,157.68,157.68,5
ORD-002725,2023-07-04,East,Widget C,Enterprise,Online,4,117.79,471.16,0
ORD-002726,2023-03-27,,Widget B,SMB,Retail,2,100.53,201.06,5
ORD-002727,2023-03-01,North,Widget B,Consumer,Online,5,478.73,2393.67,5
ORD-002728,2023-09-24,East,Widget A,Consumer,Partners,2,391.52,783.04,5
ORD-002729,2023-02-24,East,Gadget X,SMB,Retail,4,389.14,1556.57,0
ORD-002730,2024-05-10,North,Service Plan,Consumer,Online,2,487.76,975.52,0
ORD-002731,2023-03-17,East,Widget A,Enterprise,Retail,4,101.73,406.92,0
ORD-002732,2024-11-20,East,Widget C,Enterprise,Retail,2,127.22,254.43,15
ORD-002733,2024-06-06,East,Widget B,Enterprise,Retail,2,106.76,213.52,10
ORD-002734,2024-01-05,West,Widget A,SMB,Online,2,432.34,864.68,0
ORD-002735,2025-02-01,North,Widget C,SMB,Online,3,92.26,276.78,5
ORD-002736,2024-11-02,West,Widget A,Enterprise,Online,1,477.34,477.34,0
ORD-002737,2025-06-17,,Gadget X,Enterprise,Partners,4,46.21,184.83,0
ORD-002738,2023-09-18,East,Gadget X,SMB,Online,3,439.03,1317.09,0
ORD-002739,2023-03-19,West,Widget A,SMB,Partners,3,429.43,1288.3,0
ORD-002740,2024-05-16,East,Gadget X,Enterprise,Online,3,474.79,1424.36,0
ORD-002741,2023-06-24,West,Widget A,SMB,Online,3,365.07,1095.22,0
ORD-002742,2023-08-26,West,Widget A,Enterprise,Online,3,461.28,1383.85,5
ORD-002743,2025-05-06,South,Widget B,SMB,Online,6,315.36,1892.16,10
ORD-002744,2023-10-09,North,Widget A,Consumer,Online,1,293.14,293.14,10
ORD-002745,2023-11-12,North,Gadget Y,Enterprise,Online,4,179.55,718.21,10
ORD-002746,2024-10-08,West,Gadget Y,Consumer,Retail,5,224.02,1120.08,15
ORD-002747,2025-04-07,East,Gadget Y,SMB,Online,4,255.8,1023.19,5
ORD-002748,2024-02-22,South,Widget B,Consumer,Online,2,445.2,890.41,10
ORD-002749,2025-06-12,North,Service Plan,Enterprise,Online,2,489.24,978.49,0
ORD-002750,2025-02-26,West,Widget A,Consumer,Online,1,223.04,223.04,0
ORD-002751,2025-03-08,North,Widget C,SMB,Online,3,37.08,111.25,15
ORD-002752,2025-04-29,West,Widget C,Enterprise,Online,4,76.56,306.24,0
ORD-002753,2023-02-10,East,Widget B,Enterprise,Online,3,481.63,1444.88,0
ORD-002754,2023-12-30,,Gadget Y,SMB,Partners,6,140.34,842.05,10
ORD-002755,2023-05-10,South,Widget C,SMB,Partners,1,14.42,14.42,0
ORD-002756,2025-05-20,East,Gadget X,SMB,Online,2,199.29,398.58,5
ORD-002757,2025-02-19,South,Gadget X,Enterprise,Partners,2,13.44,26.88,0
ORD-002758,2024-06-14,East,Gadget Y,Enterprise,Retail,2,122.28,244.56,0
ORD-002759,2025-02-23,East,Widget A,SMB,Partners,3,488.66,1465.99,0
ORD-002760,2023-03-03,East,Gadget Y,SMB,Online,2,13.73,27.47,0
ORD-002761,2025-04-08,East,Service Plan,Enterprise,Online,2,191.81,383.61,0
ORD-002762,2024-10-12,North,Widget B,Consumer,Partners,1,102.98,102.98,0
ORD-002763,2025-01-26,North,Service Plan,SMB,Retail,3,386.28,1158.83,0
ORD-002764,2023-03-07,North,Widget A,Consumer,Online,3,489.9,1469.7,0
ORD-002765,2023-05-05,South,Widget A,Consumer,Retail,4,178.07,712.3,5
ORD-002766,2023-10-12,South,Widget B,Consumer,Retail,1,218.53,218.53,0
ORD-002767,2025-02-25,South,Widget B,Consumer,Retail,1,383.3,383.3,0
ORD-002768,2024-03-08,North,Widget A,Enterprise,Retail,3,424.46,1273.37,0
ORD-002769,2023-11-20,North,Widget B,Consumer,Online,6,404.54,2427.26,0
ORD-002770,2024-07-07,East,Widget B,SMB,Partners,6,227.92,1367.53,0
ORD-002771,2023-02-14,North,Widget A,SMB,Partners,1,28.51,28.51,10
ORD-002772,2023-02-18,East,Widget B,SMB,Online,3,306.57,919.7,0
ORD-002773,2025-03-04,South,Gadget Y,Consumer,Retail,4,228.05,912.19,5
ORD-002774,2023-04-12,South,Service Plan,SMB,Online,5,69.81,349.07,5
ORD-002775,2024-02-13,North,Gadget X,Consumer,Online,2,425.09,850.18,10
ORD-002776,2024-03-08,West,Widget A,Enterprise,Retail,1,494.28,494.28,0
ORD-002777,2024-01-03,North,Gadget X,SMB,Retail,2,381.89,763.79,0
ORD-002778,2023-11-21,South,Widget B,SMB,Retail,2,317.65,635.3,5
ORD-002779,2023-03-07,North,Widget A,Consumer,Online,6,415.27,2491.6,0
ORD-002780,2024-10-09,South,Widget A,Consumer,Online,4,403.01,1612.03,5
ORD-002781,2025-02-26,North,Gadget X,Enterprise,Online,4,171.72,686.88,0
ORD-002782,2024-02-16,North,Widget A,Enterprise,Retail,1,350.83,350.83,5
ORD-002783,2023-07-02,South,Widget B,Enterprise,Online,2,62.41,124.81,10
ORD-002784,2024-11-28,South,Widget B,SMB,Online,3,201.66,604.97,20
ORD-002785,2023-01-10,West,Gadget X,SMB,Retail,1,395.29,395.29,5
ORD-002786,2024-10-29,,Widget B,SMB,Online,5,18.39,91.96,0
ORD-002787,2024-04-12,East,Widget C,SMB,Online,3,225.98,677.95,0
ORD-002788,2025-02-20,West,Widget B,SMB,Online,4,190.11,760.46,0
ORD-002789,2025-04-10,South,Widget A,Consumer,Online,3,287.45,862.35,5
ORD-002790,2024-04-09,West,Widget C,Enterprise,Online,8,53.86,430.9,0
ORD-002791,2023-11-05,West,Widget A,SMB,Online,2,400.96,801.92,10
ORD-002792,2024-03-13,South,Gadget Y,Enterprise,Online,5,207.91,1039.55,5
ORD-002793,2023-02-22,North,Widget B,SMB,Partners,3,390.38,1171.15,5
ORD-002794,2024-10-16,West,Widget C,Enterprise,Retail,6,221.11,1326.69,0
ORD-002795,2024-11-26,West,Widget B,SMB,Online,3,407.79,1223.37,5
ORD-002796,2024-04-20,East,Widget A,SMB,Online,2,272.64,545.27,0
ORD-002797,2023-10-02,North,Gadget Y,Enterprise,Retail,2,13.17,26.33,15
ORD-002798,2023-07-09,East,Widget A,SMB,Retail,3,359.51,1078.54,5
ORD-002799,2025-05-30,West,Gadget X,Consumer,Online,5,396.03,1980.13,15
ORD-002800,2023-06-27,West,Widget A,SMB,Online,1,283.81,283.81,5
ORD-002801,2024-02-26,North,Gadget Y,Enterprise,Partners,3,179.97,539.91,0
ORD-002802,2024-04-16,West,Gadget Y,Consumer,Online,8,203.05,1624.39,20
ORD-002803,2024-04-15,East,Widget C,Consumer,Online,3,158.25,474.74,15
ORD-002804,2023-02-02,South,Widget A,SMB,Online,5,163.5,817.48,5
ORD-002805,2025-01-08,North,Gadget X,Enterprise,Online,2,176.69,353.39,0
ORD-002806,2024-04-25,South,Gadget X,SMB,Retail,2,442.1,884.21,10
ORD-002807,2023-01-08,South,Gadget X,SMB,Retail,2,297.49,594.97,5
ORD-002808,2023-02-13,West,Gadget X,Consumer,Retail,3,283.25,849.75,0
ORD-002809,2023-01-30,South,Gadget X,Enterprise,Retail,3,93.12,279.35,5
ORD-002810,2024-10-01,West,Gadget X,SMB,Online,2,78.19,156.38,5
ORD-002811,2023-10-31,South,Gadget Y,Enterprise,Online,2,420.82,841.63,0
ORD-002812,2024-08-09,South,Service Plan,SMB,Online,4,198.97,795.89,0
ORD-002813,2025-01-24,North,Widget B,Consumer,Online,3,481.49,1444.47,0
ORD-002814,2025-01-25,South,Gadget X,SMB,Online,5,55.81,279.03,0
ORD-002815,2025-03-03,South,Widget A,Consumer,Online,4,229.78,919.13,5
ORD-002816,2023-09-08,West,Widget C,Enterprise,Partners,5,386.72,1933.59,5
ORD-002817,2024-09-03,East,Widget B,Consumer,Online,1,177.9,177.9,0
ORD-002818,2024-07-05,South,Widget A,SMB,Partners,3,301.51,904.53,15
ORD-002819,2023-09-12,East,Widget B,SMB,Retail,1,284.37,284.37,10
ORD-002820,2023-01-20,East,Gadget Y,SMB,Partners,3,175.05,525.14,15
ORD-002821,2023-05-20,North,Gadget X,Enterprise,Online,2,446.37,892.74,0
ORD-002822,2024-09-18,West,Gadget Y,SMB,Online,1,157.17,157.17,5
ORD-002823,2024-07-30,South,Widget C,Enterprise,Retail,7,467.99,3275.94,0
ORD-002824,2025-05-12,South,Widget B,Enterprise,Partners,6,392.92,,5
ORD-002825,2024-04-23,West,Widget C,Consumer,Retail,2,239.77,479.55,15
ORD-002826,2024-04-04,East,Widget C,Enterprise,Retail,3,478.75,1436.25,0
ORD-002827,2023-02-02,North,Widget C,Consumer,Partners,3,187.22,561.67,0
ORD-002828,2024-08-18,South,Widget C,Enterprise,Online,4,397.16,1588.66,0
ORD-002829,2024-09-01,North,Gadget X,SMB,Online,5,362.94,1814.71,10
ORD-002830,2024-07-18,South,Widget A,Enterprise,Online,2,97.36,194.72,0
ORD-002831,2024-07-27,North,Widget A,SMB,Online,1,310.01,310.01,15
ORD-002832,2024-12-03,South,Widget B,Enterprise,Online,1,82.53,82.53,5
ORD-002833,2024-06-02,South,Widget B,Consumer,Partners,1,375.77,375.77,0
ORD-002834,2024-01-18,South,Gadget Y,SMB,Online,4,437.23,1748.93,0
ORD-002835,2023-07-31,North,Gadget X,SMB,Online,1,419.61,419.61,0
ORD-002836,2023-06-27,West,Widget A,Consumer,Online,4,358.89,1435.56,5
ORD-002837,2023-06-04,South,Widget B,SMB,Retail,2,76.7,153.39,10
ORD-002838,2024-06-26,East,Widget B,SMB,Partners,5,270.11,1350.55,10
ORD-002839,2025-02-07,South,Widget B,SMB,Partners,2,415.84,831.68,0
ORD-002840,2024-08-14,South,Gadget X,SMB,Partners,2,206.33,412.66,0
ORD-002841,2024-06-06,South,Gadget X,Consumer,Partners,2,136.46,272.92,5
ORD-002842,2023-10-05,North,Widget C,Enterprise,Online,4,11.93,47.72,0
ORD-002843,2023-11-21,North,Service Plan,Consumer,Retail,3,62.87,188.61,0
ORD-002844,2024-01-21,West,Widget C,Enterprise,Online,3,379.55,1138.66,5
ORD-002845,2024-05-07,South,Gadget Y,Enterprise,Partners,4,431.0,1724.01,0
ORD-002846,2023-02-16,South,Gadget X,Consumer,Partners,5,254.0,1269.98,0
ORD-002847,2024-05-05,East,Widget A,Enterprise,Retail,2,109.52,219.04,0
ORD-002848,2024-01-30,South,Widget A,SMB,Partners,1,429.46,429.46,0
ORD-002849,2024-12-23,North,Service Plan,SMB,Online,2,183.74,367.47,0
ORD-002850,2024-07-17,North,Widget A,Consumer,Retail,3,275.84,827.53,0
ORD-002851,2025-05-12,North,Gadget X,Enterprise,Online,2,459.39,918.78,0
ORD-002852,2023-06-18,South,Widget B,Enterprise,Online,3,482.79,1448.36,5
ORD-002853,2023-02-09,South,Gadget X,Enterprise,Online,1,458.88,458.88,0
ORD-002854,2023-04-28,North,Widget C,SMB,Partners,5,103.83,519.14,5
ORD-002855,2023-09-07,East,Widget B,SMB,Online,4,101.77,407.08,0
ORD-002856,2025-01-19,North,Gadget X,Consumer,Partners,2,151.89,303.79,5
ORD-002857,2023-01-21,South,Widget C,Enterprise,Online,5,84.4,421.99,5
ORD-002858,2023-02-02,South,Gadget X,Enterprise,Online,2,6.82,13.65,0
ORD-002859,2024-11-17,East,Service Plan,SMB,Partners,1,355.54,355.54,5
ORD-002860,2023-12-20,East,Widget A,SMB,Online,3,19.28,57.84,0
ORD-002861,2023-08-09,North,Widget A,SMB,Retail,5,38.8,194.0,0
ORD-002862,2023-11-09,West,Widget A,Enterprise,Online,2,368.2,736.4,0
ORD-002863,2024-10-08,South,Widget A,Enterprise,Online,2,312.31,624.63,0
ORD-002864,2023-03-06,East,Gadget Y,SMB,Retail,2,461.97,923.95,0
ORD-002865,2025-01-24,South,Gadget X,Enterprise,Online,3,454.89,1364.67,0
ORD-002866,2025-02-17,North,Widget B,SMB,Retail,2,350.77,701.55,5
ORD-002867,2024-09-21,West,Widget B,SMB,Online,4,312.49,1249.94,5
ORD-002868,2024-10-06,West,Widget A,Enterprise,Online,5,145.84,729.21,10
ORD-002869,2023-01-13,West,Gadget Y,Enterprise,Online,4,44.45,177.79,10
ORD-002870,2023-04-11,West,Widget B,SMB,Online,3,381.95,1145.85,10
ORD-002871,2023-05-13,West,Widget C,Consumer,Retail,2,270.38,540.77,0
ORD-002872,2023-12-20,North,Widget A,Enterprise,Partners,2,343.42,686.85,0
ORD-002873,2024-05-26,West,Widget A,SMB,Retail,1,12.15,12.15,5
ORD-002874,2023-11-12,South,Widget A,Consumer,Online,3,195.66,586.99,5
ORD-002875,2023-03-24,North,Gadget Y,Enterprise,Online,1,368.79,368.79,0
ORD-002876,2023-09-26,East,Gadget X,Consumer,Online,3,300.38,901.15,5
ORD-002877,2024-10-10,East,Widget B,Consumer,Retail,3,285.06,855.19,0
ORD-002878,2024-05-10,East,Widget A,Enterprise,Partners,3,375.6,1126.79,0
ORD-002879,2023-12-31,South,Gadget X,SMB,Online,4,433.88,1735.51,5
ORD-002880,2023-01-23,West,Widget A,Enterprise,Retail,2,83.45,166.89,0
ORD-002881,2024-10-01,East,Gadget X,Consumer,Retail,4,96.57,386.29,10
ORD-002882,2025-02-28,East,Gadget X,SMB,Online,2,217.37,434.75,0
ORD-002883,2024-09-13,North,Widget A,SMB,Online,5,27.81,139.04,0
ORD-002884,2024-08-02,East,Gadget X,SMB,Online,2,398.21,796.42,0
ORD-002885,2023-06-09,South,Widget B,SMB,Partners,1,276.74,276.74,10
ORD-002886,2023-03-06,North,Gadget Y,SMB,Online,2,282.04,564.09,0
ORD-002887,2025-04-25,West,Gadget X,SMB,Partners,2,169.96,339.91,5
ORD-002888,2023-03-28,,Widget A,Enterprise,Retail,1,49.0,49.0,0
ORD-002889,2024-07-30,West,Widget C,SMB,Partners,3,321.73,965.19,0
ORD-002890,2024-11-12,West,Gadget X,Enterprise,Online,3,362.48,1087.45,0
ORD-002891,2024-09-22,North,Gadget X,Consumer,Retail,5,460.59,2302.94,0
ORD-002892,2023-05-19,East,Widget A,SMB,Online,2,56.29,112.57,10
ORD-002893,2024-03-13,South,Widget C,Consumer,Online,2,44.11,88.22,5
ORD-002894,2025-05-13,East,Gadget Y,Consumer,Online,3,479.78,1439.34,0
ORD-002895,2023-06-03,West,Widget A,Enterprise,Online,2,489.53,979.06,20
ORD-002896,2024-09-09,East,Gadget X,Enterprise,Partners,2,445.31,890.62,5
ORD-002897,2023-07-29,East,Widget B,Enterprise,Partners,1,388.55,388.55,10
ORD-002898,2023-07-24,West,Widget A,SMB,Online,2,268.67,537.34,20
ORD-002899,2023-05-22,East,Widget A,Enterprise,Online,3,106.97,320.91,0
ORD-002900,2023-06-23,East,Widget C,Enterprise,Retail,3,141.02,423.05,5
ORD-002901,2024-04-06,South,Widget A,Enterprise,Online,3,409.16,1227.47,0
ORD-002902,2025-02-24,West,Widget A,Enterprise,Online,3,305.93,917.78,0
ORD-002903,2023-01-05,West,Gadget X,Enterprise,Retail,4,136.02,544.09,10
ORD-002904,2025-02-16,South,Widget B,SMB,Online,3,181.55,544.64,0
ORD-002905,2024-07-28,North,Widget A,Consumer,Online,2,242.9,485.8,0
ORD-002906,2023-08-18,South,Widget B,Enterprise,Online,5,488.88,2444.41,0
ORD-002907,2023-06-15,South,Gadget X,SMB,Retail,2,345.71,691.41,0
ORD-002908,2025-02-20,South,Service Plan,Enterprise,Online,7,34.91,244.36,0
ORD-002909,2023-10-16,South,Widget A,SMB,Retail,6,476.03,2856.2,0
ORD-002910,2023-06-02,South,Widget A,SMB,Partners,2,230.94,461.87,5
ORD-002911,2025-05-03,South,Gadget X,Enterprise,Online,1,374.96,374.96,0
ORD-002912,2023-08-21,North,Gadget X,Enterprise,Retail,3,406.67,1220.02,0
ORD-002913,2025-06-18,East,Service Plan,SMB,Online,5,210.27,1051.35,0
ORD-002914,2023-12-04,West,Gadget Y,SMB,Retail,3,476.72,1430.15,20
ORD-002915,2024-08-28,West,Gadget X,SMB,Partners,4,61.73,246.92,0
ORD-002916,2023-09-24,West,Gadget Y,SMB,Partners,4,286.54,1146.15,0
ORD-002917,2025-03-10,South,Widget A,Enterprise,Online,2,101.45,202.89,0
ORD-002918,2025-05-20,West,Service Plan,Enterprise,Online,4,209.93,839.73,0
ORD-002919,2023-02-16,West,Widget C,Enterprise,Online,3,80.2,240.61,0
ORD-002920,2023-02-27,East,Widget C,Enterprise,Retail,5,116.19,580.94,0
ORD-002921,2024-05-18,North,Widget A,Consumer,Retail,4,436.77,1747.08,5
ORD-002922,2025-05-07,West,Widget B,Enterprise,Partners,2,51.79,103.58,5
ORD-002923,2024-09-07,West,Gadget X,SMB,Online,3,16.07,48.21,5
ORD-002924,2023-09-21,North,Widget A,SMB,Online,3,350.94,1052.83,0
ORD-002925,2024-05-19,,Widget B,SMB,Partners,5,397.99,1989.96,0
ORD-002926,2024-01-12,East,Widget B,Enterprise,Online,1,159.59,159.59,5
ORD-002927,2024-12-15,West,Widget A,Enterprise,Partners,5,80.13,400.64,15
ORD-002928,2023-05-26,East,Widget B,SMB,Retail,5,176.95,884.73,0
ORD-002929,2024-12-22,North,Gadget X,SMB,Retail,1,433.82,433.82,0
ORD-002930,2023-09-30,West,Widget A,Consumer,Online,3,305.32,915.97,5
ORD-002931,2025-04-24,East,Widget B,Enterprise,Partners,2,199.72,399.45,5
ORD-002932,2024-04-26,North,Widget A,Enterprise,Retail,2,242.34,484.68,5
ORD-002933,2023-01-14,South,Widget C,Enterprise,Retail,3,99.02,297.07,5
ORD-002934,2024-02-11,West,Gadget X,Consumer,Online,3,297.0,891.0,15
ORD-002935,2024-09-07,West,Widget C,SMB,Partners,1,445.79,445.79,0
ORD-002936,2024-03-24,South,Widget B,Consumer,Partners,2,262.98,525.97,0
ORD-002937,2025-05-27,West,Widget B,SMB,Retail,2,191.27,382.53,0
ORD-002938,2023-03-07,South,Widget A,SMB,Online,5,121.37,606.85,10
ORD-002939,2025-06-16,South,Widget C,Enterprise,Online,5,465.43,2327.16,0
ORD-002940,2023-08-29,South,Widget B,Enterprise,Partners,2,296.42,592.84,5
ORD-002941,2024-08-25,West,Service Plan,Enterprise,Retail,3,23.06,69.18,5
ORD-002942,2025-06-10,South,Gadget X,Enterprise,Retail,2,353.44,706.88,5
ORD-002943,2024-03-01,East,Widget C,SMB,Partners,4,491.19,1964.77,10
ORD-002944,2024-11-02,East,Widget A,Enterprise,Partners,3,107.92,323.75,5
ORD-002945,2024-05-07,South,Widget A,Consumer,Online,3,283.76,851.28,5
ORD-002946,2023-08-29,,Gadget Y,Enterprise,Retail,3,271.53,814.58,0
ORD-002947,2024-05-30,West,Widget C,Consumer,Retail,2,326.21,652.42,0
ORD-002948,2024-03-12,West,Gadget Y,Enterprise,Retail,6,195.64,1173.85,0
ORD-002949,2024-02-01,West,Gadget X,Consumer,Online,2,244.71,489.42,0
ORD-002950,2023-07-19,South,Widget C,Enterprise,Partners,3,345.66,1036.99,5
ORD-002951,2023-01-15,South,Widget C,Enterprise,Online,3,202.77,608.32,5
ORD-002952,2024-11-18,East,Widget B,SMB,Retail,4,43.76,175.04,15
ORD-002953,2024-04-24,East,Gadget X,SMB,Retail,2,256.25,512.51,10
ORD-002954,2024-05-21,South,Widget B,Consumer,Online,4,315.53,1262.11,0
ORD-002955,2025-03-18,North,Widget A,Enterprise,Online,3,235.18,705.53,0
ORD-002956,2024-08-06,South,Gadget X,SMB,Partners,3,110.18,330.54,5
ORD-002957,2024-03-25,West,Widget A,SMB,Retail,2,76.91,153.83,5
ORD-002958,2024-04-18,North,Widget A,SMB,Online,2,19.92,39.85,0
ORD-002959,2024-06-09,North,Widget B,Enterprise,Retail,3,313.72,941.16,5
ORD-002960,2023-05-09,North,Gadget Y,Enterprise,Online,3,155.88,467.63,0
ORD-002961,2023-12-15,North,Widget B,Enterprise,Online,3,247.69,743.08,5
ORD-002962,2025-01-25,,Widget B,SMB,Online,1,44.73,44.73,0
ORD-002963,2024-12-10,East,Widget C,SMB,Online,5,401.8,2009.01,5
ORD-002964,2023-12-26,West,Widget C,Consumer,Online,2,148.85,297.7,5
ORD-002965,2024-12-29,North,Widget A,Consumer,Online,3,377.68,1133.03,10
ORD-002966,2023-07-20,West,Service Plan,Consumer,Online,1,56.96,56.96,5
ORD-002967,2023-03-28,South,Widget A,Enterprise,Partners,3,434.7,1304.09,10
ORD-002968,2024-05-11,South,Widget A,Enterprise,Retail,3,486.91,1460.72,5
ORD-002969,2023-04-18,North,Gadget Y,Enterprise,Retail,3,415.89,1247.68,5
ORD-002970,2025-01-14,North,Widget C,SMB,Online,4,267.86,1071.43,10
ORD-002971,2023-03-27,South,Widget A,Enterprise,Retail,2,323.23,646.46,0
ORD-002972,2023-01-11,West,Widget C,SMB,Online,4,306.54,1226.16,5
ORD-002973,2025-05-28,South,Widget B,Enterprise,Online,4,321.82,1287.29,0
ORD-002974,2023-01-28,East,Gadget X,Consumer,Online,4,339.29,1357.15,5
ORD-002975,2024-02-08,West,Gadget X,SMB,Retail,4,129.14,516.54,5
ORD-002976,2023-11-18,South,Gadget X,Enterprise,Online,3,449.2,1347.61,0
ORD-002977,2023-04-24,South,Gadget X,SMB,Partners,3,157.32,471.96,0
ORD-002978,2025-04-03,West,Widget B,Enterprise,Retail,2,84.1,168.19,5
ORD-002979,2023-06-14,East,Gadget X,SMB,Retail,2,411.32,822.64,0
ORD-002980,2023-10-15,East,Gadget X,Enterprise,Online,4,223.34,893.37,0
ORD-002981,2025-03-04,East,Widget A,SMB,Online,3,383.56,1150.67,0
ORD-002982,2024-12-13,East,Gadget X,Consumer,Online,2,51.31,102.61,0
ORD-002983,2025-06-18,South,Widget B,Consumer,Online,3,29.04,87.12,0
ORD-002984,2023-05-20,West,Widget A,Consumer,Online,4,102.7,410.8,0
ORD-002985,2023-04-25,West,Widget A,SMB,Retail,1,208.36,208.36,10
ORD-002986,2023-03-06,West,Widget B,Enterprise,Online,2,460.44,920.89,10
ORD-002987,2023-02-11,North,Gadget Y,Enterprise,Retail,1,163.06,163.06,0
ORD-002988,2024-01-20,,Widget A,SMB,Partners,7,473.92,3317.44,5
ORD-002989,2025-05-03,East,Service Plan,SMB,Online,3,236.5,709.5,5
ORD-002990,2023-10-16,West,Gadget X,SMB,Online,6,103.14,618.85,5
ORD-002991,2023-07-22,North,Widget C,Consumer,Online,2,141.12,282.25,10
ORD-002992,2024-12-19,East,Widget A,Enterprise,Retail,3,367.27,1101.82,5
ORD-002993,2025-05-10,North,Widget A,Consumer,Online,2,79.42,158.84,0
ORD-002994,2025-03-23,North,Widget A,Enterprise,Retail,2,324.77,649.53,0
ORD-002995,2023-04-19,West,Widget A,Enterprise,Retail,4,322.76,1291.03,5
ORD-002996,2024-01-27,South,Widget A,SMB,Online,1,240.48,240.48,5
ORD-002997,2023-08-11,North,Service Plan,SMB,Online,4,261.09,1044.34,0
ORD-002998,2023-06-07,East,Service Plan,SMB,Online,5,220.75,1103.73,5
ORD-002999,2024-08-13,North,Widget B,SMB,Online,5,361.17,1805.84,0
ORD-003000,2023-11-05,North,Gadget Y,SMB,Online,4,144.79,579.16,5
ORD-003001,2024-09-27,South,Gadget Y,Consumer,Online,5,401.41,,5
ORD-003002,2024-02-10,South,Widget A,Consumer,Partners,3,484.94,1454.82,5
ORD-003003,2024-06-03,West,Widget B,SMB,Retail,4,451.83,1807.32,0
ORD-003004,2023-12-27,East,Gadget X,SMB,Online,1,254.58,254.58,5
ORD-003005,2023-11-30,North,Gadget X,Enterprise,Online,3,382.5,1147.51,0
ORD-003006,2023-01-04,South,Widget A,Enterprise,Retail,5,150.86,754.3,10
ORD-003007,2023-07-08,East,Gadget Y,SMB,Online,2,456.11,912.21,5
ORD-003008,2024-06-30,West,Gadget Y,Consumer,Partners,2,162.18,324.36,10
ORD-003009,2024-11-13,South,Widget A,Consumer,Online,1,245.33,245.33,0
ORD-003010,2024-09-22,South,Widget A,Enterprise,Online,2,490.88,981.77,5
ORD-003011,2024-01-06,East,Widget B,Enterprise,Online,3,265.0,795.01,0
ORD-003012,2024-06-28,South,Service Plan,Consumer,Retail,1,180.38,180.38,0
ORD-003013,2024-03-04,South,Gadget X,SMB,Retail,2,130.99,261.98,5
ORD-003014,2024-08-16,West,Gadget X,SMB,Retail,7,343.99,2407.96,0
ORD-003015,2023-06-03,East,Gadget X,SMB,Online,3,339.69,1019.07,0
ORD-003016,2025-02-09,East,Widget A,Consumer,Online,2,215.51,431.01,0
ORD-003017,2024-07-17,West,Widget C,SMB,Retail,4,114.25,457.01,0
ORD-003018,2025-05-24,West,Widget B,SMB,Partners,4,302.45,1209.82,5
ORD-003019,2024-06-12,North,Widget B,SMB,Partners,4,378.52,1514.1,15
ORD-003020,2023-01-24,North,Widget A,SMB,Partners,2,414.64,829.29,15
ORD-003021,2023-10-25,West,Gadget X,Consumer,Online,2,318.37,636.75,0
ORD-003022,2023-11-14,South,Service Plan,SMB,Online,3,5.73,17.19,0
ORD-003023,2023-04-23,North,Widget B,Consumer,Retail,3,164.11,492.32,0
ORD-003024,2025-03-17,North,Gadget X,SMB,Retail,3,435.04,1305.12,0
ORD-003025,2024-02-16,North,Gadget X,Enterprise,Online,4,375.64,1502.57,0
ORD-003026,2023-08-04,East,Gadget X,SMB,Retail,3,272.34,817.02,15
ORD-003027,2024-08-01,North,Service Plan,SMB,Partners,4,80.97,323.88,0
ORD-003028,2024-10-23,North,Gadget Y,SMB,Retail,3,152.1,456.29,0
ORD-003029,2025-04-09,East,Service Plan,Enterprise,Partners,4,448.35,1793.4,10
ORD-003030,2024-02-12,East,Gadget Y,SMB,Partners,1,341.07,341.07,20
ORD-003031,2025-01-26,West,Widget B,Enterprise,Online,4,398.27,1593.09,5
ORD-003032,2023-07-16,West,Service Plan,SMB,Retail,3,267.46,802.37,0
ORD-003033,2025-05-31,North,Gadget X,Consumer,Partners,6,384.59,2307.55,5
ORD-003034,2024-05-16,West,Widget A,Enterprise,Online,3,296.21,888.64,0
ORD-003035,2024-08-27,West,Widget B,Enterprise,Retail,1,102.43,102.43,5
ORD-003036,2023-10-20,East,Gadget X,Enterprise,Retail,4,71.36,285.42,0
ORD-003037,2024-06-02,East,Widget C,Enterprise,Retail,3,186.14,558.41,0
ORD-003038,2023-03-26,West,Widget A,Enterprise,Online,5,237.25,1186.26,5
ORD-003039,2023-01-10,West,Widget C,Enterprise,Online,4,37.92,151.67,20
ORD-003040,2024-05-19,North,Widget A,Consumer,Partners,3,340.47,1021.4,0
ORD-003041,2024-07-24,South,Widget C,Enterprise,Online,3,374.46,1123.38,15
ORD-003042,2023-10-20,South,Service Plan,SMB,Online,5,481.83,2409.14,5
ORD-003043,2025-01-31,North,Widget C,Enterprise,Online,1,68.87,68.87,0
ORD-003044,2025-03-26,East,Widget A,Consumer,Online,2,236.77,473.54,0
ORD-003045,2023-01-24,West,Gadget X,Consumer,Online,4,95.52,382.08,5
ORD-003046,2023-04-05,North,Service Plan,Enterprise,Retail,6,346.35,2078.11,0
ORD-003047,2024-01-31,North,Gadget X,SMB,Online,4,446.39,1785.57,15
ORD-003048,2023-09-19,East,Service Plan,Enterprise,Online,4,356.03,1424.14,0
ORD-003049,2025-05-25,South,Gadget X,SMB,Online,1,350.48,350.48,10
ORD-003050,2023-10-09,West,Widget A,SMB,Retail,2,60.92,121.84,10
ORD-003051,2024-08-08,North,Widget A,SMB,Partners,3,235.42,706.27,5
ORD-003052,2024-01-23,South,Widget A,Consumer,Retail,1,366.72,366.72,15
ORD-003053,2023-08-27,West,Widget A,SMB,Online,5,462.07,2310.36,5
ORD-003054,2025-06-09,West,Widget B,SMB,Online,2,451.84,903.69,5
ORD-003055,2023-07-19,East,Widget B,Consumer,Retail,4,230.68,922.71,10
ORD-003056,2023-02-12,South,Gadget X,Consumer,Online,2,412.02,824.04,5
ORD-003057,2024-02-03,North,Widget A,Consumer,Online,3,251.92,755.77,0
ORD-003058,2023-11-14,North,Gadget X,Consumer,Online,5,291.69,1458.47,10
ORD-003059,2024-06-03,South,Gadget X,SMB,Retail,1,340.73,340.73,0
ORD-003060,2023-01-06,East,Widget B,Consumer,Online,2,237.19,474.38,0
ORD-003061,2023-02-07,East,Gadget X,SMB,Online,4,427.09,1708.34,10
ORD-003062,2024-05-27,West,Widget C,Enterprise,Online,2,9.63,19.26,5
ORD-003063,2025-01-30,West,Gadget Y,Enterprise,Online,4,265.24,1060.95,5
ORD-003064,2023-06-10,North,Widget B,Consumer,Partners,4,229.7,918.81,0
ORD-003065,2025-06-09,West,Gadget X,Enterprise,Partners,2,228.74,457.47,0
ORD-003066,2023-09-24,South,Widget A,SMB,Online,1,486.71,486.71,10
ORD-003067,2023-09-27,South,Gadget Y,SMB,Partners,2,26.92,53.84,15
ORD-003068,2025-05-25,South,Gadget X,Enterprise,Partners,3,189.88,569.63,5
ORD-003069,2024-01-07,South,Widget C,Enterprise,Retail,7,139.07,973.47,10
ORD-003070,2023-10-26,West,Widget A,Enterprise,Retail,3,42.64,127.92,0
ORD-003071,2025-05-29,West,Widget C,Enterprise,Retail,3,57.46,172.38,5
ORD-003072,2024-08-27,South,Widget A,Enterprise,Online,3,418.58,1255.73,0
ORD-003073,2025-03-27,North,Widget B,SMB,Online,2,476.1,952.21,0
ORD-003074,2023-04-27,East,Widget B,Consumer,Online,1,462.39,462.39,0
ORD-003075,2024-11-13,North,Gadget Y,Enterprise,Partners,2,315.1,630.2,0
ORD-003076,2023-09-16,East,Gadget X,SMB,Partners,5,49.54,247.69,0
ORD-003077,2025-05-14,North,Widget A,Enterprise,Retail,2,467.31,934.62,0
ORD-003078,2024-06-08,West,Widget A,Consumer,Partners,3,31.37,94.12,0
ORD-003079,2023-09-20,,Widget A,Consumer,Retail,2,262.35,524.7,5
ORD-003080,2024-11-24,West,Gadget X,Enterprise,Retail,3,361.35,1084.05,0
ORD-003081,2023-02-03,North,Gadget Y,Consumer,Online,3,428.13,1284.38,0
ORD-003082,2025-04-18,North,Widget B,Enterprise,Retail,3,96.55,289.64,0
ORD-003083,2024-05-25,West,Gadget X,Enterprise,Online,4,239.56,958.24,10
ORD-003084,2025-01-21,West,Gadget X,Enterprise,Online,2,363.23,726.46,0
ORD-003085,2023-10-31,South,Service Plan,Enterprise,Partners,4,221.58,886.33,5
ORD-003086,2025-01-26,South,Widget C,Consumer,Online,5,399.75,1998.73,10
ORD-003087,2023-04-14,South,Widget A,Consumer,Partners,5,275.89,1379.45,15
ORD-003088,2023-04-26,South,Widget A,Consumer,Online,5,383.15,1915.73,5
ORD-003089,2024-04-08,East,Widget C,Enterprise,Online,4,12.56,50.24,0
ORD-003090,2025-03-15,South,Gadget Y,Enterprise,Retail,5,81.65,408.25,0
ORD-003091,2024-07-20,North,Widget B,SMB,Retail,3,120.28,360.83,10
ORD-003092,2024-10-26,West,Service Plan,SMB,Online,4,473.75,1895.01,5
ORD-003093,2023-11-30,South,Widget B,SMB,Partners,2,96.19,192.37,0
ORD-003094,2024-12-11,South,Service Plan,SMB,Retail,4,294.44,1177.76,0
ORD-003095,2025-03-19,South,Widget A,Consumer,Online,6,443.55,2661.31,5
ORD-003096,2023-01-18,South,Widget B,Consumer,Online,1,471.01,471.01,0
ORD-003097,2023-06-23,North,Service Plan,Consumer,Online,2,426.34,852.69,0
ORD-003098,2025-02-26,South,Widget A,SMB,Online,1,66.82,66.82,0
ORD-003099,2023-03-31,East,Widget B,Consumer,Online,2,411.07,822.13,0
ORD-003100,2024-11-26,North,Service Plan,Enterprise,Online,3,130.68,392.04,0
ORD-003101,2025-02-01,West,Widget A,Enterprise,Online,3,267.08,801.23,5
ORD-003102,2024-04-03,East,Gadget X,SMB,Online,2,280.18,560.36,5
ORD-003103,2025-01-03,West,Widget B,Consumer,Retail,4,369.13,1476.52,10
ORD-003104,2023-03-14,East,Gadget Y,Enterprise,Partners,4,442.92,1771.67,5
ORD-003105,2023-12-09,South,Gadget X,Enterprise,Retail,2,351.08,702.15,15
ORD-003106,2024-10-27,West,Gadget X,Enterprise,Online,6,273.44,1640.62,0
ORD-003107,2024-04-12,West,Gadget Y,Enterprise,Retail,2,96.45,192.91,10
ORD-003108,2025-03-27,West,Widget C,SMB,Partners,2,306.21,612.42,15
ORD-003109,2023-09-03,East,Widget B,Enterprise,Online,2,466.73,933.45,0
ORD-003110,2023-07-12,East,Gadget Y,Consumer,Retail,2,52.42,104.84,0
ORD-003111,2024-07-02,South,Gadget X,Consumer,Partners,4,459.34,1837.37,0
ORD-003112,2023-06-24,East,Widget C,Enterprise,Retail,3,262.96,788.89,0
ORD-003113,2024-05-05,North,Widget A,Enterprise,Online,3,17.49,52.47,0
ORD-003114,2023-12-18,East,Widget A,Consumer,Partners,1,66.6,66.6,0
ORD-003115,2024-01-16,West,Widget C,Enterprise,Online,3,373.63,1120.89,5
ORD-003116,2024-06-01,West,Widget B,Consumer,Online,3,343.86,1031.59,10
ORD-003117,2023-02-17,West,Widget A,Enterprise,Retail,3,292.45,877.34,0
ORD-003118,2025-06-15,South,Widget A,SMB,Online,2,301.8,603.61,5
ORD-003119,2023-08-04,East,Gadget X,Consumer,Retail,3,435.53,1306.58,10
ORD-003120,2024-07-23,South,Widget B,Consumer,Online,5,408.83,2044.14,5
ORD-003121,2024-03-17,West,Gadget X,Enterprise,Online,4,409.51,1638.03,5
ORD-003122,2024-03-19,East,Gadget Y,Enterprise,Retail,2,325.47,650.95,10
ORD-003123,2023-02-10,,Widget C,SMB,Online,4,172.58,690.34,0
ORD-003124,2024-10-11,South,Widget C,Enterprise,Retail,1,190.21,190.21,15
ORD-003125,2023-01-04,East,Service Plan,SMB,Retail,3,281.14,843.43,0
ORD-003126,2024-07-24,East,Gadget Y,SMB,Online,4,462.99,1851.95,0
ORD-003127,2024-01-03,West,Widget C,Consumer,Partners,2,249.65,499.31,5
ORD-003128,2024-07-04,West,Widget B,SMB,Online,1,329.26,329.26,10
ORD-003129,2024-04-29,North,Widget A,Enterprise,Online,2,444.07,888.14,0
ORD-003130,2025-02-14,East,Widget C,Consumer,Retail,3,8.79,26.37,5
ORD-003131,2024-01-24,North,Widget C,SMB,Online,1,73.8,73.8,5
ORD-003132,2023-11-06,South,Gadget Y,Consumer,Online,1,34.53,34.53,0
ORD-003133,2025-02-04,West,Widget B,SMB,Online,1,277.26,277.26,0
ORD-003134,2023-06-19,East,Gadget X,SMB,Online,2,138.3,276.6,10
ORD-003135,2025-04-15,South,Gadget X,Enterprise,Retail,3,197.77,,5
ORD-003136,2023-02-20,South,Widget A,SMB,Retail,2,116.8,233.6,5
ORD-003137,2023-05-31,East,Widget C,Enterprise,Online,3,31.34,94.02,0
ORD-003138,2025-06-05,East,Service Plan,Enterprise,Online,2,259.73,519.47,0
ORD-003139,2024-01-17,North,Widget A,Enterprise,Retail,2,426.41,852.82,0
ORD-003140,2024-06-30,East,Widget B,SMB,Retail,3,168.97,506.92,15
ORD-003141,2023-01-07,West,Service Plan,SMB,Online,3,265.27,795.81,0
ORD-003142,2024-10-03,North,Widget B,Enterprise,Retail,4,191.32,765.29,10
ORD-003143,2025-06-03,East,Widget A,SMB,Online,3,111.71,335.13,5
ORD-003144,2024-02-11,South,Service Plan,Enterprise,Partners,3,246.25,738.76,0
ORD-003145,2023-03-17,West,Gadget X,Consumer,Online,3,215.02,645.07,0
ORD-003146,2024-02-13,East,Gadget X,Consumer,Partners,1,42.03,42.03,0
ORD-003147,2023-05-30,South,Widget A,Enterprise,Online,3,87.14,261.42,5
ORD-003148,2025-01-03,East,Widget B,Consumer,Partners,2,315.85,631.71,5
ORD-003149,2024-09-18,South,Widget A,SMB,Retail,2,189.64,379.27,5
ORD-003150,2023-10-07,East,Service Plan,SMB,Retail,3,467.13,1401.38,0
ORD-003151,2024-04-02,South,Widget B,Enterprise,Retail,3,256.34,769.02,20
ORD-003152,2024-05-09,South,Widget A,SMB,Online,3,41.26,123.79,5
ORD-003153,2024-09-25,South,Widget B,Consumer,Online,3,266.15,798.46,5
ORD-003154,2023-07-13,East,Service Plan,SMB,Online,3,95.91,287.74,10
ORD-003155,2023-02-02,South,Widget A,Enterprise,Online,3,359.79,1079.37,5
ORD-003156,2023-05-11,West,Widget B,SMB,Retail,3,343.49,1030.48,10
ORD-003157,2023-01-15,South,Widget A,Enterprise,Online,2,468.35,936.7,5
ORD-003158,2025-05-24,North,Service Plan,SMB,Online,1,166.74,166.74,0
ORD-003159,2024-01-28,West,Widget B,Consumer,Online,3,225.09,675.28,0
ORD-003160,2023-11-09,East,Widget B,SMB,Partners,4,106.5,425.99,0
ORD-003161,2024-10-11,East,Widget A,SMB,Retail,4,390.45,1561.82,10
ORD-003162,2024-12-24,East,Widget A,Enterprise,Online,2,292.86,585.71,20
ORD-003163,2023-07-12,West,Widget C,Enterprise,Retail,3,386.89,1160.66,0
ORD-003164,2025-05-01,South,Widget C,SMB,Online,5,195.94,979.69,10
ORD-003165,2023-05-24,North,Widget C,SMB,Retail,6,281.3,1687.81,5
ORD-003166,2023-03-16,West,Gadget X,Enterprise,Retail,2,191.13,382.26,0
ORD-003167,2024-01-30,North,Gadget X,SMB,Retail,1,167.32,167.32,0
ORD-003168,2024-03-28,West,Widget A,Consumer,Online,5,161.86,809.31,5
ORD-003169,2023-04-13,South,Widget A,SMB,Online,4,333.57,1334.29,0
ORD-003170,2024-12-11,North,Widget C,Consumer,Online,3,169.77,509.31,0
ORD-003171,2025-02-15,North,Service Plan,SMB,Online,1,487.57,487.57,0
ORD-003172,2025-02-14,East,Widget B,SMB,Retail,4,75.23,300.91,10
ORD-003173,2023-08-06,,Gadget Y,Consumer,Retail,2,352.96,705.92,5
ORD-003174,2025-05-14,South,Gadget X,SMB,Retail,3,369.49,1108.46,5
ORD-003175,2023-10-20,West,Gadget X,Enterprise,Retail,3,168.42,505.25,5
ORD-003176,2024-05-31,East,Widget C,Enterprise,Retail,1,256.26,256.26,0
ORD-003177,2023-03-18,West,Widget C,SMB,Online,3,24.38,73.14,0
ORD-003178,2023-03-03,East,Widget B,Enterprise,Online,3,163.09,489.27,0
ORD-003179,2023-05-28,West,Service Plan,Enterprise,Partners,3,306.81,920.43,5
ORD-003180,2023-12-08,South,Widget A,Consumer,Partners,3,329.76,989.28,0
ORD-003181,2023-02-14,East,Widget B,SMB,Online,4,452.65,1810.58,5
ORD-003182,2023-08-29,East,Gadget Y,SMB,Retail,2,311.97,623.94,0
ORD-003183,2023-12-22,West,Service Plan,Consumer,Retail,2,418.68,837.36,0
ORD-003184,2023-08-02,South,Widget B,Enterprise,Retail,2,488.09,976.18,5
ORD-003185,2024-07-17,South,Widget A,SMB,Online,3,418.72,1256.17,5
ORD-003186,2023-05-29,West,Gadget Y,SMB,Partners,3,226.05,678.15,0
ORD-003187,2024-05-04,West,Widget B,Enterprise,Online,2,324.64,649.27,0
ORD-003188,2024-03-29,South,Gadget Y,Enterprise,Online,4,58.51,234.03,5
ORD-003189,2025-01-19,South,Service Plan,SMB,Online,1,265.13,265.13,0
ORD-003190,2024-04-26,East,Gadget X,Enterprise,Online,2,241.21,482.42,20
ORD-003191,2023-02-14,West,Gadget Y,SMB,Partners,2,189.04,378.07,5
ORD-003192,2023-03-03,,Service Plan,SMB,Online,1,185.88,185.88,0
ORD-003193,2024-01-25,South,Widget A,Enterprise,Partners,4,77.57,310.28,15
ORD-003194,2024-10-07,South,Widget A,Enterprise,Online,4,14.56,58.24,0
ORD-003195,2024-03-07,East,Widget C,SMB,Online,2,251.59,503.18,0
ORD-003196,2023-12-17,East,Widget A,SMB,Online,4,278.72,1114.9,5
ORD-003197,2023-05-09,South,Widget A,Enterprise,Partners,4,462.54,1850.17,15
ORD-003198,2023-08-03,,Widget A,Consumer,Partners,4,388.38,1553.5,10
ORD-003199,2024-10-06,East,Widget A,SMB,Retail,4,342.89,1371.55,5
ORD-003200,2023-10-14,West,Widget C,Enterprise,Online,3,317.7,953.1,5
ORD-003201,2023-09-04,North,Widget C,Enterprise,Retail,8,400.94,3207.5,0
ORD-003202,2023-08-14,North,Widget C,Enterprise,Partners,1,387.09,387.09,0
ORD-003203,2023-10-30,North,Gadget X,Enterprise,Retail,3,166.86,500.57,5
ORD-003204,2023-02-28,East,Widget A,SMB,Retail,1,438.68,438.68,0
ORD-003205,2023-05-16,South,Widget C,Consumer,Partners,4,439.81,1759.23,10
ORD-003206,2024-12-30,South,Widget A,SMB,Retail,2,176.97,353.93,0
ORD-003207,2023-02-19,South,Widget B,Consumer,Partners,4,453.49,1813.97,0
ORD-003208,2023-10-16,East,Widget A,Consumer,Partners,4,30.79,,5
ORD-003209,2024-08-20,North,Gadget Y,SMB,Partners,4,228.14,912.57,0
ORD-003210,2025-06-06,South,Gadget Y,SMB,Retail,3,114.72,344.16,0
ORD-003211,2024-06-13,North,Service Plan,SMB,Retail,2,90.9,181.79,5
ORD-003212,2024-06-28,East,Widget A,SMB,Partners,3,113.65,340.94,5
ORD-003213,2024-01-18,North,Service Plan,SMB,Online,1,7.44,7.44,0
ORD-003214,2025-04-14,West,Widget C,Enterprise,Online,2,429.95,859.91,5
ORD-003215,2025-04-02,South,Gadget X,SMB,Online,2,312.8,625.61,0
ORD-003216,2023-01-12,North,Widget B,SMB,Online,2,204.67,409.35,0
ORD-003217,2023-12-21,South,Gadget X,Consumer,Online,5,151.21,756.06,0
ORD-003218,2023-07-27,West,Widget C,Consumer,Partners,2,431.09,862.18,5
ORD-003219,2023-02-19,South,Gadget X,Consumer,Online,3,26.12,78.36,10
ORD-003220,2025-01-28,West,Widget A,SMB,Online,1,74.26,74.26,5
ORD-003221,2025-05-13,East,Widget A,SMB,Retail,3,304.63,913.89,5
ORD-003222,2024-12-26,East,Widget B,SMB,Retail,4,129.37,517.47,0
ORD-003223,2025-02-24,,Gadget Y,Consumer,Partners,3,20.74,62.21,5
ORD-003224,2023-04-30,South,Widget B,SMB,Online,3,14.69,44.07,0
ORD-003225,2025-02-04,West,Widget A,Enterprise,Online,1,460.88,460.88,0
ORD-003226,2023-09-30,South,Widget A,Enterprise,Online,6,9.36,56.15,0
ORD-003227,2025-05-29,West,Widget A,Enterprise,Retail,2,434.68,869.35,15
ORD-003228,2023-10-21,South,Gadget X,SMB,Retail,3,399.8,1199.39,0
ORD-003229,2023-01-21,West,Widget C,Enterprise,Retail,3,427.02,1281.06,0
ORD-003230,2024-03-23,South,Widget A,Enterprise,Retail,2,213.26,426.52,0
ORD-003231,2025-04-22,East,Gadget X,Enterprise,Retail,5,56.97,284.83,0
ORD-003232,2023-02-18,South,Widget A,Enterprise,Online,7,468.48,3279.35,0
ORD-003233,2024-12-15,West,Widget A,SMB,Retail,2,18.96,37.92,5
ORD-003234,2023-01-02,West,Widget A,Consumer,Online,3,339.23,1017.7,0
ORD-003235,2023-08-27,East,Widget A,Enterprise,Partners,3,170.11,510.32,0
ORD-003236,2025-03-28,South,Gadget X,SMB,Retail,5,274.14,1370.69,0
ORD-003237,2024-12-24,West,Widget B,SMB,Online,3,217.26,651.78,10
ORD-003238,2024-04-17,South,Service Plan,Enterprise,Partners,1,235.48,235.48,5
ORD-003239,2024-08-21,North,Widget A,Enterprise,Partners,4,392.41,1569.63,10
ORD-003240,2024-04-16,East,Service Plan,Enterprise,Online,3,192.97,578.92,5
ORD-003241,2025-01-19,North,Service Plan,Consumer,Online,5,309.55,1547.73,0
ORD-003242,2023-11-05,South,Service Plan,SMB,Partners,6,326.76,1960.55,5
ORD-003243,2024-06-01,West,Service Plan,Enterprise,Retail,6,226.14,1356.84,0
ORD-003244,2024-07-04,South,Widget B,Consumer,Online,4,289.12,1156.49,5
ORD-003245,2024-10-17,East,Gadget X,SMB,Online,2,24.13,48.25,10
ORD-003246,2024-01-15,North,Widget A,SMB,Retail,4,79.57,318.29,5
ORD-003247,2025-01-05,East,Service Plan,SMB,Retail,3,183.95,551.85,5
ORD-003248,2023-12-06,South,Widget C,Consumer,Online,1,458.13,458.13,0
ORD-003249,2025-02-10,South,Widget C,SMB,Partners,3,149.65,448.96,10
ORD-003250,2023-05-21,West,Gadget X,SMB,Online,3,222.87,668.61,0
ORD-003251,2023-04-22,North,Widget C,Enterprise,Online,3,5.05,15.16,0
ORD-003252,2024-12-17,South,Widget C,Consumer,Online,2,297.04,594.08,5
ORD-003253,2023-05-13,East,Widget A,Consumer,Online,4,43.92,175.68,0
ORD-003254,2023-12-30,North,Gadget X,Enterprise,Online,3,31.41,94.24,10
ORD-003255,2025-03-22,South,Widget B,Consumer,Online,1,303.92,303.92,0
ORD-003256,2023-08-01,West,Widget A,Consumer,Partners,2,417.37,834.74,0
ORD-003257,2023-01-18,South,Widget A,SMB,Partners,4,452.34,1809.37,5
ORD-003258,2024-09-26,East,Service Plan,Enterprise,Partners,2,326.67,653.35,0
ORD-003259,2025-04-19,West,Gadget X,Enterprise,Online,3,214.2,642.6,5
ORD-003260,2023-12-04,East,Widget B,SMB,Online,5,161.23,806.15,5
ORD-003261,2023-02-13,West,Widget C,Enterprise,Partners,5,492.16,2460.82,0
ORD-003262,2025-01-22,West,Widget B,Enterprise,Online,7,370.25,2591.72,0
ORD-003263,2023-07-30,East,Widget B,Enterprise,Retail,7,321.82,2252.71,0
ORD-003264,2024-07-08,South,Widget C,SMB,Online,3,13.73,41.19,15
ORD-003265,2024-07-08,East,Gadget Y,Consumer,Retail,3,56.56,169.67,5
ORD-003266,2025-02-19,,Service Plan,SMB,Retail,5,184.65,923.26,0
ORD-003267,2025-03-30,East,Widget B,SMB,Retail,3,278.54,835.63,0
ORD-003268,2023-11-21,North,Service Plan,Consumer,Retail,2,367.56,,0
ORD-003269,2024-12-22,North,Widget B,SMB,Partners,2,297.48,594.96,5
ORD-003270,2023-06-27,South,Widget A,Enterprise,Partners,2,304.21,608.42,0
ORD-003271,2025-02-08,South,Gadget Y,SMB,Online,2,177.63,355.26,0
ORD-003272,2023-03-05,East,Widget B,SMB,Online,1,209.76,209.76,0
ORD-003273,2024-01-27,East,Service Plan,SMB,Partners,2,152.53,305.06,15
ORD-003274,2023-11-06,East,Widget C,Consumer,Retail,1,59.38,59.38,0
ORD-003275,2025-04-09,South,Widget A,Enterprise,Retail,3,207.16,621.49,5
ORD-003276,2023-06-04,,Gadget Y,Enterprise,Online,2,178.25,356.5,0
ORD-003277,2024-02-23,South,Widget B,SMB,Retail,4,119.99,479.94,0
ORD-003278,2024-07-30,South,Widget C,SMB,Online,4,216.07,864.3,10
ORD-003279,2023-02-21,North,Widget C,Consumer,Retail,5,145.46,727.31,0
ORD-003280,2025-03-21,South,Gadget X,SMB,Partners,3,88.64,265.91,20
ORD-003281,2024-12-23,North,Gadget X,SMB,Retail,3,292.82,878.45,15
ORD-003282,2023-02-19,West,Widget A,SMB,Retail,2,459.32,918.64,0
ORD-003283,2024-08-25,West,Widget A,Enterprise,Online,4,388.43,1553.73,5
ORD-003284,2023-08-07,West,Gadget Y,SMB,Online,3,354.28,1062.83,10
ORD-003285,2024-05-03,South,Service Plan,SMB,Online,3,155.45,466.36,5
ORD-003286,2025-06-04,West,Widget C,SMB,Online,3,469.5,1408.51,0
ORD-003287,2024-12-05,East,Widget C,Consumer,Online,4,389.68,1558.73,10
ORD-003288,2023-11-08,East,Widget C,Enterprise,Retail,4,229.84,919.38,0
ORD-003289,2024-12-05,South,Widget B,Consumer,Online,4,73.59,294.36,0
ORD-003290,2024-04-15,East,Widget C,Enterprise,Partners,4,301.85,1207.4,5
ORD-003291,2023-06-03,South,Gadget X,SMB,Online,2,94.18,188.37,0
ORD-003292,2024-11-21,East,Widget A,Enterprise,Partners,1,166.09,166.09,0
ORD-003293,2025-02-18,West,Gadget Y,SMB,Partners,5,494.22,2471.12,0
ORD-003294,2023-06-29,West,Widget B,Enterprise,Partners,2,283.45,566.91,5
ORD-003295,2025-04-12,North,Gadget X,Consumer,Partners,4,101.12,404.49,5
ORD-003296,2025-05-24,East,Widget C,Enterprise,Retail,4,159.83,639.34,10
ORD-003297,2023-12-02,West,Gadget X,Enterprise,Online,4,419.74,1678.94,0
ORD-003298,2023-06-10,North,Gadget X,SMB,Retail,4,42.42,169.69,0
ORD-003299,2025-05-20,West,Gadget X,Enterprise,Online,2,133.43,266.87,0
ORD-003300,2023-01-22,West,Widget B,SMB,Retail,2,131.53,263.07,0
ORD-003301,2024-02-15,South,Gadget X,Enterprise,Online,2,119.69,239.39,5
ORD-003302,2025-06-05,East,Gadget X,Consumer,Online,6,200.97,1205.82,5
ORD-003303,2023-08-03,West,Service Plan,SMB,Retail,5,425.85,2129.25,0
ORD-003304,2023-09-30,South,Widget C,SMB,Online,3,341.21,1023.62,5
ORD-003305,2023-04-27,West,Gadget X,SMB,Online,4,457.91,1831.63,0
ORD-003306,2023-06-09,West,Gadget Y,Enterprise,Online,3,247.16,741.47,10
ORD-003307,2023-05-19,South,Widget A,Enterprise,Retail,2,373.29,746.58,0
ORD-003308,2023-09-05,East,Gadget Y,SMB,Online,5,328.02,1640.12,5
ORD-003309,2025-04-16,West,Widget A,Enterprise,Online,3,148.48,445.44,15
ORD-003310,2025-04-26,West,Widget B,SMB,Online,5,498.99,2494.93,0
ORD-003311,2023-12-22,East,Widget A,SMB,Online,2,394.29,788.59,0
ORD-003312,2025-04-30,South,Widget B,Enterprise,Retail,3,18.1,54.29,5
ORD-003313,2025-04-01,West,Service Plan,Enterprise,Partners,5,482.5,2412.52,5
ORD-003314,2024-01-25,South,Widget C,Enterprise,Online,2,189.07,378.15,0
ORD-003315,2024-09-08,North,Widget B,SMB,Partners,3,249.3,747.91,10
ORD-003316,2023-11-13,North,Widget B,Enterprise,Retail,1,138.02,138.02,0
ORD-003317,2023-10-19,North,Widget B,Consumer,Online,4,133.71,534.86,10
ORD-003318,2023-11-24,West,Widget B,Enterprise,Partners,5,368.08,1840.42,0
ORD-003319,2024-06-28,North,Widget B,SMB,Partners,4,43.42,173.68,15
ORD-003320,2023-07-09,North,Widget B,Enterprise,Online,7,424.96,,5
ORD-003321,2024-01-10,West,Widget A,SMB,Online,2,21.78,43.57,10
ORD-003322,2023-07-02,North,Gadget X,Enterprise,Retail,1,43.49,43.49,0
ORD-003323,2024-08-14,North,Widget A,SMB,Retail,3,72.72,218.15,10
ORD-003324,2024-04-08,South,Service Plan,Enterprise,Partners,2,186.42,372.84,15
ORD-003325,2023-07-11,East,Gadget X,Enterprise,Online,3,184.29,552.87,0
ORD-003326,2025-03-21,West,Widget A,SMB,Online,4,331.68,1326.71,0
ORD-003327,2023-11-06,East,Widget B,Enterprise,Partners,5,315.1,1575.51,15
ORD-003328,2025-05-07,North,Service Plan,Enterprise,Online,4,281.05,1124.2,5
ORD-003329,2023-09-20,South,Gadget X,Consumer,Online,5,91.24,456.2,0
ORD-003330,2024-09-14,East,Gadget X,Enterprise,Online,3,126.78,380.33,10
ORD-003331,2024-11-14,East,Widget A,Enterprise,Online,4,364.64,1458.54,15
ORD-003332,2023-01-24,North,Widget B,Consumer,Online,7,351.93,2463.5,10
ORD-003333,2025-01-17,East,Widget A,Consumer,Online,2,451.03,902.05,0
ORD-003334,2023-01-22,East,Widget B,SMB,Retail,3,212.93,638.8,15
ORD-003335,2025-01-14,West,Widget A,Consumer,Partners,2,379.92,759.83,0
ORD-003336,2023-10-19,South,Gadget X,Consumer,Retail,2,328.8,657.61,10
ORD-003337,2023-04-13,East,Widget B,Enterprise,Retail,4,149.63,598.52,0
ORD-003338,2024-04-02,East,Widget C,SMB,Retail,2,172.92,345.84,5
ORD-003339,2024-01-01,South,Gadget X,Consumer,Online,4,415.61,1662.43,0
ORD-003340,2023-10-29,East,Widget B,Consumer,Online,3,352.68,1058.04,10
ORD-003341,2023-09-28,East,Widget B,Enterprise,Retail,4,392.12,1568.49,5
ORD-003342,2025-04-20,South,Widget A,Consumer,Online,3,461.16,1383.49,0
ORD-003343,2024-09-07,South,Widget A,Consumer,Partners,2,258.59,517.18,0
ORD-003344,2024-06-12,South,Widget C,Enterprise,Online,3,156.27,468.81,5
ORD-003345,2025-04-08,South,Widget B,Consumer,Online,4,298.58,1194.32,0
ORD-003346,2023-07-11,North,Gadget X,Enterprise,Online,1,310.19,310.19,10
ORD-003347,2025-06-05,West,Widget B,SMB,Online,4,55.62,222.48,0
ORD-003348,2023-11-25,East,Gadget X,Consumer,Retail,2,97.21,194.43,15
ORD-003349,2024-04-21,,Gadget X,Consumer,Retail,1,437.35,437.35,5
ORD-003350,2023-02-23,South,Widget B,Enterprise,Online,1,330.09,330.09,0
ORD-003351,2023-02-16,West,Widget B,Enterprise,Partners,5,259.75,1298.75,10
ORD-003352,2023-10-23,West,Widget B,Consumer,Retail,6,279.98,1679.86,0
ORD-003353,2024-04-05,East,Gadget Y,SMB,Retail,3,348.94,1046.81,0
ORD-003354,2023-09-30,East,Gadget X,SMB,Retail,4,190.05,760.21,15
ORD-003355,2025-02-04,East,Widget A,Consumer,Partners,4,476.61,1906.44,0
ORD-003356,2024-11-16,North,Gadget Y,SMB,Online,3,65.31,195.92,0
ORD-003357,2023-01-10,North,Gadget X,Enterprise,Online,1,118.15,118.15,10
ORD-003358,2023-05-19,South,Widget B,SMB,Online,3,278.34,835.02,5
ORD-003359,2023-09-11,East,Widget A,SMB,Online,3,100.74,302.21,5
ORD-003360,2023-12-02,South,Gadget Y,Consumer,Retail,5,127.38,636.91,0
ORD-003361,2023-05-03,West,Widget A,Enterprise,Online,2,383.28,766.56,0
ORD-003362,2023-01-26,South,Widget B,Enterprise,Retail,5,457.02,2285.12,5
ORD-003363,2024-11-08,,Gadget X,SMB,Online,2,231.9,463.81,0
ORD-003364,2025-05-16,East,Widget B,SMB,Retail,1,67.55,67.55,5
ORD-003365,2023-09-27,South,Widget B,Enterprise,Retail,2,68.63,137.26,0
ORD-003366,2023-10-27,East,Gadget Y,SMB,Online,3,238.74,716.21,0
ORD-003367,2023-02-16,West,Widget A,Enterprise,Online,2,38.71,77.42,0
ORD-003368,2025-02-01,North,Gadget X,Consumer,Online,3,389.43,1168.29,15
ORD-003369,2023-10-13,West,Widget C,SMB,Online,3,287.81,863.42,0
ORD-003370,2025-02-18,South,Gadget X,Consumer,Online,4,303.19,1212.75,0
ORD-003371,2023-09-09,East,Gadget X,Enterprise,Retail,1,22.15,22.15,5
ORD-003372,2023-01-20,North,Widget B,Enterprise,Online,2,227.27,454.53,0
ORD-003373,2024-04-17,North,Widget A,SMB,Online,3,450.62,1351.87,10
ORD-003374,2024-03-10,North,Gadget X,Enterprise,Online,2,432.93,865.86,0
ORD-003375,2025-01-17,,Widget C,Enterprise,Online,1,317.24,317.24,0
ORD-003376,2024-11-09,East,Widget A,SMB,Partners,1,191.78,191.78,0
ORD-003377,2024-11-05,East,Gadget X,Consumer,Online,2,221.22,442.44,0
ORD-003378,2025-05-11,East,Widget A,SMB,Partners,6,270.93,1625.61,0
ORD-003379,2023-08-08,South,Service Plan,Enterprise,Retail,3,89.45,268.36,5
ORD-003380,2023-02-19,East,Service Plan,SMB,Retail,3,345.67,1037.0,10
ORD-003381,2025-05-09,South,Gadget X,SMB,Retail,3,324.14,972.42,5
ORD-003382,2024-07-29,East,Widget A,Consumer,Retail,2,114.18,228.35,0
ORD-003383,2025-03-02,North,Widget B,SMB,Partners,1,13.45,13.45,0
ORD-003384,2023-07-29,North,Gadget Y,Consumer,Retail,4,23.98,95.92,5
ORD-003385,2023-12-11,North,Widget C,Consumer,Online,1,448.93,448.93,5
ORD-003386,2023-06-20,West,Widget B,Consumer,Retail,2,279.63,559.27,10
ORD-003387,2023-09-28,North,Gadget X,Enterprise,Retail,4,326.23,1304.94,5
ORD-003388,2025-04-20,North,Service Plan,Consumer,Retail,4,481.37,1925.46,5
ORD-003389,2025-01-14,North,Widget A,SMB,Retail,5,196.71,983.56,5
ORD-003390,2025-03-17,West,Widget A,Enterprise,Online,3,336.56,1009.69,0
ORD-003391,2025-02-20,West,Widget B,SMB,Retail,5,495.44,2477.19,5
ORD-003392,2024-12-07,South,Gadget Y,Enterprise,Retail,2,222.43,444.87,0
ORD-003393,2023-05-16,East,Widget B,Consumer,Partners,3,298.1,894.31,0
ORD-003394,2024-12-23,West,Widget A,SMB,Online,5,495.71,2478.55,0
ORD-003395,2024-01-07,North,Widget C,Consumer,Partners,2,227.53,455.06,0
ORD-003396,2024-10-05,South,Widget C,SMB,Online,2,138.22,276.44,10
ORD-003397,2024-03-04,South,Widget A,Enterprise,Retail,4,373.8,1495.22,5
ORD-003398,2024-07-31,South,Widget B,Enterprise,Retail,2,23.57,47.14,0
ORD-003399,2023-11-05,North,Widget C,SMB,Retail,3,192.42,577.26,0
ORD-003400,2025-01-23,South,Service Plan,Consumer,Retail,3,129.47,388.41,5
ORD-003401,2023-09-05,North,Widget A,SMB,Retail,3,443.69,1331.07,5
ORD-003402,2025-04-20,West,Widget A,Enterprise,Partners,5,71.79,358.95,5
ORD-003403,2025-02-12,East,Service Plan,SMB,Online,4,75.97,303.87,0
ORD-003404,2025-01-25,South,Gadget X,Enterprise,Online,2,463.85,927.7,5
ORD-003405,2024-08-02,West,Gadget X,SMB,Retail,3,290.89,872.68,5
ORD-003406,2025-01-20,East,Widget A,SMB,Retail,1,303.63,303.63,0
ORD-003407,2023-02-20,South,Widget C,Consumer,Partners,3,286.11,858.32,0
ORD-003408,2024-09-12,,Service Plan,Consumer,Retail,4,69.14,276.57,0
ORD-003409,2025-01-25,South,Service Plan,SMB,Online,5,419.65,2098.27,10
ORD-003410,2023-06-17,West,Widget B,SMB,Online,1,107.11,107.11,0
ORD-003411,2024-08-03,South,Widget A,SMB,Online,2,451.53,903.05,0
ORD-003412,2023-09-18,North,Widget A,SMB,Online,1,453.61,453.61,0
ORD-003413,2023-04-26,North,Widget A,Enterprise,Online,1,69.46,69.46,5
ORD-003414,2023-03-02,South,Gadget X,SMB,Partners,4,23.82,95.28,20
ORD-003415,2024-02-12,West,Widget B,Enterprise,Retail,4,8.25,33.01,5
ORD-003416,2023-04-30,West,Gadget X,SMB,Online,2,333.88,667.76,5
ORD-003417,2024-06-12,West,Gadget X,Consumer,Online,6,324.36,1946.15,0
ORD-003418,2023-01-01,West,Widget B,Enterprise,Online,3,41.19,123.58,0
ORD-003419,2023-11-17,East,Widget C,Enterprise,Retail,2,264.73,529.46,0
ORD-003420,2023-05-30,West,Gadget X,SMB,Online,5,306.36,1531.8,0
ORD-003421,2023-09-11,,Widget A,SMB,Retail,2,337.77,675.54,10
ORD-003422,2024-06-20,West,Gadget X,SMB,Retail,2,10.22,20.43,10
ORD-003423,2024-09-18,South,Gadget X,Consumer,Online,2,334.32,668.64,0
ORD-003424,2023-01-27,East,Gadget Y,Consumer,Retail,5,230.18,1150.88,15
ORD-003425,2023-12-05,South,Widget C,Consumer,Retail,2,203.56,407.12,10
ORD-003426,2024-03-30,South,Widget A,SMB,Online,2,320.95,641.91,0
ORD-003427,2024-07-01,South,Widget B,Consumer,Online,3,380.02,1140.07,10
ORD-003428,2025-01-29,North,Gadget X,Enterprise,Partners,4,141.56,566.24,5
ORD-003429,2024-08-02,East,Service Plan,Enterprise,Online,2,337.26,674.51,5
ORD-003430,2023-09-21,South,Widget C,Enterprise,Online,7,52.68,368.79,0
ORD-003431,2023-10-05,South,Gadget X,SMB,Online,2,69.82,139.64,0
ORD-003432,2023-01-19,West,Widget A,Consumer,Partners,2,235.39,470.79,5
ORD-003433,2023-07-17,West,Gadget X,SMB,Retail,4,76.3,305.22,0
ORD-003434,2024-03-05,North,Gadget X,Consumer,Partners,3,302.63,907.88,5
ORD-003435,2023-03-25,West,Widget B,Consumer,Retail,5,254.61,1273.06,5
ORD-003436,2025-01-27,East,Widget B,SMB,Partners,4,449.91,1799.62,5
ORD-003437,2023-03-30,East,Widget C,Enterprise,Online,4,352.58,1410.33,5
ORD-003438,2024-05-12,South,Widget A,Enterprise,Retail,3,133.86,401.57,15
ORD-003439,2023-02-10,South,Service Plan,SMB,Retail,2,479.82,959.63,5
ORD-003440,2023-07-24,East,Service Plan,Consumer,Retail,2,407.49,814.99,5
ORD-003441,2024-04-08,East,Widget A,Enterprise,Online,1,131.53,131.53,10
ORD-003442,2023-03-18,North,Widget C,Enterprise,Partners,3,467.92,1403.76,10
ORD-003443,2025-02-03,East,Widget C,Consumer,Retail,2,471.11,942.22,0
ORD-003444,2025-01-08,North,Service Plan,Consumer,Partners,5,58.02,290.08,10
ORD-003445,2023-05-16,South,Service Plan,Enterprise,Online,5,345.61,1728.05,0
ORD-003446,2024-09-20,South,Widget C,Consumer,Online,7,308.81,2161.7,5
ORD-003447,2024-12-14,North,Widget A,Enterprise,Retail,3,495.49,1486.46,5
ORD-003448,2025-03-09,East,Widget A,Consumer,Online,3,468.4,1405.2,5
ORD-003449,2024-06-10,West,Gadget X,Enterprise,Online,3,363.57,1090.71,10
ORD-003450,2024-07-09,South,Widget B,SMB,Partners,5,398.01,1990.07,5
ORD-003451,2023-01-06,North,Widget B,Enterprise,Online,2,265.4,530.81,5
ORD-003452,2025-02-04,South,Gadget X,Enterprise,Online,3,473.94,1421.81,0
ORD-003453,2023-08-30,East,Widget A,Enterprise,Online,3,337.35,1012.04,0
ORD-003454,2024-02-11,North,Widget B,Consumer,Retail,1,144.83,144.83,0
ORD-003455,2023-09-23,South,Widget A,SMB,Partners,6,448.86,2693.14,0
ORD-003456,2024-08-12,North,Gadget X,SMB,Retail,2,498.0,996.01,15
ORD-003457,2024-02-29,West,Service Plan,Enterprise,Partners,3,174.47,523.41,10
ORD-003458,2024-12-20,,Widget A,SMB,Online,2,187.83,375.65,0
ORD-003459,2023-05-14,South,Widget C,SMB,Partners,2,218.99,437.98,0
ORD-003460,2023-06-14,North,Widget B,Enterprise,Retail,4,443.23,1772.9,5
ORD-003461,2024-01-10,South,Gadget X,Consumer,Retail,2,232.24,464.49,0
ORD-003462,2025-04-03,South,Gadget Y,Consumer,Online,3,150.19,450.58,0
ORD-003463,2024-06-21,East,Widget C,Enterprise,Partners,3,339.61,1018.82,0
ORD-003464,2024-06-19,North,Gadget Y,Enterprise,Online,6,7.55,45.32,0
ORD-003465,2023-03-20,West,Widget A,Enterprise,Online,6,314.51,1887.07,5
ORD-003466,2024-01-17,South,Gadget Y,SMB,Online,1,240.12,240.12,5
ORD-003467,2023-07-17,South,Service Plan,Consumer,Retail,3,370.07,1110.2,15
ORD-003468,2023-05-19,East,Widget A,Consumer,Partners,3,442.95,1328.85,5
ORD-003469,2025-04-25,East,Service Plan,SMB,Online,3,166.5,499.51,0
ORD-003470,2024-08-22,South,Widget C,SMB,Online,1,21.6,21.6,0
ORD-003471,2024-05-06,West,Widget C,Enterprise,Online,3,59.93,179.78,5
ORD-003472,2023-12-20,South,Service Plan,SMB,Online,3,79.6,238.8,5
ORD-003473,2025-04-04,South,Widget B,SMB,Online,3,465.26,1395.79,0
ORD-003474,2023-07-19,East,Widget A,Consumer,Retail,2,432.32,864.63,0
ORD-003475,2023-03-28,South,Widget A,SMB,Retail,2,131.31,262.63,0
ORD-003476,2023-09-18,East,Service Plan,Consumer,Online,7,314.32,2200.26,15
ORD-003477,2024-03-28,South,Service Plan,Enterprise,Online,2,217.47,434.93,0
ORD-003478,2024-04-13,South,Gadget X,Consumer,Online,1,237.79,237.79,5
ORD-003479,2025-01-23,East,Widget A,Enterprise,Partners,3,403.69,1211.07,5
ORD-003480,2023-12-20,South,Widget A,Enterprise,Online,4,107.87,431.48,0
ORD-003481,2023-06-16,South,Gadget X,Enterprise,Online,3,491.1,1473.3,0
ORD-003482,2024-11-21,West,Service Plan,SMB,Online,1,226.84,226.84,5
ORD-003483,2024-09-27,West,Widget C,Enterprise,Retail,3,422.86,1268.57,0
ORD-003484,2024-07-30,West,Widget B,SMB,Partners,6,166.36,998.15,0
ORD-003485,2025-05-29,South,Widget A,SMB,Online,2,283.35,,0
ORD-003486,2024-04-14,North,Widget B,Enterprise,Retail,4,47.55,190.19,5
ORD-003487,2024-12-29,,Widget C,Enterprise,Online,2,247.27,494.54,0
ORD-003488,2024-10-31,East,Widget B,Enterprise,Online,3,150.11,450.33,5
ORD-003489,2023-01-02,South,Widget B,Enterprise,Online,3,192.91,578.74,10
ORD-003490,2023-08-15,North,Service Plan,SMB,Retail,3,421.89,1265.67,0
ORD-003491,2025-05-29,West,Gadget X,SMB,Online,2,480.43,960.86,0
ORD-003492,2025-01-11,West,Gadget X,SMB,Online,3,85.02,255.05,0
ORD-003493,2023-03-13,South,Widget C,SMB,Online,4,405.75,1622.98,0
ORD-003494,2023-07-29,South,Widget C,Enterprise,Online,1,426.17,426.17,10
ORD-003495,2023-04-07,West,Widget A,Enterprise,Retail,3,327.53,982.58,5
ORD-003496,2023-06-04,North,Gadget Y,Enterprise,Online,3,182.79,548.36,0
ORD-003497,2023-02-07,South,Widget C,Enterprise,Online,4,367.38,1469.53,10
ORD-003498,2024-12-28,East,Gadget X,SMB,Retail,2,7.78,15.56,10
ORD-003499,2024-01-30,West,Gadget Y,SMB,Retail,4,11.9,47.61,10
ORD-003500,2023-07-05,South,Widget A,Enterprise,Retail,1,75.29,75.29,5
ORD-003501,2024-01-04,South,Gadget X,Enterprise,Retail,4,470.68,1882.73,5
ORD-003502,2024-02-24,North,Widget C,Enterprise,Retail,1,55.61,55.61,0
ORD-003503,2025-03-16,South,Widget C,Consumer,Retail,2,216.79,433.59,15
ORD-003504,2023-09-01,South,Widget A,Enterprise,Online,2,161.76,323.52,10
ORD-003505,2023-12-10,East,Widget C,SMB,Partners,4,491.48,1965.92,0
ORD-003506,2024-06-24,East,Widget B,SMB,Online,5,63.99,319.96,0
ORD-003507,2024-01-20,North,Widget C,Enterprise,Retail,3,375.31,1125.92,0
ORD-003508,2023-11-19,West,Gadget Y,SMB,Partners,2,193.26,386.51,0
ORD-003509,2023-12-08,South,Widget A,SMB,Retail,2,436.82,873.65,5
ORD-003510,2025-05-13,North,Widget A,SMB,Online,5,251.01,1255.05,10
ORD-003511,2024-02-06,East,Widget B,Consumer,Retail,3,171.31,513.92,0
ORD-003512,2023-04-11,East,Widget B,Consumer,Online,2,465.35,930.69,0
ORD-003513,2023-03-01,West,Gadget X,Enterprise,Retail,4,482.22,1928.87,0
ORD-003514,2023-12-11,South,Widget A,SMB,Retail,2,338.68,677.36,0
ORD-003515,2023-03-07,West,Widget C,SMB,Retail,4,349.0,1396.01,5
ORD-003516,2023-01-11,South,Gadget X,Consumer,Partners,2,94.2,188.4,5
ORD-003517,2024-11-20,South,Widget B,Consumer,Online,4,35.89,143.54,0
ORD-003518,2023-01-11,,Widget C,SMB,Partners,1,318.24,318.24,5
ORD-003519,2025-05-05,East,Gadget X,SMB,Online,1,211.27,211.27,0
ORD-003520,2025-04-19,North,Widget A,Enterprise,Retail,3,252.35,757.05,5
ORD-003521,2025-02-19,East,Widget B,Consumer,Online,5,413.78,2068.88,0
ORD-003522,2023-06-29,East,Widget B,SMB,Retail,4,236.89,947.58,0
ORD-003523,2023-07-22,East,Service Plan,SMB,Partners,3,430.89,1292.66,5
ORD-003524,2023-02-06,South,Widget B,SMB,Partners,2,199.29,398.58,0
ORD-003525,2024-09-17,West,Widget C,SMB,Online,3,456.03,1368.1,0
ORD-003526,2025-03-14,West,Widget A,Consumer,Retail,2,256.17,512.34,0
ORD-003527,2024-07-12,South,Widget A,SMB,Partners,4,137.12,548.5,0
ORD-003528,2025-02-15,South,Gadget Y,Enterprise,Online,2,105.91,211.82,15
ORD-003529,2024-02-26,South,Widget A,SMB,Retail,2,44.49,88.97,0
ORD-003530,2024-08-17,South,Widget B,SMB,Retail,3,353.4,1060.21,0
ORD-003531,2023-11-24,West,Gadget Y,Enterprise,Partners,4,163.74,654.95,0
ORD-003532,2023-06-19,East,Widget B,Enterprise,Online,2,174.8,349.6,0
ORD-003533,2023-10-27,North,Gadget X,Enterprise,Online,1,329.82,329.82,5
ORD-003534,2024-11-04,East,Gadget Y,Enterprise,Retail,5,493.3,2466.52,5
ORD-003535,2023-10-19,East,Widget A,Enterprise,Online,4,212.85,851.39,0
ORD-003536,2023-10-23,North,Widget C,SMB,Online,1,167.86,167.86,0
ORD-003537,2025-03-16,South,Service Plan,SMB,Retail,5,262.77,1313.87,0
ORD-003538,2024-04-27,East,Gadget Y,SMB,Online,1,92.47,92.47,0
ORD-003539,2025-05-16,West,Gadget X,Enterprise,Online,2,261.8,523.6,0
ORD-003540,2023-01-23,East,Widget B,SMB,Retail,4,427.94,1711.74,0
ORD-003541,2024-04-01,North,Widget A,Enterprise,Partners,2,58.28,116.56,0
ORD-003542,2023-11-18,West,Gadget X,Enterprise,Online,6,109.32,655.9,10
ORD-003543,2025-01-04,North,Widget C,SMB,Online,2,181.99,363.97,0
ORD-003544,2024-05-09,West,Widget A,Enterprise,Retail,3,174.59,523.77,0
ORD-003545,2023-12-17,South,Gadget X,Consumer,Retail,6,175.75,1054.48,0
ORD-003546,2025-04-17,West,Widget B,Enterprise,Online,3,133.02,399.06,10
ORD-003547,2023-08-26,East,Widget A,Consumer,Partners,3,470.27,1410.8,5
ORD-003548,2023-06-25,West,Widget C,Consumer,Retail,1,39.93,39.93,5
ORD-003549,2024-10-07,North,Widget C,Enterprise,Partners,4,271.54,1086.17,5
ORD-003550,2024-02-18,North,Gadget X,Consumer,Retail,5,196.12,980.62,0
ORD-003551,2024-01-07,West,Widget B,Consumer,Partners,3,391.05,1173.14,0
ORD-003552,2024-07-02,South,Widget A,SMB,Partners,2,243.76,487.52,5
ORD-003553,2024-03-27,West,Widget A,Enterprise,Online,5,336.83,1684.15,5
ORD-003554,2024-09-03,South,Service Plan,Enterprise,Retail,3,359.99,1079.98,0
ORD-003555,2024-02-09,South,Gadget Y,Enterprise,Retail,4,77.85,311.42,0
ORD-003556,2025-02-17,North,Widget C,SMB,Partners,4,464.96,1859.85,0
ORD-003557,2023-08-05,North,Widget B,SMB,Retail,1,337.72,337.72,0
ORD-003558,2023-05-23,East,Widget A,Consumer,Retail,3,149.17,447.5,5
ORD-003559,2024-08-11,West,Gadget Y,SMB,Partners,3,102.93,308.79,15
ORD-003560,2024-09-10,North,Gadget X,SMB,Online,3,136.19,408.57,5
ORD-003561,2024-03-17,West,Widget B,Consumer,Online,2,191.44,382.88,5
ORD-003562,2025-02-11,West,Widget C,Enterprise,Online,4,464.96,1859.83,5
ORD-003563,2023-07-21,West,Widget A,SMB,Online,4,153.23,612.93,0
ORD-003564,2024-03-22,East,Widget C,Enterprise,Online,4,465.52,1862.09,0
ORD-003565,2024-01-22,South,Gadget X,Consumer,Online,3,231.33,693.98,0
ORD-003566,2024-11-12,West,Widget A,SMB,Online,3,280.69,842.07,0
ORD-003567,2024-12-18,North,Service Plan,SMB,Online,3,81.03,243.08,10
ORD-003568,2023-06-16,East,Widget B,Consumer,Retail,2,480.18,960.37,5
ORD-003569,2024-02-02,East,Widget C,Consumer,Partners,4,25.58,102.34,0
ORD-003570,2025-02-21,East,Widget A,Consumer,Online,2,358.53,717.05,5
ORD-003571,2023-01-26,East,Widget B,SMB,Retail,5,370.46,1852.3,5
ORD-003572,2023-02-06,North,Gadget Y,SMB,Partners,2,88.36,176.71,0
ORD-003573,2025-04-21,South,Gadget X,Enterprise,Partners,7,465.76,3260.33,0
ORD-003574,2023-06-19,North,Gadget X,Enterprise,Retail,2,242.82,485.64,0
ORD-003575,2024-01-29,East,Service Plan,SMB,Partners,5,29.11,145.53,5
ORD-003576,2025-04-17,,Widget C,Consumer,Online,2,130.79,261.58,5
ORD-003577,2024-01-14,South,Widget C,SMB,Online,4,492.42,1969.67,10
ORD-003578,2025-01-31,North,Widget C,SMB,Online,3,95.85,287.56,0
ORD-003579,2023-06-01,West,Widget B,Enterprise,Online,4,16.01,64.02,5
ORD-003580,2025-04-08,East,Widget B,Enterprise,Retail,1,214.52,214.52,0
ORD-003581,2023-10-06,East,Service Plan,SMB,Partners,5,476.36,2381.79,0
ORD-003582,2024-08-01,East,Widget C,SMB,Online,3,119.29,357.88,0
ORD-003583,2023-07-31,East,Gadget Y,Enterprise,Online,2,489.52,979.05,0
ORD-003584,2024-12-10,North,Gadget X,SMB,Retail,2,437.77,875.53,20
ORD-003585,2024-02-28,South,Widget B,SMB,Retail,2,431.03,862.05,5
ORD-003586,2023-08-19,West,Widget B,Enterprise,Online,2,294.67,589.34,5
ORD-003587,2023-06-17,South,Service Plan,SMB,Partners,4,143.73,574.9,0
ORD-003588,2023-04-19,West,Service Plan,Enterprise,Online,5,300.57,1502.84,0
ORD-003589,2023-11-06,East,Widget A,SMB,Online,1,443.34,443.34,10
ORD-003590,2023-05-30,West,Service Plan,SMB,Retail,3,181.54,544.61,0
ORD-003591,2024-09-03,East,Widget A,Consumer,Online,2,204.75,409.49,15
ORD-003592,2025-04-09,West,Widget B,Consumer,Retail,2,186.69,373.37,20
ORD-003593,2024-08-25,South,Service Plan,Enterprise,Partners,2,37.34,74.67,0
ORD-003594,2025-04-25,West,Service Plan,SMB,Retail,3,389.98,1169.95,5
ORD-003595,2024-04-02,West,Widget B,SMB,Retail,6,82.09,492.54,0
ORD-003596,2024-03-27,South,Widget B,Consumer,Online,3,241.69,725.08,0
ORD-003597,2024-03-02,North,Widget A,SMB,Online,5,370.0,1849.99,0
ORD-003598,2023-10-20,South,Widget B,Enterprise,Online,5,373.82,,5
ORD-003599,2023-06-23,South,Gadget X,SMB,Partners,6,436.91,2621.47,0
ORD-003600,2024-02-24,West,Widget A,Enterprise,Online,3,344.86,1034.58,0
ORD-003601,2024-04-29,South,Widget A,Enterprise,Online,2,420.87,841.75,0
ORD-003602,2023-01-30,North,Widget A,SMB,Online,3,64.56,193.67,15
ORD-003603,2023-08-03,East,Widget A,Consumer,Online,4,169.22,676.86,5
ORD-003604,2025-02-19,South,Gadget Y,Consumer,Online,3,74.62,223.86,10
ORD-003605,2024-07-08,South,Gadget Y,SMB,Online,3,158.99,476.98,0
ORD-003606,2023-10-17,East,Widget A,Consumer,Online,2,16.36,32.72,5
ORD-003607,2024-10-17,West,Widget A,Enterprise,Online,2,168.77,337.55,0
ORD-003608,2024-06-19,East,Widget B,Enterprise,Online,3,401.48,1204.43,5
ORD-003609,2024-03-12,South,Gadget Y,Enterprise,Retail,4,298.11,1192.44,5
ORD-003610,2025-05-12,South,Widget C,SMB,Online,1,106.73,106.73,0
ORD-003611,2024-01-17,North,Gadget X,Consumer,Retail,4,323.28,1293.1,15
ORD-003612,2024-07-26,North,Gadget X,SMB,Online,3,324.87,974.61,0
ORD-003613,2023-01-22,,Widget C,Enterprise,Retail,2,255.24,510.48,5
ORD-003614,2024-07-22,South,Gadget X,SMB,Retail,4,278.05,1112.21,10
ORD-003615,2024-08-21,West,Widget A,SMB,Online,2,11.4,22.8,0
ORD-003616,2025-05-18,North,Widget A,SMB,Online,3,346.7,1040.1,5
ORD-003617,2023-08-16,South,Gadget X,Enterprise,Partners,3,456.53,1369.59,5
ORD-003618,2025-03-21,South,Widget A,Consumer,Online,3,202.26,606.79,10
ORD-003619,2023-10-27,West,Widget C,Enterprise,Retail,4,319.0,1276.02,0
ORD-003620,2024-11-04,West,Widget A,Enterprise,Retail,3,485.8,1457.4,0
ORD-003621,2023-12-05,North,Gadget X,Enterprise,Retail,2,423.52,847.04,10
ORD-003622,2023-12-30,East,Widget A,Enterprise,Retail,3,78.53,235.6,15
ORD-003623,2024-09-04,,Widget A,SMB,Partners,2,56.92,113.83,5
ORD-003624,2024-01-18,South,Service Plan,SMB,Online,3,100.31,300.94,0
ORD-003625,2024-05-22,North,Gadget Y,Consumer,Online,6,373.68,2242.06,0
ORD-003626,2023-05-22,North,Widget B,SMB,Online,3,463.51,1390.54,10
ORD-003627,2023-09-28,East,Service Plan,Enterprise,Online,4,176.96,707.85,0
ORD-003628,2025-05-25,West,Widget A,Consumer,Retail,5,291.23,1456.16,0
ORD-003629,2024-09-03,West,Widget A,Enterprise,Online,6,215.9,1295.4,0
ORD-003630,2023-01-03,West,Widget A,Consumer,Online,7,475.46,3328.2,0
ORD-003631,2024-10-02,East,Gadget Y,SMB,Partners,4,305.76,1223.05,0
ORD-003632,2023-08-28,East,Gadget X,SMB,Online,1,256.0,256.0,15
ORD-003633,2023-09-24,East,Gadget Y,Consumer,Partners,2,134.49,268.99,0
ORD-003634,2025-01-23,East,Gadget Y,Enterprise,Online,2,357.72,715.45,5
ORD-003635,2024-05-07,East,Gadget Y,Consumer,Retail,2,347.11,694.22,0
ORD-003636,2024-01-18,South,Widget C,Consumer,Online,3,8.8,26.41,0
ORD-003637,2025-05-04,North,Widget B,Enterprise,Retail,3,295.45,886.36,5
ORD-003638,2023-06-25,West,Widget B,SMB,Partners,1,416.04,416.04,0
ORD-003639,2024-08-02,East,Widget A,SMB,Retail,3,398.4,1195.2,5
ORD-003640,2025-04-28,West,Widget B,SMB,Partners,5,138.18,690.89,0
ORD-003641,2025-01-04,South,Widget B,Consumer,Online,2,486.15,972.29,0
ORD-003642,2023-07-10,East,Widget C,SMB,Retail,2,242.33,484.66,0
ORD-003643,2025-05-11,East,Widget B,SMB,Retail,1,352.65,352.65,0
ORD-003644,2025-04-09,East,Gadget Y,Enterprise,Partners,3,342.18,1026.54,10
ORD-003645,2024-02-04,West,Widget B,Consumer,Online,1,178.17,178.17,0
ORD-003646,2023-02-27,North,Gadget X,SMB,Partners,2,153.96,307.93,15
ORD-003647,2024-06-18,North,Widget B,Enterprise,Partners,4,485.9,1943.6,0
ORD-003648,2023-01-25,West,Service Plan,Consumer,Online,4,389.77,1559.09,0
ORD-003649,2024-11-13,North,Widget C,Enterprise,Retail,5,215.87,1079.33,5
ORD-003650,2024-03-27,East,Widget B,SMB,Partners,1,146.4,146.4,5
ORD-003651,2023-10-28,,Widget A,SMB,Retail,2,461.83,923.65,5
ORD-003652,2025-03-24,North,Service Plan,SMB,Partners,2,210.84,421.67,15
ORD-003653,2025-02-21,South,Widget A,SMB,Online,3,40.25,120.75,15
ORD-003654,2024-11-19,West,Gadget X,Consumer,Partners,1,289.23,289.23,15
ORD-003655,2025-01-19,,Widget B,Consumer,Online,1,345.1,345.1,5
ORD-003656,2024-09-21,South,Widget C,Consumer,Retail,3,113.94,341.82,0
ORD-003657,2023-06-10,West,Gadget Y,Consumer,Retail,3,36.86,110.58,0
ORD-003658,2023-04-19,,Widget A,SMB,Retail,3,32.31,96.94,0
ORD-003659,2023-08-23,South,Widget B,Enterprise,Partners,5,436.54,2182.68,5
ORD-003660,2024-12-18,South,Gadget Y,Enterprise,Online,4,284.97,1139.87,5
ORD-003661,2024-06-12,North,Gadget X,SMB,Partners,3,70.57,211.71,0
ORD-003662,2023-03-01,West,Widget A,SMB,Partners,2,288.66,577.31,0
ORD-003663,2025-02-24,North,Widget A,Enterprise,Retail,3,324.63,973.88,0
ORD-003664,2024-12-20,West,Widget C,Enterprise,Online,3,463.31,1389.92,5
ORD-003665,2025-06-06,West,Widget B,Consumer,Online,3,141.78,425.35,15
ORD-003666,2024-03-19,West,Gadget X,SMB,Retail,4,465.71,,5
ORD-003667,2024-09-04,South,Widget C,SMB,Retail,4,450.4,1801.62,10
ORD-003668,2023-04-14,East,Gadget X,Enterprise,Online,4,262.45,1049.79,10
ORD-003669,2023-02-24,West,Widget B,Enterprise,Retail,4,489.36,1957.42,20
ORD-003670,2024-03-18,North,Widget C,SMB,Retail,4,194.14,776.56,10
ORD-003671,2023-10-21,West,Widget B,SMB,Retail,2,187.43,374.86,0
ORD-003672,2024-08-18,North,Widget B,Consumer,Retail,1,228.96,228.96,20
ORD-003673,2023-06-29,West,Widget B,Enterprise,Online,4,310.2,1240.81,5
ORD-003674,2023-04-04,West,Widget C,SMB,Partners,8,67.85,542.79,0
ORD-003675,2023-10-03,South,Widget A,Enterprise,Retail,4,412.03,1648.11,10
ORD-003676,2023-08-07,North,Widget B,Consumer,Online,2,330.15,660.3,10
ORD-003677,2023-12-08,East,Widget B,SMB,Partners,3,147.5,442.51,0
ORD-003678,2023-10-30,West,Widget A,Enterprise,Online,3,103.51,310.52,5
ORD-003679,2025-01-19,South,Widget B,SMB,Online,1,179.17,179.17,5
ORD-003680,2024-06-20,West,Gadget X,Enterprise,Retail,1,330.52,330.52,0
ORD-003681,2023-02-01,West,Gadget Y,Consumer,Online,5,379.22,1896.11,0
ORD-003682,2024-01-30,East,Widget A,SMB,Retail,2,300.37,600.73,10
ORD-003683,2024-04-14,West,Widget A,Enterprise,Retail,3,113.23,339.7,10
ORD-003684,2024-04-13,South,Gadget X,SMB,Online,1,306.35,306.35,0
ORD-003685,2025-04-27,South,Widget B,SMB,Online,2,62.86,125.72,0
ORD-003686,2025-04-30,South,Widget B,Enterprise,Online,3,428.48,1285.45,5
ORD-003687,2024-12-22,East,Widget A,Consumer,Online,2,108.17,216.33,0
ORD-003688,2023-12-16,East,Widget C,Enterprise,Retail,2,99.16,198.32,5
ORD-003689,2025-01-29,East,Service Plan,SMB,Retail,3,349.08,1047.23,10
ORD-003690,2023-01-09,South,Widget A,SMB,Online,5,403.59,2017.97,0
ORD-003691,2024-08-23,East,Widget C,Enterprise,Retail,2,257.81,515.62,5
ORD-003692,2023-12-14,West,Gadget X,Consumer,Online,4,402.15,1608.6,15
ORD-003693,2024-11-26,West,Gadget Y,Enterprise,Partners,2,60.99,121.98,5
ORD-003694,2024-01-22,East,Widget C,SMB,Retail,5,346.47,1732.33,0
ORD-003695,2025-04-04,South,Gadget X,Enterprise,Online,2,256.07,512.14,15
ORD-003696,2025-02-15,North,Gadget X,Consumer,Partners,1,477.45,477.45,0
ORD-003697,2023-07-04,East,Widget A,SMB,Online,2,166.1,332.2,0
ORD-003698,2023-01-16,East,Gadget Y,Consumer,Online,4,328.47,1313.88,0
ORD-003699,2025-02-20,North,Widget A,Consumer,Retail,6,307.88,1847.28,5
ORD-003700,2023-08-19,East,Widget A,Enterprise,Online,4,367.48,1469.93,0
ORD-003701,2024-11-10,East,Widget A,SMB,Online,1,458.16,458.16,10
ORD-003702,2025-04-08,North,Widget B,SMB,Retail,3,40.04,120.13,5
ORD-003703,2023-04-29,East,Gadget X,Enterprise,Retail,2,456.81,913.62,5
ORD-003704,2024-07-14,East,Gadget Y,Enterprise,Online,1,395.63,395.63,0
ORD-003705,2024-01-25,North,Gadget X,Enterprise,Retail,4,278.8,1115.19,0
ORD-003706,2023-03-13,West,Service Plan,Consumer,Retail,3,169.59,508.77,0
ORD-003707,2024-06-26,West,Widget A,Enterprise,Retail,5,136.08,680.4,5
ORD-003708,2024-11-26,East,Widget B,SMB,Online,1,286.86,286.86,5
ORD-003709,2023-01-25,East,Widget C,Consumer,Partners,4,490.13,1960.5,0
ORD-003710,2023-10-02,East,Widget C,Consumer,Online,5,22.82,114.09,5
ORD-003711,2025-06-01,South,Gadget X,Consumer,Retail,3,124.66,373.99,0
ORD-003712,2023-01-20,South,Widget A,Enterprise,Retail,3,180.41,541.24,0
ORD-003713,2023-05-10,West,Widget C,Enterprise,Partners,4,394.46,1577.84,0
ORD-003714,2025-02-14,North,Widget A,Consumer,Retail,5,297.75,1488.73,0
ORD-003715,2025-03-13,,Widget C,Enterprise,Online,4,383.06,1532.24,10
ORD-003716,2024-03-31,South,Service Plan,Enterprise,Online,2,86.81,173.62,0
ORD-003717,2023-05-27,,Gadget X,SMB,Online,2,389.5,779.0,5
ORD-003718,2023-09-13,North,Widget C,SMB,Online,1,468.11,468.11,0
ORD-003719,2023-03-07,West,Widget A,SMB,Retail,1,173.51,173.51,15
ORD-003720,2023-06-16,West,Gadget X,Consumer,Online,2,66.45,132.89,10
ORD-003721,2024-05-05,East,Gadget Y,SMB,Retail,2,20.87,41.73,5
ORD-003722,2023-12-03,East,Widget A,Enterprise,Online,4,459.87,1839.48,0
ORD-003723,2025-05-01,East,Service Plan,Consumer,Partners,4,61.31,245.22,0
ORD-003724,2024-08-05,South,Gadget X,SMB,Online,6,470.69,2824.13,0
ORD-003725,2023-04-21,South,Widget B,Consumer,Retail,3,185.01,555.02,0
ORD-003726,2023-01-28,West,Widget C,Enterprise,Retail,5,279.24,1396.22,0
ORD-003727,2024-09-18,West,Gadget X,Consumer,Online,2,120.25,240.5,0
ORD-003728,2023-06-22,South,Widget A,Consumer,Retail,3,344.58,1033.75,0
ORD-003729,2024-08-10,East,Widget B,Enterprise,Online,2,381.45,762.9,0
ORD-003730,2023-01-08,South,Gadget Y,Enterprise,Online,2,358.19,716.37,0
ORD-003731,2025-01-29,West,Widget A,Consumer,Retail,3,356.14,1068.41,10
ORD-003732,2025-03-09,West,Gadget X,Consumer,Online,3,164.52,493.55,0
ORD-003733,2025-02-13,West,Gadget X,SMB,Online,3,414.67,1244.0,10
ORD-003734,2024-10-03,West,Widget B,Enterprise,Partners,2,302.49,604.97,5
ORD-003735,2023-08-13,South,Widget A,Enterprise,Online,4,424.64,1698.55,5
ORD-003736,2023-02-19,East,Widget A,Consumer,Partners,2,474.23,948.47,10
ORD-003737,2023-06-02,South,Widget A,SMB,Retail,4,312.14,1248.55,5
ORD-003738,2024-07-09,North,Widget A,Enterprise,Partners,2,33.36,66.72,5
ORD-003739,2023-01-11,West,Widget A,SMB,Partners,3,88.23,264.68,0
ORD-003740,2024-12-01,South,Gadget X,Enterprise,Online,3,496.61,1489.83,0
ORD-003741,2024-09-09,South,Service Plan,Consumer,Partners,3,204.03,612.08,5
ORD-003742,2024-12-03,South,Gadget X,Enterprise,Partners,4,396.96,1587.84,10
ORD-003743,2024-04-28,East,Widget A,SMB,Retail,2,137.93,275.86,0
ORD-003744,2023-11-24,East,Service Plan,Enterprise,Online,3,95.13,285.39,0
ORD-003745,2023-07-22,South,Service Plan,Enterprise,Retail,5,393.09,,5
ORD-003746,2023-09-29,East,Widget B,Enterprise,Partners,3,302.36,907.09,0
ORD-003747,2023-07-27,West,Gadget X,SMB,Online,2,31.36,62.72,20
ORD-003748,2024-11-07,South,Service Plan,Enterprise,Online,3,380.4,1141.21,5
ORD-003749,2024-09-17,South,Widget A,Enterprise,Online,3,422.38,1267.15,5
ORD-003750,2023-07-05,West,Widget B,Enterprise,Online,3,80.69,242.07,10
ORD-003751,2023-02-28,North,Widget C,Enterprise,Online,2,384.09,768.18,15
ORD-003752,2023-03-13,West,Widget B,Enterprise,Online,3,289.34,868.01,0
ORD-003753,2024-05-03,East,Gadget X,Consumer,Online,2,19.58,39.16,20
ORD-003754,2025-06-04,East,Service Plan,Enterprise,Online,5,257.12,1285.59,0
ORD-003755,2024-02-15,South,Service Plan,Enterprise,Online,2,209.53,419.05,5
ORD-003756,2025-01-21,North,Gadget X,Consumer,Retail,3,224.04,672.13,0
ORD-003757,2025-03-31,North,Widget C,Consumer,Online,2,347.74,695.49,0
ORD-003758,2024-01-08,North,Service Plan,Enterprise,Online,1,30.29,30.29,0
ORD-003759,2024-09-10,West,Widget C,Enterprise,Online,2,75.58,151.16,0
ORD-003760,2023-04-11,East,Widget A,Enterprise,Online,2,150.59,301.17,10
ORD-003761,2023-09-10,North,Gadget X,SMB,Online,2,273.78,547.56,5
ORD-003762,2025-04-07,West,Widget B,Consumer,Online,4,147.0,588.0,0
ORD-003763,2023-08-28,South,Service Plan,SMB,Partners,4,285.77,1143.09,5
ORD-003764,2023-08-25,North,Widget A,Consumer,Retail,4,455.3,1821.2,0
ORD-003765,2023-05-30,West,Gadget X,Consumer,Online,2,33.57,67.14,15
ORD-003766,2023-03-08,North,Widget A,SMB,Partners,1,426.32,426.32,0
ORD-003767,2024-12-31,North,Widget A,Consumer,Partners,2,183.21,366.41,0
ORD-003768,2024-07-12,North,Service Plan,SMB,Online,4,452.89,1811.57,0
ORD-003769,2024-08-05,South,Service Plan,SMB,Online,1,13.39,13.39,0
ORD-003770,2025-03-17,West,Service Plan,SMB,Retail,1,179.16,179.16,0
ORD-003771,2024-09-05,West,Widget C,Enterprise,Retail,2,288.06,576.12,0
ORD-003772,2023-07-23,East,Gadget Y,SMB,Online,4,277.96,1111.85,5
ORD-003773,2024-06-07,East,Gadget X,Enterprise,Online,2,14.01,28.02,10
ORD-003774,2024-06-22,North,Gadget Y,SMB,Retail,3,16.98,50.93,0
ORD-003775,2023-10-20,South,Gadget X,Enterprise,Retail,3,103.05,309.14,0
ORD-003776,2024-06-19,South,Gadget X,Consumer,Retail,2,296.59,593.18,5
ORD-003777,2024-01-31,South,Gadget Y,Consumer,Online,3,416.25,1248.74,15
ORD-003778,2024-11-17,West,Service Plan,SMB,Online,4,114.33,457.31,5
ORD-003779,2023-04-14,West,Service Plan,Consumer,Partners,1,410.74,410.74,0
ORD-003780,2023-01-18,West,Widget B,Consumer,Online,5,415.85,2079.27,10
ORD-003781,2024-04-09,,Widget C,Enterprise,Online,5,451.55,2257.77,5
ORD-003782,2025-03-27,North,Widget C,SMB,Online,2,192.96,385.93,5
ORD-003783,2023-02-22,West,Gadget X,Consumer,Retail,3,53.04,159.13,0
ORD-003784,2023-12-09,South,Gadget X,SMB,Online,2,416.92,833.84,15
ORD-003785,2024-04-21,West,Gadget Y,SMB,Online,3,44.6,133.8,5
ORD-003786,2023-02-01,East,Widget A,Consumer,Online,2,312.13,624.26,5
ORD-003787,2023-11-23,South,Gadget X,SMB,Partners,2,295.1,590.2,0
ORD-003788,2023-01-22,West,Widget A,Consumer,Retail,1,361.68,361.68,0
ORD-003789,2024-01-23,West,Gadget X,SMB,Retail,3,451.52,1354.55,5
ORD-003790,2024-09-20,South,Gadget X,Consumer,Partners,4,389.68,1558.72,0
ORD-003791,2024-01-22,East,Service Plan,Consumer,Online,2,217.54,435.08,10
ORD-003792,2024-09-23,South,Widget B,Enterprise,Online,1,247.52,247.52,5
ORD-003793,2023-03-10,South,Widget C,SMB,Retail,4,44.88,179.54,5
ORD-003794,2024-12-29,West,Widget B,Enterprise,Online,4,138.98,555.93,5
ORD-003795,2023-12-08,North,Gadget Y,Enterprise,Partners,1,275.29,275.29,0
ORD-003796,2024-03-07,South,Widget C,Consumer,Online,2,408.48,816.97,10
ORD-003797,2023-07-24,East,Widget B,SMB,Retail,2,38.61,77.23,10
ORD-003798,2023-05-28,North,Widget B,Consumer,Partners,3,342.74,1028.21,10
ORD-003799,2025-01-30,South,Gadget Y,Enterprise,Partners,3,345.29,1035.87,0
ORD-003800,2023-07-09,South,Gadget X,Consumer,Partners,6,145.01,870.06,0
ORD-003801,2023-10-19,,Widget B,SMB,Partners,4,98.87,395.49,0
ORD-003802,2024-08-09,South,Gadget Y,Consumer,Online,4,149.93,599.72,0
ORD-003803,2023-11-16,North,Widget B,SMB,Partners,4,352.21,1408.84,0
ORD-003804,2024-10-18,South,Widget C,Enterprise,Retail,3,394.69,1184.07,0
ORD-003805,2024-05-04,West,Widget A,SMB,Online,5,204.01,1020.06,0
ORD-003806,2025-04-06,East,Gadget X,Enterprise,Retail,4,264.52,1058.1,0
ORD-003807,2025-02-09,South,Gadget X,Enterprise,Partners,1,330.44,330.44,0
ORD-003808,2024-12-08,East,Widget A,SMB,Online,5,299.09,1495.43,5
ORD-003809,2025-03-26,South,Gadget X,Enterprise,Partners,4,152.52,610.09,0
ORD-003810,2025-02-07,West,Gadget X,SMB,Online,3,166.69,500.07,10
ORD-003811,2023-03-01,South,Widget C,Enterprise,Online,5,84.43,422.15,0
ORD-003812,2023-10-25,East,Service Plan,Enterprise,Partners,2,16.92,33.84,10
ORD-003813,2025-04-11,East,Service Plan,Enterprise,Retail,2,409.55,819.09,0
ORD-003814,2024-12-23,South,Widget C,Enterprise,Online,4,102.85,411.39,0
ORD-003815,2024-09-06,West,Gadget X,Enterprise,Retail,1,304.19,304.19,15
ORD-003816,2025-05-22,West,Widget A,Enterprise,Online,3,289.26,867.78,0
ORD-003817,2023-07-30,South,Widget A,Enterprise,Online,3,86.28,258.85,5
ORD-003818,2025-02-10,South,Widget A,SMB,Online,3,137.35,412.04,0
ORD-003819,2023-02-03,East,Widget C,Enterprise,Retail,4,245.69,982.78,0
ORD-003820,2023-11-13,North,Widget A,Enterprise,Retail,3,22.64,67.93,10
ORD-003821,2025-06-05,East,Gadget X,Consumer,Retail,2,323.3,646.6,0
ORD-003822,2023-12-14,West,Widget C,SMB,Online,3,18.33,55.0,15
ORD-003823,2023-03-31,,Widget A,Consumer,Retail,3,198.4,595.19,15
ORD-003824,2024-07-09,West,Service Plan,Enterprise,Partners,4,264.71,1058.83,10
ORD-003825,2025-03-23,North,Widget A,Consumer,Partners,3,203.75,611.24,0
ORD-003826,2023-09-05,South,Widget A,Consumer,Online,5,6.03,30.15,15
ORD-003827,2025-04-11,South,Widget B,Enterprise,Online,2,431.29,862.57,15
ORD-003828,2024-08-20,South,Widget B,SMB,Partners,5,315.68,1578.4,10
ORD-003829,2023-01-05,South,Service Plan,SMB,Partners,1,497.45,497.45,0
ORD-003830,2023-11-29,East,Gadget X,Consumer,Online,3,431.43,1294.3,5
ORD-003831,2023-08-15,West,Widget C,Consumer,Retail,2,414.71,829.42,20
ORD-003832,2024-06-21,West,Service Plan,Consumer,Retail,1,241.3,241.3,5
ORD-003833,2023-04-18,West,Widget C,Enterprise,Partners,3,354.5,1063.51,5
ORD-003834,2023-08-22,South,Gadget X,Enterprise,Online,2,281.64,563.29,5
ORD-003835,2023-04-10,South,Gadget Y,Consumer,Online,2,452.97,905.95,10
ORD-003836,2024-06-06,West,Service Plan,Consumer,Retail,2,494.29,988.57,5
ORD-003837,2023-12-11,East,Widget B,SMB,Online,2,483.08,966.15,0
ORD-003838,2024-05-16,East,Widget A,SMB,Online,4,404.88,1619.54,5
ORD-003839,2023-07-11,South,Gadget X,SMB,Retail,5,410.8,2053.98,5
ORD-003840,2024-02-02,West,Service Plan,Enterprise,Online,2,141.67,283.33,0
ORD-003841,2024-03-29,South,Widget B,Enterprise,Partners,1,20.84,20.84,0
ORD-003842,2023-08-10,East,Widget A,SMB,Retail,1,376.2,376.2,0
ORD-003843,2023-08-05,East,Gadget X,Enterprise,Online,4,186.91,747.64,0
ORD-003844,2023-12-04,South,Gadget Y,SMB,Retail,2,455.06,910.12,0
ORD-003845,2024-03-19,South,Widget A,Enterprise,Online,6,384.0,2304.01,0
ORD-003846,2023-12-30,West,Widget A,Enterprise,Online,3,105.81,317.44,5
ORD-003847,2023-06-08,South,Widget B,Enterprise,Online,4,447.02,1788.09,0
ORD-003848,2024-08-21,West,Widget C,Consumer,Online,3,495.26,1485.77,0
ORD-003849,2024-07-27,North,Widget C,SMB,Online,4,362.38,1449.52,0
ORD-003850,2023-06-04,East,Widget A,Enterprise,Online,3,123.33,369.99,0
ORD-003851,2024-06-08,North,Widget A,SMB,Retail,2,368.19,736.37,0
ORD-003852,2024-10-01,North,Gadget X,SMB,Retail,1,311.3,311.3,5
ORD-003853,2023-03-07,South,Gadget X,SMB,Online,3,327.23,981.69,5
ORD-003854,2024-08-06,North,Gadget X,Enterprise,Online,2,495.02,990.04,0
ORD-003855,2025-05-19,South,Widget A,Enterprise,Partners,5,21.06,105.32,0
ORD-003856,2025-03-02,West,Gadget X,Enterprise,Online,3,220.74,662.23,5
ORD-003857,2023-04-14,South,Service Plan,Consumer,Retail,1,450.83,450.83,0
ORD-003858,2025-01-03,North,Widget B,Enterprise,Online,5,7.6,38.0,0
ORD-003859,2024-09-26,South,Gadget X,Enterprise,Online,1,426.41,426.41,0
ORD-003860,2025-05-11,East,Widget A,Enterprise,Online,2,121.68,243.37,5
ORD-003861,2023-11-24,North,Widget A,Consumer,Online,4,148.12,592.48,0
ORD-003862,2024-12-12,South,Widget A,Enterprise,Online,2,417.16,834.32,0
ORD-003863,2025-02-24,West,Widget A,SMB,Online,3,263.68,791.05,0
ORD-003864,2023-04-11,East,Widget A,SMB,Online,3,235.95,707.86,5
ORD-003865,2024-05-18,West,Widget A,SMB,Partners,3,379.88,1139.63,0
ORD-003866,2023-09-01,South,Widget A,SMB,Partners,2,125.21,250.42,0
ORD-003867,2025-02-18,West,Service Plan,SMB,Online,4,210.66,842.63,20
ORD-003868,2024-06-03,North,Gadget X,Enterprise,Online,3,157.39,472.18,10
ORD-003869,2024-04-30,North,Widget A,SMB,Online,2,43.18,86.37,0
ORD-003870,2023-01-13,North,Widget A,Enterprise,Online,3,215.96,647.87,5
ORD-003871,2023-12-14,North,Widget C,SMB,Retail,4,404.69,1618.74,0
ORD-003872,2023-06-20,North,Widget A,Consumer,Online,6,338.32,2029.93,5
ORD-003873,2023-12-29,East,Gadget X,Enterprise,Online,4,404.89,1619.57,5
ORD-003874,2025-05-27,East,Widget A,Consumer,Online,3,399.38,1198.14,5
ORD-003875,2024-06-12,North,Widget C,SMB,Retail,3,228.27,684.81,5
ORD-003876,2023-04-22,North,Widget A,Enterprise,Online,2,365.46,730.91,0
ORD-003877,2024-01-25,South,Widget B,Consumer,Online,6,325.73,1954.4,0
ORD-003878,2024-09-23,South,Widget B,SMB,Online,4,329.53,1318.12,5
ORD-003879,2023-04-30,East,Widget A,Consumer,Online,3,136.35,409.05,5
ORD-003880,2024-10-28,West,Service Plan,Enterprise,Partners,5,169.68,848.4,5
ORD-003881,2025-01-29,South,Widget C,Enterprise,Online,1,364.88,364.88,0
ORD-003882,2024-02-09,West,Gadget X,Consumer,Online,2,387.69,775.38,5
ORD-003883,2023-04-07,South,Widget C,SMB,Retail,3,297.27,891.81,5
ORD-003884,2023-11-06,East,Gadget Y,Enterprise,Online,3,162.65,487.95,0
ORD-003885,2025-01-09,West,Widget C,Consumer,Partners,5,375.67,1878.34,10
ORD-003886,2023-02-26,North,Widget A,Enterprise,Online,2,50.3,100.61,0
ORD-003887,2025-03-12,South,Gadget Y,Enterprise,Retail,1,157.92,157.92,0
ORD-003888,2025-04-29,West,Gadget X,SMB,Online,3,249.32,747.97,5
ORD-003889,2025-01-19,West,Widget C,Enterprise,Online,2,114.03,228.06,0
ORD-003890,2024-09-11,North,Widget C,Enterprise,Retail,3,448.56,1345.68,0
ORD-003891,2024-11-21,South,Widget B,Enterprise,Online,4,24.01,96.06,0
ORD-003892,2023-08-18,South,Widget C,Enterprise,Online,2,375.64,751.28,10
ORD-003893,2025-05-20,East,Gadget X,SMB,Retail,2,458.45,916.9,0
ORD-003894,2023-04-15,East,Gadget Y,Consumer,Online,1,178.58,178.58,10
ORD-003895,2024-05-06,East,Widget B,SMB,Online,2,226.61,453.22,5
ORD-003896,2024-10-16,East,Widget B,Enterprise,Partners,3,370.93,1112.78,10
ORD-003897,2023-12-23,East,Widget B,Consumer,Retail,3,122.53,367.6,0
ORD-003898,2024-01-20,West,Gadget X,Consumer,Retail,2,236.25,472.5,5
ORD-003899,2023-08-24,West,Service Plan,Consumer,Retail,2,432.12,864.24,0
ORD-003900,2023-09-07,South,Gadget X,Enterprise,Online,2,41.71,83.43,5
ORD-003901,2024-06-27,North,Widget C,Consumer,Retail,4,239.23,956.93,5
ORD-003902,2024-07-07,South,Widget A,Enterprise,Online,4,48.61,194.46,5
ORD-003903,2024-08-20,West,Widget B,Enterprise,Online,2,324.13,648.26,0
ORD-003904,2023-06-18,East,Widget C,Consumer,Retail,4,300.58,1202.33,0
ORD-003905,2024-04-03,North,Widget A,Consumer,Online,3,265.64,796.93,0
ORD-003906,2023-07-09,North,Widget C,Enterprise,Online,3,314.67,944.02,5
ORD-003907,2024-11-16,North,Widget B,Enterprise,Retail,2,229.19,458.38,5
ORD-003908,2023-11-01,North,Widget B,SMB,Online,3,47.88,143.63,20
ORD-003909,2023-08-06,South,Widget C,SMB,Online,1,364.29,364.29,0
ORD-003910,2023-10-08,West,Widget B,Enterprise,Online,3,383.91,1151.73,10
ORD-003911,2024-05-13,North,Gadget X,Enterprise,Online,1,408.32,408.32,0
ORD-003912,2023-06-02,South,Widget A,Enterprise,Retail,2,81.44,162.87,5
ORD-003913,2024-02-10,East,Gadget X,Enterprise,Partners,3,256.97,770.92,0
ORD-003914,2025-04-07,South,Gadget Y,Consumer,Retail,4,394.86,1579.42,5
ORD-003915,2024-02-02,West,Widget A,Consumer,Online,2,285.56,571.12,0
ORD-003916,2024-01-25,West,Widget B,Enterprise,Online,4,215.9,863.59,0
ORD-003917,2024-12-25,North,Widget B,Enterprise,Retail,1,409.76,409.76,10
ORD-003918,2023-04-25,South,Widget C,Enterprise,Online,3,349.43,1048.28,0
ORD-003919,2024-05-06,West,Widget C,Enterprise,Online,3,238.82,716.47,0
ORD-003920,2024-01-29,North,Gadget X,SMB,Online,2,12.03,24.06,0
ORD-003921,2023-12-06,East,Gadget Y,SMB,Online,5,444.39,2221.97,0
ORD-003922,2023-03-16,North,Widget B,SMB,Retail,2,42.43,84.85,0
ORD-003923,2024-12-18,,Gadget X,Enterprise,Online,3,443.18,1329.54,0
ORD-003924,2023-11-20,East,Widget B,Consumer,Online,3,230.76,692.28,0
ORD-003925,2024-08-09,West,Widget B,SMB,Online,1,196.91,196.91,10
ORD-003926,2023-07-19,East,Gadget X,Enterprise,Partners,3,43.38,130.13,10
ORD-003927,2023-10-16,West,Widget C,Consumer,Online,2,355.22,710.43,5
ORD-003928,2023-07-21,North,Widget A,Consumer,Partners,3,369.0,1107.01,5
ORD-003929,2025-03-31,West,Widget C,Enterprise,Retail,2,467.26,934.52,10
ORD-003930,2023-08-29,North,Widget C,Enterprise,Online,3,138.69,416.06,0
ORD-003931,2023-01-04,North,Gadget X,Consumer,Retail,3,127.21,381.63,0
ORD-003932,2024-12-16,North,Widget A,Consumer,Retail,2,192.32,384.64,5
ORD-003933,2023-04-25,North,Widget B,Consumer,Online,2,163.1,326.2,15
ORD-003934,2025-02-20,North,Gadget Y,SMB,Retail,5,302.92,1514.58,0
ORD-003935,2023-02-02,South,Widget A,SMB,Online,3,37.25,111.75,0
ORD-003936,2023-05-20,East,Widget A,Consumer,Retail,2,14.73,29.46,5
ORD-003937,2023-08-15,East,Widget B,SMB,Retail,4,292.41,1169.63,0
ORD-003938,2025-05-28,East,Widget C,Enterprise,Partners,2,84.73,169.45,5
ORD-003939,2024-08-16,West,Service Plan,Enterprise,Partners,3,250.02,750.07,5
ORD-003940,2024-10-31,East,Gadget X,SMB,Online,2,395.38,790.75,5
ORD-003941,2023-11-05,East,Widget C,Enterprise,Online,1,267.21,,5
ORD-003942,2023-10-11,West,Gadget X,SMB,Online,2,464.15,928.31,10
ORD-003943,2023-11-28,East,Widget A,Consumer,Retail,4,124.02,,5
ORD-003944,2025-05-17,,Gadget X,SMB,Online,5,351.56,1757.8,10
ORD-003945,2025-05-24,West,Gadget X,SMB,Online,2,103.52,207.04,0
ORD-003946,2023-03-30,South,Gadget X,Consumer,Online,7,64.56,451.95,10
ORD-003947,2023-11-11,North,Gadget X,SMB,Online,4,226.09,904.35,10
ORD-003948,2025-03-28,East,Widget B,Consumer,Online,1,172.74,172.74,10
ORD-003949,2023-12-21,West,Gadget X,SMB,Online,4,240.27,961.09,0
ORD-003950,2025-02-26,South,Gadget Y,SMB,Retail,1,407.63,407.63,10
ORD-003951,2024-12-31,East,Widget C,Enterprise,Online,4,360.53,1442.13,10
ORD-003952,2025-03-16,North,Widget A,Consumer,Online,5,203.34,1016.72,0
ORD-003953,2023-03-20,East,Widget A,Consumer,Retail,3,135.7,407.1,5
ORD-003954,2024-05-06,South,Widget C,Consumer,Online,3,175.27,525.81,15
ORD-003955,2023-08-04,West,Widget B,Enterprise,Retail,3,83.16,249.49,10
ORD-003956,2023-02-08,West,Widget C,Enterprise,Retail,4,421.21,1684.85,0
ORD-003957,2024-09-05,South,Widget B,Enterprise,Online,4,332.79,1331.15,0
ORD-003958,2024-02-08,West,Gadget X,SMB,Retail,2,130.44,260.87,0
ORD-003959,2024-01-17,North,Gadget X,Consumer,Online,2,395.29,790.58,15
ORD-003960,2023-10-28,North,Gadget X,SMB,Partners,6,229.67,1378.04,10
ORD-003961,2025-02-14,South,Widget C,SMB,Online,6,353.79,2122.75,15
ORD-003962,2023-09-21,East,Widget C,Consumer,Online,4,48.94,195.75,15
ORD-003963,2024-07-19,South,Service Plan,Enterprise,Partners,2,127.6,255.2,0
ORD-003964,2024-12-11,South,Gadget X,Consumer,Online,4,171.13,684.5,5
ORD-003965,2023-10-31,South,Gadget X,SMB,Retail,2,104.86,209.72,0
ORD-003966,2025-05-09,East,Service Plan,Consumer,Retail,3,244.07,732.22,0
ORD-003967,2024-10-04,West,Widget C,SMB,Online,4,171.09,684.35,5
ORD-003968,2025-03-10,West,Widget A,Consumer,Partners,3,354.29,1062.87,5
ORD-003969,2024-05-03,East,Widget B,SMB,Online,7,363.34,2543.37,5
ORD-003970,2024-04-12,South,Widget A,SMB,Online,1,435.09,435.09,0
ORD-003971,2024-06-26,South,Widget B,SMB,Retail,4,27.54,110.15,0
ORD-003972,2024-02-06,North,Widget B,Enterprise,Online,2,70.59,141.18,20
ORD-003973,2023-09-26,West,Widget B,Enterprise,Online,5,476.92,2384.58,0
ORD-003974,2024-06-07,East,Service Plan,SMB,Retail,5,478.45,2392.26,5
ORD-003975,2025-01-10,North,Widget A,Enterprise,Retail,2,14.02,28.04,5
ORD-003976,2023-02-26,West,Widget A,Enterprise,Retail,2,492.88,985.76,15
ORD-003977,2023-05-21,North,Widget B,SMB,Retail,2,315.84,631.68,5
ORD-003978,2023-12-05,North,Widget B,SMB,Retail,2,115.8,231.6,5
ORD-003979,2024-07-17,South,Widget A,Consumer,Retail,6,251.5,1509.03,5
ORD-003980,2023-04-03,East,Widget C,SMB,Retail,2,372.43,744.86,15
ORD-003981,2023-01-15,East,Service Plan,Enterprise,Online,3,320.44,961.33,0
ORD-003982,2025-04-13,South,Widget C,Enterprise,Online,1,209.71,209.71,5
ORD-003983,2024-09-11,East,Gadget Y,SMB,Online,4,446.81,1787.22,15
ORD-003984,2023-07-28,South,Widget A,Enterprise,Online,2,333.64,667.28,0
ORD-003985,2024-05-17,North,Widget B,Consumer,Online,3,11.45,34.36,0
ORD-003986,2023-12-13,South,Widget C,SMB,Online,2,14.66,29.33,10
ORD-003987,2023-09-29,East,Widget A,Consumer,Partners,4,101.24,404.96,20
ORD-003988,2024-05-05,North,Widget A,Enterprise,Online,2,338.52,677.03,10
ORD-003989,2023-10-08,East,Widget A,Enterprise,Online,2,331.4,662.79,15
ORD-003990,2024-07-09,South,Widget A,SMB,Retail,4,166.85,667.4,0
ORD-003991,2025-03-27,East,Gadget X,Enterprise,Retail,3,337.91,1013.73,5
ORD-003992,2024-06-14,East,Gadget Y,SMB,Online,2,30.16,60.32,15
ORD-003993,2024-07-19,South,Gadget X,SMB,Partners,2,136.16,272.33,5
ORD-003994,2024-04-10,East,Service Plan,Enterprise,Online,3,76.24,228.73,5
ORD-003995,2023-01-04,East,Service Plan,Enterprise,Partners,2,312.51,625.01,0
ORD-003996,2024-06-28,East,Widget B,Enterprise,Retail,2,276.87,553.73,0
ORD-003997,2024-03-26,North,Widget C,SMB,Online,4,304.12,1216.49,0
ORD-003998,2024-03-13,West,Widget A,SMB,Online,3,23.15,69.44,0
ORD-003999,2025-01-08,South,Service Plan,SMB,Online,3,238.62,715.86,0
ORD-004000,2023-08-31,,Gadget Y,Consumer,Partners,2,396.84,793.69,0
ORD-004001,2024-03-05,South,Widget A,Enterprise,Online,3,283.02,849.05,5
ORD-004002,2024-10-08,North,Gadget X,Consumer,Retail,2,360.59,721.17,0
ORD-004003,2024-03-06,South,Widget A,Consumer,Partners,6,149.88,899.26,0
ORD-004004,2023-06-29,South,Gadget X,SMB,Online,5,403.16,2015.79,0
ORD-004005,2023-06-09,South,Widget B,SMB,Online,3,257.85,773.56,0
ORD-004006,2024-03-24,East,Gadget Y,Enterprise,Online,2,210.04,420.08,10
ORD-004007,2023-05-25,North,Gadget X,Consumer,Retail,4,315.74,1262.98,5
ORD-004008,2024-11-19,West,Widget A,Consumer,Retail,4,133.11,532.43,0
ORD-004009,2023-02-27,South,Gadget X,Consumer,Partners,3,128.55,385.65,0
ORD-004010,2024-05-19,West,Widget A,SMB,Online,3,74.8,224.4,10
ORD-004011,2023-01-14,South,Service Plan,SMB,Retail,6,315.26,1891.55,5
ORD-004012,2024-09-03,West,Gadget X,SMB,Online,2,132.89,265.78,0
ORD-004013,2024-05-01,West,Widget B,SMB,Partners,5,304.47,1522.35,0
ORD-004014,2023-01-22,South,Service Plan,SMB,Retail,1,136.17,136.17,0
ORD-004015,2024-02-09,South,Gadget X,SMB,Online,4,416.06,1664.23,15
ORD-004016,2024-03-15,South,Widget A,SMB,Online,1,47.15,47.15,5
ORD-004017,2023-10-08,West,Gadget Y,Consumer,Online,3,96.8,290.4,10
ORD-004018,2023-01-28,East,Widget A,SMB,Retail,1,459.29,459.29,0
ORD-004019,2024-12-13,West,Widget B,Consumer,Partners,4,352.51,1410.02,10
ORD-004020,2025-02-26,South,Widget A,Enterprise,Online,5,450.88,2254.42,0
ORD-004021,2024-08-05,West,Widget B,Enterprise,Online,2,59.3,118.61,10
ORD-004022,2025-04-27,West,Widget C,Enterprise,Online,4,41.31,165.23,0
ORD-004023,2024-11-13,North,Widget C,SMB,Retail,2,54.75,109.49,0
ORD-004024,2023-01-27,West,Service Plan,SMB,Retail,2,422.1,844.2,0
ORD-004025,2024-03-01,North,Widget A,Consumer,Online,1,480.46,480.46,5
ORD-004026,2023-07-27,West,Widget A,SMB,Retail,2,155.15,310.31,5
ORD-004027,2024-11-04,East,Widget B,Enterprise,Partners,2,269.36,538.72,0
ORD-004028,2023-10-06,South,Widget A,SMB,Partners,3,381.15,1143.45,15
ORD-004029,2025-01-15,East,Gadget X,Enterprise,Online,1,19.61,19.61,5
ORD-004030,2023-03-26,East,Widget B,Enterprise,Partners,6,103.59,621.56,0
ORD-004031,2023-06-30,North,Gadget X,SMB,Online,4,130.25,521.02,0
ORD-004032,2025-06-14,East,Widget C,Consumer,Retail,2,341.17,682.34,0
ORD-004033,2024-03-27,West,Widget A,Enterprise,Retail,2,363.89,727.77,0
ORD-004034,2023-05-30,South,Widget B,Consumer,Partners,2,214.53,429.07,5
ORD-004035,2023-08-23,West,Widget C,SMB,Online,4,331.85,1327.41,5
ORD-004036,2025-01-23,North,Gadget X,Enterprise,Online,4,329.48,1317.91,0
ORD-004037,2025-01-22,East,Widget C,SMB,Online,1,56.08,56.08,0
ORD-004038,2024-10-07,South,Widget A,SMB,Retail,6,291.47,1748.79,0
ORD-004039,2023-03-16,North,Gadget X,Enterprise,Retail,3,387.54,1162.61,5
ORD-004040,2023-05-09,South,Widget C,Consumer,Online,5,69.62,348.09,0
ORD-004041,2023-06-07,West,Widget B,SMB,Retail,2,435.24,870.48,0
ORD-004042,2024-09-15,West,Widget B,Enterprise,Online,5,330.05,1650.23,0
ORD-004043,2025-06-15,East,Widget C,Consumer,Online,3,126.51,379.54,5
ORD-004044,2023-03-16,West,Gadget X,SMB,Retail,3,326.49,979.46,0
ORD-004045,2024-03-18,West,Gadget Y,Enterprise,Retail,4,332.62,1330.48,5
ORD-004046,2023-01-22,West,Widget B,Enterprise,Online,1,151.53,151.53,0
ORD-004047,2024-03-17,South,Gadget X,Enterprise,Retail,6,373.91,2243.45,5
ORD-004048,2024-04-02,West,Gadget Y,SMB,Partners,5,376.52,1882.59,10
ORD-004049,2023-11-19,West,Widget A,Enterprise,Online,1,475.28,475.28,0
ORD-004050,2024-08-04,West,Widget C,Enterprise,Online,2,383.58,767.15,10
ORD-004051,2024-07-14,North,Widget A,Enterprise,Retail,1,266.17,266.17,5
ORD-004052,2023-07-23,West,Widget A,SMB,Online,3,247.95,743.85,5
ORD-004053,2024-06-12,West,Gadget Y,Enterprise,Retail,3,126.55,379.65,0
ORD-004054,2025-02-21,West,Widget C,Enterprise,Partners,3,339.87,1019.61,0
ORD-004055,2025-04-27,West,Widget A,Enterprise,Online,5,86.48,432.38,0
ORD-004056,2025-04-22,South,Widget A,SMB,Retail,3,176.56,529.69,0
ORD-004057,2023-04-17,,Widget B,Consumer,Partners,2,81.1,162.2,0
ORD-004058,2023-02-25,North,Widget B,SMB,Online,3,300.74,,10
ORD-004059,2024-03-03,North,Widget A,SMB,Online,2,77.02,154.05,0
ORD-004060,2024-01-01,West,Gadget X,Enterprise,Retail,2,409.74,819.49,5
ORD-004061,2025-03-08,North,Widget A,SMB,Partners,5,420.02,2100.12,0
ORD-004062,2023-03-21,North,Widget A,Consumer,Online,6,433.09,2598.56,0
ORD-004063,2025-06-04,East,Service Plan,Enterprise,Partners,4,415.33,1661.32,0
ORD-004064,2023-01-21,West,Widget A,SMB,Retail,4,158.32,633.3,0
ORD-004065,2024-06-19,South,Widget A,SMB,Retail,1,451.44,451.44,15
ORD-004066,2024-11-23,East,Widget C,Consumer,Online,4,375.5,1502.02,5
ORD-004067,2023-10-21,East,Gadget Y,SMB,Online,3,367.05,1101.14,5
ORD-004068,2024-07-15,West,Gadget X,Enterprise,Partners,3,334.28,1002.85,5
ORD-004069,2025-06-07,East,Widget C,Enterprise,Online,3,107.49,322.47,0
ORD-004070,2025-01-23,East,Widget B,SMB,Online,3,210.74,632.22,0
ORD-004071,2023-03-18,,Gadget X,Enterprise,Partners,3,192.6,577.81,0
ORD-004072,2024-06-12,South,Widget B,Enterprise,Online,3,156.6,,5
ORD-004073,2023-10-21,North,Gadget X,SMB,Online,3,475.88,1427.65,0
ORD-004074,2024-11-10,East,Gadget X,Enterprise,Partners,3,201.21,603.62,15
ORD-004075,2024-05-02,North,Gadget Y,Consumer,Online,2,375.91,751.83,5
ORD-004076,2023-01-02,South,Gadget X,Enterprise,Online,7,149.86,1049.03,10
ORD-004077,2023-03-26,South,Gadget Y,Enterprise,Online,3,334.56,1003.69,0
ORD-004078,2023-04-23,North,Widget C,Enterprise,Online,4,197.82,791.28,0
ORD-004079,2024-04-08,North,Widget A,SMB,Online,3,353.62,1060.86,5
ORD-004080,2023-06-28,East,Widget C,SMB,Retail,1,48.35,48.35,5
ORD-004081,2023-01-25,East,Widget B,Enterprise,Online,3,196.39,589.16,10
ORD-004082,2023-08-11,South,Widget C,Enterprise,Retail,4,137.93,551.74,0
ORD-004083,2023-09-14,North,Gadget X,SMB,Retail,4,66.16,264.66,5
ORD-004084,2024-02-08,North,Widget A,SMB,Partners,2,322.42,644.84,0
ORD-004085,2023-04-07,East,Widget C,SMB,Partners,1,206.36,206.36,5
ORD-004086,2024-02-02,South,Widget A,Enterprise,Online,2,322.48,644.96,10
ORD-004087,2024-04-25,North,Widget C,Enterprise,Online,2,457.87,915.74,5
ORD-004088,2024-10-05,North,Service Plan,SMB,Online,6,385.96,2315.73,5
ORD-004089,2023-09-10,South,Widget B,Enterprise,Partners,4,87.21,348.83,5
ORD-004090,2023-08-16,West,Widget B,SMB,Online,2,384.9,769.8,5
ORD-004091,2024-01-16,West,Widget A,SMB,Retail,3,448.77,1346.3,5
ORD-004092,2025-02-17,South,Widget B,SMB,Retail,2,423.33,846.66,10
ORD-004093,2023-05-08,East,Widget A,Consumer,Online,2,432.82,865.65,0
ORD-004094,2024-07-27,South,Widget B,SMB,Retail,6,468.06,2808.38,5
ORD-004095,2023-01-18,West,Gadget X,Enterprise,Partners,4,54.61,218.42,0
ORD-004096,2023-08-03,South,Gadget X,Consumer,Online,4,361.97,1447.87,5
ORD-004097,2025-05-09,East,Widget A,Enterprise,Online,2,100.25,200.49,5
ORD-004098,2023-09-26,West,Gadget X,Enterprise,Online,5,320.71,1603.54,0
ORD-004099,2023-06-18,South,Widget A,SMB,Online,3,430.95,1292.85,0
ORD-004100,2023-07-13,South,Widget A,SMB,Online,4,33.55,134.21,0
ORD-004101,2025-05-29,East,Gadget Y,SMB,Retail,3,367.17,1101.51,0
ORD-004102,2023-02-14,South,Gadget X,Consumer,Partners,5,238.36,1191.8,0
ORD-004103,2024-08-23,North,Widget A,Consumer,Partners,3,139.69,419.08,5
ORD-004104,2023-09-19,West,Service Plan,Consumer,Retail,2,485.44,970.89,0
ORD-004105,2025-03-14,North,Widget B,SMB,Online,2,160.23,320.46,0
ORD-004106,2024-03-05,North,Service Plan,Enterprise,Online,1,143.07,143.07,0
ORD-004107,2023-02-25,North,Service Plan,SMB,Retail,2,386.9,773.8,0
ORD-004108,2024-11-16,East,Gadget Y,Enterprise,Partners,1,195.73,195.73,0
ORD-004109,2023-05-18,North,Gadget X,SMB,Partners,3,390.52,1171.56,10
ORD-004110,2023-12-28,South,Widget B,SMB,Retail,8,242.64,1941.12,0
ORD-004111,2024-05-30,South,Widget A,Consumer,Online,2,181.37,362.74,0
ORD-004112,2024-06-29,East,Widget A,Enterprise,Retail,5,28.04,140.21,10
ORD-004113,2023-12-22,South,Widget A,SMB,Online,3,223.12,669.35,5
ORD-004114,2023-01-24,North,Gadget Y,SMB,Online,2,73.86,147.72,0
ORD-004115,2025-01-16,South,Widget A,SMB,Partners,4,392.27,1569.07,5
ORD-004116,2025-04-16,South,Gadget X,Enterprise,Online,2,442.87,885.74,0
ORD-004117,2024-05-13,South,Widget A,Consumer,Online,4,366.0,1464.01,5
ORD-004118,2025-04-03,West,Widget B,Enterprise,Retail,1,31.62,31.62,0
ORD-004119,2024-07-09,South,Gadget Y,Enterprise,Online,4,252.34,1009.37,10
ORD-004120,2025-01-24,East,Gadget X,SMB,Online,4,233.53,934.11,5
ORD-004121,2024-01-18,South,Widget C,Consumer,Partners,3,76.53,229.58,0
ORD-004122,2024-10-01,West,Gadget X,Consumer,Retail,3,347.46,1042.39,5
ORD-004123,2025-01-22,North,Widget B,Consumer,Online,2,473.64,947.28,0
ORD-004124,2023-05-27,North,Widget A,Enterprise,Retail,4,156.29,625.15,10
ORD-004125,2024-01-12,South,Gadget X,Enterprise,Online,3,287.23,861.69,0
ORD-004126,2024-07-24,East,Widget A,Enterprise,Retail,1,23.76,23.76,0
ORD-004127,2025-02-27,,Widget B,SMB,Online,1,35.0,35.0,0
ORD-004128,2024-09-09,South,Gadget X,Enterprise,Online,2,23.11,46.22,0
ORD-004129,2023-10-07,East,Widget B,Consumer,Online,2,466.09,932.18,0
ORD-004130,2024-09-05,South,Widget B,Consumer,Online,2,220.9,441.8,10
ORD-004131,2023-05-16,South,Widget B,SMB,Retail,5,167.64,838.21,15
ORD-004132,2024-05-09,West,Widget B,SMB,Retail,3,143.85,431.56,0
ORD-004133,2023-09-11,,Widget B,SMB,Online,1,92.05,92.05,0
ORD-004134,2023-09-30,West,Gadget X,Enterprise,Online,3,66.72,200.17,10
ORD-004135,2025-06-09,South,Widget A,Enterprise,Retail,2,265.51,531.02,0
ORD-004136,2025-04-04,South,Widget B,Enterprise,Online,4,89.4,357.58,5
ORD-004137,2023-10-12,South,Service Plan,SMB,Retail,3,230.26,690.79,10
ORD-004138,2025-05-12,East,Widget B,Enterprise,Partners,5,18.55,92.76,10
ORD-004139,2023-09-21,South,Gadget X,Enterprise,Retail,1,468.43,468.43,5
ORD-004140,2023-04-17,West,Widget B,SMB,Online,5,379.62,1898.08,5
ORD-004141,2023-08-20,North,Service Plan,SMB,Online,2,291.38,582.76,0
ORD-004142,2023-05-26,West,Widget A,Consumer,Partners,4,314.37,1257.48,5
ORD-004143,2024-12-17,North,Widget B,Consumer,Partners,2,488.7,977.39,0
ORD-004144,2025-02-02,East,Widget C,SMB,Retail,2,245.12,490.23,0
ORD-004145,2024-12-20,West,Widget A,Enterprise,Retail,3,366.45,1099.36,10
ORD-004146,2024-08-03,South,Widget C,SMB,Retail,5,457.74,2288.7,0
ORD-004147,2023-02-12,East,Widget C,Enterprise,Online,2,51.39,,5
ORD-004148,2024-09-05,South,Widget A,SMB,Retail,2,228.39,456.78,5
ORD-004149,2024-05-10,North,Service Plan,SMB,Retail,5,471.94,2359.72,0
ORD-004150,2025-04-10,East,Widget C,SMB,Retail,7,389.19,2724.32,0
ORD-004151,2024-06-06,South,Gadget X,SMB,Online,4,269.19,1076.76,0
ORD-004152,2023-07-13,East,Gadget X,Enterprise,Partners,3,244.05,732.14,0
ORD-004153,2025-03-19,South,Widget A,SMB,Partners,2,246.21,492.43,5
ORD-004154,2023-07-08,North,Service Plan,Consumer,Retail,5,180.55,902.77,5
ORD-004155,2024-08-02,West,Widget A,SMB,Online,4,353.47,1413.88,0
ORD-004156,2024-12-20,North,Service Plan,Enterprise,Online,4,184.85,739.38,0
ORD-004157,2024-07-15,East,Widget A,Consumer,Retail,4,384.17,1536.7,0
ORD-004158,2023-05-01,East,Widget A,SMB,Online,5,279.35,1396.75,0
ORD-004159,2023-01-21,West,Gadget X,SMB,Online,1,33.5,33.5,5
ORD-004160,2023-12-01,North,Widget C,Enterprise,Online,1,371.39,371.39,0
ORD-004161,2023-10-04,North,Widget A,SMB,Retail,5,115.74,578.72,0
ORD-004162,2024-07-27,South,Gadget Y,Consumer,Retail,1,471.25,471.25,5
ORD-004163,2023-10-24,North,Service Plan,Enterprise,Retail,1,268.11,268.11,5
ORD-004164,2025-03-28,North,Gadget X,SMB,Retail,3,175.8,527.39,5
ORD-004165,2025-05-18,West,Widget A,Enterprise,Online,3,208.37,625.11,10
ORD-004166,2024-10-08,West,Widget B,Enterprise,Retail,1,25.78,25.78,5
ORD-004167,2024-04-10,North,Gadget X,Enterprise,Online,4,148.2,592.8,0
ORD-004168,2025-05-08,East,Widget B,SMB,Retail,2,39.96,79.93,10
ORD-004169,2023-05-19,North,Widget B,SMB,Online,1,194.3,194.3,5
ORD-004170,2023-07-15,North,Widget A,Enterprise,Retail,1,298.01,298.01,0
ORD-004171,2025-04-09,West,Widget C,Consumer,Partners,2,160.79,321.59,5
ORD-004172,2025-06-12,West,Widget C,SMB,Online,2,193.95,387.89,0
ORD-004173,2023-04-29,North,Widget C,SMB,Online,2,498.47,996.94,0
ORD-004174,2024-07-25,South,Widget B,Consumer,Online,2,219.97,439.93,10
ORD-004175,2024-08-15,South,Widget B,SMB,Online,3,386.6,1159.81,10
ORD-004176,2023-10-29,North,Widget B,Enterprise,Retail,1,277.1,277.1,20
ORD-004177,2023-09-05,North,Widget A,Enterprise,Online,3,280.19,840.58,0
ORD-004178,2024-07-01,North,Widget C,Enterprise,Online,2,174.27,348.55,0
ORD-004179,2024-01-18,East,Gadget X,SMB,Online,2,11.38,22.76,0
ORD-004180,2023-12-04,South,Widget B,Enterprise,Partners,5,165.32,826.59,10
ORD-004181,2023-03-11,East,Widget B,SMB,Retail,4,462.84,1851.36,15
ORD-004182,2023-06-16,South,Widget C,Consumer,Online,3,233.02,699.06,0
ORD-004183,2023-11-14,North,Service Plan,SMB,Online,4,285.9,1143.6,10
ORD-004184,2024-03-27,North,Widget A,SMB,Partners,1,52.27,52.27,5
ORD-004185,2023-01-28,West,Widget A,Consumer,Online,3,406.91,1220.74,5
ORD-004186,2023-07-26,South,Widget A,SMB,Online,1,305.1,305.1,15
ORD-004187,2024-07-22,North,Widget A,Enterprise,Online,2,353.16,706.32,20
ORD-004188,2023-05-13,South,Widget C,Enterprise,Retail,4,414.34,1657.35,15
ORD-004189,2025-03-30,East,Widget B,SMB,Online,3,104.26,312.79,5
ORD-004190,2025-06-13,South,Gadget X,Consumer,Partners,5,119.95,599.77,15
ORD-004191,2025-03-13,North,Widget B,Enterprise,Retail,5,453.94,2269.68,0
ORD-004192,2023-02-13,West,Gadget Y,SMB,Online,3,188.16,564.47,0
ORD-004193,2024-12-25,West,Widget A,Enterprise,Online,2,238.14,476.28,0
ORD-004194,2023-01-14,West,Widget A,Enterprise,Online,2,39.26,78.52,0
ORD-004195,2023-06-28,West,Service Plan,Consumer,Partners,2,29.27,58.53,0
ORD-004196,2024-01-31,South,Widget A,Enterprise,Retail,3,130.17,390.52,5
ORD-004197,2025-06-03,North,Gadget X,SMB,Retail,8,99.82,798.56,5
ORD-004198,2024-12-26,West,Service Plan,Enterprise,Online,3,141.97,425.9,0
ORD-004199,2025-06-16,East,Gadget Y,Consumer,Online,6,429.61,2577.68,0
ORD-004200,2024-04-06,West,Gadget X,SMB,Online,2,266.23,532.46,0
ORD-004201,2023-11-12,East,Widget A,SMB,Online,3,152.58,457.73,0
ORD-004202,2023-12-06,South,Widget B,SMB,Online,4,52.53,210.14,5
ORD-004203,2024-07-08,East,Service Plan,SMB,Retail,3,197.76,593.27,0
ORD-004204,2023-09-28,East,Widget B,SMB,Retail,3,122.82,368.47,5
ORD-004205,2025-01-06,West,Widget A,SMB,Online,3,454.28,1362.84,10
ORD-004206,2025-04-05,West,Widget A,SMB,Retail,1,212.69,212.69,5
ORD-004207,2025-01-19,North,Widget A,Enterprise,Online,2,486.24,972.48,5
ORD-004208,2023-10-09,South,Widget B,Consumer,Online,1,495.57,495.57,0
ORD-004209,2025-03-01,North,Widget A,SMB,Online,4,345.61,1382.44,0
ORD-004210,2025-06-08,East,Widget A,SMB,Online,4,458.48,1833.94,0
ORD-004211,2023-01-10,South,Widget A,Enterprise,Partners,2,413.77,827.54,0
ORD-004212,2024-02-01,West,Widget C,Consumer,Partners,3,420.58,1261.75,5
ORD-004213,2024-04-25,South,Widget A,SMB,Retail,4,144.16,576.65,5
ORD-004214,2023-11-27,West,Service Plan,Enterprise,Retail,2,8.82,17.64,5
ORD-004215,2024-08-02,South,Widget B,Consumer,Partners,6,402.24,2413.44,0
ORD-004216,2024-06-25,East,Widget C,Consumer,Online,1,497.34,497.34,0
ORD-004217,2023-02-11,West,Widget A,SMB,Online,2,418.28,836.56,0
ORD-004218,2025-05-07,East,Widget C,SMB,Online,2,14.22,28.43,0
ORD-004219,2024-11-28,North,Widget A,SMB,Partners,3,433.73,1301.2,0
ORD-004220,2023-08-04,North,Gadget Y,Enterprise,Online,4,405.41,1621.65,10
ORD-004221,2023-10-19,East,Gadget Y,Enterprise,Partners,3,252.15,756.45,5
ORD-004222,2023-11-07,North,Widget C,Enterprise,Online,4,330.89,1323.57,5
ORD-004223,2025-05-22,North,Widget A,Enterprise,Online,2,442.87,885.74,0
ORD-004224,2023-04-27,South,Gadget Y,Enterprise,Retail,2,174.31,348.62,0
ORD-004225,2023-11-19,North,Gadget X,Consumer,Retail,1,312.78,312.78,0
ORD-004226,2025-05-09,North,Widget A,Enterprise,Partners,1,191.85,191.85,0
ORD-004227,2025-01-25,West,Widget A,Enterprise,Online,3,197.24,591.73,0
ORD-004228,2025-05-12,West,Gadget Y,Enterprise,Partners,3,414.64,1243.91,0
ORD-004229,2024-11-23,West,Gadget X,Consumer,Retail,1,216.61,216.61,0
ORD-004230,2024-02-16,East,Gadget X,Enterprise,Online,4,240.7,962.81,5
ORD-004231,2024-04-09,East,Widget A,SMB,Partners,7,33.3,233.08,20
ORD-004232,2024-04-29,North,Gadget X,Enterprise,Online,7,461.56,3230.94,5
ORD-004233,2024-11-02,South,Widget A,Consumer,Online,4,177.96,711.83,5
ORD-004234,2025-03-16,South,Widget C,Consumer,Partners,3,108.0,323.99,0
ORD-004235,2024-03-10,South,Widget A,SMB,Retail,3,157.86,473.57,5
ORD-004236,2025-03-16,South,Gadget X,Enterprise,Online,5,444.06,2220.28,0
ORD-004237,2024-11-10,South,Widget B,Consumer,Online,5,279.36,1396.8,0
ORD-004238,2024-01-01,West,Widget A,SMB,Online,1,196.85,196.85,15
ORD-004239,2024-11-23,West,Widget A,SMB,Online,1,121.99,121.99,5
ORD-004240,2023-10-28,East,Widget C,SMB,Retail,3,39.67,119.02,10
ORD-004241,2023-03-19,East,Widget B,Enterprise,Partners,1,9.87,9.87,10
ORD-004242,2023-08-24,South,Gadget X,Consumer,Retail,5,20.03,100.13,0
ORD-004243,2024-01-27,South,Widget C,SMB,Online,4,357.1,1428.41,0
ORD-004244,2023-05-25,East,Widget A,SMB,Retail,1,180.36,180.36,0
ORD-004245,2023-09-02,East,Gadget X,Enterprise,Online,4,53.11,212.46,5
ORD-004246,2023-11-23,North,Widget A,Consumer,Partners,1,445.27,445.27,5
ORD-004247,2024-05-22,,Widget A,SMB,Partners,5,292.19,1460.93,0
ORD-004248,2023-10-13,West,Widget A,Enterprise,Online,3,135.93,407.79,15
ORD-004249,2023-05-21,North,Widget B,Enterprise,Retail,3,13.17,39.5,0
ORD-004250,2024-01-28,South,Widget B,SMB,Online,1,52.06,,0
ORD-004251,2024-09-25,East,Widget A,Enterprise,Online,4,243.63,974.52,15
ORD-004252,2023-05-15,East,Widget B,SMB,Partners,2,74.02,148.04,15
ORD-004253,2024-03-10,South,Gadget X,Enterprise,Retail,4,73.21,292.83,5
ORD-004254,2024-01-27,South,Widget A,Enterprise,Online,5,291.92,,10
ORD-004255,2024-07-02,West,Gadget X,Enterprise,Partners,3,63.45,190.34,5
ORD-004256,2024-04-06,North,Gadget X,Enterprise,Online,1,121.16,121.16,0
ORD-004257,2023-05-14,West,Gadget X,SMB,Online,3,302.48,907.43,5
ORD-004258,2024-11-30,East,Widget A,Consumer,Online,6,23.46,140.76,0
ORD-004259,2025-02-08,South,Gadget X,Enterprise,Online,2,231.1,462.2,0
ORD-004260,2024-09-20,North,Widget B,SMB,Online,3,120.75,362.25,5
ORD-004261,2023-03-08,East,Gadget X,Consumer,Retail,2,312.12,624.24,0
ORD-004262,2024-04-23,South,Widget B,Consumer,Partners,3,370.81,1112.43,0
ORD-004263,2024-06-28,West,Widget B,Enterprise,Partners,1,91.42,91.42,10
ORD-004264,2024-07-29,South,Widget A,Enterprise,Online,2,432.74,865.48,15
ORD-004265,2025-01-29,South,Widget A,SMB,Retail,5,452.81,2264.04,10
ORD-004266,2023-10-22,West,Gadget X,SMB,Online,2,452.18,904.35,0
ORD-004267,2023-05-07,South,Widget B,SMB,Retail,4,191.52,766.06,10
ORD-004268,2024-12-10,West,Widget B,Enterprise,Retail,1,428.33,428.33,0
ORD-004269,2024-07-27,South,Gadget Y,Enterprise,Retail,5,171.63,858.15,0
ORD-004270,2023-05-06,East,Gadget X,Enterprise,Retail,5,202.43,1012.16,0
ORD-004271,2024-12-27,West,Gadget X,Consumer,Partners,2,164.56,329.12,5
ORD-004272,2023-03-27,West,Widget A,Enterprise,Retail,5,397.65,1988.23,10
ORD-004273,2024-06-10,West,Gadget X,Enterprise,Online,6,340.32,2041.92,5
ORD-004274,2025-05-11,South,Gadget X,SMB,Partners,1,281.93,281.93,0
ORD-004275,2024-12-15,South,Service Plan,Enterprise,Online,6,383.74,2302.42,5
ORD-004276,2025-03-06,South,Gadget X,Enterprise,Partners,2,153.27,306.54,15
ORD-004277,2025-03-02,West,Gadget X,Enterprise,Partners,4,439.4,1757.6,0
ORD-004278,2025-01-24,West,Widget B,SMB,Retail,5,218.63,1093.15,5
ORD-004279,2024-05-11,,Widget A,Enterprise,Online,3,291.49,874.47,10
ORD-004280,2025-06-03,East,Widget C,Enterprise,Online,1,204.25,204.25,0
ORD-004281,2023-09-03,East,Widget A,Enterprise,Online,2,115.71,231.41,5
ORD-004282,2023-05-13,East,Gadget X,SMB,Partners,2,240.47,480.93,0
ORD-004283,2023-07-10,South,Widget A,Consumer,Online,3,251.95,755.86,5
ORD-004284,2025-04-05,East,Widget A,SMB,Partners,2,269.59,539.19,5
ORD-004285,2024-03-23,West,Gadget Y,SMB,Retail,4,399.82,1599.3,15
ORD-004286,2024-07-12,South,Widget B,Enterprise,Online,3,143.8,431.41,0
ORD-004287,2023-06-26,West,Widget A,SMB,Online,2,275.39,550.79,0
ORD-004288,2025-02-09,West,Gadget Y,SMB,Retail,2,389.65,779.29,0
ORD-004289,2024-06-30,West,Widget B,Enterprise,Partners,2,456.48,912.96,0
ORD-004290,2023-05-17,North,Gadget X,Enterprise,Online,2,393.58,787.17,0
ORD-004291,2023-08-22,East,Service Plan,SMB,Partners,4,125.42,501.68,5
ORD-004292,2024-05-23,East,Widget B,SMB,Online,5,386.78,1933.88,5
ORD-004293,2024-09-22,East,Widget A,Enterprise,Retail,2,66.43,132.85,10
ORD-004294,2025-05-28,West,Service Plan,SMB,Retail,2,76.57,153.14,0
ORD-004295,2023-12-11,East,Gadget Y,Enterprise,Partners,3,328.92,986.77,0
ORD-004296,2023-05-25,South,Gadget X,Consumer,Retail,3,231.1,693.29,0
ORD-004297,2023-10-02,East,Widget C,SMB,Retail,5,356.7,1783.49,0
ORD-004298,2023-11-14,West,Widget C,Enterprise,Online,4,333.4,1333.62,0
ORD-004299,2025-05-29,South,Widget B,Enterprise,Retail,4,24.02,96.1,5
ORD-004300,2025-06-17,East,Widget A,Enterprise,Online,3,456.69,1370.07,5
ORD-004301,2024-09-18,North,Widget C,SMB,Partners,2,50.05,100.09,15
ORD-004302,2024-12-16,South,Service Plan,Consumer,Partners,2,404.71,809.42,0
ORD-004303,2025-06-18,North,Widget A,Consumer,Partners,3,487.89,1463.68,5
ORD-004304,2023-01-09,North,Widget A,Enterprise,Retail,3,257.35,772.06,0
ORD-004305,2024-07-12,,Gadget X,Consumer,Partners,2,280.09,560.18,5
ORD-004306,2025-03-05,West,Service Plan,Consumer,Online,5,156.56,782.81,5
ORD-004307,2024-11-22,South,Widget C,Consumer,Online,2,60.23,120.47,0
ORD-004308,2024-07-30,North,Widget A,Consumer,Online,4,474.52,1898.06,15
ORD-004309,2025-06-02,West,Widget A,Consumer,Online,2,476.13,952.25,0
ORD-004310,2024-01-10,West,Gadget Y,Consumer,Retail,3,365.59,1096.76,5
ORD-004311,2024-01-11,North,Widget B,Enterprise,Online,4,80.39,321.55,0
ORD-004312,2024-10-25,West,Gadget Y,Enterprise,Online,2,318.12,636.24,0
ORD-004313,2024-03-01,North,Widget B,Enterprise,Online,4,23.41,93.64,5
ORD-004314,2024-12-17,South,Gadget X,SMB,Retail,5,356.51,1782.55,5
ORD-004315,2025-02-17,West,Gadget X,Enterprise,Online,1,390.62,390.62,0
ORD-004316,2024-09-06,South,Widget B,SMB,Retail,3,160.87,482.61,5
ORD-004317,2024-09-01,North,Service Plan,Enterprise,Online,2,177.99,355.97,5
ORD-004318,2024-04-03,East,Widget B,SMB,Online,2,334.66,669.32,0
ORD-004319,2023-05-06,East,Widget C,Enterprise,Online,2,427.5,855.0,5
ORD-004320,2024-02-04,East,Gadget X,Enterprise,Retail,3,397.79,1193.37,0
ORD-004321,2023-04-01,East,Gadget Y,SMB,Retail,2,147.14,294.27,20
ORD-004322,2024-07-31,East,Gadget X,SMB,Retail,1,102.34,102.34,0
ORD-004323,2024-12-20,West,Gadget X,SMB,Online,3,187.29,561.87,0
ORD-004324,2024-04-09,East,Widget B,Enterprise,Partners,3,479.1,1437.3,5
ORD-004325,2024-03-21,East,Gadget X,Enterprise,Online,2,206.27,412.55,5
ORD-004326,2025-05-12,South,Service Plan,Enterprise,Online,2,22.15,44.3,5
ORD-004327,2024-07-26,South,Widget A,SMB,Online,4,343.97,1375.87,5
ORD-004328,2023-04-27,East,Gadget X,Enterprise,Online,1,152.5,152.5,0
ORD-004329,2024-09-27,West,Service Plan,Enterprise,Partners,4,438.33,1753.34,5
ORD-004330,2024-09-15,East,Widget B,SMB,Online,1,55.2,55.2,0
ORD-004331,2023-05-22,East,Service Plan,Enterprise,Retail,3,315.22,945.65,5
ORD-004332,2023-04-19,West,Widget B,SMB,Online,2,491.31,982.62,10
ORD-004333,2025-04-05,South,Gadget Y,SMB,Retail,4,440.41,1761.65,10
ORD-004334,2023-09-13,South,Gadget Y,Enterprise,Online,3,311.02,933.05,0
ORD-004335,2024-09-22,South,Widget A,SMB,Online,4,80.43,321.72,0
ORD-004336,2023-11-11,South,Gadget Y,SMB,Retail,2,447.59,895.17,0
ORD-004337,2024-05-16,West,Widget A,Enterprise,Online,5,92.07,460.37,5
ORD-004338,2023-04-27,,Widget A,Enterprise,Retail,5,37.97,189.84,0
ORD-004339,2023-12-21,East,Service Plan,Consumer,Online,2,139.16,278.31,0
ORD-004340,2025-05-16,North,Service Plan,Consumer,Retail,2,118.0,236.0,5
ORD-004341,2023-04-08,West,Widget B,Enterprise,Retail,3,357.66,1072.99,0
ORD-004342,2025-05-21,South,Widget C,SMB,Retail,4,391.22,1564.89,0
ORD-004343,2024-04-23,South,Widget C,Consumer,Online,3,217.77,653.31,0
ORD-004344,2025-01-24,East,Widget A,SMB,Online,1,356.2,356.2,0
ORD-004345,2023-10-11,South,Widget A,SMB,Partners,2,242.33,484.66,0
ORD-004346,2024-02-23,West,Widget A,SMB,Online,2,287.69,575.38,5
ORD-004347,2024-04-01,North,Gadget Y,SMB,Retail,2,424.94,849.87,0
ORD-004348,2024-01-05,East,Service Plan,Enterprise,Online,2,60.86,121.73,15
ORD-004349,2024-08-04,South,Widget C,SMB,Retail,6,402.88,2417.28,5
ORD-004350,2024-09-21,West,Widget A,SMB,Partners,3,348.74,1046.22,0
ORD-004351,2023-05-11,North,Gadget X,Enterprise,Online,3,139.27,417.82,0
ORD-004352,2023-11-27,West,Widget A,Consumer,Online,4,432.18,1728.74,10
ORD-004353,2024-09-04,West,Widget A,Consumer,Online,4,254.07,1016.3,5
ORD-004354,2023-09-01,West,Widget A,Enterprise,Online,2,430.06,860.13,0
ORD-004355,2023-01-17,South,Gadget X,SMB,Retail,2,91.19,182.37,5
ORD-004356,2023-12-19,East,Widget B,Enterprise,Online,6,434.72,2608.35,5
ORD-004357,2023-05-27,East,Widget A,Consumer,Online,2,440.27,880.54,5
ORD-004358,2024-01-21,South,Gadget Y,SMB,Retail,2,244.61,489.22,0
ORD-004359,2023-06-13,South,Gadget X,Enterprise,Online,2,353.94,707.88,10
ORD-004360,2023-07-27,East,Widget A,SMB,Online,2,275.71,551.42,5
ORD-004361,2023-12-05,West,Widget B,Consumer,Online,4,366.45,1465.82,5
ORD-004362,2023-07-25,East,Gadget X,Enterprise,Online,5,98.8,494.02,0
ORD-004363,2024-08-15,South,Widget A,Enterprise,Partners,4,224.24,896.95,0
ORD-004364,2024-01-12,West,Widget A,Enterprise,Online,3,473.35,1420.06,0
ORD-004365,2023-08-12,North,Widget A,SMB,Online,3,381.91,1145.74,5
ORD-004366,2023-01-27,North,Gadget Y,Consumer,Retail,2,27.06,54.11,15
ORD-004367,2023-02-10,West,Widget C,Enterprise,Retail,3,78.99,236.98,0
ORD-004368,2024-05-03,North,Gadget X,SMB,Online,5,243.43,1217.16,0
ORD-004369,2025-04-01,West,Widget A,SMB,Online,2,383.51,767.02,5
ORD-004370,2025-03-29,East,Widget B,SMB,Retail,4,90.57,362.28,0
ORD-004371,2024-02-04,East,Gadget Y,Enterprise,Retail,5,36.17,180.87,5
ORD-004372,2024-07-12,West,Widget A,Enterprise,Retail,3,41.68,125.05,0
ORD-004373,2025-02-16,East,Widget A,SMB,Online,1,110.9,110.9,0
ORD-004374,2025-05-11,South,Gadget X,Consumer,Retail,2,440.04,880.07,5
ORD-004375,2024-11-12,North,Widget B,Enterprise,Partners,2,365.12,730.24,5
ORD-004376,2024-12-22,South,Gadget X,Consumer,Online,8,217.08,1736.61,0
ORD-004377,2024-12-15,West,Widget A,Enterprise,Partners,3,89.71,269.13,0
ORD-004378,2024-05-08,West,Gadget X,Enterprise,Online,2,81.74,163.47,0
ORD-004379,2023-05-09,South,Widget C,Enterprise,Online,1,274.69,274.69,10
ORD-004380,2023-10-11,North,Widget A,Consumer,Retail,1,315.03,315.03,10
ORD-004381,2025-05-20,South,Service Plan,Enterprise,Partners,4,341.72,1366.89,0
ORD-004382,2023-04-21,East,Widget A,SMB,Online,1,67.39,67.39,5
ORD-004383,2024-04-11,East,Gadget X,Enterprise,Online,1,304.76,304.76,0
ORD-004384,2025-03-14,South,Widget C,Enterprise,Partners,4,48.99,195.94,0
ORD-004385,2023-04-19,South,Service Plan,Enterprise,Online,3,199.47,598.41,0
ORD-004386,2024-03-08,North,Widget A,SMB,Partners,5,233.91,1169.57,0
ORD-004387,2024-07-12,South,Gadget X,Enterprise,Online,2,331.83,663.67,5
ORD-004388,2024-05-20,East,Widget A,Consumer,Retail,1,307.63,307.63,5
ORD-004389,2023-06-28,East,Gadget X,SMB,Online,3,437.15,1311.44,5
ORD-004390,2024-03-16,South,Widget A,SMB,Retail,3,107.09,321.27,5
ORD-004391,2024-08-02,West,Widget B,SMB,Partners,2,381.79,763.58,0
ORD-004392,2024-05-21,West,Gadget X,SMB,Retail,3,265.03,795.09,15
ORD-004393,2023-12-06,North,Widget A,SMB,Online,3,474.19,1422.56,0
ORD-004394,2025-02-11,West,Gadget Y,Enterprise,Partners,2,12.19,24.38,5
ORD-004395,2024-03-30,East,Service Plan,SMB,Partners,7,409.76,2868.35,0
ORD-004396,2023-07-20,West,Gadget X,Enterprise,Partners,2,434.72,869.44,0
ORD-004397,2024-11-06,West,Widget C,Enterprise,Retail,2,345.9,691.81,0
ORD-004398,2024-06-13,West,Service Plan,Enterprise,Partners,4,461.74,1846.94,0
ORD-004399,2023-07-01,West,Widget B,Enterprise,Online,4,254.88,1019.5,10
ORD-004400,2025-03-15,North,Gadget Y,Enterprise,Retail,3,86.39,259.16,10
ORD-004401,2023-04-02,South,Widget A,Consumer,Retail,2,105.82,211.64,5
ORD-004402,2023-05-22,South,Widget C,SMB,Online,2,257.32,514.64,0
ORD-004403,2024-08-20,East,Widget C,SMB,Partners,2,446.68,893.36,5
ORD-004404,2023-06-17,East,Widget A,SMB,Retail,7,463.08,3241.55,5
ORD-004405,2024-12-25,South,Gadget X,Consumer,Partners,1,478.93,478.93,0
ORD-004406,2023-04-10,South,Widget A,SMB,Online,1,155.77,155.77,0
ORD-004407,2025-01-15,South,Widget C,SMB,Online,2,443.74,887.48,5
ORD-004408,2023-09-10,South,Gadget X,SMB,Retail,2,99.96,199.92,10
ORD-004409,2023-09-11,East,Widget C,SMB,Partners,2,422.18,844.35,5
ORD-004410,2025-03-21,North,Widget A,Enterprise,Online,1,499.88,499.88,0
ORD-004411,2024-01-09,West,Gadget X,Consumer,Online,2,42.39,84.77,0
ORD-004412,2024-03-12,East,Widget A,Enterprise,Online,3,46.81,140.42,5
ORD-004413,2024-10-09,East,Service Plan,Enterprise,Online,1,465.41,465.41,0
ORD-004414,2024-04-22,North,Widget A,SMB,Online,2,278.44,556.89,10
ORD-004415,2023-08-06,East,Widget A,SMB,Retail,4,198.95,795.8,0
ORD-004416,2023-02-12,North,Widget A,Consumer,Online,4,50.17,200.69,5
ORD-004417,2023-10-10,West,Gadget X,Enterprise,Retail,2,291.47,582.95,15
ORD-004418,2024-11-03,North,Widget B,Enterprise,Partners,2,294.22,588.45,0
ORD-004419,2024-07-27,South,Service Plan,Enterprise,Online,5,377.71,1888.55,10
ORD-004420,2024-09-24,West,Gadget X,SMB,Online,3,148.32,444.97,10
ORD-004421,2024-10-01,East,Widget B,Enterprise,Retail,3,248.32,744.96,0
ORD-004422,2023-07-03,South,Service Plan,Enterprise,Partners,2,439.9,879.79,20
ORD-004423,2023-08-26,,Widget C,Enterprise,Online,3,260.93,782.78,0
ORD-004424,2025-04-07,West,Widget B,Enterprise,Retail,2,179.34,358.68,5
ORD-004425,2023-06-29,South,Widget A,SMB,Retail,1,396.38,396.38,0
ORD-004426,2025-05-21,South,Gadget Y,SMB,Retail,2,6.84,13.67,10
ORD-004427,2024-11-15,West,Widget C,SMB,Online,1,284.58,284.58,5
ORD-004428,2023-11-30,South,Gadget X,Enterprise,Online,1,489.85,489.85,5
ORD-004429,2023-12-14,North,Widget A,SMB,Retail,3,290.3,870.9,0
ORD-004430,2024-12-27,North,Widget B,SMB,Online,5,444.26,2221.32,5
ORD-004431,2024-03-04,East,Gadget X,Enterprise,Partners,5,192.44,962.2,5
ORD-004432,2023-01-17,South,Gadget X,SMB,Online,4,427.86,1711.46,5
ORD-004433,2024-01-23,East,Widget B,Consumer,Retail,2,184.63,369.25,0
ORD-004434,2023-10-20,East,Gadget Y,Enterprise,Online,1,341.14,341.14,0
ORD-004435,2025-03-13,West,Gadget X,SMB,Retail,3,16.71,50.13,0
ORD-004436,2023-08-13,South,Widget C,SMB,Retail,4,231.24,924.96,5
ORD-004437,2023-06-09,East,Widget A,SMB,Online,3,294.58,883.75,0
ORD-004438,2023-07-08,East,Widget A,Enterprise,Retail,1,13.34,13.34,5
ORD-004439,2025-01-20,East,Gadget X,SMB,Online,2,440.1,880.19,0
ORD-004440,2023-03-12,East,Gadget X,Enterprise,Retail,2,359.1,718.2,0
ORD-004441,2024-11-04,South,Widget A,SMB,Online,3,347.21,1041.64,5
ORD-004442,2024-01-17,South,Widget A,SMB,Retail,5,11.47,57.33,5
ORD-004443,2024-03-17,East,Gadget Y,Consumer,Partners,4,138.8,555.19,10
ORD-004444,2023-09-18,North,Gadget X,Enterprise,Online,3,442.53,1327.59,0
ORD-004445,2024-06-13,East,Widget A,Consumer,Online,1,389.61,389.61,0
ORD-004446,2024-03-22,South,Gadget Y,Enterprise,Online,5,11.0,54.99,15
ORD-004447,2023-05-05,West,Gadget X,SMB,Retail,1,469.06,469.06,5
ORD-004448,2024-07-12,South,Gadget Y,Enterprise,Online,3,56.11,168.33,0
ORD-004449,2024-05-18,North,Widget A,Enterprise,Partners,2,372.67,745.34,0
ORD-004450,2024-05-08,East,Widget B,Consumer,Online,3,73.29,219.88,5
ORD-004451,2024-05-09,West,Widget B,Enterprise,Retail,4,494.01,1976.03,15
ORD-004452,2025-06-18,East,Gadget Y,Enterprise,Retail,3,300.54,901.62,0
ORD-004453,2024-06-08,West,Widget B,Consumer,Partners,2,269.3,538.6,15
ORD-004454,2024-05-04,East,Gadget X,Enterprise,Online,2,127.71,255.42,5
ORD-004455,2025-06-13,East,Widget B,SMB,Online,2,226.19,452.39,0
ORD-004456,2023-04-26,South,Service Plan,Enterprise,Online,3,218.49,655.47,0
ORD-004457,2024-12-03,South,Gadget Y,Consumer,Online,1,39.27,39.27,0
ORD-004458,2023-12-19,West,Widget A,Enterprise,Online,3,247.64,742.93,5
ORD-004459,2023-05-15,South,Widget C,Consumer,Online,5,65.06,325.29,0
ORD-004460,2024-10-05,North,Widget C,SMB,Retail,3,98.97,296.91,0
ORD-004461,2023-09-28,East,Widget A,Enterprise,Online,1,239.41,239.41,0
ORD-004462,2024-09-25,West,Service Plan,Consumer,Retail,2,166.37,332.73,5
ORD-004463,2023-08-12,West,Widget A,Enterprise,Online,4,122.51,490.03,10
ORD-004464,2023-01-06,South,Widget B,Enterprise,Partners,4,263.3,1053.19,0
ORD-004465,2024-02-22,West,Widget A,Enterprise,Retail,3,236.09,708.26,0
ORD-004466,2024-06-11,East,Widget C,Enterprise,Online,2,107.6,215.2,5
ORD-004467,2025-05-25,South,Gadget X,SMB,Partners,2,231.94,463.88,0
ORD-004468,2024-03-08,West,Widget A,Enterprise,Online,4,76.65,306.61,5
ORD-004469,2023-10-09,East,Widget A,SMB,Online,2,21.54,43.07,0
ORD-004470,2023-10-02,East,Widget B,Consumer,Retail,5,295.61,1478.06,5
ORD-004471,2023-05-12,South,Gadget X,Enterprise,Retail,3,36.34,109.03,0
ORD-004472,2025-04-21,South,Widget B,Enterprise,Online,6,90.54,543.22,0
ORD-004473,2025-06-06,North,Gadget Y,Enterprise,Online,2,363.41,726.82,0
ORD-004474,2023-12-10,East,Service Plan,SMB,Retail,3,145.19,435.58,5
ORD-004475,2023-12-26,West,Widget A,Consumer,Online,4,212.48,849.93,5
ORD-004476,2023-03-06,North,Widget A,Enterprise,Partners,4,314.64,1258.57,0
ORD-004477,2023-12-18,East,Gadget X,SMB,Partners,3,107.61,322.82,0
ORD-004478,2024-10-11,South,Gadget Y,SMB,Partners,4,33.61,134.45,20
ORD-004479,2023-03-02,North,Widget B,Enterprise,Online,2,356.22,712.44,5
ORD-004480,2023-09-21,North,Widget B,Enterprise,Partners,2,77.4,154.8,0
ORD-004481,2024-12-18,North,Gadget X,Consumer,Retail,3,364.56,1093.69,0
ORD-004482,2025-02-02,North,Widget B,Enterprise,Partners,4,477.55,1910.2,0
ORD-004483,2024-04-21,East,Widget B,SMB,Online,5,213.68,1068.41,0
ORD-004484,2025-04-06,South,Gadget X,SMB,Online,4,283.97,1135.9,0
ORD-004485,2025-05-11,North,Widget B,Consumer,Online,2,277.74,555.49,10
ORD-004486,2023-02-10,South,Widget C,SMB,Partners,1,178.51,178.51,0
ORD-004487,2024-09-06,East,Widget C,Enterprise,Online,7,205.52,1438.66,0
ORD-004488,2024-04-05,East,Widget B,Enterprise,Retail,2,168.91,337.82,0
ORD-004489,2024-04-01,West,Service Plan,Enterprise,Retail,3,493.62,1480.86,0
ORD-004490,2024-09-23,North,Gadget X,Consumer,Online,4,498.86,1995.43,5
ORD-004491,2023-10-06,South,Widget C,SMB,Online,3,313.37,940.11,0
ORD-004492,2024-08-05,North,Widget B,Consumer,Online,1,80.34,80.34,0
ORD-004493,2024-11-30,West,Gadget X,Enterprise,Retail,5,365.0,1824.98,10
ORD-004494,2024-10-05,South,Service Plan,Enterprise,Online,1,211.26,211.26,0
ORD-004495,2025-03-01,North,Gadget X,Enterprise,Online,1,353.6,353.6,10
ORD-004496,2024-12-21,West,Widget A,SMB,Retail,1,365.56,365.56,0
ORD-004497,2023-05-23,West,Gadget X,Consumer,Online,4,493.26,1973.05,0
ORD-004498,2023-11-07,South,Widget B,SMB,Partners,5,26.29,131.44,0
ORD-004499,2023-04-04,East,Gadget Y,Enterprise,Online,5,252.66,1263.31,5
ORD-004500,2023-01-18,East,Widget B,Enterprise,Online,4,349.26,1397.04,15
ORD-004501,2023-10-16,West,Gadget X,Enterprise,Online,3,173.92,521.77,0
ORD-004502,2024-06-26,West,Widget B,Enterprise,Retail,4,45.98,183.92,10
ORD-004503,2024-05-27,East,Gadget X,SMB,Partners,3,206.82,620.46,0
ORD-004504,2024-07-29,West,Gadget X,Enterprise,Online,3,277.47,832.4,0
ORD-004505,2024-05-25,South,Widget A,Consumer,Online,2,443.22,886.44,5
ORD-004506,2023-08-31,South,Gadget X,Enterprise,Retail,4,315.11,1260.45,0
ORD-004507,2024-09-11,South,Gadget X,Enterprise,Online,6,174.98,1049.88,10
ORD-004508,2024-07-25,South,Widget B,SMB,Partners,4,307.83,1231.3,5
ORD-004509,2023-10-07,East,Service Plan,Consumer,Retail,3,304.05,912.14,0
ORD-004510,2023-12-03,East,Gadget X,SMB,Retail,2,237.7,475.39,5
ORD-004511,2023-06-28,North,Gadget X,Consumer,Partners,1,432.91,432.91,0
ORD-004512,2023-04-10,South,Widget C,Consumer,Retail,3,317.17,951.5,0
ORD-004513,2023-07-06,West,Service Plan,SMB,Partners,3,438.33,1314.98,15
ORD-004514,2024-10-01,East,Gadget X,Enterprise,Online,2,90.04,180.09,5
ORD-004515,2025-04-17,South,Gadget X,SMB,Partners,4,54.37,217.49,0
ORD-004516,2023-03-13,West,Gadget Y,Consumer,Online,1,354.15,354.15,0
ORD-004517,2023-10-09,West,Widget A,Enterprise,Online,1,63.0,63.0,0
ORD-004518,2025-04-09,South,Widget A,Enterprise,Retail,3,109.7,329.09,0
ORD-004519,2023-12-16,South,Widget C,SMB,Online,4,9.94,39.77,0
ORD-004520,2023-09-25,East,Widget A,Enterprise,Online,3,359.82,1079.45,0
ORD-004521,2024-09-06,East,Gadget X,Consumer,Partners,2,268.95,537.9,0
ORD-004522,2024-02-09,South,Gadget X,Consumer,Online,2,85.9,171.8,0
ORD-004523,2024-10-16,West,Gadget X,Consumer,Online,2,271.75,543.5,0
ORD-004524,2025-05-24,South,Widget A,Consumer,Online,5,111.28,556.4,5
ORD-004525,2023-06-25,West,Widget A,SMB,Online,3,296.57,889.71,20
ORD-004526,2025-03-06,East,Widget A,Enterprise,Online,2,408.77,817.55,5
ORD-004527,2024-12-21,South,Widget C,Consumer,Retail,2,121.71,243.42,0
ORD-004528,2024-03-06,South,Service Plan,SMB,Partners,5,220.29,1101.46,0
ORD-004529,2024-12-29,West,Widget C,SMB,Online,1,319.59,319.59,0
ORD-004530,2024-09-28,South,Gadget X,SMB,Partners,3,109.82,329.45,10
ORD-004531,2025-04-22,West,Gadget X,Enterprise,Partners,1,434.96,434.96,0
ORD-004532,2023-01-24,South,Widget A,SMB,Retail,3,251.02,753.06,0
ORD-004533,2023-09-16,South,Widget A,Enterprise,Retail,2,320.09,640.18,5
ORD-004534,2025-01-27,North,Widget A,Consumer,Online,2,480.53,961.05,0
ORD-004535,2024-02-13,East,Widget A,Consumer,Retail,4,190.6,762.39,5
ORD-004536,2023-12-07,South,Widget A,Consumer,Online,2,82.82,165.65,5
ORD-004537,2024-10-11,North,Widget B,Enterprise,Online,3,383.62,1150.86,0
ORD-004538,2023-08-15,West,Widget A,Enterprise,Online,4,98.04,,0
ORD-004539,2024-09-18,South,Widget A,SMB,Online,3,127.37,382.12,0
ORD-004540,2024-12-17,South,Widget B,SMB,Retail,3,493.01,1479.02,5
ORD-004541,2023-01-25,South,Widget B,SMB,Online,3,392.52,1177.56,0
ORD-004542,2023-07-12,North,Widget C,Consumer,Online,6,37.59,,10
ORD-004543,2024-01-22,North,Service Plan,Consumer,Retail,3,348.35,1045.05,10
ORD-004544,2024-04-03,West,Widget C,SMB,Retail,5,458.24,2291.2,0
ORD-004545,2024-01-07,North,Gadget X,SMB,Online,1,221.61,221.61,5
ORD-004546,2025-04-17,West,Gadget X,SMB,Partners,2,393.64,787.27,5
ORD-004547,2023-12-04,West,Widget C,SMB,Retail,4,292.71,1170.83,0
ORD-004548,2023-01-15,South,Widget B,SMB,Online,6,385.99,2315.92,0
ORD-004549,2023-05-11,East,Gadget X,Consumer,Retail,4,324.03,1296.11,0
ORD-004550,2024-08-28,West,Service Plan,Enterprise,Retail,2,453.39,906.79,5
ORD-004551,2025-03-26,South,Gadget X,Enterprise,Online,3,189.79,569.38,5
ORD-004552,2023-07-16,South,Widget B,SMB,Retail,2,106.46,212.92,0
ORD-004553,2024-02-13,,Widget B,SMB,Retail,3,431.29,1293.87,0
ORD-004554,2024-08-14,East,Widget A,Enterprise,Partners,2,20.95,41.89,0
ORD-004555,2023-09-29,West,Widget A,SMB,Online,2,123.59,247.18,0
ORD-004556,2024-07-24,East,Gadget X,Consumer,Online,5,193.48,967.42,0
ORD-004557,2025-04-02,South,Widget C,Enterprise,Online,1,417.44,417.44,5
ORD-004558,2025-03-22,East,Gadget X,SMB,Retail,5,324.54,1622.72,0
ORD-004559,2024-05-31,North,Gadget X,Consumer,Online,3,422.58,1267.73,10
ORD-004560,2025-04-07,South,Gadget Y,Enterprise,Partners,2,426.25,852.51,10
ORD-004561,2023-11-03,South,Widget B,Enterprise,Online,1,485.18,485.18,0
ORD-004562,2025-03-13,,Widget B,SMB,Online,3,254.15,762.45,10
ORD-004563,2024-02-13,North,Widget B,Enterprise,Retail,3,302.7,908.11,0
ORD-004564,2024-03-07,East,Widget C,Enterprise,Retail,2,311.32,622.63,5
ORD-004565,2024-12-28,West,Widget A,Enterprise,Online,3,489.86,1469.59,0
ORD-004566,2025-05-19,South,Service Plan,SMB,Online,1,304.26,304.26,5
ORD-004567,2023-04-16,West,Service Plan,Consumer,Partners,4,304.57,1218.27,15
ORD-004568,2024-03-24,North,Widget B,Enterprise,Online,1,102.11,102.11,5
ORD-004569,2024-04-06,West,Gadget X,SMB,Online,3,83.9,251.71,0
ORD-004570,2023-10-19,North,Gadget Y,Enterprise,Retail,3,414.55,1243.66,5
ORD-004571,2024-02-24,North,Gadget X,Enterprise,Online,1,198.85,198.85,0
ORD-004572,2024-03-31,East,Service Plan,Consumer,Online,2,340.1,680.2,0
ORD-004573,2023-10-21,West,Widget C,Enterprise,Online,3,314.6,943.81,0
ORD-004574,2023-05-15,South,Widget A,SMB,Online,4,493.47,1973.89,5
ORD-004575,2023-08-29,South,Widget B,SMB,Online,5,193.85,969.23,0
ORD-004576,2024-08-10,South,Gadget Y,Consumer,Online,5,129.92,649.58,0
ORD-004577,2024-02-19,West,Gadget X,Consumer,Online,2,463.19,926.37,0
ORD-004578,2024-04-29,,Gadget X,Enterprise,Retail,3,435.36,1306.08,0
ORD-004579,2025-02-18,North,Gadget X,SMB,Partners,3,488.45,1465.34,5
ORD-004580,2024-01-11,South,Widget B,Enterprise,Partners,2,41.77,83.54,15
ORD-004581,2023-04-03,North,Widget A,Enterprise,Retail,4,268.66,1074.65,5
ORD-004582,2024-04-30,West,Widget C,Consumer,Online,1,53.99,53.99,5
ORD-004583,2023-10-26,East,Widget B,SMB,Partners,2,209.83,419.67,0
ORD-004584,2023-11-26,North,Gadget X,SMB,Partners,6,218.33,1310.01,0
ORD-004585,2025-03-25,West,Service Plan,Consumer,Retail,2,478.93,957.85,0
ORD-004586,2024-03-05,South,Service Plan,SMB,Retail,2,52.09,104.19,5
ORD-004587,2025-02-14,West,Widget A,SMB,Online,1,277.9,277.9,0
ORD-004588,2025-06-12,East,Gadget Y,Consumer,Online,6,35.66,213.98,0
ORD-004589,2024-01-15,West,Widget A,Enterprise,Partners,2,369.28,738.55,5
ORD-004590,2023-11-20,North,Widget A,Consumer,Online,1,472.47,472.47,0
ORD-004591,2023-11-05,South,Gadget X,Consumer,Online,6,414.72,2488.33,0
ORD-004592,2025-05-12,East,Widget B,SMB,Online,2,206.15,412.3,0
ORD-004593,2024-10-30,South,Service Plan,Enterprise,Partners,3,333.5,1000.51,5
ORD-004594,2024-12-05,West,Widget A,Enterprise,Online,1,241.09,241.09,0
ORD-004595,2025-05-12,East,Widget A,Consumer,Online,2,52.78,105.56,15
ORD-004596,2025-03-27,North,Widget B,Enterprise,Retail,4,177.1,708.39,5
ORD-004597,2023-01-27,South,Widget A,Consumer,Retail,8,66.79,534.3,0
ORD-004598,2023-08-26,East,Widget B,SMB,Online,3,14.09,42.28,0
ORD-004599,2024-09-03,North,Widget A,SMB,Partners,3,391.49,1174.47,0
ORD-004600,2025-05-16,South,Widget B,Enterprise,Partners,3,394.42,1183.25,10
ORD-004601,2024-12-29,South,Service Plan,Enterprise,Online,2,485.24,970.49,15
ORD-004602,2025-01-18,East,Gadget X,Enterprise,Partners,3,172.97,518.92,0
ORD-004603,2023-03-31,East,Widget C,SMB,Partners,1,57.92,57.92,0
ORD-004604,2023-08-16,South,Widget B,SMB,Online,7,157.69,1103.83,10
ORD-004605,2023-08-12,North,Gadget Y,Enterprise,Partners,1,124.45,124.45,5
ORD-004606,2025-05-21,West,Gadget X,Enterprise,Online,2,57.23,114.47,0
ORD-004607,2024-05-20,South,Widget A,Consumer,Online,2,74.93,149.86,0
ORD-004608,2025-04-06,North,Widget A,Consumer,Online,3,268.3,804.91,0
ORD-004609,2024-11-25,South,Widget B,Consumer,Online,3,263.48,790.44,0
ORD-004610,2024-12-15,East,Gadget Y,Consumer,Partners,3,150.01,450.04,10
ORD-004611,2024-02-10,West,Widget C,Consumer,Partners,3,402.31,1206.92,0
ORD-004612,2024-07-18,West,Widget B,SMB,Partners,5,408.67,2043.36,10
ORD-004613,2023-05-13,South,Widget A,Enterprise,Retail,3,186.91,560.74,5
ORD-004614,2025-05-13,North,Service Plan,Consumer,Partners,2,159.45,318.89,20
ORD-004615,2025-02-26,North,Widget A,Consumer,Online,1,295.03,295.03,0
ORD-004616,2024-03-02,South,Gadget Y,Consumer,Online,4,467.81,1871.23,0
ORD-004617,2023-04-12,West,Widget A,Enterprise,Online,3,420.42,1261.25,0
ORD-004618,2024-07-01,South,Widget A,SMB,Partners,5,157.59,787.96,0
ORD-004619,2025-03-31,North,Gadget X,SMB,Online,3,26.29,78.86,5
ORD-004620,2024-11-01,,Widget C,SMB,Retail,4,75.14,300.57,0
ORD-004621,2024-08-19,North,Widget A,Consumer,Partners,3,241.93,725.78,0
ORD-004622,2023-10-19,East,Gadget Y,Enterprise,Partners,3,359.39,1078.17,5
ORD-004623,2023-01-16,North,Gadget Y,SMB,Online,4,64.15,256.6,5
ORD-004624,2025-03-11,West,Gadget Y,Consumer,Partners,4,222.88,891.54,0
ORD-004625,2023-07-18,East,Gadget X,Enterprise,Online,3,81.12,243.37,10
ORD-004626,2025-05-15,North,Gadget Y,Consumer,Retail,6,357.28,2143.7,5
ORD-004627,2025-04-05,East,Widget A,Consumer,Online,1,64.18,64.18,5
ORD-004628,2023-04-04,North,Service Plan,Enterprise,Online,3,230.57,691.72,5
ORD-004629,2023-04-23,West,Gadget X,Consumer,Retail,4,302.71,1210.86,0
ORD-004630,2023-02-03,West,Widget C,Enterprise,Retail,4,383.22,1532.9,10
ORD-004631,2023-07-06,South,Widget A,SMB,Retail,2,90.35,180.7,0
ORD-004632,2024-03-27,North,Gadget X,SMB,Retail,3,158.91,476.73,5
ORD-004633,2023-08-23,South,Service Plan,Consumer,Retail,4,154.94,619.74,0
ORD-004634,2024-12-30,South,Service Plan,SMB,Retail,2,197.84,395.69,0
ORD-004635,2024-11-15,West,Widget A,SMB,Retail,1,171.2,171.2,0
ORD-004636,2025-05-15,South,Gadget X,Enterprise,Online,2,499.21,998.43,5
ORD-004637,2023-07-22,East,Widget B,Enterprise,Retail,4,258.15,1032.61,15
ORD-004638,2024-10-06,West,Gadget X,Enterprise,Partners,2,189.45,378.9,10
ORD-004639,2024-09-30,South,Service Plan,SMB,Online,1,342.17,342.17,0
ORD-004640,2024-09-03,North,Widget C,Consumer,Retail,5,324.27,1621.37,0
ORD-004641,2024-04-03,East,Gadget X,Enterprise,Retail,2,240.3,480.61,0
ORD-004642,2023-04-22,South,Gadget Y,SMB,Partners,2,324.75,649.51,5
ORD-004643,2023-01-08,East,Widget A,Enterprise,Online,3,498.22,1494.65,10
ORD-004644,2023-06-20,East,Service Plan,Enterprise,Online,6,120.46,722.76,0
ORD-004645,2023-01-02,North,Widget C,Enterprise,Retail,4,464.57,1858.28,0
ORD-004646,2024-03-06,East,Gadget X,Enterprise,Online,3,30.27,90.82,5
ORD-004647,2025-04-15,South,Widget B,SMB,Retail,3,375.92,1127.75,0
ORD-004648,2024-05-12,East,Service Plan,SMB,Partners,4,306.19,1224.77,10
ORD-004649,2024-12-09,East,Service Plan,SMB,Retail,2,441.52,883.04,0
ORD-004650,2024-08-31,East,Widget A,Enterprise,Partners,4,112.74,450.94,5
ORD-004651,2023-07-01,East,Gadget X,SMB,Online,2,434.08,868.17,10
ORD-004652,2024-11-27,South,Widget C,SMB,Online,4,190.2,760.79,0
ORD-004653,2025-02-28,North,Gadget X,SMB,Retail,3,183.3,549.9,5
ORD-004654,2023-05-02,North,Service Plan,Enterprise,Online,4,260.92,1043.7,5
ORD-004655,2024-09-27,North,Gadget X,Enterprise,Online,3,117.79,353.38,0
ORD-004656,2023-12-10,North,Widget C,Enterprise,Online,2,386.08,772.16,0
ORD-004657,2023-05-15,South,Widget B,SMB,Partners,4,164.0,655.99,0
ORD-004658,2024-07-30,South,Widget B,Enterprise,Partners,3,249.73,749.19,0
ORD-004659,2024-08-19,North,Widget A,Enterprise,Retail,6,468.42,2810.53,10
ORD-004660,2025-04-09,South,Widget B,SMB,Retail,5,75.32,376.61,0
ORD-004661,2024-09-03,East,Widget C,Enterprise,Online,3,85.94,257.82,0
ORD-004662,2023-04-01,North,Service Plan,Consumer,Retail,4,377.98,1511.93,0
ORD-004663,2024-04-10,,Widget A,SMB,Online,7,269.29,1885.02,15
ORD-004664,2023-09-18,South,Widget C,Enterprise,Online,2,201.57,403.15,5
ORD-004665,2023-09-06,West,Widget B,SMB,Retail,1,405.84,405.84,10
ORD-004666,2023-12-16,North,Gadget Y,Enterprise,Online,3,294.31,882.94,5
ORD-004667,2023-10-22,East,Widget C,Enterprise,Online,5,126.13,630.65,10
ORD-004668,2023-04-17,West,Service Plan,Enterprise,Partners,5,356.04,1780.2,0
ORD-004669,2023-02-22,South,Gadget X,Consumer,Retail,3,303.07,909.22,0
ORD-004670,2023-11-20,North,Widget C,Enterprise,Retail,3,42.04,126.13,0
ORD-004671,2023-05-08,East,Widget A,SMB,Partners,4,123.1,492.41,0
ORD-004672,2025-06-11,West,Gadget X,SMB,Partners,1,441.95,441.95,5
ORD-004673,2023-09-20,North,Widget C,Consumer,Partners,4,451.14,1804.55,10
ORD-004674,2024-12-07,East,Widget A,Enterprise,Retail,2,408.97,817.94,10
ORD-004675,2024-09-03,South,Widget A,Enterprise,Online,1,101.51,101.51,5
ORD-004676,2024-05-22,South,Widget B,Enterprise,Online,3,462.03,1386.08,10
ORD-004677,2023-09-27,South,Widget A,SMB,Partners,1,393.79,393.79,0
ORD-004678,2024-07-05,East,Widget C,Consumer,Online,3,261.76,785.28,10
ORD-004679,2025-01-13,South,Widget A,Enterprise,Online,4,475.93,1903.72,5
ORD-004680,2024-02-16,West,Widget A,Consumer,Partners,4,47.98,191.93,0
ORD-004681,2023-05-30,West,Widget C,SMB,Online,4,474.42,1897.67,5
ORD-004682,2024-04-27,East,Service Plan,Consumer,Retail,6,223.95,1343.71,5
ORD-004683,2023-02-04,North,Widget A,Enterprise,Online,2,452.04,904.09,0
ORD-004684,2024-09-18,West,Gadget X,Enterprise,Retail,1,40.24,40.24,5
ORD-004685,2025-04-07,West,Widget A,Enterprise,Online,2,365.27,730.54,0
ORD-004686,2023-01-24,North,Widget A,Consumer,Online,2,92.6,185.2,5
ORD-004687,2023-01-26,West,Gadget X,Consumer,Retail,5,107.91,539.57,10
ORD-004688,2025-04-14,West,Widget A,Consumer,Online,6,139.36,836.16,5
ORD-004689,2024-06-09,South,Widget B,Enterprise,Online,1,36.52,36.52,5
ORD-004690,2023-09-26,East,Gadget Y,SMB,Retail,2,432.08,864.16,5
ORD-004691,2024-10-07,East,Widget A,SMB,Partners,2,498.53,997.07,5
ORD-004692,2025-04-14,North,Widget A,Enterprise,Online,2,162.35,324.69,0
ORD-004693,2024-06-23,West,Widget A,Consumer,Online,5,431.58,2157.9,5
ORD-004694,2024-08-26,East,Widget C,SMB,Online,1,418.84,418.84,5
ORD-004695,2023-12-06,East,Gadget X,Consumer,Online,3,326.79,980.36,5
ORD-004696,2025-03-30,South,Widget B,SMB,Retail,4,97.87,391.48,5
ORD-004697,2025-02-19,East,Widget A,SMB,Retail,8,162.52,1300.13,10
ORD-004698,2025-04-06,West,Widget C,SMB,Online,3,281.45,844.34,0
ORD-004699,2025-04-12,East,Widget B,SMB,Partners,4,128.74,514.95,0
ORD-004700,2023-07-11,North,Widget A,Consumer,Retail,4,488.28,1953.1,0
ORD-004701,2024-02-29,West,Service Plan,SMB,Partners,3,468.81,1406.43,10
ORD-004702,2023-08-21,East,Widget B,SMB,Retail,2,417.16,834.33,5
ORD-004703,2024-06-16,West,Widget C,SMB,Partners,6,440.62,2643.74,5
ORD-004704,2025-05-02,West,Widget C,SMB,Online,3,348.46,1045.39,5
ORD-004705,2024-03-13,North,Widget C,Enterprise,Online,4,81.36,325.42,15
ORD-004706,2024-08-16,South,Widget B,Enterprise,Online,2,471.04,942.08,0
ORD-004707,2025-03-12,West,Widget B,Consumer,Online,3,436.9,1310.7,5
ORD-004708,2024-05-09,East,Widget C,SMB,Partners,2,263.05,526.09,10
ORD-004709,2024-03-18,North,Gadget X,Enterprise,Partners,5,410.52,2052.62,0
ORD-004710,2024-10-10,,Widget A,Enterprise,Online,2,401.77,803.54,10
ORD-004711,2025-05-11,South,Gadget X,Consumer,Online,2,125.53,251.06,5
ORD-004712,2024-11-17,West,Widget B,Enterprise,Retail,4,499.03,1996.12,0
ORD-004713,2023-03-22,South,Widget A,Enterprise,Online,2,473.77,947.53,0
ORD-004714,2024-04-08,South,Widget A,Consumer,Partners,2,225.53,451.06,0
ORD-004715,2024-11-23,North,Gadget Y,Enterprise,Online,5,448.32,2241.62,5
ORD-004716,2025-05-27,North,Widget B,Enterprise,Online,8,351.17,2809.32,0
ORD-004717,2024-08-28,North,Widget A,Enterprise,Partners,2,187.15,374.3,0
ORD-004718,2024-09-13,,Widget B,Enterprise,Online,4,174.99,699.96,0
ORD-004719,2023-05-17,North,Widget A,Enterprise,Online,2,17.9,35.8,0
ORD-004720,2023-02-12,South,Service Plan,SMB,Online,4,181.41,725.63,15
ORD-004721,2024-01-22,South,Gadget Y,Enterprise,Retail,3,52.52,157.56,0
ORD-004722,2024-11-20,East,Gadget Y,Enterprise,Retail,5,186.74,933.68,0
ORD-004723,2025-04-12,West,Widget B,Consumer,Partners,3,133.89,401.66,5
ORD-004724,2024-04-17,East,Service Plan,SMB,Online,3,129.55,388.66,0
ORD-004725,2023-07-16,West,Widget B,SMB,Retail,2,315.88,631.76,0
ORD-004726,2024-02-14,North,Widget C,SMB,Online,2,207.55,415.1,10
ORD-004727,2024-12-13,South,Widget A,Enterprise,Retail,1,430.98,430.98,0
ORD-004728,2025-05-07,South,Gadget X,Consumer,Retail,2,477.96,955.93,0
ORD-004729,2023-01-15,East,Service Plan,Enterprise,Partners,2,117.0,234.0,0
ORD-004730,2024-03-03,North,Widget B,SMB,Online,3,115.75,347.25,15
ORD-004731,2024-08-27,West,Widget B,SMB,Online,1,242.31,242.31,5
ORD-004732,2025-05-24,East,Gadget X,SMB,Partners,3,67.44,202.33,0
ORD-004733,2023-01-29,East,Widget A,Consumer,Online,1,487.26,487.26,5
ORD-004734,2023-03-24,South,Widget C,Consumer,Partners,3,19.28,57.83,10
ORD-004735,2024-09-26,South,Widget B,SMB,Retail,2,393.3,786.6,5
ORD-004736,2024-03-06,East,Widget C,Enterprise,Retail,2,234.4,468.81,0
ORD-004737,2025-01-22,North,Widget A,Enterprise,Online,1,205.56,205.56,5
ORD-004738,2023-10-17,West,Gadget X,Enterprise,Partners,2,32.17,64.33,0
ORD-004739,2023-06-27,North,Widget B,Enterprise,Retail,1,365.59,365.59,0
ORD-004740,2023-11-26,West,Service Plan,Enterprise,Online,2,462.71,925.41,0
ORD-004741,2024-04-01,East,Widget A,SMB,Online,2,129.98,259.95,0
ORD-004742,2024-04-15,East,Widget B,Enterprise,Online,2,31.24,62.47,0
ORD-004743,2025-04-03,North,Gadget X,SMB,Partners,4,387.71,1550.82,5
ORD-004744,2023-04-02,North,Widget B,Enterprise,Retail,2,350.08,700.16,5
ORD-004745,2023-11-21,,Widget C,SMB,Partners,2,90.58,181.16,0
ORD-004746,2025-02-01,North,Widget B,SMB,Online,5,103.35,516.75,0
ORD-004747,2025-01-27,South,Widget C,SMB,Online,1,386.97,386.97,5
ORD-004748,2025-06-08,South,Gadget X,Enterprise,Online,2,177.14,354.28,5
ORD-004749,2023-04-06,West,Service Plan,Enterprise,Online,5,143.59,717.97,0
ORD-004750,2024-02-19,West,Widget A,SMB,Retail,6,39.33,235.95,5
ORD-004751,2024-01-18,North,Service Plan,SMB,Online,5,351.11,1755.53,10
ORD-004752,2025-05-15,West,Service Plan,Consumer,Partners,4,394.14,1576.55,0
ORD-004753,2025-04-14,West,Widget A,SMB,Online,6,324.4,1946.43,5
ORD-004754,2023-04-12,North,Widget A,Consumer,Online,4,225.75,903.01,5
ORD-004755,2024-03-26,South,Widget B,Consumer,Retail,4,312.35,1249.41,0
ORD-004756,2025-03-17,West,Widget C,Enterprise,Online,4,99.12,396.48,15
ORD-004757,2025-05-12,West,Widget B,SMB,Retail,2,126.18,252.36,10
ORD-004758,2025-03-21,East,Gadget X,Enterprise,Partners,4,129.48,517.91,5
ORD-004759,2023-06-16,West,Gadget X,Enterprise,Online,1,352.55,352.55,5
ORD-004760,2024-09-26,North,Widget C,SMB,Online,2,162.15,324.3,10
ORD-004761,2024-04-07,North,Widget A,Consumer,Partners,4,417.91,1671.64,0
ORD-004762,2024-12-28,North,Widget C,Consumer,Online,2,63.6,127.2,15
ORD-004763,2024-05-05,East,Widget A,Enterprise,Retail,2,8.2,16.39,0
ORD-004764,2025-04-25,North,Widget C,Enterprise,Partners,2,221.85,443.69,5
ORD-004765,2023-07-26,East,Widget A,Enterprise,Retail,2,454.86,909.71,15
ORD-004766,2023-07-22,East,Widget A,Consumer,Online,1,45.16,45.16,0
ORD-004767,2025-04-05,East,Gadget X,Enterprise,Online,2,56.88,113.77,0
ORD-004768,2023-05-17,North,Widget A,Consumer,Online,5,360.07,1800.33,5
ORD-004769,2024-03-20,South,Gadget Y,SMB,Online,5,410.4,2051.98,10
ORD-004770,2024-08-02,East,Widget A,Consumer,Online,4,147.72,590.88,15
ORD-004771,2023-11-25,South,Gadget X,Enterprise,Retail,3,191.94,575.83,5
ORD-004772,2024-09-22,East,Widget C,Enterprise,Online,1,462.81,462.81,0
ORD-004773,2023-10-28,South,Service Plan,SMB,Online,2,25.43,50.86,10
ORD-004774,2024-03-20,South,Service Plan,Enterprise,Online,3,472.74,1418.21,0
ORD-004775,2023-01-31,East,Gadget X,Enterprise,Retail,2,158.48,316.96,0
ORD-004776,2024-10-27,South,Widget A,Enterprise,Online,1,322.87,322.87,0
ORD-004777,2023-11-05,West,Widget A,SMB,Online,3,354.56,1063.69,0
ORD-004778,2024-01-06,South,Gadget X,SMB,Partners,5,5.94,29.72,0
ORD-004779,2023-02-17,South,Widget A,SMB,Partners,3,281.3,843.89,5
ORD-004780,2024-08-20,East,Widget A,Consumer,Online,2,347.06,694.11,10
ORD-004781,2023-11-28,East,Gadget Y,SMB,Partners,3,10.6,31.8,0
ORD-004782,2023-01-11,East,Widget B,Consumer,Online,4,292.19,1168.78,10
ORD-004783,2025-05-20,East,Gadget X,SMB,Online,1,75.64,75.64,5
ORD-004784,2024-06-14,East,Gadget X,Enterprise,Retail,3,65.93,197.78,0
ORD-004785,2023-11-05,North,Widget A,Consumer,Partners,4,464.24,1856.96,0
ORD-004786,2024-05-29,North,Gadget Y,Consumer,Partners,3,221.69,665.06,5
ORD-004787,2025-03-30,North,Widget A,Consumer,Retail,3,161.67,485.02,0
ORD-004788,2023-12-04,South,Service Plan,SMB,Online,3,123.69,371.06,5
ORD-004789,2024-08-02,North,Widget A,Enterprise,Partners,2,93.48,186.97,10
ORD-004790,2024-05-04,North,Gadget X,SMB,Online,2,31.82,63.65,10
ORD-004791,2023-04-28,South,Widget B,SMB,Online,2,353.22,706.44,5
ORD-004792,2023-05-08,West,Service Plan,Consumer,Retail,1,22.59,22.59,5
ORD-004793,2025-06-18,South,Widget A,SMB,Online,6,139.1,834.59,5
ORD-004794,2023-11-04,South,Widget A,Enterprise,Online,3,240.93,722.78,0
ORD-004795,2025-03-08,East,Widget B,Enterprise,Online,2,147.1,294.19,10
ORD-004796,2024-04-24,South,Widget C,Consumer,Partners,2,129.83,259.67,5
ORD-004797,2024-12-09,East,Widget A,Enterprise,Online,4,55.54,222.17,5
ORD-004798,2024-08-03,West,Gadget X,SMB,Partners,4,473.93,1895.71,5
ORD-004799,2024-08-08,North,Widget B,SMB,Retail,4,152.5,610.01,5
ORD-004800,2025-06-14,West,Widget B,Enterprise,Partners,3,44.33,,10
ORD-004801,2023-12-04,North,Gadget X,Consumer,Retail,4,205.21,820.83,0
ORD-004802,2025-01-17,South,Widget B,SMB,Retail,4,233.0,931.99,0
ORD-004803,2024-05-04,North,Widget A,Enterprise,Retail,2,378.57,757.14,5
ORD-004804,2024-03-10,West,Gadget Y,Enterprise,Retail,1,278.38,278.38,10
ORD-004805,2024-08-13,West,Gadget Y,SMB,Retail,2,349.37,698.74,0
ORD-004806,2023-09-29,West,Widget B,SMB,Online,5,135.96,679.8,10
ORD-004807,2023-02-09,South,Widget C,Enterprise,Online,4,450.75,1802.99,0
ORD-004808,2025-03-05,East,Gadget X,Consumer,Retail,4,325.12,1300.46,10
ORD-004809,2024-10-14,East,Gadget Y,SMB,Retail,1,429.89,429.89,0
ORD-004810,2024-10-14,South,Gadget X,Consumer,Online,2,298.76,597.52,10
ORD-004811,2023-08-14,North,Gadget X,SMB,Online,2,91.21,182.42,10
ORD-004812,2023-07-11,West,Widget A,Enterprise,Partners,1,322.11,322.11,0
ORD-004813,2024-05-24,South,Widget B,SMB,Online,2,200.95,401.9,0
ORD-004814,2025-02-21,South,Gadget X,SMB,Online,3,89.75,269.25,0
ORD-004815,2024-06-10,South,Widget A,SMB,Retail,4,350.45,1401.8,0
ORD-004816,2024-11-20,West,Widget C,Enterprise,Online,5,154.56,772.82,5
ORD-004817,2023-01-09,East,Widget B,SMB,Online,3,351.96,1055.88,0
ORD-004818,2025-04-26,East,Widget B,Consumer,Retail,2,181.35,362.71,5
ORD-004819,2025-05-04,East,Widget B,Consumer,Partners,4,194.71,778.83,0
ORD-004820,2025-03-22,North,Widget C,SMB,Retail,6,444.95,2669.71,10
ORD-004821,2025-02-15,North,Widget A,SMB,Retail,2,456.42,912.83,5
ORD-004822,2025-01-06,West,Widget A,Enterprise,Online,2,441.83,883.67,0
ORD-004823,2023-04-20,South,Widget A,SMB,Online,2,285.27,570.54,0
ORD-004824,2023-07-08,North,Widget A,SMB,Online,2,291.73,583.46,0
ORD-004825,2023-11-27,South,Widget A,Consumer,Online,1,290.1,290.1,0
ORD-004826,2023-06-27,West,Widget B,Enterprise,Retail,2,402.68,805.37,15
ORD-004827,2023-06-06,North,Widget A,Enterprise,Retail,2,366.81,733.63,0
ORD-004828,2023-02-13,North,Widget B,Consumer,Online,3,391.36,1174.09,10
ORD-004829,2024-07-13,North,Gadget X,Consumer,Retail,1,162.44,162.44,5
ORD-004830,2024-10-31,East,Gadget X,Consumer,Partners,1,282.09,282.09,0
ORD-004831,2023-12-10,South,Widget C,SMB,Partners,4,331.15,1324.61,0
ORD-004832,2025-02-21,West,Service Plan,Enterprise,Online,4,486.93,1947.71,0
ORD-004833,2023-06-20,South,Widget B,SMB,Partners,2,162.36,324.73,0
ORD-004834,2025-02-21,East,Gadget Y,Consumer,Online,4,281.91,1127.65,5
ORD-004835,2025-05-16,South,Widget A,Enterprise,Online,1,16.05,16.05,0
ORD-004836,2023-01-31,South,Gadget X,Enterprise,Retail,2,221.68,443.35,0
ORD-004837,2025-02-08,West,Gadget X,Enterprise,Online,2,440.64,881.28,0
ORD-004838,2024-06-19,West,Widget C,Enterprise,Partners,1,80.02,80.02,0
ORD-004839,2024-05-13,West,Widget B,Enterprise,Partners,1,199.99,199.99,0
ORD-004840,2025-03-24,West,Widget A,SMB,Online,4,365.58,1462.32,0
ORD-004841,2025-03-27,North,Widget A,Consumer,Partners,3,301.97,,0
ORD-004842,2024-04-06,North,Widget A,Enterprise,Online,4,33.77,135.08,5
ORD-004843,2025-04-27,East,Gadget Y,Enterprise,Retail,1,113.91,113.91,0
ORD-004844,2023-05-21,East,Widget C,Consumer,Retail,2,282.71,565.41,10
ORD-004845,2024-05-30,South,Gadget X,Enterprise,Partners,4,269.16,1076.62,5
ORD-004846,2023-11-11,South,Gadget Y,Enterprise,Online,2,201.52,403.05,0
ORD-004847,2025-05-28,East,Widget A,Consumer,Online,1,275.36,275.36,0
ORD-004848,2023-01-13,East,Widget C,SMB,Online,4,217.09,868.36,0
ORD-004849,2023-02-13,North,Widget B,Enterprise,Online,4,272.11,1088.43,0
ORD-004850,2025-04-30,East,Widget C,SMB,Partners,4,452.51,1810.04,10
ORD-004851,2024-07-28,North,Widget A,SMB,Online,3,138.74,416.23,5
ORD-004852,2023-08-05,West,Widget B,Consumer,Retail,1,433.46,433.46,5
ORD-004853,2023-05-17,West,Widget C,Consumer,Online,2,498.05,996.11,5
ORD-004854,2024-08-02,East,Widget B,Consumer,Partners,3,235.36,706.08,0
ORD-004855,2024-06-04,East,Widget A,Enterprise,Partners,5,211.73,1058.64,0
ORD-004856,2023-09-14,East,Gadget X,SMB,Retail,1,423.3,423.3,15
ORD-004857,2025-05-22,East,Widget B,Enterprise,Retail,2,43.23,86.47,0
ORD-004858,2025-05-17,South,Gadget X,Enterprise,Online,3,450.85,1352.54,5
ORD-004859,2023-08-02,North,Widget B,SMB,Online,4,380.06,1520.23,20
ORD-004860,2025-02-23,East,Widget A,Enterprise,Online,1,358.98,358.98,0
ORD-004861,2024-06-29,East,Service Plan,Enterprise,Online,7,451.28,3158.93,0
ORD-004862,2024-10-31,South,Widget B,Consumer,Retail,5,326.56,1632.81,5
ORD-004863,2024-09-04,East,Widget A,Enterprise,Online,7,221.82,1552.74,0
ORD-004864,2023-01-09,West,Service Plan,SMB,Online,2,350.42,700.84,0
ORD-004865,2024-03-14,South,Gadget X,Consumer,Online,3,360.45,1081.36,5
ORD-004866,2023-06-07,East,Widget A,SMB,Online,3,301.72,905.15,5
ORD-004867,2023-06-03,East,Gadget X,Enterprise,Retail,4,487.54,1950.18,15
ORD-004868,2025-06-02,East,Widget A,SMB,Retail,4,32.0,128.01,5
ORD-004869,2023-03-05,West,Widget A,Consumer,Online,2,245.73,491.46,0
ORD-004870,2023-03-04,East,Widget A,Consumer,Retail,3,190.36,571.08,0
ORD-004871,2024-11-15,East,Widget A,SMB,Online,5,168.21,841.03,0
ORD-004872,2023-04-08,West,Widget A,Enterprise,Online,4,26.57,106.3,0
ORD-004873,2023-04-27,West,Gadget X,Enterprise,Online,1,77.8,77.8,5
ORD-004874,2024-12-10,East,Widget B,Enterprise,Online,3,386.31,1158.92,10
ORD-004875,2023-10-29,West,Widget A,SMB,Retail,1,176.81,176.81,0
ORD-004876,2025-02-21,South,Service Plan,Enterprise,Online,6,102.6,615.6,5
ORD-004877,2025-02-07,East,Widget A,SMB,Online,2,316.68,633.36,0
ORD-004878,2024-01-20,West,Widget A,Consumer,Online,1,27.56,27.56,0
ORD-004879,2023-11-29,South,Service Plan,Enterprise,Retail,4,348.01,1392.06,15
ORD-004880,2025-02-04,East,Widget C,SMB,Online,2,431.84,863.68,0
ORD-004881,2024-09-29,North,Gadget X,SMB,Online,6,320.61,1923.65,15
ORD-004882,2025-03-14,West,Widget B,Consumer,Online,4,126.13,504.51,5
ORD-004883,2024-06-26,South,Widget C,Enterprise,Online,4,446.6,1786.4,10
ORD-004884,2023-11-11,,Service Plan,Enterprise,Retail,2,289.23,578.45,5
ORD-004885,2025-06-07,North,Widget A,Enterprise,Online,2,322.32,644.64,5
ORD-004886,2025-02-04,West,Gadget X,SMB,Online,2,354.82,709.65,0
ORD-004887,2025-03-26,East,Widget B,Enterprise,Retail,3,59.38,178.15,0
ORD-004888,2025-03-06,South,Widget A,Enterprise,Partners,2,44.79,89.59,0
ORD-004889,2025-06-10,South,Widget A,Enterprise,Retail,1,145.44,145.44,0
ORD-004890,2024-01-17,West,Gadget X,SMB,Retail,3,275.42,826.25,10
ORD-004891,2023-04-01,South,Widget A,SMB,Retail,4,107.09,428.37,0
ORD-004892,2025-06-14,West,Widget A,SMB,Partners,1,347.88,347.88,0
ORD-004893,2024-09-09,East,Widget B,Enterprise,Retail,3,345.23,1035.68,0
ORD-004894,2023-08-18,North,Widget B,Enterprise,Retail,3,81.08,243.24,0
ORD-004895,2023-12-15,West,Widget A,Enterprise,Retail,3,404.67,1214.0,0
ORD-004896,2023-03-03,East,Widget A,Consumer,Retail,2,120.68,241.36,5
ORD-004897,2025-01-23,West,Widget C,Enterprise,Online,2,56.47,112.95,0
ORD-004898,2025-02-07,North,Widget B,Enterprise,Partners,4,180.66,722.63,0
ORD-004899,2024-05-22,West,Widget C,Consumer,Retail,3,18.27,54.82,15
ORD-004900,2024-08-10,North,Service Plan,Enterprise,Online,5,138.95,694.77,0
ORD-004901,2024-06-01,North,Gadget X,Enterprise,Retail,4,124.47,497.87,0
ORD-004902,2024-01-07,West,Service Plan,Consumer,Partners,3,119.23,357.7,0
ORD-004903,2023-08-13,South,Service Plan,SMB,Retail,2,163.7,327.39,10
ORD-004904,2024-02-28,East,Gadget Y,Enterprise,Online,3,197.3,591.91,5
ORD-004905,2025-05-27,South,Service Plan,Consumer,Online,2,102.1,204.21,0
ORD-004906,2023-03-26,East,Gadget Y,SMB,Online,5,399.5,1997.49,5
ORD-004907,2025-05-15,East,Widget A,SMB,Online,3,473.11,1419.33,5
ORD-004908,2023-04-21,South,Gadget Y,SMB,Online,1,13.54,13.54,5
ORD-004909,2024-06-16,North,Widget B,Consumer,Retail,2,36.16,72.33,0
ORD-004910,2024-05-27,North,Widget B,Consumer,Partners,3,203.13,609.4,5
ORD-004911,2024-07-30,South,Service Plan,SMB,Online,3,180.73,542.2,0
ORD-004912,2024-10-27,,Service Plan,Consumer,Retail,1,370.07,370.07,5
ORD-004913,2023-09-07,South,Widget A,Enterprise,Online,3,176.42,529.26,10
ORD-004914,2024-10-26,South,Gadget Y,Enterprise,Retail,5,497.08,2485.42,5
ORD-004915,2024-10-04,South,Widget B,Enterprise,Online,3,196.56,589.68,0
ORD-004916,2023-08-13,North,Service Plan,Consumer,Retail,3,142.34,427.02,0
ORD-004917,2023-11-19,West,Gadget X,SMB,Retail,4,290.65,1162.59,0
ORD-004918,2024-08-14,West,Widget B,Enterprise,Online,3,222.46,667.37,0
ORD-004919,2023-03-11,East,Service Plan,Enterprise,Online,2,147.0,294.01,0
ORD-004920,2023-11-03,,Service Plan,Enterprise,Online,2,99.92,199.84,0
ORD-004921,2023-02-25,West,Widget B,Enterprise,Partners,5,448.2,2240.99,5
ORD-004922,2024-03-15,North,Widget C,Consumer,Retail,2,471.48,942.96,15
ORD-004923,2024-06-30,East,Gadget Y,SMB,Partners,3,232.58,697.73,5
ORD-004924,2025-03-31,West,Widget B,Consumer,Online,3,376.64,1129.93,0
ORD-004925,2024-12-06,East,Widget B,Enterprise,Online,5,400.31,2001.53,0
ORD-004926,2023-09-17,North,Widget A,SMB,Retail,1,326.11,326.11,5
ORD-004927,2023-04-08,East,Widget C,Consumer,Online,2,150.1,300.2,0
ORD-004928,2023-02-04,East,Widget A,SMB,Retail,3,360.63,1081.9,0
ORD-004929,2024-04-28,West,Gadget X,Enterprise,Retail,4,465.33,1861.32,15
ORD-004930,2024-09-03,East,Widget C,Enterprise,Partners,1,335.04,335.04,10
ORD-004931,2023-03-18,North,Widget A,Consumer,Online,1,246.29,246.29,0
ORD-004932,2025-05-04,West,Widget A,SMB,Online,5,153.88,769.4,0
ORD-004933,2025-02-28,East,Widget B,Consumer,Retail,4,194.91,779.63,10
ORD-004934,2023-06-03,North,Widget B,SMB,Online,1,304.09,304.09,10
ORD-004935,2023-11-10,West,Widget C,Consumer,Online,2,23.57,47.13,5
ORD-004936,2023-03-05,South,Gadget X,SMB,Retail,5,180.59,902.96,5
ORD-004937,2023-12-30,South,Widget B,Enterprise,Retail,3,127.18,381.53,5
ORD-004938,2024-10-08,West,Widget C,Enterprise,Retail,4,361.16,1444.63,5
ORD-004939,2023-10-15,North,Gadget X,Consumer,Retail,2,18.36,36.73,0
ORD-004940,2025-02-16,East,Widget C,Enterprise,Retail,3,272.27,816.82,10
ORD-004941,2025-06-16,East,Gadget X,Enterprise,Online,3,244.62,733.85,0
ORD-004942,2024-04-24,East,Gadget Y,SMB,Partners,2,394.06,788.13,10
ORD-004943,2023-01-12,West,Gadget Y,Consumer,Retail,2,5.29,10.58,0
ORD-004944,2023-11-20,South,Gadget X,Enterprise,Online,9,404.99,3644.92,0
ORD-004945,2025-02-10,South,Widget B,Consumer,Retail,4,420.91,1683.66,10
ORD-004946,2023-11-05,South,Widget C,SMB,Retail,4,229.09,916.34,5
ORD-004947,2024-08-03,East,Gadget Y,Enterprise,Online,3,226.14,678.43,5
ORD-004948,2024-06-03,North,Widget A,SMB,Retail,3,305.23,915.7,10
ORD-004949,2024-04-16,West,Service Plan,Enterprise,Online,3,442.5,1327.51,0
ORD-004950,2024-04-06,West,Gadget X,SMB,Partners,5,157.34,786.69,0
ORD-004951,2023-08-14,East,Gadget Y,SMB,Retail,3,226.44,679.33,0
ORD-004952,2024-09-04,East,Gadget X,SMB,Retail,4,21.26,85.02,0
ORD-004953,2023-10-30,West,Widget A,Consumer,Retail,7,345.73,2420.14,0
ORD-004954,2023-07-16,West,Widget B,SMB,Online,1,86.19,86.19,10
ORD-004955,2024-05-22,East,Gadget X,SMB,Online,2,433.94,867.87,5
ORD-004956,2023-11-19,West,Gadget Y,SMB,Online,1,461.08,461.08,0
ORD-004957,2024-07-18,West,Gadget X,SMB,Online,2,337.64,675.27,0
ORD-004958,2023-07-10,South,Widget A,Consumer,Online,4,30.95,123.8,0
ORD-004959,2024-06-24,East,Gadget Y,SMB,Retail,4,134.97,539.9,0
ORD-004960,2024-05-21,East,Widget B,SMB,Partners,3,344.72,1034.17,5
ORD-004961,2023-08-24,West,Widget A,Consumer,Online,4,135.84,,0
ORD-004962,2023-07-31,West,Widget C,SMB,Online,3,281.74,845.23,0
ORD-004963,2025-01-01,West,Service Plan,Enterprise,Online,4,162.32,649.26,0
ORD-004964,2024-02-29,West,Widget A,Consumer,Online,3,62.96,188.87,0
ORD-004965,2024-10-18,West,Widget B,Enterprise,Partners,2,169.53,339.05,20
ORD-004966,2023-01-13,South,Gadget Y,Enterprise,Online,2,391.7,783.4,0
ORD-004967,2023-01-21,East,Widget B,Enterprise,Partners,4,473.16,1892.65,5
ORD-004968,2023-12-01,North,Service Plan,Enterprise,Retail,3,160.57,481.71,0
ORD-004969,2024-03-05,South,Widget A,Enterprise,Online,2,492.0,983.99,5
ORD-004970,2024-10-20,West,Widget A,SMB,Retail,2,336.85,673.7,0
ORD-004971,2024-07-07,South,Widget A,Enterprise,Online,3,117.88,353.64,0
ORD-004972,2023-09-28,South,Widget C,Consumer,Retail,4,418.49,1673.95,5
ORD-004973,2023-02-20,South,Widget A,Enterprise,Retail,4,247.55,990.19,0
ORD-004974,2024-08-12,East,Widget A,SMB,Partners,2,52.55,105.11,5
ORD-004975,2024-03-11,East,Service Plan,SMB,Online,4,5.88,23.52,0
ORD-004976,2023-11-29,South,Widget A,Consumer,Online,2,25.77,51.54,5
ORD-004977,2023-02-06,West,Widget C,SMB,Retail,3,113.06,339.18,0
ORD-004978,2023-07-23,South,Widget B,SMB,Partners,5,376.3,1881.49,0
ORD-004979,2023-01-16,South,Widget A,Consumer,Partners,2,135.01,270.03,0
ORD-004980,2023-09-11,East,Widget A,Consumer,Online,2,169.75,339.5,0
ORD-004981,2023-02-28,North,Widget C,Enterprise,Partners,1,387.55,387.55,0
ORD-004982,2023-06-14,East,Gadget Y,Enterprise,Online,3,30.93,92.79,0
ORD-004983,2023-08-31,East,Service Plan,Consumer,Partners,4,235.13,940.53,0
ORD-004984,2023-11-08,South,Widget B,SMB,Online,7,43.21,302.47,0
ORD-004985,2024-08-02,East,Widget A,Consumer,Online,2,225.61,451.21,0
ORD-004986,2023-10-21,West,Widget A,Enterprise,Partners,4,153.8,615.21,10
ORD-004987,2025-01-22,North,Widget C,SMB,Partners,4,41.62,166.5,5
ORD-004988,2025-03-12,East,Gadget Y,Consumer,Online,4,398.42,1593.67,0
ORD-004989,2023-12-24,East,Widget A,Enterprise,Partners,3,368.8,1106.41,5
ORD-004990,2024-02-18,West,Widget C,Enterprise,Retail,4,193.2,772.8,10
ORD-004991,2023-11-20,North,Gadget X,Enterprise,Online,6,415.05,2490.31,0
ORD-004992,2023-01-27,East,Widget B,SMB,Partners,4,222.44,889.76,5
ORD-004993,2023-03-26,North,Widget A,Enterprise,Retail,3,71.22,213.66,0
ORD-004994,2024-12-26,East,Widget A,Enterprise,Online,3,421.04,1263.13,0
ORD-004995,2023-03-16,West,Widget C,SMB,Online,4,9.43,37.71,0
ORD-004996,2023-04-10,North,Gadget Y,Consumer,Online,5,233.56,1167.8,0
ORD-004997,2024-12-11,North,Widget B,Enterprise,Retail,4,50.47,201.89,15
ORD-004998,2025-03-26,West,Widget A,Enterprise,Online,1,106.96,106.96,0
ORD-004999,2024-06-18,East,Gadget X,SMB,Online,1,423.34,423.34,5
ORD-005000,2024-08-07,South,Gadget Y,Enterprise,Retail,6,50.57,303.42,0
ORD-005001,2024-08-15,West,Gadget X,Enterprise,Retail,4,360.46,1441.84,0
ORD-005002,2023-07-01,North,Gadget Y,Consumer,Online,1,422.35,422.35,5
ORD-005003,2024-03-12,South,Widget B,SMB,Online,10,341.56,3415.59,10
ORD-005004,2025-05-20,East,Widget A,Enterprise,Online,4,49.7,198.8,0
ORD-005005,2024-05-02,South,Widget B,Enterprise,Online,4,395.71,1582.83,0
ORD-005006,2025-05-04,North,Gadget Y,SMB,Partners,5,390.47,1952.37,0
ORD-005007,2024-12-08,East,Widget B,Consumer,Online,3,457.42,1372.27,0
ORD-005008,2024-10-31,West,Widget B,Enterprise,Online,4,220.13,880.54,5
ORD-005009,2023-03-26,South,Widget A,SMB,Online,5,251.08,1255.41,5
ORD-005010,2025-02-06,South,Gadget X,SMB,Retail,2,345.19,690.38,0
ORD-005011,2024-04-17,East,Widget A,Enterprise,Retail,1,120.14,120.14,0
ORD-005012,2024-04-24,South,Widget C,SMB,Online,7,56.84,397.91,0
ORD-005013,2023-06-13,North,Widget C,Enterprise,Online,1,96.3,96.3,0
ORD-005014,2023-10-04,East,Gadget X,Enterprise,Online,4,282.7,1130.81,0
ORD-005015,2025-03-02,East,Widget B,Enterprise,Partners,4,51.11,204.43,10
ORD-005016,2025-05-19,East,Widget B,Consumer,Online,2,97.45,194.9,0
ORD-005017,2023-08-06,West,Service Plan,SMB,Retail,3,217.65,652.95,0
ORD-005018,2023-07-03,South,Widget B,Consumer,Online,2,421.65,843.3,20
ORD-005019,2024-11-08,West,Widget A,Consumer,Retail,3,348.05,1044.16,5
ORD-005020,2024-12-02,West,Widget B,Consumer,Online,3,232.02,696.05,5
ORD-005021,2024-08-23,East,Gadget X,Consumer,Online,1,49.5,49.5,0
ORD-005022,2025-03-04,North,Gadget X,Enterprise,Partners,6,114.63,687.8,0
ORD-005023,2025-05-24,South,Gadget X,SMB,Online,2,441.27,882.53,5
ORD-005024,2023-04-01,North,Widget B,SMB,Retail,3,447.32,1341.96,5
ORD-005025,2023-07-23,East,Gadget X,Consumer,Retail,1,120.68,120.68,0
ORD-005026,2024-12-19,South,Service Plan,Enterprise,Online,1,82.11,82.11,20
ORD-005027,2023-01-01,West,Gadget Y,Consumer,Partners,2,427.67,855.34,0
ORD-005028,2024-08-22,East,Service Plan,Enterprise,Online,1,344.64,344.64,5
ORD-005029,2025-05-19,East,Widget C,SMB,Partners,2,27.61,55.21,0
ORD-005030,2023-08-04,West,Widget A,Enterprise,Online,2,360.35,720.7,15
ORD-005031,2023-05-15,West,Gadget X,Consumer,Partners,5,302.91,1514.54,0
ORD-005032,2023-09-01,East,Widget A,SMB,Online,3,485.76,1457.29,0
ORD-005033,2024-05-31,North,Gadget X,SMB,Online,4,38.36,153.45,0
ORD-005034,2024-01-26,South,Gadget X,Enterprise,Online,2,71.26,142.52,0
ORD-005035,2024-04-30,North,Gadget X,Enterprise,Online,2,162.61,325.22,5
ORD-005036,2024-09-21,East,Widget B,SMB,Online,4,231.37,925.46,0
ORD-005037,2024-06-11,West,Widget A,Consumer,Retail,3,471.5,1414.49,5
ORD-005038,2024-11-08,North,Widget A,SMB,Retail,4,128.94,515.78,0
ORD-005039,2025-04-01,East,Widget A,Consumer,Online,1,22.16,22.16,0
ORD-005040,2023-11-21,North,Gadget Y,SMB,Online,5,330.59,1652.94,0
ORD-005041,2025-01-08,West,Service Plan,Enterprise,Retail,3,275.61,826.83,0
ORD-005042,2023-10-01,South,Widget B,Consumer,Online,5,40.89,204.44,5
ORD-005043,2024-07-25,East,Gadget X,Enterprise,Retail,4,325.35,1301.41,0
ORD-005044,2023-02-15,South,Widget A,Consumer,Online,3,196.15,588.44,0
ORD-005045,2023-01-17,North,Gadget X,SMB,Online,3,434.33,1302.98,5
ORD-005046,2023-05-14,East,Widget C,Enterprise,Online,2,125.42,250.84,10
ORD-005047,2024-04-15,East,Service Plan,Consumer,Online,7,196.3,1374.11,0
ORD-005048,2025-01-05,North,Service Plan,Enterprise,Online,4,416.62,1666.47,0
ORD-005049,2023-10-19,West,Gadget X,Consumer,Retail,1,34.0,34.0,5
ORD-005050,2023-08-29,West,Widget A,Enterprise,Partners,2,127.88,255.76,5
ORD-005051,2023-10-08,West,Gadget X,SMB,Retail,5,346.94,1734.68,0
ORD-005052,2023-07-01,North,Widget B,Enterprise,Retail,4,94.95,379.81,15
ORD-005053,2024-04-21,South,Widget A,Enterprise,Online,4,412.32,1649.29,5
ORD-005054,2023-06-17,West,Gadget X,SMB,Retail,3,331.11,993.33,5
ORD-005055,2023-08-06,,Widget A,Enterprise,Online,1,243.09,243.09,15
ORD-005056,2023-08-08,North,Widget A,Enterprise,Online,5,481.41,2407.07,10
ORD-005057,2024-06-21,South,Widget C,SMB,Partners,2,12.27,24.55,0
ORD-005058,2023-01-12,West,Widget C,SMB,Retail,3,249.14,747.42,0
ORD-005059,2024-03-24,North,Widget C,SMB,Online,5,474.09,2370.47,5
ORD-005060,2023-05-22,West,Service Plan,Enterprise,Online,2,216.45,432.91,5
ORD-005061,2025-04-09,South,Widget A,Enterprise,Online,1,234.44,234.44,0
ORD-005062,2024-12-04,North,Gadget Y,SMB,Partners,2,104.2,208.4,0
ORD-005063,2024-04-26,South,Widget C,SMB,Online,2,322.25,644.49,0
ORD-005064,2024-10-10,West,Service Plan,Enterprise,Online,3,68.03,204.09,10
ORD-005065,2025-06-10,South,Service Plan,Enterprise,Retail,2,143.6,287.2,0
ORD-005066,2024-12-05,South,Widget B,Consumer,Online,4,404.07,1616.3,0
ORD-005067,2023-06-08,East,Widget A,Consumer,Online,6,112.71,676.28,10
ORD-005068,2023-11-17,East,Widget B,Consumer,Online,2,115.12,230.23,0
ORD-005069,2023-01-20,South,Gadget X,Consumer,Retail,4,40.44,161.75,15
ORD-005070,2025-04-07,South,Widget A,SMB,Partners,4,464.11,1856.42,0
ORD-005071,2025-03-25,West,Widget B,Consumer,Online,5,254.44,1272.18,5
ORD-005072,2023-05-06,South,Widget A,SMB,Partners,4,184.13,736.53,15
ORD-005073,2024-06-19,,Widget A,SMB,Online,2,14.55,29.1,0
ORD-005074,2024-05-11,South,Gadget X,Enterprise,Online,3,139.85,419.56,0
ORD-005075,2025-03-31,North,Gadget X,SMB,Online,5,359.28,1796.4,5
ORD-005076,2024-11-10,South,Gadget Y,Consumer,Retail,2,371.24,742.49,10
ORD-005077,2024-05-08,East,Widget A,SMB,Retail,2,144.6,289.2,10
ORD-005078,2023-01-21,East,Widget C,SMB,Online,4,211.96,847.82,0
ORD-005079,2024-02-03,South,Widget B,SMB,Online,3,468.43,1405.28,5
ORD-005080,2023-04-01,South,Widget A,Consumer,Retail,2,437.6,875.2,5
ORD-005081,2024-05-29,North,Widget B,SMB,Online,2,145.52,291.03,0
ORD-005082,2023-08-04,South,Widget B,Enterprise,Partners,1,72.61,72.61,5
ORD-005083,2025-01-22,East,Gadget X,Enterprise,Retail,1,358.6,358.6,0
ORD-005084,2025-03-05,West,Gadget X,Consumer,Retail,2,386.79,773.59,0
ORD-005085,2023-09-07,East,Widget A,Enterprise,Partners,2,280.59,561.19,0
ORD-005086,2024-02-05,South,Gadget Y,Consumer,Online,4,16.21,64.82,0
ORD-005087,2024-03-15,West,Gadget Y,Consumer,Partners,2,358.97,717.94,20
ORD-005088,2024-04-17,East,Widget C,SMB,Retail,3,137.15,411.45,5
ORD-005089,2023-01-31,East,Widget A,SMB,Partners,4,235.57,942.27,0
ORD-005090,2023-10-07,North,Gadget X,Enterprise,Retail,5,250.92,1254.59,0
ORD-005091,2023-10-31,South,Service Plan,Enterprise,Partners,2,250.61,501.22,0
ORD-005092,2024-08-22,North,Gadget X,SMB,Partners,2,441.99,883.98,5
ORD-005093,2023-07-25,East,Gadget X,Consumer,Online,4,469.89,1879.55,0
ORD-005094,2024-08-16,West,Widget A,Consumer,Retail,4,441.26,1765.05,0
ORD-005095,2023-09-29,West,Widget B,SMB,Retail,3,485.59,1456.78,0
ORD-005096,2024-11-02,South,Widget A,Enterprise,Partners,3,94.44,283.32,20
ORD-005097,2023-07-02,South,Widget B,SMB,Partners,4,273.49,1093.96,10
ORD-005098,2024-11-22,West,Service Plan,SMB,Partners,2,452.07,904.15,15
ORD-005099,2024-04-07,North,Widget C,Enterprise,Partners,4,325.75,1303.01,0
ORD-005100,2025-01-04,South,Service Plan,Enterprise,Online,1,427.55,427.55,15
ORD-005101,2023-09-05,West,Widget A,Enterprise,Online,7,261.35,1829.48,0
ORD-005102,2025-03-29,West,Widget B,Consumer,Partners,3,91.15,273.46,0
ORD-005103,2024-07-26,East,Widget B,SMB,Online,2,272.06,544.12,0
ORD-005104,2025-03-16,North,Widget B,Consumer,Retail,8,84.4,675.23,0
ORD-005105,2024-08-12,North,Gadget X,Enterprise,Retail,2,488.12,976.24,0
ORD-005106,2024-12-04,North,Widget A,Enterprise,Online,4,313.73,1254.93,0
ORD-005107,2023-07-20,South,Widget A,Enterprise,Partners,1,363.83,363.83,5
ORD-005108,2024-01-10,North,Service Plan,Enterprise,Retail,1,326.6,326.6,0
ORD-005109,2023-08-06,South,Widget A,SMB,Online,4,187.28,749.14,5
ORD-005110,2025-01-03,,Gadget X,Consumer,Online,3,246.28,738.83,0
ORD-005111,2023-11-26,East,Widget C,Enterprise,Partners,3,297.14,891.41,15
ORD-005112,2025-06-17,North,Widget B,SMB,Online,3,426.68,1280.05,10
ORD-005113,2024-10-09,East,Gadget Y,SMB,Online,5,10.01,50.04,10
ORD-005114,2024-11-10,South,Widget A,Enterprise,Partners,2,326.87,653.75,5
ORD-005115,2023-12-30,North,Widget A,Enterprise,Online,5,452.91,2264.54,0
ORD-005116,2024-10-12,South,Widget A,SMB,Partners,7,341.86,2393.04,0
ORD-005117,2023-08-01,South,Widget B,Enterprise,Online,2,326.1,652.2,15
ORD-005118,2024-09-20,South,Gadget X,SMB,Online,2,83.31,166.62,5
ORD-005119,2024-12-03,South,Widget B,Consumer,Online,5,497.07,2485.36,10
ORD-005120,2023-02-28,South,Gadget X,Enterprise,Retail,2,143.49,286.97,10
ORD-005121,2023-08-05,South,Widget C,Enterprise,Online,5,167.56,837.78,0
ORD-005122,2024-11-23,North,Widget A,Consumer,Online,2,291.52,583.04,15
ORD-005123,2024-08-18,East,Widget A,Consumer,Partners,2,389.76,779.51,5
ORD-005124,2025-03-31,East,Gadget X,Enterprise,Retail,1,295.56,295.56,0
ORD-005125,2023-06-29,East,Widget A,Enterprise,Online,2,87.6,175.2,0
ORD-005126,2024-01-15,East,Widget B,SMB,Partners,3,245.15,735.45,10
ORD-005127,2023-10-07,South,Widget A,Consumer,Partners,4,222.1,888.4,0
ORD-005128,2023-10-23,East,Widget B,Enterprise,Retail,4,34.15,136.62,10
ORD-005129,2023-12-04,West,Widget B,SMB,Online,2,381.81,763.61,0
ORD-005130,2024-10-19,West,Widget C,SMB,Online,2,104.05,208.11,5
ORD-005131,2024-02-19,South,Widget A,Consumer,Partners,2,329.27,658.54,0
ORD-005132,2025-04-28,West,Widget B,SMB,Retail,3,291.3,873.91,0
ORD-005133,2024-06-22,West,Widget A,Enterprise,Online,6,26.64,159.83,10
ORD-005134,2024-03-19,East,Widget A,Enterprise,Online,1,397.53,397.53,5
ORD-005135,2023-08-26,West,Widget A,Enterprise,Online,4,209.27,837.09,0
ORD-005136,2023-04-20,North,Widget A,Enterprise,Partners,1,144.08,144.08,0
ORD-005137,2024-02-21,West,Service Plan,Enterprise,Online,4,285.72,1142.88,0
ORD-005138,2023-06-22,East,Widget C,Enterprise,Online,1,54.4,54.4,5
ORD-005139,2023-09-29,North,Widget A,Enterprise,Retail,4,133.38,533.53,0
ORD-005140,2024-01-20,East,Gadget X,SMB,Online,4,416.27,1665.09,5
ORD-005141,2023-08-21,,Widget B,Consumer,Online,3,9.55,28.66,10
ORD-005142,2024-12-14,West,Widget C,Enterprise,Online,3,127.58,382.73,5
ORD-005143,2024-02-07,West,Gadget X,Enterprise,Retail,4,438.27,1753.08,0
ORD-005144,2023-08-27,North,Widget A,SMB,Online,5,367.14,1835.71,0
ORD-005145,2024-11-01,North,Widget C,Enterprise,Online,4,349.46,1397.85,0
ORD-005146,2024-11-26,South,Widget A,Enterprise,Online,5,468.06,2340.31,0
ORD-005147,2024-01-10,,Gadget Y,Consumer,Online,4,19.05,76.18,15
ORD-005148,2024-04-06,East,Widget A,SMB,Partners,4,491.84,1967.36,0
ORD-005149,2024-08-29,South,Service Plan,SMB,Partners,4,326.78,1307.11,0
ORD-005150,2024-02-06,West,Widget C,SMB,Retail,4,335.36,1341.44,10
ORD-005151,2023-01-04,North,Widget B,Enterprise,Online,1,452.46,452.46,0
ORD-005152,2024-03-17,West,Widget B,Consumer,Online,3,213.44,640.33,0
ORD-005153,2024-07-31,North,Gadget X,SMB,Retail,1,41.99,41.99,10
ORD-005154,2023-08-15,North,Gadget Y,Enterprise,Online,3,21.53,64.59,5
ORD-005155,2023-07-26,North,Gadget X,Consumer,Online,3,389.03,1167.08,0
ORD-005156,2023-05-11,North,Gadget X,Enterprise,Retail,1,248.64,248.64,5
ORD-005157,2023-09-19,South,Widget B,SMB,Retail,4,373.64,1494.55,0
ORD-005158,2023-02-08,South,Widget A,Consumer,Online,1,490.1,490.1,5
ORD-005159,2023-05-10,South,Gadget X,Consumer,Online,2,53.59,107.18,15
ORD-005160,2024-07-01,North,Widget C,Enterprise,Retail,2,129.12,258.24,0
ORD-005161,2025-03-07,North,Gadget X,Enterprise,Online,1,160.92,160.92,10
ORD-005162,2023-09-15,West,Widget A,Enterprise,Retail,2,49.22,98.45,5
ORD-005163,2023-01-16,South,Widget A,Enterprise,Online,1,10.36,10.36,5
ORD-005164,2025-03-22,West,Gadget X,Enterprise,Retail,6,346.27,2077.6,0
ORD-005165,2024-06-12,East,Widget B,Enterprise,Retail,1,11.79,11.79,0
ORD-005166,2025-03-29,West,Widget C,Consumer,Partners,3,394.89,1184.68,0
ORD-005167,2024-01-13,South,Service Plan,Enterprise,Retail,4,43.14,172.55,0
ORD-005168,2023-05-27,East,Service Plan,Consumer,Online,6,80.2,481.21,20
ORD-005169,2023-12-10,West,Widget B,Enterprise,Online,2,405.43,810.86,10
ORD-005170,2025-06-09,East,Gadget X,Enterprise,Online,5,453.47,2267.34,5
ORD-005171,2024-04-02,South,Widget B,Enterprise,Retail,5,468.72,2343.59,15
ORD-005172,2023-04-09,South,Widget B,Enterprise,Online,2,474.0,948.0,5
ORD-005173,2025-04-22,East,Gadget X,SMB,Retail,4,451.3,1805.21,10
ORD-005174,2023-10-20,North,Gadget X,Consumer,Retail,3,219.96,659.87,0
ORD-005175,2024-12-11,West,Gadget Y,SMB,Online,4,331.72,1326.89,0
ORD-005176,2024-06-05,East,Gadget X,Consumer,Retail,4,396.73,1586.91,5
ORD-005177,2023-09-26,South,Gadget X,Enterprise,Online,2,336.87,673.75,0
ORD-005178,2023-08-15,South,Widget A,Consumer,Online,3,83.39,,0
ORD-005179,2023-09-20,West,Widget B,SMB,Online,5,72.97,364.86,15
ORD-005180,2024-01-28,South,Widget B,SMB,Online,4,25.87,103.48,5
ORD-005181,2024-08-09,West,Widget C,Enterprise,Online,1,94.91,94.91,0
ORD-005182,2024-04-23,South,Service Plan,Enterprise,Online,2,150.63,301.26,0
ORD-005183,2024-02-22,West,Service Plan,Consumer,Partners,2,72.92,145.84,0
ORD-005184,2023-11-19,East,Service Plan,Enterprise,Online,3,176.31,528.93,15
ORD-005185,2024-05-12,North,Gadget X,Enterprise,Online,7,101.61,711.24,0
ORD-005186,2024-06-20,South,Widget A,Enterprise,Online,3,288.94,866.81,0
ORD-005187,2025-06-03,North,Widget A,SMB,Online,4,115.83,463.33,5
ORD-005188,2025-02-08,South,Widget A,Enterprise,Online,5,405.82,2029.1,0
ORD-005189,2025-01-02,West,Widget A,Consumer,Retail,4,454.95,1819.8,0
ORD-005190,2025-05-16,West,Gadget Y,Enterprise,Retail,1,238.81,238.81,5
ORD-005191,2024-07-08,South,Gadget Y,Enterprise,Online,2,40.96,81.91,10
ORD-005192,2024-01-05,South,Widget A,SMB,Online,6,346.54,2079.21,0
ORD-005193,2024-05-18,East,Widget A,SMB,Online,2,314.19,628.39,15
ORD-005194,2023-12-07,North,Widget C,Enterprise,Online,4,103.49,413.95,0
ORD-005195,2025-04-24,South,Gadget X,SMB,Online,3,397.7,1193.1,0
ORD-005196,2025-05-14,West,Gadget X,Enterprise,Online,3,102.4,307.21,5
ORD-005197,2024-04-13,North,Widget B,Consumer,Retail,2,132.26,264.52,0
ORD-005198,2023-12-06,East,Widget B,Enterprise,Online,2,358.64,717.29,0
ORD-005199,2023-12-08,West,Widget C,Consumer,Retail,3,275.08,825.24,10
ORD-005200,2024-03-19,South,Widget B,Enterprise,Online,6,243.14,1458.83,0
ORD-005201,2025-01-31,South,Service Plan,SMB,Partners,3,423.04,1269.13,5
ORD-005202,2024-02-25,South,Service Plan,Consumer,Online,1,464.66,464.66,0
ORD-005203,2024-03-05,West,Service Plan,Enterprise,Partners,4,154.61,618.43,5
ORD-005204,2024-06-15,East,Gadget Y,SMB,Retail,2,355.02,710.05,0
ORD-005205,2025-02-20,East,Widget C,Enterprise,Partners,4,315.39,1261.57,5
ORD-005206,2025-06-13,East,Gadget Y,Consumer,Partners,2,407.27,814.54,10
ORD-005207,2024-01-02,East,Widget B,SMB,Retail,2,366.34,732.68,0
ORD-005208,2023-12-07,South,Widget A,SMB,Online,2,146.34,292.67,5
ORD-005209,2024-05-18,North,Widget A,Consumer,Online,5,183.67,918.34,0
ORD-005210,2023-02-25,South,Gadget X,Consumer,Retail,4,410.34,1641.36,5
ORD-005211,2025-04-30,North,Widget C,Consumer,Online,4,57.63,230.52,0
ORD-005212,2024-05-17,West,Widget C,Enterprise,Online,2,157.16,314.32,5
ORD-005213,2025-02-25,South,Widget C,Consumer,Retail,3,136.17,408.5,0
ORD-005214,2023-09-20,South,Widget A,SMB,Partners,3,469.54,1408.62,15
ORD-005215,2023-08-30,South,Widget C,SMB,Online,1,51.99,51.99,5
ORD-005216,2023-10-02,North,Service Plan,Enterprise,Online,3,295.08,885.24,10
ORD-005217,2025-02-08,South,Widget C,Consumer,Online,3,368.93,1106.8,10
ORD-005218,2023-10-28,South,Gadget X,SMB,Retail,4,217.49,869.96,0
ORD-005219,2024-02-26,North,Gadget Y,Enterprise,Online,4,41.4,,0
ORD-005220,2023-04-27,South,Widget C,SMB,Partners,2,443.91,887.83,0
ORD-005221,2023-05-30,,Widget C,Enterprise,Online,2,490.26,980.52,5
ORD-005222,2023-09-22,South,Widget B,Enterprise,Retail,2,52.27,104.54,10
ORD-005223,2023-09-29,East,Widget A,Enterprise,Retail,6,472.66,2835.96,0
ORD-005224,2024-10-20,East,Widget C,Consumer,Retail,3,110.35,331.04,5
ORD-005225,2023-01-24,West,Widget B,SMB,Partners,4,212.16,848.63,10
ORD-005226,2023-11-05,North,Gadget X,SMB,Retail,5,394.11,1970.54,5
ORD-005227,2024-07-04,North,Service Plan,Enterprise,Online,1,484.85,484.85,0
ORD-005228,2023-03-11,South,Service Plan,Enterprise,Online,3,114.93,344.79,5
ORD-005229,2024-08-22,East,Gadget X,Enterprise,Retail,2,464.24,928.48,15
ORD-005230,2025-04-22,East,Gadget X,Enterprise,Partners,4,45.7,182.81,5
ORD-005231,2025-01-20,West,Gadget X,SMB,Partners,4,312.79,1251.14,10
ORD-005232,2023-11-07,West,Gadget X,Enterprise,Partners,5,465.91,2329.54,0
ORD-005233,2023-10-08,West,Widget A,SMB,Online,3,270.4,811.2,5
ORD-005234,2025-02-22,West,Widget B,Consumer,Partners,2,271.49,542.99,10
ORD-005235,2023-12-25,North,Widget A,Consumer,Partners,4,230.21,920.85,5
ORD-005236,2025-03-01,East,Service Plan,Enterprise,Partners,2,262.36,524.72,0
ORD-005237,2023-03-13,North,Gadget Y,SMB,Partners,3,136.72,410.17,5
ORD-005238,2023-11-04,East,Gadget X,Consumer,Partners,5,140.57,702.86,0
ORD-005239,2024-10-19,West,Widget C,Enterprise,Online,3,375.5,1126.5,5
ORD-005240,2024-03-18,North,Widget C,Enterprise,Partners,5,132.88,664.39,15
ORD-005241,2025-01-04,West,Widget B,SMB,Partners,3,108.04,324.11,0
ORD-005242,2023-11-04,East,Gadget X,Consumer,Retail,3,277.21,831.64,10
ORD-005243,2025-04-09,South,Gadget X,Enterprise,Partners,3,270.92,812.77,15
ORD-005244,2023-08-22,East,Widget A,Enterprise,Retail,5,25.62,128.12,0
ORD-005245,2023-01-23,South,Widget A,Enterprise,Online,2,353.12,706.25,5
ORD-005246,2025-06-18,West,Widget B,Enterprise,Online,2,67.68,135.37,0
ORD-005247,2023-05-31,West,Gadget X,SMB,Online,5,376.46,1882.29,5
ORD-005248,2025-03-21,East,Widget C,SMB,Online,6,242.63,1455.78,5
ORD-005249,2024-04-05,South,Widget A,SMB,Online,4,128.32,513.29,5
ORD-005250,2023-07-09,North,Gadget Y,SMB,Online,3,174.59,523.77,10
ORD-005251,2023-11-11,East,Service Plan,SMB,Online,3,260.47,781.41,10
ORD-005252,2023-06-25,South,Widget B,SMB,Online,1,205.72,205.72,5
ORD-005253,2023-07-28,West,Widget C,SMB,Online,2,316.6,633.2,0
ORD-005254,2024-08-30,North,Widget A,Enterprise,Partners,3,17.95,53.86,0
ORD-005255,2023-05-21,West,Gadget X,SMB,Online,5,221.2,1105.98,10
ORD-005256,2024-10-30,East,Widget B,Enterprise,Online,5,169.2,845.98,0
ORD-005257,2024-03-27,North,Gadget Y,Enterprise,Online,4,369.99,1479.95,0
ORD-005258,2023-08-07,East,Widget A,SMB,Partners,3,317.28,951.83,5
ORD-005259,2025-03-29,East,Widget C,Enterprise,Partners,2,58.38,116.76,0
ORD-005260,2025-03-27,West,Widget A,Enterprise,Retail,6,49.01,294.05,0
ORD-005261,2024-05-01,East,Service Plan,Consumer,Online,2,294.85,589.7,0
ORD-005262,2024-06-09,North,Gadget X,Enterprise,Retail,2,466.9,933.79,5
ORD-005263,2023-11-16,South,Gadget Y,SMB,Online,5,340.94,1704.68,0
ORD-005264,2024-01-09,West,Gadget Y,Enterprise,Partners,2,334.74,669.49,0
ORD-005265,2023-01-21,North,Gadget X,SMB,Online,3,244.77,734.3,5
ORD-005266,2023-10-20,South,Gadget X,SMB,Retail,5,114.99,574.93,0
ORD-005267,2024-09-06,North,Service Plan,Enterprise,Online,6,61.56,369.34,0
ORD-005268,2024-11-27,East,Widget B,Consumer,Online,1,97.4,97.4,5
ORD-005269,2023-12-06,East,Widget A,SMB,Retail,2,492.94,985.87,0
ORD-005270,2024-08-05,South,Widget A,SMB,Online,2,387.79,775.57,15
ORD-005271,2025-01-10,West,Widget C,Enterprise,Retail,3,42.62,127.87,0
ORD-005272,2023-07-10,South,Gadget X,Enterprise,Online,2,148.47,296.94,10
ORD-005273,2023-01-29,South,Gadget X,Consumer,Retail,3,368.7,1106.1,5
ORD-005274,2024-03-28,West,Gadget X,Consumer,Partners,2,151.22,302.45,10
ORD-005275,2023-06-09,North,Service Plan,Enterprise,Partners,3,89.76,269.27,10
ORD-005276,2023-12-02,North,Widget A,Enterprise,Online,4,460.51,1842.05,5
ORD-005277,2025-02-07,South,Widget C,SMB,Online,1,292.99,292.99,0
ORD-005278,2023-03-18,North,Widget A,Consumer,Retail,4,11.8,47.21,0
ORD-005279,2024-06-16,East,Widget B,Enterprise,Partners,4,59.9,239.59,10
ORD-005280,2024-01-15,West,Gadget X,Consumer,Online,2,213.58,427.17,0
ORD-005281,2023-05-31,East,Widget B,Consumer,Retail,4,340.63,1362.5,10
ORD-005282,2024-04-13,East,Gadget X,Enterprise,Retail,1,406.7,406.7,0
ORD-005283,2023-12-24,North,Gadget Y,Consumer,Retail,2,134.73,269.45,5
ORD-005284,2025-01-04,North,Widget B,Consumer,Retail,2,414.17,828.34,5
ORD-005285,2024-05-13,East,Widget A,Enterprise,Partners,1,99.91,99.91,15
ORD-005286,2023-08-21,East,Service Plan,Enterprise,Partners,2,78.65,157.3,5
ORD-005287,2024-05-13,North,Widget B,Enterprise,Online,1,409.53,409.53,0
ORD-005288,2023-09-20,South,Widget A,Enterprise,Partners,1,134.91,134.91,0
ORD-005289,2025-06-13,East,Widget C,SMB,Partners,3,290.08,870.23,0
ORD-005290,2023-05-01,West,Service Plan,SMB,Retail,5,373.97,1869.84,0
ORD-005291,2024-03-24,West,Widget A,Enterprise,Partners,3,110.88,332.63,15
ORD-005292,2023-05-29,North,Gadget X,Consumer,Retail,3,261.71,785.12,0
ORD-005293,2025-02-20,West,Widget A,Consumer,Retail,3,498.43,1495.28,5
ORD-005294,2024-05-20,West,Widget A,SMB,Online,2,12.99,25.98,0
ORD-005295,2023-10-14,North,Widget B,SMB,Retail,6,110.62,663.7,0
ORD-005296,2024-12-25,South,Gadget X,SMB,Retail,4,455.95,1823.81,0
ORD-005297,2024-07-28,South,Widget A,SMB,Online,5,342.72,1713.61,0
ORD-005298,2023-11-23,West,Gadget Y,Consumer,Online,4,347.92,1391.68,15
ORD-005299,2024-06-04,East,Gadget X,Consumer,Online,2,203.5,407.01,0
ORD-005300,2025-06-10,West,Widget C,Enterprise,Online,2,122.27,244.53,10
ORD-005301,2025-05-23,North,Gadget X,SMB,Online,2,75.97,151.94,10
ORD-005302,2024-06-08,North,Gadget Y,Enterprise,Retail,2,159.74,319.49,10
ORD-005303,2023-06-24,South,Service Plan,Consumer,Partners,3,316.28,948.85,15
ORD-005304,2025-06-18,West,Widget C,Consumer,Partners,4,489.85,1959.41,5
ORD-005305,2025-03-15,South,Widget B,Consumer,Online,3,377.97,1133.92,5
ORD-005306,2024-03-01,,Widget B,SMB,Retail,4,339.66,1358.63,0
ORD-005307,2023-01-26,North,Gadget X,SMB,Online,3,18.8,56.41,10
ORD-005308,2023-12-13,East,Service Plan,Enterprise,Online,2,479.77,959.54,0
ORD-005309,2025-03-31,South,Widget B,Consumer,Retail,2,376.18,752.36,0
ORD-005310,2023-12-12,North,Widget B,Enterprise,Retail,3,228.91,686.73,5
ORD-005311,2023-10-12,West,Widget B,SMB,Online,3,164.19,492.56,0
ORD-005312,2024-02-10,South,Service Plan,Enterprise,Retail,3,97.13,291.4,5
ORD-005313,2023-02-27,South,Gadget Y,SMB,Online,2,371.13,742.26,0
ORD-005314,2023-01-31,North,Gadget Y,Consumer,Partners,3,59.11,177.33,0
ORD-005315,2024-03-21,East,Widget C,SMB,Online,6,289.92,1739.53,10
ORD-005316,2025-05-05,North,Widget A,SMB,Online,2,234.35,468.7,10
ORD-005317,2024-11-13,East,Widget A,Consumer,Retail,5,209.04,1045.21,0
ORD-005318,2023-07-17,East,Widget C,Enterprise,Online,3,103.64,310.93,5
ORD-005319,2023-05-29,West,Gadget X,Enterprise,Online,2,312.42,624.84,10
ORD-005320,2024-04-03,West,Gadget X,Enterprise,Online,1,483.39,483.39,0
ORD-005321,2024-05-31,West,Widget A,Consumer,Online,1,205.32,205.32,0
ORD-005322,2024-07-03,North,Widget A,Enterprise,Partners,3,406.59,1219.77,0
ORD-005323,2024-03-27,East,Service Plan,Enterprise,Online,2,382.82,765.63,10
ORD-005324,2023-03-10,West,Gadget X,Consumer,Retail,1,162.49,162.49,15
ORD-005325,2023-12-09,South,Widget A,Enterprise,Partners,3,300.45,901.34,0
ORD-005326,2024-02-18,West,Service Plan,SMB,Partners,3,248.19,744.56,0
ORD-005327,2024-09-01,East,Widget B,Enterprise,Online,2,444.49,888.98,0
ORD-005328,2025-02-24,East,Service Plan,Enterprise,Retail,3,11.64,34.92,5
ORD-005329,2024-03-30,West,Widget B,Consumer,Online,11,433.2,4765.16,5
ORD-005330,2025-05-23,East,Gadget Y,Consumer,Retail,3,47.07,141.21,5
ORD-005331,2024-02-10,East,Gadget Y,Enterprise,Partners,2,198.95,397.9,15
ORD-005332,2025-01-22,North,Widget A,Consumer,Retail,3,431.24,1293.72,0
ORD-005333,2025-05-01,South,Widget A,Enterprise,Online,4,218.52,874.1,0
ORD-005334,2023-01-10,South,Gadget X,SMB,Online,3,269.73,809.19,0
ORD-005335,2023-12-07,South,Widget A,Enterprise,Retail,1,260.27,,10
ORD-005336,2024-01-31,West,Widget B,Consumer,Partners,3,126.75,380.24,5
ORD-005337,2023-09-23,West,Widget C,Consumer,Online,3,329.48,988.44,10
ORD-005338,2024-08-31,North,Widget C,Enterprise,Retail,1,104.69,104.69,15
ORD-005339,2024-03-23,West,Gadget X,Enterprise,Online,4,194.47,777.87,0
ORD-005340,2025-05-14,North,Widget A,SMB,Online,4,178.81,715.26,0
ORD-005341,2023-07-10,East,Gadget X,Consumer,Retail,3,401.45,,0
ORD-005342,2023-06-13,South,Widget C,SMB,Online,2,432.03,,0
ORD-005343,2025-04-27,North,Gadget X,Consumer,Online,1,60.03,60.03,10
ORD-005344,2025-02-24,West,Widget B,Consumer,Online,2,290.34,580.67,5
ORD-005345,2024-07-09,West,Widget A,SMB,Online,2,237.53,475.05,0
ORD-005346,2025-02-15,East,Widget A,Consumer,Online,2,157.25,314.5,5
ORD-005347,2023-01-29,South,Gadget X,Enterprise,Online,6,452.99,2717.95,5
ORD-005348,2023-08-30,South,Gadget Y,SMB,Online,4,298.75,1194.99,0
ORD-005349,2025-05-11,West,Widget B,SMB,Online,3,278.88,836.64,10
ORD-005350,2023-03-18,North,Widget A,Consumer,Retail,3,496.46,1489.38,10
ORD-005351,2025-04-22,West,Gadget X,Enterprise,Online,3,323.73,971.18,0
ORD-005352,2023-06-23,West,Gadget Y,Consumer,Online,3,466.18,1398.53,10
ORD-005353,2023-11-29,South,Widget B,SMB,Online,3,304.74,914.22,0
ORD-005354,2024-08-12,North,Widget B,Enterprise,Retail,1,390.69,390.69,5
ORD-005355,2023-12-28,North,Gadget X,SMB,Online,3,143.68,431.04,0
ORD-005356,2023-10-16,South,Widget B,Enterprise,Partners,3,139.98,419.95,0
ORD-005357,2023-05-05,North,Widget A,Consumer,Partners,1,117.65,117.65,0
ORD-005358,2023-03-23,West,Gadget X,Consumer,Partners,2,365.63,731.26,15
ORD-005359,2023-08-23,South,Gadget X,Consumer,Retail,3,270.57,811.7,0
ORD-005360,2023-01-25,South,Gadget Y,Consumer,Retail,3,473.06,1419.19,0
ORD-005361,2024-10-24,East,Service Plan,SMB,Retail,2,134.47,268.94,5
ORD-005362,2023-09-18,West,Gadget Y,SMB,Retail,6,405.21,2431.28,0
ORD-005363,2024-07-26,North,Gadget Y,Consumer,Partners,5,454.4,2272.0,5
ORD-005364,2024-08-01,North,Widget A,SMB,Online,4,362.13,1448.51,0
ORD-005365,2023-12-03,East,Widget B,Enterprise,Online,3,62.05,186.16,5
ORD-005366,2023-03-18,North,Widget A,Enterprise,Online,1,38.62,38.62,5
ORD-005367,2023-03-02,South,Widget B,Consumer,Partners,1,137.31,137.31,0
ORD-005368,2023-05-03,South,Widget C,Enterprise,Online,2,262.43,524.87,5
ORD-005369,2023-03-12,North,Gadget X,Enterprise,Online,4,325.11,1300.45,5
ORD-005370,2024-11-19,South,Widget C,Consumer,Retail,2,38.25,76.51,0
ORD-005371,2023-04-30,North,Gadget X,SMB,Retail,3,424.2,1272.61,10
ORD-005372,2023-02-04,East,Widget A,Consumer,Retail,3,387.45,1162.34,5
ORD-005373,2024-10-10,East,Widget A,SMB,Retail,2,171.8,343.59,0
ORD-005374,2024-10-24,East,Widget A,SMB,Online,5,226.76,1133.81,0
ORD-005375,2024-06-04,West,Widget A,Enterprise,Retail,7,453.08,3171.58,15
ORD-005376,2023-11-14,South,Widget C,Enterprise,Retail,2,442.17,884.35,0
ORD-005377,2023-08-15,East,Gadget X,Enterprise,Retail,2,179.81,359.63,15
ORD-005378,2025-05-06,South,Widget B,Consumer,Partners,4,71.02,284.09,0
ORD-005379,2023-01-09,North,Gadget X,Enterprise,Online,3,422.18,1266.55,20
ORD-005380,2024-10-05,West,Widget B,Enterprise,Retail,3,309.33,928.0,0
ORD-005381,2023-01-14,North,Widget A,Consumer,Online,3,81.57,244.71,10
ORD-005382,2024-08-22,South,Gadget X,Enterprise,Partners,3,27.14,81.43,0
ORD-005383,2025-04-08,North,Widget C,Consumer,Retail,2,297.9,595.79,5
ORD-005384,2023-05-07,South,Widget A,Enterprise,Online,2,303.85,607.7,0
ORD-005385,2024-07-03,North,Widget A,Consumer,Online,2,492.6,985.2,10
ORD-005386,2023-12-29,West,Widget A,SMB,Online,3,260.38,781.13,5
ORD-005387,2023-11-19,West,Gadget Y,Consumer,Retail,2,324.34,648.68,10
ORD-005388,2024-05-10,South,Widget B,SMB,Online,3,300.6,901.81,0
ORD-005389,2024-01-30,South,Widget A,Enterprise,Retail,3,349.12,1047.35,0
ORD-005390,2023-05-28,West,Widget C,Enterprise,Partners,2,402.58,805.16,5
ORD-005391,2023-07-09,North,Widget C,Consumer,Online,1,426.17,426.17,0
ORD-005392,2024-09-10,West,Widget A,Consumer,Retail,1,342.4,342.4,5
ORD-005393,2025-06-05,South,Gadget X,Enterprise,Online,4,131.39,525.56,0
ORD-005394,2023-11-17,West,Service Plan,Consumer,Online,6,73.69,442.13,5
ORD-005395,2024-11-27,South,Widget A,Enterprise,Retail,3,414.41,1243.24,5
ORD-005396,2024-08-13,North,Widget C,Consumer,Online,2,291.73,583.46,5
ORD-005397,2025-01-19,South,Widget B,Consumer,Partners,1,189.68,189.68,0
ORD-005398,2023-04-09,West,Widget B,Consumer,Retail,3,256.72,770.17,5
ORD-005399,2024-03-08,North,Widget A,SMB,Retail,5,416.77,2083.86,0
ORD-005400,2024-07-10,North,Widget C,SMB,Online,2,50.47,100.94,5
ORD-005401,2024-09-25,South,Widget B,SMB,Retail,3,494.24,1482.73,0
ORD-005402,2024-07-22,,Widget B,Enterprise,Retail,3,199.82,599.45,5
ORD-005403,2025-06-16,East,Widget B,Enterprise,Online,5,302.12,1510.62,5
ORD-005404,2024-06-17,South,Widget A,Enterprise,Partners,3,414.92,1244.75,0
ORD-005405,2025-06-07,North,Widget A,Consumer,Retail,1,13.92,13.92,5
ORD-005406,2024-06-25,East,Gadget Y,Enterprise,Online,2,25.57,51.14,0
ORD-005407,2023-09-17,North,Widget A,SMB,Online,1,356.59,356.59,0
ORD-005408,2023-12-02,North,Widget A,Enterprise,Online,2,68.91,137.82,15
ORD-005409,2025-01-14,East,Widget C,Enterprise,Online,3,55.61,166.84,0
ORD-005410,2024-03-06,South,Gadget X,Enterprise,Online,2,137.26,274.51,0
ORD-005411,2023-05-10,North,Service Plan,SMB,Online,1,362.09,362.09,5
ORD-005412,2023-02-07,North,Widget A,SMB,Online,3,242.75,728.24,0
ORD-005413,2024-01-27,West,Gadget X,Consumer,Online,4,91.89,367.54,0
ORD-005414,2025-04-19,East,Widget C,SMB,Online,4,464.96,1859.83,20
ORD-005415,2024-12-05,South,Gadget X,Consumer,Partners,1,309.07,309.07,15
ORD-005416,2025-02-24,South,Widget B,SMB,Retail,3,231.26,693.78,5
ORD-005417,2023-10-21,South,Service Plan,SMB,Online,2,247.18,494.36,20
ORD-005418,2023-11-28,East,Gadget Y,Enterprise,Retail,3,364.47,1093.41,15
ORD-005419,2023-08-19,South,Gadget X,Enterprise,Partners,5,342.34,1711.71,5
ORD-005420,2024-07-09,West,Widget B,Consumer,Online,4,63.29,253.18,0
ORD-005421,2023-10-06,South,Service Plan,Consumer,Partners,5,353.01,1765.06,0
ORD-005422,2023-12-03,North,Gadget X,Enterprise,Retail,4,253.58,1014.32,0
ORD-005423,2024-10-15,West,Widget B,SMB,Online,3,427.35,1282.04,0
ORD-005424,2023-11-14,East,Gadget Y,Enterprise,Retail,3,238.91,716.74,0
ORD-005425,2024-04-30,West,Gadget X,Consumer,Online,3,167.87,503.61,0
ORD-005426,2024-02-25,West,Widget A,SMB,Partners,2,278.15,556.29,10
ORD-005427,2023-11-20,East,Widget C,Enterprise,Online,4,206.59,826.38,0
ORD-005428,2023-11-10,South,Gadget X,Consumer,Retail,3,475.28,1425.84,5
ORD-005429,2023-01-03,West,Gadget X,Consumer,Retail,3,260.58,781.73,0
ORD-005430,2025-05-30,North,Gadget X,Consumer,Online,2,100.91,201.82,0
ORD-005431,2023-07-24,South,Widget B,Enterprise,Partners,1,430.63,430.63,15
ORD-005432,2025-04-12,South,Service Plan,Enterprise,Online,4,331.78,,0
ORD-005433,2023-05-02,West,Gadget X,Enterprise,Retail,1,466.55,466.55,5
ORD-005434,2025-05-17,East,Gadget X,Enterprise,Online,3,44.33,133.0,0
ORD-005435,2024-05-20,South,Widget C,Consumer,Partners,2,450.15,900.3,0
ORD-005436,2023-12-21,South,Gadget X,SMB,Partners,2,400.34,800.67,0
ORD-005437,2025-05-22,West,Widget C,SMB,Retail,3,204.58,613.74,0
ORD-005438,2024-05-17,West,Service Plan,Enterprise,Online,2,480.6,961.21,5
ORD-005439,2023-03-14,East,Gadget X,SMB,Online,4,85.89,343.56,10
ORD-005440,2025-01-26,North,Gadget X,Enterprise,Online,3,47.08,141.23,5
ORD-005441,2023-01-13,North,Gadget Y,Enterprise,Online,8,67.03,536.25,10
ORD-005442,2024-01-15,East,Widget B,Consumer,Online,1,105.16,105.16,10
ORD-005443,2023-03-18,North,Service Plan,SMB,Partners,2,229.02,458.03,5
ORD-005444,2024-03-15,North,Widget B,Enterprise,Retail,5,355.15,1775.77,0
ORD-005445,2025-02-16,West,Service Plan,SMB,Online,5,337.07,1685.33,0
ORD-005446,2023-04-12,East,Widget A,SMB,Online,2,451.38,902.75,0
ORD-005447,2023-11-24,South,Gadget Y,Consumer,Online,2,312.76,625.53,0
ORD-005448,2025-04-27,,Gadget X,Enterprise,Online,1,83.45,83.45,0
ORD-005449,2024-12-27,North,Widget A,SMB,Online,5,108.73,543.65,0
ORD-005450,2024-06-18,North,Widget A,SMB,Online,3,355.0,1065.01,0
ORD-005451,2024-03-01,West,Widget C,SMB,Retail,4,206.34,825.36,0
ORD-005452,2025-03-23,South,Service Plan,SMB,Partners,2,193.19,386.38,5
ORD-005453,2024-09-19,South,Gadget X,Consumer,Online,1,347.81,347.81,5
ORD-005454,2024-08-31,North,Widget A,SMB,Online,3,441.51,1324.54,0
ORD-005455,2023-10-26,East,Gadget Y,Enterprise,Online,3,360.72,1082.15,15
ORD-005456,2023-10-22,East,Widget A,Consumer,Retail,1,335.5,335.5,0
ORD-005457,2024-10-22,South,Gadget Y,Consumer,Online,4,428.1,1712.41,10
ORD-005458,2023-06-12,West,Service Plan,Consumer,Online,2,350.55,701.11,15
ORD-005459,2025-04-12,South,Widget A,SMB,Online,4,42.38,169.53,0
ORD-005460,2025-03-30,South,Service Plan,Consumer,Online,2,273.02,546.03,15
ORD-005461,2025-02-28,East,Service Plan,Enterprise,Retail,2,254.86,509.72,0
ORD-005462,2025-01-21,South,Widget A,Enterprise,Online,2,273.01,546.01,0
ORD-005463,2025-05-13,North,Gadget X,SMB,Online,5,474.69,2373.45,0
ORD-005464,2025-05-31,South,Gadget X,Consumer,Online,3,364.22,1092.66,0
ORD-005465,2024-04-02,South,Gadget X,Consumer,Online,6,255.34,1532.02,0
ORD-005466,2023-08-22,North,Widget B,Consumer,Retail,3,410.32,1230.97,0
ORD-005467,2024-08-14,East,Widget B,Consumer,Partners,2,26.4,52.81,10
ORD-005468,2023-06-09,East,Widget A,Consumer,Retail,4,376.99,1507.96,5
ORD-005469,2023-02-02,North,Gadget Y,SMB,Partners,3,194.79,584.38,5
ORD-005470,2023-09-01,East,Gadget X,Enterprise,Online,6,408.09,2448.57,5
ORD-005471,2024-03-31,West,Gadget Y,SMB,Partners,5,37.24,186.19,0
ORD-005472,2025-05-13,West,Gadget Y,Consumer,Online,3,467.59,1402.78,10
ORD-005473,2023-08-23,East,Widget A,Enterprise,Online,4,405.06,1620.23,15
ORD-005474,2023-07-16,East,Widget A,SMB,Retail,1,439.52,439.52,10
ORD-005475,2024-08-21,South,Service Plan,SMB,Online,5,337.62,1688.11,5
ORD-005476,2025-05-05,South,Widget B,SMB,Online,3,450.04,1350.11,0
ORD-005477,2024-12-13,South,Gadget X,SMB,Online,2,96.49,192.99,5
ORD-005478,2025-02-21,North,Gadget X,Enterprise,Online,2,214.77,429.55,10
ORD-005479,2024-09-13,East,Widget A,Enterprise,Partners,2,246.58,493.16,0
ORD-005480,2024-04-24,South,Gadget X,SMB,Online,5,63.37,316.86,5
ORD-005481,2023-01-04,East,Widget A,Consumer,Partners,1,346.32,346.32,0
ORD-005482,2024-03-23,East,Widget A,SMB,Retail,3,172.17,516.52,5
ORD-005483,2024-04-14,South,Widget A,SMB,Online,3,375.53,1126.59,10
ORD-005484,2023-12-24,North,Widget C,Enterprise,Online,3,131.51,394.54,0
ORD-005485,2025-05-11,East,Gadget X,Enterprise,Retail,2,456.27,912.55,15
ORD-005486,2024-05-27,East,Widget C,SMB,Online,2,323.51,647.01,15
ORD-005487,2025-02-23,North,Widget A,SMB,Online,2,385.33,770.67,5
ORD-005488,2024-02-06,East,Widget C,Enterprise,Partners,2,315.01,630.02,10
ORD-005489,2023-03-17,North,Widget C,Enterprise,Online,4,32.89,131.54,5
ORD-005490,2023-04-27,North,Gadget X,SMB,Partners,4,418.49,1673.96,0
ORD-005491,2023-12-01,North,Gadget X,Enterprise,Retail,1,241.87,241.87,5
ORD-005492,2023-12-13,East,Widget B,SMB,Online,3,464.8,1394.41,5
ORD-005493,2024-02-08,North,Gadget X,Consumer,Retail,2,265.52,531.04,5
ORD-005494,2023-08-08,North,Widget C,SMB,Online,6,463.19,2779.13,0
ORD-005495,2024-06-19,North,Widget C,SMB,Online,4,202.12,808.48,15
ORD-005496,2023-10-01,East,Widget B,SMB,Online,2,307.18,614.36,0
ORD-005497,2025-05-02,East,Widget B,SMB,Online,3,470.21,1410.62,0
ORD-005498,2023-08-24,South,Gadget X,SMB,Online,3,471.88,1415.64,0
ORD-005499,2023-03-29,South,Widget A,SMB,Retail,3,277.49,832.47,5
ORD-005500,2025-06-04,North,Gadget Y,Consumer,Retail,1,129.63,129.63,0
ORD-005501,2023-08-03,South,Service Plan,Enterprise,Online,3,371.8,1115.4,0
ORD-005502,2024-07-14,North,Widget C,Enterprise,Retail,3,199.56,598.69,0
ORD-005503,2024-10-06,South,Gadget Y,SMB,Online,2,180.43,360.86,0
ORD-005504,2024-10-30,North,Widget C,Consumer,Online,5,217.34,1086.69,0
ORD-005505,2023-10-14,North,Widget C,Enterprise,Partners,2,12.96,25.91,5
ORD-005506,2023-01-08,East,Widget A,Enterprise,Online,1,183.5,183.5,5
ORD-005507,2024-05-28,East,Gadget X,Enterprise,Online,1,422.49,422.49,0
ORD-005508,2024-06-17,East,Widget A,SMB,Online,4,202.66,810.65,15
ORD-005509,2024-09-11,West,Widget A,Enterprise,Online,2,220.84,441.68,5
ORD-005510,2023-02-03,West,Gadget X,Consumer,Online,8,171.44,1371.51,5
ORD-005511,2025-06-02,West,Gadget Y,Enterprise,Partners,2,453.58,907.15,5
ORD-005512,2024-09-20,South,Widget B,Consumer,Online,3,116.97,350.9,0
ORD-005513,2023-03-10,East,Widget A,SMB,Partners,2,268.76,537.52,0
ORD-005514,2023-09-30,North,Gadget X,Enterprise,Retail,4,437.63,1750.51,0
ORD-005515,2023-03-29,West,Gadget X,SMB,Online,6,325.46,1952.75,0
ORD-005516,2023-04-11,South,Widget A,Enterprise,Retail,2,410.8,821.61,0
ORD-005517,2023-01-10,South,Widget B,SMB,Online,2,60.39,120.77,0
ORD-005518,2024-12-22,North,Widget A,Enterprise,Partners,3,75.68,227.03,0
ORD-005519,2024-07-03,South,Gadget Y,Enterprise,Retail,1,254.84,254.84,10
ORD-005520,2024-10-31,South,Gadget X,SMB,Partners,1,471.67,471.67,5
ORD-005521,2024-05-07,West,Widget C,Enterprise,Online,1,21.59,21.59,5
ORD-005522,2024-06-13,West,Service Plan,Enterprise,Retail,5,220.71,1103.57,0
ORD-005523,2024-11-25,South,Widget B,Consumer,Online,5,225.49,1127.46,10
ORD-005524,2024-07-29,South,Gadget X,Enterprise,Online,3,487.63,1462.89,0
ORD-005525,2024-04-26,West,Gadget Y,Consumer,Online,5,163.64,818.19,10
ORD-005526,2024-01-15,East,Widget A,Consumer,Online,3,446.89,1340.66,0
ORD-005527,2023-06-06,North,Widget B,SMB,Retail,4,418.37,1673.47,10
ORD-005528,2024-04-05,South,Widget A,Consumer,Online,4,201.62,806.48,0
ORD-005529,2025-03-23,South,Widget C,Enterprise,Retail,4,495.39,1981.56,0
ORD-005530,2023-02-18,East,Gadget Y,Enterprise,Retail,2,240.86,481.72,5
ORD-005531,2025-04-24,West,Widget A,Consumer,Online,4,212.5,849.98,0
ORD-005532,2024-08-23,South,Gadget X,Enterprise,Partners,3,350.41,1051.23,0
ORD-005533,2025-05-18,North,Gadget Y,SMB,Online,3,292.1,876.29,10
ORD-005534,2023-09-09,,Widget A,Consumer,Online,3,477.38,1432.13,5
ORD-005535,2024-04-03,East,Widget A,Enterprise,Online,3,452.3,1356.89,5
ORD-005536,2024-04-01,West,Widget A,Consumer,Online,3,287.39,862.16,0
ORD-005537,2023-02-20,East,Widget B,Consumer,Retail,2,5.66,11.32,10
ORD-005538,2023-01-01,East,Gadget X,Enterprise,Online,2,139.39,,0
ORD-005539,2024-08-21,East,Widget B,SMB,Retail,6,215.14,1290.85,20
ORD-005540,2024-05-25,North,Service Plan,Enterprise,Online,2,191.42,382.83,5
ORD-005541,2024-05-02,West,Gadget X,Enterprise,Online,2,461.58,923.16,0
ORD-005542,2023-08-05,North,Widget B,Enterprise,Online,5,26.28,131.41,0
ORD-005543,2024-09-01,West,Service Plan,Enterprise,Retail,5,447.61,2238.07,0
ORD-005544,2024-02-04,South,Widget C,SMB,Partners,3,162.11,486.33,0
ORD-005545,2024-05-10,East,Gadget Y,SMB,Retail,2,233.09,466.18,10
ORD-005546,2023-10-29,North,Widget B,SMB,Online,2,285.77,571.53,0
ORD-005547,2024-02-19,East,Widget A,SMB,Retail,3,496.85,1490.55,5
ORD-005548,2024-04-30,North,Service Plan,Enterprise,Online,2,266.88,533.77,0
ORD-005549,2023-05-20,West,Service Plan,SMB,Online,3,392.69,1178.07,0
ORD-005550,2025-04-18,East,Service Plan,Enterprise,Partners,2,436.62,873.24,0
ORD-005551,2024-02-28,East,Widget C,Consumer,Online,6,483.58,2901.45,5
ORD-005552,2025-02-28,South,Widget B,Enterprise,Online,4,121.7,486.78,5
ORD-005553,2023-06-18,North,Widget B,Enterprise,Online,3,411.56,1234.67,0
ORD-005554,2024-12-22,South,Gadget X,SMB,Online,1,367.41,367.41,0
ORD-005555,2024-03-04,South,Gadget X,Enterprise,Retail,1,373.02,373.02,0
ORD-005556,2023-05-09,West,Widget A,SMB,Online,4,412.44,1649.77,0
ORD-005557,2024-10-09,East,Widget C,Consumer,Online,5,186.95,,0
ORD-005558,2023-03-18,East,Widget C,SMB,Partners,1,255.28,255.28,0
ORD-005559,2024-04-26,East,Widget B,Enterprise,Online,1,410.93,410.93,10
ORD-005560,2023-06-23,East,Gadget X,SMB,Online,1,6.5,6.5,10
ORD-005561,2024-05-11,North,Service Plan,SMB,Online,3,232.07,696.21,0
ORD-005562,2024-09-12,East,Gadget X,SMB,Online,5,38.62,193.12,5
ORD-005563,2024-05-11,West,Widget B,SMB,Online,2,256.95,513.91,0
ORD-005564,2023-02-18,South,Gadget Y,Consumer,Partners,3,296.45,889.34,5
ORD-005565,2025-05-29,East,Gadget Y,Consumer,Online,1,266.37,266.37,0
ORD-005566,2024-10-29,East,Widget A,Enterprise,Partners,4,370.47,1481.87,5
ORD-005567,2024-01-14,East,Gadget X,Enterprise,Retail,4,216.3,865.2,0
ORD-005568,2023-01-31,South,Gadget X,SMB,Partners,3,77.51,232.52,10
ORD-005569,2023-06-29,South,Widget B,Consumer,Online,3,282.76,848.27,5
ORD-005570,2024-04-06,East,Widget A,SMB,Online,3,453.67,1361.01,5
ORD-005571,2024-07-27,West,Gadget Y,Consumer,Online,1,357.33,357.33,0
ORD-005572,2025-05-12,,Widget C,Enterprise,Partners,2,236.86,473.73,0
ORD-005573,2025-04-29,,Widget B,Consumer,Partners,3,359.59,1078.78,0
ORD-005574,2024-01-12,South,Widget B,SMB,Retail,5,31.81,159.05,5
ORD-005575,2025-05-31,North,Gadget X,SMB,Partners,2,202.08,404.17,5
ORD-005576,2024-08-07,West,Gadget X,Enterprise,Retail,2,179.42,358.85,5
ORD-005577,2024-06-17,North,Gadget X,SMB,Partners,2,7.47,14.94,5
ORD-005578,2023-02-07,West,Widget C,SMB,Online,5,267.22,1336.1,0
ORD-005579,2025-03-07,South,Widget C,Consumer,Online,2,260.96,521.92,0
ORD-005580,2023-12-27,South,Gadget X,SMB,Partners,3,134.15,402.46,0
ORD-005581,2024-01-24,North,Widget B,Enterprise,Partners,2,43.82,87.64,0
ORD-005582,2023-03-10,East,Widget B,SMB,Retail,2,481.59,963.18,0
ORD-005583,2024-10-31,South,Service Plan,Enterprise,Partners,4,303.35,1213.39,5
ORD-005584,2023-07-12,West,Widget A,Enterprise,Online,1,247.42,247.42,0
ORD-005585,2025-01-06,South,Gadget Y,Enterprise,Online,2,258.96,517.92,5
ORD-005586,2024-04-23,East,Widget C,SMB,Partners,2,275.89,551.77,10
ORD-005587,2023-04-27,South,Widget A,SMB,Retail,2,306.16,612.33,0
ORD-005588,2024-10-04,North,Gadget X,SMB,Partners,4,217.27,869.09,5
ORD-005589,2025-03-13,East,Widget A,SMB,Retail,7,141.11,987.8,5
ORD-005590,2024-12-18,North,Widget B,Enterprise,Partners,4,394.13,1576.53,5
ORD-005591,2024-04-14,West,Gadget Y,Consumer,Retail,5,429.17,2145.83,5
ORD-005592,2024-09-15,East,Gadget X,Enterprise,Online,3,363.36,1090.09,10
ORD-005593,2023-09-20,North,Widget C,SMB,Retail,3,39.51,118.53,0
ORD-005594,2025-05-14,West,Widget B,Enterprise,Retail,2,499.13,998.26,0
ORD-005595,2025-04-18,South,Gadget X,SMB,Online,2,179.71,359.43,0
ORD-005596,2023-11-12,South,Service Plan,SMB,Online,2,413.59,827.19,5
ORD-005597,2025-02-17,South,Widget A,Consumer,Online,3,368.78,1106.33,10
ORD-005598,2023-09-13,South,Widget A,Consumer,Online,5,348.66,1743.28,0
ORD-005599,2023-05-31,South,Service Plan,Enterprise,Online,3,221.63,664.89,0
ORD-005600,2025-02-06,North,Widget B,SMB,Partners,2,277.41,554.82,0
ORD-005601,2023-08-28,South,Widget A,SMB,Partners,4,286.71,1146.85,0
ORD-005602,2025-05-30,South,Widget B,Enterprise,Online,2,241.18,482.36,0
ORD-005603,2023-04-11,South,Widget C,SMB,Online,3,350.61,1051.83,0
ORD-005604,2023-12-13,West,Widget B,Enterprise,Retail,2,240.94,481.88,0
ORD-005605,2024-11-18,,Widget A,Enterprise,Retail,6,174.02,1044.14,15
ORD-005606,2024-01-20,North,Gadget X,Enterprise,Online,4,328.8,1315.21,5
ORD-005607,2025-04-23,West,Widget C,Consumer,Online,5,338.8,1694.02,20
ORD-005608,2024-08-15,South,Widget C,Consumer,Retail,1,89.1,89.1,0
ORD-005609,2025-01-29,South,Gadget X,Enterprise,Online,1,106.6,106.6,5
ORD-005610,2024-05-01,North,Gadget X,Consumer,Online,5,136.39,681.96,0
ORD-005611,2024-09-27,North,Service Plan,SMB,Online,2,362.29,724.59,15
ORD-005612,2024-06-30,South,Gadget Y,SMB,Retail,4,417.16,1668.64,0
ORD-005613,2023-08-15,North,Gadget X,Enterprise,Retail,2,213.28,426.56,0
ORD-005614,2024-05-18,,Widget B,SMB,Partners,3,46.91,140.74,15
ORD-005615,2023-11-05,East,Gadget Y,SMB,Online,5,408.74,2043.69,0
ORD-005616,2023-07-06,South,Service Plan,Enterprise,Online,2,338.01,676.01,0
ORD-005617,2024-11-16,South,Widget C,Enterprise,Online,3,372.36,1117.09,0
ORD-005618,2025-03-15,North,Widget A,Enterprise,Online,2,497.51,995.02,5
ORD-005619,2025-05-18,South,Widget A,SMB,Online,3,396.08,1188.25,10
ORD-005620,2024-12-13,South,Widget A,Enterprise,Partners,3,291.87,875.6,5
ORD-005621,2023-09-05,North,Gadget X,Consumer,Partners,3,326.93,980.79,0
ORD-005622,2024-11-26,South,Gadget Y,SMB,Retail,3,62.14,186.41,0
ORD-005623,2025-06-09,North,Widget C,Enterprise,Partners,1,69.8,69.8,0
ORD-005624,2025-04-03,South,Widget A,Consumer,Online,2,337.24,674.47,0
ORD-005625,2023-01-23,South,Widget C,Enterprise,Online,2,210.38,420.75,5
ORD-005626,2023-08-21,East,Gadget X,Consumer,Retail,2,348.53,697.06,0
ORD-005627,2024-10-25,North,Widget C,SMB,Partners,2,472.22,944.45,0
ORD-005628,2024-06-23,,Widget A,SMB,Online,2,35.02,70.05,5
ORD-005629,2023-03-19,North,Widget A,Consumer,Online,3,77.12,231.36,0
ORD-005630,2024-11-18,South,Widget A,Enterprise,Retail,4,459.28,1837.1,20
ORD-005631,2023-09-05,South,Gadget X,Enterprise,Retail,2,404.66,809.32,0
ORD-005632,2024-09-01,South,Widget C,SMB,Retail,3,252.19,756.58,5
ORD-005633,2024-03-10,East,Service Plan,Enterprise,Partners,4,260.54,1042.15,5
ORD-005634,2023-03-04,West,Widget C,Enterprise,Partners,1,141.13,141.13,0
ORD-005635,2023-12-17,South,Widget A,Enterprise,Partners,4,6.23,24.93,0
ORD-005636,2025-04-02,East,Widget A,Enterprise,Online,2,360.57,721.14,5
ORD-005637,2023-09-19,,Widget C,Enterprise,Retail,4,76.09,304.38,0
ORD-005638,2025-03-23,East,Gadget X,Consumer,Online,5,445.78,2228.92,20
ORD-005639,2024-10-23,East,Service Plan,Enterprise,Partners,5,119.16,595.81,0
ORD-005640,2024-12-05,East,Gadget Y,SMB,Partners,4,265.16,1060.63,0
ORD-005641,2023-02-06,,Widget A,Enterprise,Online,3,431.39,1294.16,5
ORD-005642,2024-04-28,East,Gadget Y,Enterprise,Retail,1,89.79,89.79,10
ORD-005643,2024-02-27,West,Gadget X,Consumer,Retail,1,273.83,273.83,0
ORD-005644,2023-07-01,North,Widget B,SMB,Online,2,128.72,257.45,10
ORD-005645,2024-10-28,East,Widget A,SMB,Online,4,374.44,1497.76,0
ORD-005646,2024-06-30,East,Widget A,Consumer,Retail,4,47.97,191.89,5
ORD-005647,2023-02-20,East,Gadget Y,SMB,Partners,2,486.2,972.39,5
ORD-005648,2023-08-20,South,Gadget X,Consumer,Online,2,208.68,417.35,5
ORD-005649,2023-10-06,West,Widget B,SMB,Online,2,336.21,672.42,5
ORD-005650,2024-01-13,South,Widget C,SMB,Retail,1,198.81,198.81,5
ORD-005651,2024-02-01,East,Gadget Y,Enterprise,Retail,6,493.76,2962.54,0
ORD-005652,2024-05-06,South,Service Plan,Consumer,Retail,3,367.64,1102.93,0
ORD-005653,2023-01-30,South,Gadget Y,Enterprise,Online,2,435.38,870.75,0
ORD-005654,2023-02-14,West,Service Plan,SMB,Retail,3,380.49,1141.47,0
ORD-005655,2023-09-09,North,Widget B,SMB,Online,2,433.22,866.44,5
ORD-005656,2023-03-02,West,Widget B,Consumer,Retail,2,162.36,324.72,10
ORD-005657,2023-06-28,South,Widget A,Consumer,Retail,3,47.33,141.99,0
ORD-005658,2023-11-04,South,Gadget Y,Enterprise,Partners,3,22.01,66.04,0
ORD-005659,2024-08-26,South,Service Plan,Enterprise,Retail,1,352.69,352.69,0
ORD-005660,2023-04-26,East,Widget C,SMB,Online,5,57.46,287.3,5
ORD-005661,2024-03-10,South,Gadget X,Consumer,Retail,2,275.75,551.5,5
ORD-005662,2023-09-18,North,Widget C,Enterprise,Online,1,235.23,235.23,10
ORD-005663,2023-08-01,South,Widget C,Enterprise,Online,2,6.35,12.7,0
ORD-005664,2023-05-29,North,Widget B,Enterprise,Online,1,309.56,309.56,0
ORD-005665,2024-10-12,East,Widget A,Enterprise,Online,4,296.66,1186.63,0
ORD-005666,2024-01-25,East,Widget A,SMB,Online,3,223.21,669.62,0
ORD-005667,2023-10-27,North,Service Plan,SMB,Retail,2,337.61,675.23,5
ORD-005668,2024-11-05,West,Gadget Y,Consumer,Retail,1,60.44,60.44,0
ORD-005669,2023-01-08,South,Widget C,Enterprise,Online,2,388.52,777.04,5
ORD-005670,2025-01-24,North,Widget C,SMB,Retail,3,364.8,1094.41,0
ORD-005671,2025-03-27,South,Widget A,Consumer,Partners,2,448.89,897.78,0
ORD-005672,2023-07-28,West,Widget B,Consumer,Retail,4,199.36,797.42,0
ORD-005673,2024-12-30,South,Gadget Y,SMB,Retail,4,371.78,1487.12,10
ORD-005674,2024-11-26,East,Widget A,Consumer,Retail,3,212.36,637.07,0
ORD-005675,2025-02-08,West,Widget B,Enterprise,Online,2,12.14,24.28,0
ORD-005676,2024-05-26,West,Service Plan,SMB,Retail,3,262.89,788.68,15
ORD-005677,2025-05-21,West,Widget A,Consumer,Online,2,340.32,680.64,0
ORD-005678,2023-09-14,East,Gadget X,SMB,Online,2,218.08,436.16,0
ORD-005679,2023-12-29,North,Widget B,Consumer,Retail,7,171.13,1197.88,0
ORD-005680,2023-02-16,North,Widget C,SMB,Online,6,100.1,600.59,5
ORD-005681,2023-02-21,North,Gadget X,Enterprise,Partners,1,459.19,459.19,0
ORD-005682,2024-11-02,West,Gadget Y,Enterprise,Online,2,155.02,310.05,5
ORD-005683,2023-08-22,North,Widget C,Consumer,Retail,3,170.43,511.3,20
ORD-005684,2024-06-23,South,Widget A,SMB,Online,8,6.14,49.08,0
ORD-005685,2025-01-04,East,Widget B,SMB,Retail,3,87.84,263.53,0
ORD-005686,2024-10-30,,Widget B,Consumer,Online,4,55.44,221.74,0
ORD-005687,2025-05-20,North,Widget B,Consumer,Partners,4,317.94,1271.76,5
ORD-005688,2024-10-06,South,Widget B,SMB,Partners,3,347.71,1043.12,0
ORD-005689,2025-03-25,South,Gadget X,SMB,Retail,2,234.72,469.44,0
ORD-005690,2024-04-09,West,Widget A,Consumer,Retail,4,496.23,1984.92,0
ORD-005691,2023-12-16,West,Widget C,Enterprise,Online,7,342.3,2396.09,5
ORD-005692,2024-09-09,,Service Plan,SMB,Retail,2,206.45,412.89,5
ORD-005693,2025-02-25,East,Widget A,Enterprise,Retail,1,471.03,471.03,0
ORD-005694,2024-06-01,South,Widget C,Enterprise,Retail,4,349.28,1397.11,0
ORD-005695,2023-06-13,North,Widget A,SMB,Online,2,114.23,228.46,5
ORD-005696,2025-03-03,West,Widget C,Enterprise,Online,2,471.58,943.15,10
ORD-005697,2024-01-09,West,Gadget X,SMB,Partners,4,446.72,1786.86,0
ORD-005698,2024-10-23,South,Widget A,Consumer,Online,1,42.4,42.4,20
ORD-005699,2023-10-21,East,Widget B,Consumer,Online,3,391.83,1175.49,10
ORD-005700,2024-06-02,South,Gadget X,Consumer,Online,5,480.34,2401.71,0
ORD-005701,2025-01-22,East,Service Plan,SMB,Retail,3,84.99,254.98,0
ORD-005702,2025-01-02,East,Widget A,SMB,Retail,5,407.1,2035.48,5
ORD-005703,2024-10-14,East,Gadget X,Consumer,Partners,1,203.71,203.71,5
ORD-005704,2024-12-24,North,Widget C,SMB,Online,5,383.32,1916.58,0
ORD-005705,2024-06-12,South,Gadget X,SMB,Partners,4,34.27,137.1,0
ORD-005706,2024-07-25,North,Service Plan,Enterprise,Online,2,457.56,915.12,5
ORD-005707,2023-03-16,South,Widget B,Consumer,Online,2,468.81,937.62,0
ORD-005708,2024-12-20,North,Widget C,Enterprise,Partners,3,159.7,479.11,0
ORD-005709,2025-01-03,East,Gadget X,Consumer,Online,2,142.97,285.93,0
ORD-005710,2023-10-28,East,Widget C,Enterprise,Online,2,76.08,152.16,0
ORD-005711,2023-12-18,South,Widget A,Consumer,Partners,2,238.9,477.8,0
ORD-005712,2023-11-20,East,Widget B,Enterprise,Retail,2,195.98,391.96,0
ORD-005713,2023-10-17,North,Widget A,Consumer,Online,4,358.19,1432.77,10
ORD-005714,2024-04-20,North,Gadget X,SMB,Online,3,132.45,397.34,5
ORD-005715,2025-04-13,North,Widget C,Consumer,Retail,3,318.78,956.33,5
ORD-005716,2023-09-25,South,Widget B,Consumer,Online,6,432.97,2597.85,0
ORD-005717,2023-09-19,West,Widget A,Enterprise,Partners,2,164.85,329.69,5
ORD-005718,2023-04-24,South,Gadget Y,Enterprise,Online,2,287.86,575.72,5
ORD-005719,2023-01-07,East,Widget B,SMB,Online,5,333.15,1665.73,0
ORD-005720,2025-02-04,West,Widget C,SMB,Online,3,206.62,619.85,0
ORD-005721,2023-03-09,West,Widget B,Enterprise,Partners,4,323.93,1295.72,0
ORD-005722,2025-06-06,South,Gadget Y,SMB,Partners,5,342.1,1710.52,0
ORD-005723,2023-04-30,West,Widget C,SMB,Online,5,485.26,2426.31,0
ORD-005724,2024-01-28,North,Widget C,Enterprise,Partners,2,353.99,707.98,5
ORD-005725,2025-06-15,West,Gadget Y,Consumer,Online,3,393.78,1181.34,5
ORD-005726,2024-01-25,East,Gadget X,Enterprise,Online,8,166.17,1329.33,5
ORD-005727,2024-08-20,,Widget B,Consumer,Partners,1,288.3,288.3,5
ORD-005728,2024-08-07,West,Gadget X,Consumer,Online,1,123.27,123.27,15
ORD-005729,2024-08-03,East,Widget B,Consumer,Online,2,350.53,701.06,0
ORD-005730,2023-12-15,South,Widget A,Enterprise,Online,4,287.55,1150.18,10
ORD-005731,2023-08-26,East,Widget A,Enterprise,Online,4,95.91,383.64,0
ORD-005732,2025-05-07,West,Widget B,Consumer,Online,3,423.39,1270.17,0
ORD-005733,2025-03-12,West,Gadget X,SMB,Online,3,396.86,1190.58,0
ORD-005734,2024-05-24,West,Widget C,Enterprise,Online,3,88.78,266.34,5
ORD-005735,2023-03-12,South,Service Plan,Consumer,Partners,4,19.46,77.86,5
ORD-005736,2024-09-30,South,Service Plan,Consumer,Online,3,44.28,132.85,5
ORD-005737,2024-02-04,North,Widget A,Consumer,Online,6,294.62,1767.71,10
ORD-005738,2025-02-14,,Widget C,SMB,Online,2,237.64,475.28,0
ORD-005739,2025-03-08,West,Widget A,Enterprise,Online,5,69.88,349.4,5
ORD-005740,2024-02-23,East,Gadget X,Consumer,Online,5,77.86,389.29,0
ORD-005741,2024-05-17,West,Widget A,Consumer,Online,4,299.75,1199.0,0
ORD-005742,2023-12-08,,Widget B,SMB,Online,3,100.56,301.68,10
ORD-005743,2024-08-12,East,Widget B,Consumer,Partners,3,47.94,143.81,0
ORD-005744,2023-04-07,East,Gadget X,Enterprise,Retail,2,231.41,462.82,10
ORD-005745,2023-04-25,North,Widget C,Enterprise,Partners,4,461.53,1846.1,10
ORD-005746,2025-03-02,South,Service Plan,SMB,Online,2,350.79,701.58,5
ORD-005747,2024-03-21,West,Widget A,Enterprise,Retail,4,39.45,157.82,0
ORD-005748,2024-05-01,East,Gadget X,Consumer,Retail,5,312.48,1562.4,0
ORD-005749,2023-05-02,East,Gadget X,Enterprise,Online,3,402.79,1208.38,10
ORD-005750,2024-03-11,South,Gadget X,Consumer,Retail,4,357.07,1428.27,15
ORD-005751,2025-04-18,West,Gadget Y,Enterprise,Partners,2,467.99,935.98,0
ORD-005752,2025-03-19,East,Widget B,SMB,Online,3,40.11,120.33,0
ORD-005753,2024-01-01,South,Gadget X,SMB,Online,3,163.54,490.61,10
ORD-005754,2023-06-07,West,Widget A,Consumer,Retail,3,198.82,596.45,5
ORD-005755,2023-10-27,South,Widget B,Enterprise,Online,3,329.12,987.37,0
ORD-005756,2023-10-29,South,Widget B,SMB,Retail,4,381.89,1527.55,5
ORD-005757,2023-12-23,North,Widget B,Enterprise,Retail,5,77.87,389.35,5
ORD-005758,2025-05-23,East,Service Plan,Enterprise,Online,4,392.84,1571.35,5
ORD-005759,2024-09-09,West,Widget B,SMB,Retail,3,468.0,1404.01,10
ORD-005760,2024-02-26,West,Widget B,Consumer,Online,4,111.56,446.23,5
ORD-005761,2024-05-03,South,Widget A,Enterprise,Online,3,431.1,1293.29,5
ORD-005762,2024-01-29,East,Widget A,Enterprise,Online,2,252.33,504.66,0
ORD-005763,2024-07-23,East,Widget B,Enterprise,Retail,2,380.12,760.24,0
ORD-005764,2023-04-30,East,Widget A,Enterprise,Retail,1,304.51,304.51,0
ORD-005765,2025-02-11,South,Service Plan,SMB,Online,1,423.95,423.95,5
ORD-005766,2024-01-18,South,Gadget X,SMB,Partners,2,152.9,305.8,5
ORD-005767,2023-02-02,South,Gadget X,Consumer,Online,3,152.74,458.23,0
ORD-005768,2024-04-23,South,Widget C,SMB,Retail,5,296.49,1482.47,5
ORD-005769,2023-01-11,East,Widget B,SMB,Online,3,123.83,371.5,0
ORD-005770,2024-11-12,North,Widget C,Consumer,Retail,2,410.85,821.7,5
ORD-005771,2023-01-28,West,Service Plan,Consumer,Online,2,381.47,762.94,10
ORD-005772,2025-05-09,North,Widget A,Enterprise,Retail,4,274.15,1096.6,0
ORD-005773,2025-02-03,East,Widget A,Enterprise,Partners,2,489.08,978.16,0
ORD-005774,2024-06-04,South,Widget A,SMB,Partners,2,350.07,700.14,15
ORD-005775,2024-04-02,South,Gadget X,Consumer,Retail,5,100.97,504.83,5
ORD-005776,2023-05-18,East,Widget C,Consumer,Online,2,317.92,635.85,5
ORD-005777,2024-04-25,West,Gadget X,Enterprise,Online,8,16.69,133.55,5
ORD-005778,2024-06-06,East,Widget A,Enterprise,Partners,5,40.79,203.93,5
ORD-005779,2023-01-23,East,Widget B,Enterprise,Partners,4,279.12,1116.5,5
ORD-005780,2023-09-23,North,Service Plan,Consumer,Retail,1,304.58,304.58,0
ORD-005781,2024-01-11,South,Widget A,Consumer,Retail,3,157.02,471.05,0
ORD-005782,2024-11-13,South,Gadget Y,Enterprise,Online,2,48.56,97.11,0
ORD-005783,2024-09-13,South,Widget B,Enterprise,Retail,2,7.09,14.18,0
ORD-005784,2023-05-02,North,Widget B,Consumer,Online,2,438.11,876.23,0
ORD-005785,2024-03-30,North,Widget B,Enterprise,Online,3,421.78,1265.35,0
ORD-005786,2024-10-09,East,Widget B,Enterprise,Online,3,378.98,1136.95,5
ORD-005787,2024-02-17,South,Widget A,SMB,Online,3,73.62,220.86,0
ORD-005788,2024-04-30,South,Service Plan,Enterprise,Partners,3,97.84,293.51,0
ORD-005789,2023-05-18,North,Gadget Y,Enterprise,Retail,2,78.09,156.18,10
ORD-005790,2023-02-15,West,Gadget X,Enterprise,Retail,2,31.07,62.14,10
ORD-005791,2024-12-09,South,Widget C,SMB,Partners,1,372.51,372.51,0
ORD-005792,2024-11-12,East,Gadget Y,Consumer,Retail,5,479.33,2396.64,0
ORD-005793,2023-03-24,South,Gadget X,Enterprise,Online,1,115.16,115.16,5
ORD-005794,2024-08-28,North,Widget B,SMB,Online,6,134.64,807.83,0
ORD-005795,2024-09-09,South,Widget A,SMB,Online,4,251.95,1007.79,0
ORD-005796,2024-08-09,North,Widget C,Enterprise,Partners,2,462.73,925.46,5
ORD-005797,2025-02-26,North,Widget A,SMB,Retail,2,5.51,,5
ORD-005798,2024-04-27,North,Widget B,SMB,Online,3,31.49,94.48,0
ORD-005799,2024-11-15,North,Service Plan,Consumer,Retail,3,239.57,718.71,5
ORD-005800,2023-06-16,North,Service Plan,SMB,Online,6,411.25,2467.48,5
ORD-005801,2023-07-23,North,Widget A,Enterprise,Online,3,27.24,81.73,0
ORD-005802,2024-08-11,North,Widget C,Consumer,Online,2,80.35,160.71,10
ORD-005803,2025-06-02,South,Widget C,Enterprise,Partners,2,337.55,675.09,5
ORD-005804,2025-04-07,East,Service Plan,Enterprise,Partners,2,197.54,395.08,5
ORD-005805,2024-05-09,East,Gadget X,Enterprise,Partners,6,64.96,389.79,0
ORD-005806,2025-03-22,South,Widget B,SMB,Retail,3,493.51,1480.52,0
ORD-005807,2023-10-27,East,Gadget X,SMB,Online,2,142.85,285.7,0
ORD-005808,2024-10-31,East,Widget B,Consumer,Retail,4,193.82,775.3,5
ORD-005809,2023-09-12,East,Gadget Y,SMB,Partners,3,21.93,65.79,10
ORD-005810,2023-03-31,East,Widget A,SMB,Online,4,136.83,547.31,0
ORD-005811,2023-11-13,North,Widget C,Consumer,Online,2,21.3,42.6,5
ORD-005812,2023-01-27,East,Gadget X,Enterprise,Retail,2,160.68,321.35,5
ORD-005813,2023-02-08,North,Widget A,Consumer,Online,1,32.34,32.34,5
ORD-005814,2023-04-29,West,Gadget X,Consumer,Partners,3,385.32,1155.95,0
ORD-005815,2024-03-10,East,Widget A,SMB,Online,2,349.28,698.56,5
ORD-005816,2023-05-02,East,Widget B,SMB,Partners,6,488.05,2928.27,0
ORD-005817,2024-10-15,East,Gadget X,Enterprise,Partners,4,126.44,505.78,0
ORD-005818,2024-10-07,South,Gadget Y,Enterprise,Retail,1,374.47,374.47,5
ORD-005819,2023-03-05,South,Widget A,Consumer,Online,3,468.39,1405.17,0
ORD-005820,2023-03-24,East,Widget B,Consumer,Online,4,269.95,1079.8,5
ORD-005821,2023-05-24,North,Gadget X,Consumer,Online,2,261.46,522.91,0
ORD-005822,2024-07-19,East,Widget C,SMB,Online,5,320.46,1602.31,15
ORD-005823,2023-02-17,West,Widget C,Consumer,Online,3,475.85,1427.55,5
ORD-005824,2024-03-01,,Gadget Y,Enterprise,Partners,1,313.42,313.42,0
ORD-005825,2023-09-25,South,Widget B,SMB,Online,5,177.47,887.34,10
ORD-005826,2025-01-13,,Gadget X,SMB,Retail,4,479.94,1919.76,5
ORD-005827,2024-11-01,South,Widget C,SMB,Partners,5,45.45,227.26,0
ORD-005828,2023-11-09,,Service Plan,Enterprise,Retail,3,186.01,558.02,5
ORD-005829,2024-03-21,North,Gadget X,Enterprise,Online,3,198.07,594.21,0
ORD-005830,2023-04-06,South,Widget A,Enterprise,Retail,5,100.33,501.65,5
ORD-005831,2025-03-05,North,Widget B,Enterprise,Online,2,199.99,399.98,10
ORD-005832,2025-04-26,West,Widget B,Enterprise,Online,3,54.71,164.13,0
ORD-005833,2023-04-14,South,Widget A,Enterprise,Partners,3,74.73,224.2,0
ORD-005834,2025-03-23,East,Gadget X,Enterprise,Partners,1,344.43,344.43,0
ORD-005835,2023-06-26,South,Widget A,Consumer,Online,3,402.01,1206.04,5
ORD-005836,2024-02-16,East,Widget B,Enterprise,Online,5,178.04,890.18,5
ORD-005837,2023-09-03,East,Widget A,Enterprise,Online,4,283.17,1132.66,0
ORD-005838,2024-09-05,North,Gadget Y,SMB,Partners,2,286.81,573.61,5
ORD-005839,2024-08-20,North,Widget C,SMB,Online,2,276.66,553.32,0
ORD-005840,2024-06-30,South,Gadget Y,SMB,Partners,3,221.32,663.97,0
ORD-005841,2025-06-03,South,Service Plan,SMB,Online,3,232.39,697.17,5
ORD-005842,2023-11-19,East,Gadget X,Enterprise,Online,4,260.53,1042.13,10
ORD-005843,2023-05-20,East,Gadget Y,SMB,Partners,1,247.3,,10
ORD-005844,2023-05-12,East,Widget A,Enterprise,Partners,3,337.89,1013.68,5
ORD-005845,2025-03-03,East,Gadget X,SMB,Partners,7,158.93,1112.51,0
ORD-005846,2024-08-18,West,Gadget Y,Consumer,Retail,2,438.37,876.73,10
ORD-005847,2025-05-29,East,Gadget X,Enterprise,Partners,2,129.07,258.14,0
ORD-005848,2024-02-20,North,Gadget Y,Enterprise,Retail,3,214.45,643.35,15
ORD-005849,2025-04-21,East,Gadget Y,Enterprise,Partners,4,222.53,890.1,5
ORD-005850,2024-02-27,North,Widget C,SMB,Online,3,283.2,849.6,5
ORD-005851,2024-07-04,South,Widget A,Enterprise,Partners,2,424.39,848.79,5
ORD-005852,2024-07-04,South,Widget C,Enterprise,Partners,2,470.68,941.36,0
ORD-005853,2025-03-27,North,Service Plan,Enterprise,Retail,3,142.54,427.62,5
ORD-005854,2025-03-15,South,Widget B,Enterprise,Partners,2,417.61,835.21,0
ORD-005855,2023-11-03,South,Widget A,Consumer,Online,2,485.63,971.26,0
ORD-005856,2024-08-15,East,Gadget X,SMB,Online,1,457.86,457.86,10
ORD-005857,2025-06-07,East,Widget B,Enterprise,Online,2,107.73,215.46,5
ORD-005858,2024-01-09,North,Widget B,SMB,Online,2,164.89,329.77,0
ORD-005859,2024-09-29,South,Gadget X,Consumer,Retail,1,119.77,119.77,0
ORD-005860,2023-01-15,South,Widget B,SMB,Retail,1,163.38,163.38,0
ORD-005861,2024-05-16,South,Widget C,Enterprise,Partners,5,74.38,371.91,10
ORD-005862,2024-03-20,North,Widget C,Enterprise,Online,2,115.57,231.15,0
ORD-005863,2024-11-16,West,Gadget Y,Enterprise,Online,2,325.99,651.98,0
ORD-005864,2025-03-24,South,Widget B,Enterprise,Retail,3,134.0,402.0,0
ORD-005865,2024-01-16,West,Service Plan,Enterprise,Online,3,333.03,999.1,0
ORD-005866,2024-03-11,South,Widget A,Enterprise,Online,3,389.52,1168.55,5
ORD-005867,2023-08-15,South,Widget A,Enterprise,Online,2,456.95,913.89,0
ORD-005868,2024-03-02,South,Service Plan,Enterprise,Retail,5,135.86,679.31,0
ORD-005869,2024-09-20,East,Service Plan,SMB,Online,1,153.25,153.25,5
ORD-005870,2023-12-17,West,Widget C,Enterprise,Partners,1,352.74,352.74,10
ORD-005871,2023-06-15,North,Widget C,Consumer,Partners,1,132.82,132.82,0
ORD-005872,2024-07-14,East,Widget A,SMB,Online,3,377.59,1132.78,15
ORD-005873,2025-02-02,South,Widget A,Consumer,Retail,2,291.15,582.29,5
ORD-005874,2023-01-18,West,Widget C,Consumer,Partners,7,448.85,3141.92,5
ORD-005875,2024-05-01,East,Widget A,SMB,Retail,1,142.47,142.47,0
ORD-005876,2023-03-23,South,Widget A,SMB,Retail,3,420.78,1262.35,0
ORD-005877,2023-09-21,East,Widget B,Enterprise,Partners,3,121.07,363.2,0
ORD-005878,2025-03-23,West,Service Plan,SMB,Online,5,415.23,2076.15,0
ORD-005879,2025-04-17,,Widget C,Consumer,Online,5,88.0,439.99,15
ORD-005880,2023-03-14,South,Gadget X,Consumer,Partners,3,167.79,503.38,0
ORD-005881,2024-05-08,West,Gadget Y,SMB,Retail,1,451.19,451.19,5
ORD-005882,2023-09-22,North,Widget B,SMB,Retail,2,212.53,425.07,10
ORD-005883,2025-05-05,West,Service Plan,Consumer,Partners,2,240.36,480.71,0
ORD-005884,2025-01-29,South,Gadget X,SMB,Retail,3,376.84,1130.51,20
ORD-005885,2023-09-25,South,Widget C,Consumer,Retail,3,486.4,1459.19,0
ORD-005886,2024-01-07,South,Gadget Y,Enterprise,Retail,3,86.83,260.49,5
ORD-005887,2023-05-13,West,Gadget Y,SMB,Online,2,224.98,449.96,0
ORD-005888,2023-02-20,South,Widget B,Consumer,Retail,2,371.39,742.79,10
ORD-005889,2023-03-26,East,Widget A,Consumer,Online,2,102.75,205.51,0
ORD-005890,2024-02-26,West,Widget B,Enterprise,Retail,4,95.45,381.81,5
ORD-005891,2024-09-21,South,Gadget X,Enterprise,Partners,3,311.13,933.38,15
ORD-005892,2024-08-28,North,Gadget X,Consumer,Online,5,400.36,2001.78,5
ORD-005893,2024-11-06,South,Widget A,Enterprise,Retail,3,261.93,785.78,5
ORD-005894,2024-03-08,South,Widget C,SMB,Retail,7,374.34,2620.39,0
ORD-005895,2025-03-06,South,Gadget X,Enterprise,Retail,1,143.62,143.62,0
ORD-005896,2023-08-07,East,Gadget X,Enterprise,Online,4,374.94,1499.75,5
ORD-005897,2023-12-08,West,Gadget X,SMB,Online,4,46.58,186.32,0
ORD-005898,2023-09-01,North,Gadget X,SMB,Partners,1,248.54,248.54,0
ORD-005899,2024-09-01,West,Widget A,Consumer,Online,1,295.51,295.51,10
ORD-005900,2025-04-23,North,Gadget Y,Consumer,Retail,4,492.01,1968.03,0
ORD-005901,2023-02-12,West,Gadget Y,Consumer,Online,1,145.39,145.39,5
ORD-005902,2025-03-12,East,Widget A,Enterprise,Retail,1,27.78,27.78,0
ORD-005903,2023-12-21,South,Gadget Y,Enterprise,Online,1,37.31,37.31,0
ORD-005904,2024-04-25,East,Service Plan,SMB,Retail,2,435.65,871.31,0
ORD-005905,2023-07-26,East,Widget C,SMB,Online,3,331.94,995.81,0
ORD-005906,2024-06-06,South,Widget B,SMB,Online,2,299.12,598.24,0
ORD-005907,2025-03-25,South,Gadget X,SMB,Online,4,206.51,826.05,5
ORD-005908,2023-11-14,East,Gadget X,Enterprise,Partners,2,326.97,653.95,0
ORD-005909,2025-01-04,North,Gadget Y,Enterprise,Partners,2,232.66,465.32,0
ORD-005910,2025-06-07,East,Gadget X,Consumer,Online,3,45.94,137.83,5
ORD-005911,2023-03-29,North,Widget A,Consumer,Online,3,38.29,114.87,10
ORD-005912,2024-04-21,South,Widget B,Enterprise,Online,7,110.47,773.28,0
ORD-005913,2024-07-23,South,Widget A,SMB,Retail,1,345.79,345.79,0
ORD-005914,2023-02-25,East,Gadget X,Enterprise,Online,3,208.42,625.26,10
ORD-005915,2024-03-07,South,Widget B,SMB,Online,5,72.8,363.99,5
ORD-005916,2024-10-06,West,Widget B,Consumer,Online,4,488.26,1953.03,10
ORD-005917,2025-01-28,South,Gadget X,Consumer,Retail,4,389.93,1559.71,0
ORD-005918,2023-10-31,North,Widget A,Enterprise,Retail,3,112.68,338.04,0
ORD-005919,2024-11-02,North,Gadget Y,SMB,Partners,1,153.14,153.14,0
ORD-005920,2024-02-01,South,Gadget X,Enterprise,Partners,3,453.62,1360.87,0
ORD-005921,2024-11-29,West,Widget C,SMB,Retail,1,371.43,371.43,15
ORD-005922,2023-08-21,North,Widget A,Enterprise,Online,5,423.91,2119.56,0
ORD-005923,2024-05-01,North,Gadget X,SMB,Partners,3,429.73,1289.18,15
ORD-005924,2024-06-24,South,Widget A,Enterprise,Partners,1,193.6,193.6,5
ORD-005925,2023-01-26,,Gadget X,Enterprise,Online,3,278.89,836.68,0
ORD-005926,2023-01-25,South,Gadget X,Enterprise,Online,2,61.22,122.44,5
ORD-005927,2023-06-30,,Widget C,SMB,Online,2,152.67,305.34,0
ORD-005928,2023-12-30,South,Widget A,Enterprise,Retail,4,179.9,719.6,0
ORD-005929,2025-01-20,East,Widget A,SMB,Partners,2,452.07,904.13,15
ORD-005930,2024-11-09,West,Gadget X,Enterprise,Partners,5,415.93,2079.63,0
ORD-005931,2024-04-10,East,Widget C,Enterprise,Retail,3,299.22,897.65,0
ORD-005932,2023-06-19,South,Gadget Y,Consumer,Partners,2,232.46,464.92,5
ORD-005933,2024-05-22,West,Widget A,Enterprise,Partners,1,408.91,408.91,10
ORD-005934,2025-02-14,West,Widget A,SMB,Retail,1,153.32,153.32,5
ORD-005935,2023-03-14,South,Widget B,Enterprise,Retail,2,88.63,177.26,0
ORD-005936,2023-09-18,North,Widget A,SMB,Retail,1,382.36,382.36,0
ORD-005937,2024-11-14,East,Gadget X,Enterprise,Retail,2,355.74,711.47,0
ORD-005938,2023-04-16,South,Gadget Y,Enterprise,Online,3,450.52,1351.55,0
ORD-005939,2024-04-14,North,Widget B,Enterprise,Online,4,439.71,1758.86,15
ORD-005940,2023-04-21,South,Gadget Y,Consumer,Partners,1,156.65,156.65,0
ORD-005941,2024-09-11,South,Widget A,SMB,Retail,1,28.8,28.8,0
ORD-005942,2025-01-01,East,Gadget X,Enterprise,Retail,3,42.96,128.87,0
ORD-005943,2025-02-14,East,Widget C,Consumer,Online,1,15.06,15.06,0
ORD-005944,2023-10-08,East,Gadget X,Enterprise,Online,3,123.05,369.16,10
ORD-005945,2025-03-10,South,Widget A,Enterprise,Online,3,368.98,1106.95,0
ORD-005946,2024-09-07,South,Widget B,Enterprise,Retail,3,455.0,1365.01,0
ORD-005947,2025-05-24,North,Gadget X,Enterprise,Retail,4,50.17,200.66,0
ORD-005948,2023-01-23,South,Gadget X,Enterprise,Partners,3,161.32,483.95,5
ORD-005949,2024-03-23,East,Service Plan,SMB,Online,2,467.67,935.35,0
ORD-005950,2023-11-16,East,Gadget X,SMB,Online,2,440.88,881.77,0
ORD-005951,2024-01-07,South,Widget B,Enterprise,Partners,2,5.41,10.82,0
ORD-005952,2023-02-06,West,Service Plan,Consumer,Retail,8,486.83,3894.63,5
ORD-005953,2024-07-10,East,Service Plan,Consumer,Partners,2,242.9,485.8,15
ORD-005954,2025-03-20,South,Service Plan,Enterprise,Retail,2,280.79,561.57,10
ORD-005955,2025-04-06,South,Gadget X,SMB,Online,2,438.36,876.72,10
ORD-005956,2024-08-06,West,Widget B,SMB,Online,3,230.84,692.52,5
ORD-005957,2024-01-28,North,Widget C,Enterprise,Online,5,157.59,787.93,0
ORD-005958,2023-01-07,,Gadget X,Consumer,Online,5,223.44,1117.22,0
ORD-005959,2025-04-06,South,Widget A,Consumer,Online,3,272.25,816.74,10
ORD-005960,2024-08-06,South,Service Plan,SMB,Retail,2,236.31,472.62,0
ORD-005961,2023-09-18,West,Widget A,Enterprise,Retail,2,269.67,539.34,0
ORD-005962,2023-08-19,North,Widget C,SMB,Online,2,325.28,650.57,5
ORD-005963,2023-08-24,South,Widget C,Enterprise,Retail,4,13.87,55.48,0
ORD-005964,2023-12-05,North,Widget B,SMB,Retail,4,105.33,421.33,0
ORD-005965,2023-01-26,East,Gadget X,SMB,Retail,3,89.77,269.31,5
ORD-005966,2025-02-07,South,Gadget X,Enterprise,Online,2,367.19,734.38,0
ORD-005967,2025-04-01,,Widget A,Consumer,Retail,3,122.86,368.59,0
ORD-005968,2025-04-23,East,Gadget X,SMB,Online,2,209.14,418.29,15
ORD-005969,2024-05-07,South,Widget A,SMB,Online,2,149.27,298.54,0
ORD-005970,2024-08-17,North,Gadget Y,SMB,Online,3,320.7,962.09,0
ORD-005971,2023-11-09,East,Widget B,SMB,Online,3,410.46,1231.37,0
ORD-005972,2024-03-18,East,Widget A,SMB,Partners,2,154.29,308.59,0
ORD-005973,2023-09-23,North,Gadget X,Enterprise,Online,3,224.99,674.98,5
ORD-005974,2024-06-27,North,Widget C,Consumer,Retail,3,127.43,382.3,5
ORD-005975,2023-07-25,,Widget A,Consumer,Retail,2,303.43,606.86,10
ORD-005976,2023-01-30,East,Widget C,SMB,Online,1,407.95,407.95,0
ORD-005977,2023-12-07,South,Gadget X,SMB,Online,2,240.25,480.51,0
ORD-005978,2024-06-14,West,Service Plan,Enterprise,Retail,3,307.79,923.36,15
ORD-005979,2025-03-12,South,Gadget X,SMB,Online,2,335.1,670.2,5
ORD-005980,2025-06-15,South,Widget B,SMB,Online,2,469.14,938.29,0
ORD-005981,2023-11-21,West,Gadget Y,Enterprise,Online,4,425.7,1702.78,0
ORD-005982,2023-12-27,North,Widget B,SMB,Partners,3,429.13,1287.38,0
ORD-005983,2023-05-08,North,Gadget Y,Enterprise,Online,3,449.17,1347.52,0
ORD-005984,2024-06-18,West,Service Plan,Enterprise,Online,2,447.83,895.67,5
ORD-005985,2024-06-11,East,Widget A,Enterprise,Online,2,194.75,389.5,0
ORD-005986,2023-08-18,West,Widget A,SMB,Partners,2,156.14,312.27,0
ORD-005987,2024-05-09,East,Widget B,Enterprise,Online,5,385.55,1927.76,5
ORD-005988,2024-04-24,East,Gadget Y,Enterprise,Online,2,322.65,645.3,0
ORD-005989,2023-08-18,North,Gadget X,SMB,Retail,5,237.78,1188.88,10
ORD-005990,2024-08-16,West,Widget A,SMB,Online,1,305.82,305.82,5
ORD-005991,2024-06-01,South,Service Plan,Enterprise,Partners,1,215.13,215.13,0
ORD-005992,2023-11-29,,Widget B,Enterprise,Retail,2,53.24,106.48,0
ORD-005993,2025-02-05,South,Widget B,SMB,Online,1,452.65,452.65,0
ORD-005994,2023-04-17,South,Gadget X,Enterprise,Online,2,195.46,390.91,0
ORD-005995,2025-05-02,South,Widget C,Consumer,Online,4,75.36,301.43,0
ORD-005996,2023-06-10,North,Service Plan,Consumer,Online,2,75.66,,0
ORD-005997,2023-12-24,North,Widget B,Consumer,Retail,3,29.21,87.62,20
ORD-005998,2023-02-10,South,Widget C,Consumer,Online,1,401.11,401.11,5
ORD-005999,2023-02-03,South,Service Plan,SMB,Partners,5,398.32,1991.61,5
ORD-006000,2023-06-17,West,Gadget X,Consumer,Partners,3,111.85,,0
ORD-006001,2024-12-15,South,Gadget Y,SMB,Retail,5,458.07,2290.35,0
ORD-006002,2025-06-04,East,Widget C,Enterprise,Retail,3,451.43,1354.28,5
ORD-006003,2024-10-16,South,Widget B,SMB,Retail,4,338.4,1353.6,0
ORD-006004,2023-11-17,East,Service Plan,SMB,Online,3,474.29,1422.88,5
ORD-006005,2024-02-26,East,Gadget Y,SMB,Online,2,297.22,594.45,0
ORD-006006,2025-06-11,South,Widget C,Enterprise,Online,5,36.32,181.59,0
ORD-006007,2024-11-18,West,Widget B,SMB,Online,3,367.07,1101.22,0
ORD-006008,2024-09-15,East,Gadget X,SMB,Online,1,191.97,191.97,5
ORD-006009,2025-02-03,,Widget B,Enterprise,Online,5,272.27,1361.35,0
ORD-006010,2023-06-15,South,Gadget Y,Enterprise,Online,2,193.34,386.67,10
ORD-006011,2025-01-18,South,Widget A,Consumer,Partners,2,491.02,982.03,0
ORD-006012,2024-05-22,South,Service Plan,Consumer,Partners,2,330.68,661.35,10
ORD-006013,2024-07-24,East,Widget A,Enterprise,Online,1,43.97,43.97,10
ORD-006014,2023-03-12,East,Gadget Y,SMB,Partners,3,492.38,1477.15,0
ORD-006015,2025-03-26,West,Widget B,Enterprise,Online,1,381.51,381.51,5
ORD-006016,2024-07-26,West,Gadget X,SMB,Partners,4,225.2,900.8,0
ORD-006017,2023-07-05,West,Gadget X,Consumer,Online,4,16.07,64.27,0
ORD-006018,2023-01-30,East,Service Plan,Enterprise,Online,5,435.22,2176.12,5
ORD-006019,2023-07-03,West,Widget A,Enterprise,Retail,3,116.8,350.41,5
ORD-006020,2024-03-04,East,Gadget X,Consumer,Online,3,338.97,1016.9,5
ORD-006021,2024-01-09,South,Widget A,Consumer,Retail,3,115.37,346.12,5
ORD-006022,2023-04-28,East,Widget C,Enterprise,Online,3,75.84,227.51,5
ORD-006023,2025-06-02,West,Gadget X,Enterprise,Retail,5,458.1,2290.49,5
ORD-006024,2023-02-20,West,Widget B,Consumer,Retail,2,191.31,382.61,0
ORD-006025,2024-03-30,West,Widget C,Consumer,Online,1,496.74,496.74,10
ORD-006026,2023-02-18,South,Gadget X,Enterprise,Retail,2,308.25,616.5,0
ORD-006027,2025-03-21,East,Gadget X,Consumer,Online,3,398.5,1195.51,0
ORD-006028,2023-01-11,West,Widget A,Enterprise,Retail,6,25.66,153.97,0
ORD-006029,2024-02-23,South,Widget A,Enterprise,Retail,2,64.01,128.02,0
ORD-006030,2023-11-24,South,Gadget X,Consumer,Partners,1,90.62,90.62,0
ORD-006031,2023-10-15,West,Gadget Y,Consumer,Partners,4,303.16,1212.63,5
ORD-006032,2023-07-11,South,Gadget X,Enterprise,Partners,5,340.8,1703.99,10
ORD-006033,2024-04-24,West,Widget C,SMB,Retail,2,394.16,788.32,0
ORD-006034,2024-07-26,East,Service Plan,Enterprise,Retail,4,36.12,144.47,0
ORD-006035,2025-04-16,East,Widget B,SMB,Retail,4,254.39,1017.55,0
ORD-006036,2023-11-12,East,Widget C,Enterprise,Online,5,226.9,1134.52,15
ORD-006037,2024-02-26,South,Gadget X,Enterprise,Online,5,341.71,1708.57,0
ORD-006038,2023-12-11,South,Widget C,Enterprise,Online,2,370.45,740.91,0
ORD-006039,2024-05-17,West,Widget B,Consumer,Online,3,12.63,37.9,5
ORD-006040,2024-06-18,East,Widget B,Enterprise,Online,3,34.18,102.53,10
ORD-006041,2024-06-21,South,Widget B,SMB,Online,3,247.12,741.37,0
ORD-006042,2024-03-14,West,Gadget X,SMB,Retail,2,279.6,559.21,5
ORD-006043,2024-10-24,East,Widget B,Enterprise,Partners,2,460.74,921.48,0
ORD-006044,2023-12-19,South,Widget B,Consumer,Partners,5,282.11,1410.57,0
ORD-006045,2024-03-11,East,Widget A,SMB,Online,2,222.12,444.24,5
ORD-006046,2024-07-21,East,Widget A,SMB,Online,1,428.29,428.29,5
ORD-006047,2025-04-18,West,Widget B,SMB,Online,3,210.6,631.79,5
ORD-006048,2025-06-01,East,Widget C,Enterprise,Online,2,196.06,392.11,10
ORD-006049,2025-03-28,West,Widget A,Enterprise,Online,1,295.83,295.83,0
ORD-006050,2025-02-22,,Gadget X,Consumer,Partners,3,363.48,1090.44,5
ORD-006051,2024-01-18,West,Widget A,Consumer,Online,2,121.94,243.88,0
ORD-006052,2023-08-10,East,Service Plan,Consumer,Partners,6,286.61,1719.66,0
ORD-006053,2023-07-20,North,Widget C,SMB,Retail,2,181.72,363.44,5
ORD-006054,2023-12-14,South,Widget C,Enterprise,Retail,2,58.6,117.19,5
ORD-006055,2023-01-20,East,Widget A,Enterprise,Online,2,295.73,591.46,10
ORD-006056,2024-11-30,North,Service Plan,Enterprise,Retail,5,48.78,243.91,15
ORD-006057,2023-11-10,North,Gadget X,SMB,Online,2,103.48,206.96,5
ORD-006058,2024-02-21,East,Gadget X,SMB,Retail,3,390.57,1171.7,10
ORD-006059,2023-08-29,South,Gadget X,Consumer,Online,4,414.29,1657.14,10
ORD-006060,2024-08-09,West,Gadget X,SMB,Online,2,214.25,428.5,0
ORD-006061,2025-03-21,West,Gadget X,Enterprise,Retail,2,220.53,441.06,5
ORD-006062,2024-01-10,South,Widget C,Consumer,Partners,3,152.77,458.32,0
ORD-006063,2023-01-15,East,Widget C,SMB,Retail,5,109.76,548.8,0
ORD-006064,2023-01-15,East,Widget B,SMB,Online,2,159.57,319.13,5
ORD-006065,2023-02-02,West,Widget A,SMB,Online,3,209.87,629.61,0
ORD-006066,2023-05-20,West,Widget A,Enterprise,Retail,3,253.63,760.88,0
ORD-006067,2025-02-10,South,Gadget X,Consumer,Retail,4,16.64,66.58,5
ORD-006068,2025-02-20,West,Service Plan,Consumer,Online,1,345.19,345.19,5
ORD-006069,2025-01-19,West,Widget C,SMB,Online,3,294.97,884.92,5
ORD-006070,2023-05-14,West,Gadget X,Consumer,Online,3,7.07,21.21,0
ORD-006071,2024-08-01,South,Gadget Y,Consumer,Partners,2,336.59,673.18,0
ORD-006072,2023-10-12,West,Widget B,Consumer,Online,2,86.25,172.5,0
ORD-006073,2023-02-06,South,Widget B,SMB,Online,1,274.29,274.29,5
ORD-006074,2024-05-04,East,Gadget Y,SMB,Online,3,320.61,961.84,10
ORD-006075,2024-12-06,South,Gadget X,SMB,Online,4,264.96,1059.83,5
ORD-006076,2024-10-02,East,Widget C,Consumer,Retail,2,167.0,334.01,0
ORD-006077,2024-12-12,North,Gadget Y,SMB,Retail,2,364.78,729.56,5
ORD-006078,2023-05-15,South,Widget C,Enterprise,Partners,4,246.12,984.5,0
ORD-006079,2023-07-28,South,Widget A,Enterprise,Retail,6,331.18,1987.05,0
ORD-006080,2024-06-11,South,Widget B,SMB,Retail,5,417.21,2086.06,5
ORD-006081,2024-08-30,North,Widget B,SMB,Partners,5,260.96,1304.79,10
ORD-006082,2025-04-30,South,Gadget X,Enterprise,Online,2,440.63,881.26,0
ORD-006083,2023-10-20,West,Widget A,Enterprise,Partners,3,52.79,158.36,0
ORD-006084,2025-05-31,South,Widget A,Consumer,Partners,3,470.04,1410.13,0
ORD-006085,2024-11-03,South,Widget A,Consumer,Retail,3,391.78,1175.35,10
ORD-006086,2024-12-04,West,Widget B,Consumer,Retail,5,440.49,2202.46,0
ORD-006087,2023-04-20,North,Gadget X,Enterprise,Partners,5,99.22,496.1,0
ORD-006088,2023-06-02,West,Widget A,SMB,Online,1,11.65,11.65,5
ORD-006089,2023-03-08,West,Gadget Y,Enterprise,Retail,6,64.94,389.65,5
ORD-006090,2023-02-13,West,Widget A,Consumer,Online,3,174.77,524.32,0
ORD-006091,2024-09-04,South,Widget A,Consumer,Retail,2,288.43,576.86,5
ORD-006092,2024-09-03,South,Widget C,Consumer,Online,3,386.18,1158.53,5
ORD-006093,2024-03-16,North,Widget B,Enterprise,Retail,2,443.1,886.19,5
ORD-006094,2025-05-22,South,Gadget X,Enterprise,Online,2,412.36,824.71,0
ORD-006095,2025-01-01,South,Gadget X,Enterprise,Partners,2,343.96,687.92,0
ORD-006096,2023-02-10,West,Widget A,Enterprise,Online,5,273.53,1367.67,5
ORD-006097,2023-07-13,North,Widget B,Enterprise,Retail,2,12.54,25.08,10
ORD-006098,2024-12-23,South,Gadget X,Consumer,Retail,1,91.76,91.76,0
ORD-006099,2024-04-03,East,Widget C,SMB,Partners,5,472.27,2361.35,0
ORD-006100,2023-04-22,North,Widget A,Enterprise,Online,2,132.89,265.79,0
ORD-006101,2025-06-17,North,Gadget X,Enterprise,Retail,2,195.67,391.34,5
ORD-006102,2023-11-25,,Gadget X,Enterprise,Partners,3,28.57,85.71,0
ORD-006103,2023-02-18,North,Gadget X,Enterprise,Online,1,117.8,117.8,0
ORD-006104,2023-02-11,South,Gadget X,SMB,Online,1,271.26,271.26,0
ORD-006105,2023-01-03,North,Widget B,Enterprise,Retail,1,295.11,295.11,0
ORD-006106,2025-01-26,South,Gadget X,Enterprise,Retail,2,469.42,938.84,0
ORD-006107,2025-03-30,East,Gadget Y,Consumer,Partners,2,167.6,335.19,0
ORD-006108,2024-10-05,North,Widget C,Enterprise,Partners,3,108.42,325.26,20
ORD-006109,2023-09-08,West,Gadget Y,SMB,Online,1,314.99,314.99,0
ORD-006110,2024-03-31,East,Widget B,Consumer,Partners,4,255.95,1023.81,0
ORD-006111,2023-11-20,East,Widget A,SMB,Online,1,127.17,127.17,0
ORD-006112,2024-03-18,West,Widget A,Consumer,Partners,2,260.24,520.48,0
ORD-006113,2025-06-05,West,Gadget Y,Enterprise,Online,4,246.36,985.44,15
ORD-006114,2023-02-01,East,Widget B,Enterprise,Online,3,477.49,1432.46,0
ORD-006115,2024-02-23,North,Gadget X,SMB,Online,3,170.55,511.65,5
ORD-006116,2023-01-06,South,Service Plan,Enterprise,Partners,2,117.1,234.19,0
ORD-006117,2024-04-29,East,Gadget X,Enterprise,Online,3,475.19,1425.57,0
ORD-006118,2024-05-21,West,Widget B,SMB,Retail,2,189.2,378.41,0
ORD-006119,2024-07-21,East,Gadget X,SMB,Online,4,111.9,447.59,0
ORD-006120,2024-07-01,South,Gadget X,Consumer,Partners,1,260.34,260.34,5
ORD-006121,2023-06-21,West,Gadget Y,Enterprise,Retail,4,74.39,297.58,0
ORD-006122,2024-05-25,West,Gadget X,Enterprise,Online,5,254.61,1273.03,10
ORD-006123,2023-02-10,North,Widget C,Consumer,Retail,5,54.46,272.32,5
ORD-006124,2024-07-20,East,Service Plan,SMB,Online,3,247.44,742.33,5
ORD-006125,2025-06-01,North,Widget B,Consumer,Partners,4,426.11,1704.44,0
ORD-006126,2024-04-06,West,Widget A,Enterprise,Retail,3,297.11,891.32,5
ORD-006127,2024-02-19,South,Widget A,Consumer,Retail,3,78.9,236.7,0
ORD-006128,2023-09-29,South,Gadget X,SMB,Online,5,184.81,924.06,15
ORD-006129,2023-07-24,West,Gadget Y,SMB,Online,2,174.63,349.25,15
ORD-006130,2024-09-01,West,Widget C,SMB,Online,4,422.63,1690.5,5
ORD-006131,2024-04-21,East,Widget B,SMB,Online,3,15.52,46.55,0
ORD-006132,2023-05-27,West,Widget B,Consumer,Online,4,208.86,835.45,0
ORD-006133,2023-04-06,West,Gadget X,Enterprise,Retail,4,473.18,1892.7,5
ORD-006134,2023-10-13,South,Gadget X,SMB,Online,7,109.64,767.5,5
ORD-006135,2023-09-06,North,Gadget X,SMB,Online,6,464.32,2785.9,0
ORD-006136,2023-02-19,South,Gadget X,SMB,Online,2,144.96,289.92,0
ORD-006137,2023-09-19,East,Widget B,SMB,Retail,2,450.23,900.45,0
ORD-006138,2024-01-06,North,Gadget Y,SMB,Online,5,292.22,1461.1,0
ORD-006139,2025-02-23,North,Widget C,SMB,Retail,4,442.97,1771.86,10
ORD-006140,2024-11-16,West,Widget C,Consumer,Partners,2,276.06,552.12,10
ORD-006141,2023-06-24,West,Service Plan,Consumer,Online,2,31.87,63.74,0
ORD-006142,2023-04-27,South,Gadget Y,Enterprise,Retail,7,254.16,1779.14,5
ORD-006143,2024-03-14,West,Widget C,Enterprise,Retail,3,319.26,957.79,0
ORD-006144,2023-06-28,North,Service Plan,SMB,Online,2,155.86,311.72,5
ORD-006145,2024-06-01,East,Widget C,Enterprise,Retail,1,148.04,148.04,0
ORD-006146,2023-04-10,South,Service Plan,SMB,Retail,3,273.13,819.38,0
ORD-006147,2025-03-13,South,Service Plan,SMB,Partners,3,248.77,746.32,0
ORD-006148,2024-03-23,North,Widget A,SMB,Partners,2,498.64,997.28,0
ORD-006149,2023-05-07,South,Widget C,SMB,Retail,2,348.56,697.11,5
ORD-006150,2024-01-12,East,Gadget X,Consumer,Online,1,20.12,20.12,10
ORD-006151,2024-11-09,South,Widget B,Enterprise,Online,3,445.84,1337.53,0
ORD-006152,2024-07-14,West,Gadget X,SMB,Retail,3,307.28,921.83,5
ORD-006153,2024-08-04,South,Gadget Y,Enterprise,Online,1,202.39,202.39,0
ORD-006154,2024-04-12,East,Widget A,Consumer,Online,2,221.72,443.44,5
ORD-006155,2023-03-16,North,Widget A,SMB,Retail,1,430.92,430.92,5
ORD-006156,2024-11-01,East,Widget A,Consumer,Retail,2,62.59,125.17,0
ORD-006157,2023-07-22,South,Widget A,SMB,Retail,2,255.33,510.66,0
ORD-006158,2023-07-08,West,Widget C,Enterprise,Online,4,338.48,1353.9,0
ORD-006159,2025-06-13,East,Widget A,Enterprise,Online,2,330.08,660.17,0
ORD-006160,2024-11-13,South,Gadget Y,Consumer,Retail,2,256.4,512.81,5
ORD-006161,2023-12-18,North,Widget C,SMB,Retail,2,134.42,268.84,0
ORD-006162,2023-09-24,South,Gadget Y,SMB,Online,1,498.45,498.45,15
ORD-006163,2025-05-30,West,Gadget X,Enterprise,Retail,2,438.0,875.99,5
ORD-006164,2024-10-26,North,Gadget Y,Consumer,Online,3,53.41,160.23,5
ORD-006165,2025-01-25,,Service Plan,Consumer,Retail,3,72.78,218.33,0
ORD-006166,2024-06-21,South,Widget B,Enterprise,Partners,3,318.04,954.12,0
ORD-006167,2024-08-17,North,Widget C,Enterprise,Retail,1,142.22,142.22,5
ORD-006168,2025-04-01,South,Widget A,Enterprise,Retail,2,394.58,789.16,0
ORD-006169,2024-01-05,South,Widget C,SMB,Online,1,356.74,356.74,5
ORD-006170,2023-03-14,South,Widget B,SMB,Partners,5,468.26,2341.3,0
ORD-006171,2024-03-13,North,Service Plan,Enterprise,Partners,2,476.99,953.98,0
ORD-006172,2023-11-10,North,Service Plan,Enterprise,Partners,3,496.5,1489.5,10
ORD-006173,2023-01-17,North,Gadget Y,Enterprise,Retail,3,250.01,750.02,0
ORD-006174,2025-03-09,West,Widget C,Enterprise,Online,2,21.58,43.16,5
ORD-006175,2023-10-06,West,Gadget Y,Consumer,Retail,1,302.77,302.77,0
ORD-006176,2024-06-18,East,Widget C,Enterprise,Online,3,100.87,302.62,10
ORD-006177,2024-10-29,East,Gadget Y,SMB,Retail,1,155.36,155.36,0
ORD-006178,2023-10-06,South,Gadget Y,Enterprise,Partners,3,329.38,988.14,0
ORD-006179,2024-03-25,East,Widget B,Enterprise,Online,2,49.32,98.64,0
ORD-006180,2024-01-26,East,Widget A,SMB,Online,3,210.72,632.15,10
ORD-006181,2023-02-19,West,Widget B,Enterprise,Online,3,91.37,274.12,10
ORD-006182,2024-01-01,East,Widget B,Enterprise,Partners,8,107.86,862.84,5
ORD-006183,2024-03-03,South,Widget C,Enterprise,Online,3,91.49,274.47,0
ORD-006184,2024-06-22,West,Widget B,Consumer,Retail,8,267.09,2136.74,15
ORD-006185,2025-02-08,North,Service Plan,SMB,Retail,4,339.86,1359.44,0
ORD-006186,2023-10-25,East,Widget A,SMB,Online,1,360.97,360.97,0
ORD-006187,2023-04-09,North,Widget B,SMB,Retail,3,282.67,848.02,0
ORD-006188,2024-12-20,West,Widget A,Consumer,Retail,2,472.89,945.78,0
ORD-006189,2023-08-13,East,Widget A,Enterprise,Retail,4,217.46,869.84,5
ORD-006190,2024-01-09,East,Widget C,Consumer,Online,1,442.04,442.04,10
ORD-006191,2023-12-10,South,Widget B,Consumer,Online,3,143.49,430.47,10
ORD-006192,2024-08-02,West,Service Plan,Consumer,Retail,4,177.04,708.17,0
ORD-006193,2024-01-13,East,Widget A,SMB,Retail,2,415.64,831.29,5
ORD-006194,2023-02-10,South,Widget B,SMB,Retail,3,158.28,474.84,10
ORD-006195,2025-02-18,North,Gadget Y,SMB,Online,2,391.61,783.21,0
ORD-006196,2023-07-29,North,Widget C,Enterprise,Partners,2,321.09,642.17,0
ORD-006197,2023-07-12,West,Gadget X,Enterprise,Partners,4,228.41,913.65,0
ORD-006198,2023-01-28,North,Widget A,Consumer,Partners,1,196.5,196.5,15
ORD-006199,2023-04-30,West,Service Plan,Consumer,Online,3,127.98,383.95,10
ORD-006200,2023-06-06,South,Widget B,SMB,Online,3,362.93,1088.8,0
ORD-006201,2025-02-13,West,Widget A,SMB,Online,4,121.98,487.91,10
ORD-006202,2023-06-13,West,Widget A,Enterprise,Partners,4,141.68,566.71,10
ORD-006203,2023-05-05,West,Widget A,Enterprise,Online,4,298.04,1192.17,15
ORD-006204,2025-01-12,West,Widget C,Enterprise,Partners,3,360.75,1082.26,5
ORD-006205,2024-04-24,North,Gadget Y,SMB,Partners,2,160.85,321.69,0
ORD-006206,2025-05-28,East,Widget B,SMB,Partners,2,92.95,185.9,0
ORD-006207,2025-03-29,West,Widget B,Consumer,Online,4,184.65,738.62,0
ORD-006208,2023-10-01,West,Service Plan,SMB,Online,2,423.8,847.6,5
ORD-006209,2024-09-03,East,Widget A,SMB,Online,2,247.91,495.81,20
ORD-006210,2024-08-01,East,Gadget X,Enterprise,Retail,5,459.71,2298.57,10
ORD-006211,2023-08-16,West,Gadget X,SMB,Online,2,128.33,256.66,15
ORD-006212,2024-06-08,South,Widget C,Enterprise,Online,5,49.31,246.53,0
ORD-006213,2023-09-10,North,Service Plan,Enterprise,Online,2,374.58,749.17,0
ORD-006214,2025-04-15,North,Widget A,SMB,Online,2,442.29,884.58,5
ORD-006215,2025-06-10,South,Gadget X,Consumer,Retail,5,142.28,711.38,10
ORD-006216,2024-10-30,South,Gadget Y,Consumer,Online,1,218.94,218.94,5
ORD-006217,2024-10-12,East,Gadget X,SMB,Online,2,241.96,483.93,0
ORD-006218,2023-10-14,East,Widget B,Consumer,Online,6,25.82,154.94,5
ORD-006219,2023-05-21,South,Gadget X,Consumer,Online,5,341.14,1705.68,0
ORD-006220,2024-11-23,South,Widget A,SMB,Partners,2,97.38,194.76,15
ORD-006221,2023-11-13,South,Gadget X,Consumer,Retail,4,318.84,1275.35,5
ORD-006222,2023-08-26,South,Widget B,Consumer,Online,1,92.31,92.31,20
ORD-006223,2025-05-27,South,Service Plan,SMB,Retail,3,468.33,1404.98,0
ORD-006224,2023-12-02,East,Widget A,SMB,Retail,3,8.78,26.34,0
ORD-006225,2023-12-09,East,Gadget X,Consumer,Retail,4,309.65,1238.61,5
ORD-006226,2024-08-14,West,Widget B,SMB,Partners,2,216.19,432.38,0
ORD-006227,2024-08-15,South,Gadget X,Enterprise,Retail,2,385.9,771.8,0
ORD-006228,2024-01-24,West,Widget A,Enterprise,Online,2,56.92,113.85,10
ORD-006229,2024-08-23,North,Gadget X,Enterprise,Online,3,104.47,313.41,10
ORD-006230,2024-07-11,North,Widget B,Consumer,Online,2,313.31,626.61,5
ORD-006231,2024-06-12,East,Widget A,Consumer,Partners,1,15.66,15.66,5
ORD-006232,2024-07-08,East,Service Plan,SMB,Partners,4,31.22,124.88,5
ORD-006233,2024-05-22,South,Widget C,Enterprise,Partners,1,139.55,139.55,10
ORD-006234,2025-01-01,,Gadget X,Consumer,Partners,3,185.21,555.63,0
ORD-006235,2023-02-25,West,Gadget Y,Enterprise,Online,4,327.32,1309.29,15
ORD-006236,2023-10-14,West,Widget A,Enterprise,Online,6,56.76,340.53,15
ORD-006237,2024-11-11,West,Gadget X,Enterprise,Retail,6,27.88,167.27,0
ORD-006238,2023-01-13,West,Widget A,Enterprise,Partners,2,384.72,769.45,0
ORD-006239,2023-07-19,East,Widget B,Enterprise,Retail,2,97.89,195.77,10
ORD-006240,2024-06-11,West,Service Plan,Consumer,Retail,2,415.58,831.16,5
ORD-006241,2023-04-21,South,Widget C,Consumer,Online,1,150.91,150.91,15
ORD-006242,2024-05-11,East,Widget A,Consumer,Online,3,220.63,661.9,0
ORD-006243,2024-08-16,South,Widget C,SMB,Retail,2,492.41,984.82,0
ORD-006244,2025-03-09,South,Widget C,Enterprise,Online,3,49.34,148.02,15
ORD-006245,2023-05-05,North,Widget A,Consumer,Partners,2,29.3,58.59,10
ORD-006246,2023-04-01,West,Widget B,Enterprise,Online,1,100.66,100.66,0
ORD-006247,2023-02-04,North,Widget B,Enterprise,Retail,4,237.04,948.16,5
ORD-006248,2025-02-21,North,Widget C,Enterprise,Online,4,322.76,1291.03,5
ORD-006249,2024-04-17,West,Widget A,Enterprise,Retail,4,358.32,1433.29,10
ORD-006250,2024-10-05,South,Gadget X,SMB,Online,1,208.59,208.59,0
ORD-006251,2023-12-04,East,Widget A,Enterprise,Online,2,18.52,37.04,5
ORD-006252,2024-06-12,South,Widget B,Enterprise,Retail,3,163.17,489.52,5
ORD-006253,2023-01-25,East,Gadget X,Consumer,Online,3,489.21,1467.62,0
ORD-006254,2023-09-27,West,Widget A,SMB,Online,2,428.27,856.54,10
ORD-006255,2025-02-09,East,Widget C,Enterprise,Partners,3,475.35,1426.04,5
ORD-006256,2024-07-30,West,Widget B,Consumer,Retail,6,311.57,1869.42,5
ORD-006257,2025-01-30,North,Widget A,Enterprise,Online,3,321.77,965.32,0
ORD-006258,2024-10-04,East,Gadget Y,Enterprise,Online,3,153.54,460.61,5
ORD-006259,2025-06-15,North,Widget B,SMB,Retail,5,450.27,2251.34,5
ORD-006260,2023-06-24,North,Widget C,Consumer,Retail,1,288.07,288.07,0
ORD-006261,2023-11-05,North,Widget A,Enterprise,Partners,2,133.68,267.35,0
ORD-006262,2025-03-24,West,Gadget Y,Consumer,Retail,2,240.83,481.65,5
ORD-006263,2023-07-13,West,Gadget X,Enterprise,Online,2,306.58,613.17,5
ORD-006264,2023-02-12,West,Gadget X,Enterprise,Retail,2,224.65,449.29,0
ORD-006265,2025-05-11,East,Gadget X,SMB,Retail,1,82.79,82.79,0
ORD-006266,2024-03-07,East,Widget A,Enterprise,Online,3,427.34,1282.01,5
ORD-006267,2024-03-07,North,Widget A,Consumer,Retail,3,348.4,1045.2,0
ORD-006268,2024-12-27,West,Widget B,Consumer,Partners,3,297.14,891.43,5
ORD-006269,2024-12-25,East,Gadget X,Consumer,Partners,3,488.0,1463.99,0
ORD-006270,2025-04-05,North,Gadget Y,Enterprise,Retail,2,496.94,993.88,10
ORD-006271,2023-07-24,West,Service Plan,Consumer,Retail,2,490.41,980.83,5
ORD-006272,2024-11-22,South,Widget C,SMB,Partners,4,25.59,102.35,5
ORD-006273,2023-01-03,South,Widget B,SMB,Online,3,474.18,1422.54,10
ORD-006274,2024-11-30,South,Gadget Y,Enterprise,Partners,3,161.09,483.27,0
ORD-006275,2024-07-18,West,Widget C,Enterprise,Online,2,328.39,656.77,0
ORD-006276,2024-08-07,East,Gadget X,Consumer,Partners,2,499.26,998.52,0
ORD-006277,2025-03-15,South,Widget C,SMB,Partners,1,440.01,440.01,0
ORD-006278,2023-03-03,West,Gadget X,SMB,Partners,4,90.44,361.77,0
ORD-006279,2025-05-20,West,Widget B,Consumer,Online,3,243.21,729.64,0
ORD-006280,2024-10-28,East,Widget A,Enterprise,Retail,3,50.84,152.52,0
ORD-006281,2024-04-25,East,Service Plan,SMB,Partners,4,14.47,57.88,10
ORD-006282,2024-05-27,South,Widget A,Consumer,Online,7,447.43,3132.0,10
ORD-006283,2024-01-19,South,Gadget Y,Enterprise,Online,4,216.92,867.69,0
ORD-006284,2024-10-06,East,Gadget Y,SMB,Retail,6,182.29,1093.72,5
ORD-006285,2023-11-05,West,Widget C,SMB,Online,5,449.72,2248.59,0
ORD-006286,2024-07-12,East,Gadget Y,Enterprise,Retail,3,249.29,747.86,10
ORD-006287,2025-02-14,West,Gadget Y,Enterprise,Retail,4,491.51,1966.06,0
ORD-006288,2024-07-25,North,Widget B,Enterprise,Online,4,76.39,305.56,20
ORD-006289,2024-02-16,North,Widget A,Enterprise,Retail,2,276.07,552.14,0
ORD-006290,2025-02-24,North,Widget B,Enterprise,Online,2,180.52,361.05,5
ORD-006291,2023-01-12,South,Service Plan,Consumer,Online,3,7.85,23.56,10
ORD-006292,2025-01-03,West,Widget B,Enterprise,Retail,1,404.74,404.74,5
ORD-006293,2024-06-25,South,Widget C,SMB,Online,2,220.0,439.99,0
ORD-006294,2023-12-04,West,Gadget X,Consumer,Partners,5,244.58,1222.89,0
ORD-006295,2024-06-27,West,Widget B,Consumer,Online,2,444.64,889.28,5
ORD-006296,2024-05-20,East,Widget B,Enterprise,Online,3,38.65,115.96,0
ORD-006297,2023-07-01,West,Gadget X,SMB,Retail,4,316.59,1266.38,0
ORD-006298,2023-01-13,West,Widget A,SMB,Retail,4,409.65,,5
ORD-006299,2024-12-15,North,Widget C,Enterprise,Online,2,270.23,540.46,0
ORD-006300,2024-03-15,South,Widget B,Consumer,Partners,1,474.94,474.94,20
ORD-006301,2023-07-13,East,Gadget X,SMB,Retail,3,48.76,146.29,5
ORD-006302,2023-05-03,West,Service Plan,Consumer,Partners,2,370.07,740.13,10
ORD-006303,2024-07-27,North,Widget B,SMB,Retail,3,432.1,1296.29,5
ORD-006304,2025-01-13,East,Widget A,Enterprise,Partners,4,89.9,359.6,10
ORD-006305,2023-05-11,West,Gadget X,SMB,Online,3,111.7,335.1,0
ORD-006306,2024-10-17,South,Widget B,Consumer,Online,5,252.15,1260.76,5
ORD-006307,2024-11-25,West,Widget C,Enterprise,Partners,5,225.27,1126.36,5
ORD-006308,2024-05-09,South,Gadget Y,Enterprise,Online,5,319.99,1599.95,0
ORD-006309,2025-06-03,South,Gadget X,SMB,Online,3,390.84,1172.52,10
ORD-006310,2025-01-25,North,Gadget Y,SMB,Retail,5,231.89,1159.45,0
ORD-006311,2023-12-25,South,Widget A,Consumer,Retail,3,53.63,160.9,0
ORD-006312,2023-01-28,West,Widget C,Enterprise,Partners,4,128.22,512.87,5
ORD-006313,2024-12-10,East,Gadget X,Enterprise,Retail,5,91.68,458.41,0
ORD-006314,2025-01-22,South,Gadget X,Enterprise,Online,2,333.14,666.28,0
ORD-006315,2023-07-01,South,Widget A,Consumer,Online,3,367.16,1101.47,0
ORD-006316,2023-06-12,North,Widget A,SMB,Online,2,240.38,480.76,0
ORD-006317,2025-03-09,East,Service Plan,SMB,Online,1,421.63,421.63,0
ORD-006318,2024-03-11,South,Service Plan,Enterprise,Online,4,196.44,785.74,5
ORD-006319,2024-09-20,North,Widget B,SMB,Partners,4,311.79,1247.17,5
ORD-006320,2023-10-12,North,Service Plan,SMB,Online,2,490.28,980.56,0
ORD-006321,2025-05-01,,Gadget Y,Consumer,Online,3,333.19,999.58,0
ORD-006322,2025-06-16,East,Widget B,Consumer,Online,3,241.48,724.43,0
ORD-006323,2024-01-02,East,Widget A,Enterprise,Online,4,429.6,1718.4,15
ORD-006324,2023-06-02,North,Widget C,SMB,Retail,4,80.37,321.48,15
ORD-006325,2025-05-06,South,Widget B,SMB,Partners,3,335.56,1006.68,0
ORD-006326,2023-04-24,West,Gadget X,SMB,Online,5,417.28,2086.42,0
ORD-006327,2023-01-27,South,Widget A,Enterprise,Partners,4,346.58,1386.32,10
ORD-006328,2024-09-14,East,Widget A,Enterprise,Retail,7,127.6,893.18,5
ORD-006329,2025-04-01,North,Widget A,Enterprise,Retail,1,55.31,55.31,15
ORD-006330,2023-12-04,South,Widget B,SMB,Retail,2,266.72,533.43,0
ORD-006331,2024-12-23,North,Widget B,Enterprise,Online,4,104.66,418.63,0
ORD-006332,2025-02-05,West,Gadget X,Enterprise,Retail,3,387.4,1162.19,0
ORD-006333,2024-07-30,South,Gadget Y,Consumer,Retail,3,124.19,372.58,0
ORD-006334,2023-01-05,North,Gadget X,Consumer,Partners,1,303.23,303.23,10
ORD-006335,2024-12-29,West,Gadget X,Consumer,Retail,3,464.68,1394.05,0
ORD-006336,2024-07-21,North,Widget C,Enterprise,Retail,2,378.94,757.89,10
ORD-006337,2024-12-08,South,Widget B,Enterprise,Online,4,239.16,956.62,15
ORD-006338,2023-03-03,West,Service Plan,Enterprise,Online,3,374.53,1123.59,0
ORD-006339,2023-11-08,East,Gadget Y,Enterprise,Online,4,267.8,1071.18,0
ORD-006340,2023-03-02,North,Widget B,Consumer,Partners,3,481.94,1445.83,0
ORD-006341,2023-02-01,South,Service Plan,Consumer,Partners,6,323.52,1941.13,5
ORD-006342,2024-11-24,East,Gadget X,SMB,Online,4,116.35,465.4,0
ORD-006343,2025-01-28,North,Widget C,Enterprise,Retail,4,45.12,180.49,15
ORD-006344,2024-03-30,South,Widget C,Consumer,Online,3,133.82,401.47,5
ORD-006345,2023-11-11,West,Gadget X,SMB,Online,2,149.28,298.56,0
ORD-006346,2023-01-05,North,Widget C,SMB,Partners,2,76.46,152.93,0
ORD-006347,2023-07-18,East,Gadget Y,SMB,Partners,6,444.78,2668.68,5
ORD-006348,2024-03-13,West,Widget C,Consumer,Online,3,282.19,846.56,5
ORD-006349,2025-03-27,South,Service Plan,Enterprise,Online,7,208.52,1459.64,5
ORD-006350,2023-10-14,West,Gadget X,Enterprise,Retail,3,450.94,1352.81,0
ORD-006351,2023-01-29,East,Widget A,Enterprise,Online,2,61.26,122.52,0
ORD-006352,2025-01-28,West,Widget B,Consumer,Online,2,201.82,403.65,0
ORD-006353,2024-05-09,South,Service Plan,Enterprise,Retail,2,223.4,446.8,0
ORD-006354,2024-09-07,North,Gadget X,SMB,Online,1,48.8,48.8,5
ORD-006355,2024-05-31,South,Gadget X,Enterprise,Partners,2,353.39,706.78,0
ORD-006356,2024-12-24,West,Widget A,SMB,Retail,3,182.42,547.26,15
ORD-006357,2024-07-15,East,Gadget X,Consumer,Retail,1,211.82,211.82,15
ORD-006358,2023-12-08,East,Widget A,SMB,Retail,2,124.98,249.95,5
ORD-006359,2024-08-28,East,Gadget X,Enterprise,Online,1,167.9,167.9,5
ORD-006360,2024-05-24,North,Widget C,Consumer,Online,4,30.77,123.07,10
ORD-006361,2023-05-14,North,Widget B,Enterprise,Online,4,404.98,1619.93,0
ORD-006362,2023-12-20,North,Widget A,Enterprise,Retail,5,443.69,2218.47,15
ORD-006363,2023-02-08,North,Gadget X,Enterprise,Retail,4,372.81,1491.24,0
ORD-006364,2023-06-04,South,Widget B,Consumer,Online,2,72.94,145.87,5
ORD-006365,2023-11-13,East,Widget A,Enterprise,Online,4,54.1,216.4,5
ORD-006366,2024-03-13,,Gadget X,SMB,Partners,3,35.97,107.92,0
ORD-006367,2024-05-14,East,Service Plan,Consumer,Retail,3,327.78,983.33,5
ORD-006368,2023-05-05,North,Widget B,Consumer,Retail,1,356.05,356.05,10
ORD-006369,2023-03-10,South,Widget A,SMB,Online,3,116.41,349.23,0
ORD-006370,2024-11-09,West,Gadget X,SMB,Retail,2,274.14,548.27,5
ORD-006371,2024-06-10,West,Widget A,SMB,Retail,4,120.83,483.32,0
ORD-006372,2024-08-03,North,Widget A,SMB,Retail,3,235.4,706.21,15
ORD-006373,2023-01-10,West,Service Plan,Enterprise,Retail,3,90.94,272.82,15
ORD-006374,2023-10-15,West,Widget B,Consumer,Partners,5,162.05,810.25,0
ORD-006375,2025-01-16,South,Gadget X,SMB,Online,2,128.61,257.22,0
ORD-006376,2023-11-29,East,Widget A,Consumer,Online,4,231.02,924.1,0
ORD-006377,2024-05-21,South,Widget A,SMB,Retail,1,431.96,431.96,0
ORD-006378,2023-04-29,West,Widget C,SMB,Partners,3,150.4,451.21,0
ORD-006379,2023-01-22,West,Gadget Y,Enterprise,Online,2,23.53,47.06,0
ORD-006380,2023-07-29,South,Service Plan,Consumer,Partners,2,324.3,648.61,5
ORD-006381,2025-03-13,North,Widget A,Consumer,Online,4,401.25,1605.0,5
ORD-006382,2025-04-04,West,Widget A,Enterprise,Retail,2,426.4,852.81,10
ORD-006383,2023-10-01,West,Widget A,Consumer,Online,4,118.05,472.21,0
ORD-006384,2025-03-11,West,Widget B,SMB,Online,3,350.32,1050.95,15
ORD-006385,2024-02-09,North,Service Plan,Consumer,Online,1,123.92,123.92,5
ORD-006386,2023-08-31,South,Widget C,Consumer,Retail,1,230.51,230.51,10
ORD-006387,2024-08-18,South,Widget A,Enterprise,Retail,4,245.19,980.75,0
ORD-006388,2024-11-21,South,Gadget X,Consumer,Online,2,246.18,492.36,5
ORD-006389,2025-05-05,South,Widget C,Consumer,Online,4,448.35,1793.42,0
ORD-006390,2024-08-20,South,Widget A,Enterprise,Online,4,239.08,956.31,0
ORD-006391,2025-03-22,South,Widget C,Enterprise,Online,4,119.1,476.38,10
ORD-006392,2024-08-15,South,Gadget X,Enterprise,Partners,4,75.7,302.8,0
ORD-006393,2024-03-03,North,Gadget X,Consumer,Online,4,395.03,1580.11,0
ORD-006394,2023-10-16,West,Widget C,SMB,Retail,4,429.94,1719.75,5
ORD-006395,2023-03-17,East,Gadget X,Consumer,Partners,2,79.69,159.39,0
ORD-006396,2023-10-23,South,Widget C,Enterprise,Online,1,309.81,309.81,5
ORD-006397,2024-12-26,South,Gadget X,Consumer,Online,2,264.05,528.1,0
ORD-006398,2023-03-27,South,Gadget Y,SMB,Online,4,426.91,1707.63,0
ORD-006399,2025-02-23,South,Gadget X,Consumer,Online,1,321.76,321.76,0
ORD-006400,2023-11-12,South,Widget C,SMB,Retail,3,337.96,1013.88,0
ORD-006401,2024-05-01,West,Service Plan,SMB,Online,2,53.08,106.16,0
ORD-006402,2024-12-20,West,Widget C,SMB,Online,6,44.26,265.57,5
ORD-006403,2025-01-10,West,Widget B,SMB,Online,3,424.92,1274.76,10
ORD-006404,2024-10-16,East,Service Plan,SMB,Online,1,279.4,279.4,15
ORD-006405,2024-07-06,West,Widget B,Enterprise,Retail,2,426.91,853.82,15
ORD-006406,2023-08-29,,Gadget X,SMB,Partners,2,381.15,762.31,0
ORD-006407,2025-05-29,East,Widget A,Enterprise,Retail,2,478.7,957.39,5
ORD-006408,2023-11-05,South,Service Plan,Enterprise,Online,6,286.49,1718.92,0
ORD-006409,2024-07-10,South,Service Plan,SMB,Online,3,163.22,489.66,10
ORD-006410,2023-06-06,North,Service Plan,Consumer,Online,2,345.44,690.88,0
ORD-006411,2023-07-27,East,Widget B,Enterprise,Online,2,493.75,987.49,5
ORD-006412,2024-03-24,North,Widget A,Enterprise,Partners,5,385.47,1927.33,0
ORD-006413,2023-06-23,West,Widget A,Enterprise,Partners,1,444.27,444.27,5
ORD-006414,2024-05-09,East,Widget B,SMB,Online,1,43.19,43.19,0
ORD-006415,2024-02-23,West,Widget A,SMB,Online,3,257.14,771.43,0
ORD-006416,2025-01-13,North,Gadget X,SMB,Retail,5,311.21,1556.05,0
ORD-006417,2023-11-26,West,Service Plan,Consumer,Retail,4,145.85,583.41,5
ORD-006418,2024-05-22,South,Gadget X,Enterprise,Online,4,321.01,1284.06,0
ORD-006419,2024-08-02,North,Widget B,Consumer,Online,7,221.38,1549.69,0
ORD-006420,2025-04-04,South,Widget C,Enterprise,Online,3,483.49,1450.47,5
ORD-006421,2024-03-10,East,Widget A,SMB,Partners,3,266.21,798.62,15
ORD-006422,2025-04-07,South,Gadget X,SMB,Online,2,374.55,749.09,0
ORD-006423,2023-05-07,South,Widget C,Enterprise,Retail,3,347.93,1043.79,10
ORD-006424,2023-09-18,South,Gadget Y,Enterprise,Partners,5,455.93,2279.66,0
ORD-006425,2023-02-04,West,Gadget X,Enterprise,Retail,2,434.33,868.65,0
ORD-006426,2024-09-19,East,Gadget Y,Enterprise,Partners,4,26.59,106.36,0
ORD-006427,2024-08-31,West,Service Plan,SMB,Online,3,151.73,455.18,5
ORD-006428,2023-01-04,West,Widget A,SMB,Online,3,478.09,1434.28,5
ORD-006429,2023-02-20,,Widget B,Enterprise,Retail,3,322.1,,5
ORD-006430,2025-01-09,West,Widget A,SMB,Partners,1,205.23,205.23,0
ORD-006431,2024-04-25,East,Widget A,Consumer,Online,2,233.93,467.87,5
ORD-006432,2024-03-17,East,Widget B,SMB,Retail,7,101.18,708.27,10
ORD-006433,2023-02-04,South,Gadget X,Consumer,Online,6,127.77,766.6,5
ORD-006434,2024-12-04,North,Service Plan,Consumer,Retail,3,384.93,1154.78,10
ORD-006435,2024-11-10,East,Widget B,SMB,Retail,2,427.17,854.35,0
ORD-006436,2023-05-09,South,Widget A,Consumer,Retail,4,124.34,497.34,5
ORD-006437,2024-06-02,East,Widget B,Consumer,Online,6,456.77,2740.62,0
ORD-006438,2025-05-21,North,Service Plan,SMB,Online,5,423.79,2118.96,0
ORD-006439,2024-01-15,West,Gadget Y,Enterprise,Retail,1,277.89,277.89,10
ORD-006440,2023-08-31,South,Widget B,Consumer,Online,5,282.35,1411.75,0
ORD-006441,2023-02-02,South,Service Plan,SMB,Partners,2,213.59,427.18,5
ORD-006442,2024-08-17,South,Widget A,SMB,Retail,3,323.57,970.71,0
ORD-006443,2024-06-07,South,Widget C,SMB,Retail,4,147.63,590.53,0
ORD-006444,2024-04-06,East,Widget B,Consumer,Online,6,319.84,1919.05,0
ORD-006445,2024-03-29,North,Widget A,Consumer,Online,3,393.86,1181.59,10
ORD-006446,2023-07-25,South,Gadget Y,SMB,Online,1,336.16,336.16,5
ORD-006447,2024-04-23,North,Widget B,Enterprise,Online,3,97.17,291.52,5
ORD-006448,2024-01-06,North,Widget A,Consumer,Online,4,74.94,299.75,0
ORD-006449,2024-08-31,South,Widget A,SMB,Online,2,343.78,687.56,0
ORD-006450,2024-04-06,South,Widget A,Consumer,Partners,2,347.82,695.64,10
ORD-006451,2025-04-28,West,Gadget Y,Enterprise,Online,1,173.64,173.64,5
ORD-006452,2023-03-23,East,Gadget X,Enterprise,Retail,3,445.42,1336.26,5
ORD-006453,2024-12-29,North,Gadget X,Enterprise,Online,1,354.66,354.66,5
ORD-006454,2023-10-05,West,Widget B,SMB,Retail,3,364.63,1093.88,0
ORD-006455,2023-05-08,East,Widget C,Consumer,Retail,3,67.18,201.55,15
ORD-006456,2023-01-04,West,Gadget X,Enterprise,Online,3,25.28,75.85,0
ORD-006457,2024-03-24,West,Service Plan,Enterprise,Online,1,216.09,216.09,0
ORD-006458,2023-10-18,,Widget A,Enterprise,Online,1,421.03,421.03,0
ORD-006459,2024-11-28,East,Widget B,Enterprise,Online,4,43.42,173.66,10
ORD-006460,2023-02-11,South,Service Plan,SMB,Retail,1,259.47,259.47,10
ORD-006461,2024-09-23,East,Widget C,Consumer,Online,1,48.61,48.61,0
ORD-006462,2024-01-08,East,Widget A,Enterprise,Online,5,249.87,1249.33,5
ORD-006463,2025-02-03,South,Widget C,SMB,Retail,4,201.54,806.16,0
ORD-006464,2023-02-05,West,Service Plan,Enterprise,Retail,1,152.72,152.72,0
ORD-006465,2023-09-20,East,Widget B,SMB,Retail,2,323.6,647.19,0
ORD-006466,2023-02-01,East,Service Plan,Enterprise,Online,2,305.31,610.62,10
ORD-006467,2025-02-09,East,Gadget X,Enterprise,Retail,3,487.86,1463.58,5
ORD-006468,2023-03-30,East,Widget B,Consumer,Online,2,360.59,721.17,10
ORD-006469,2025-02-24,,Service Plan,Enterprise,Online,3,346.78,1040.34,5
ORD-006470,2023-12-13,East,Service Plan,SMB,Online,3,83.7,251.1,0
ORD-006471,2024-12-03,East,Widget C,Consumer,Retail,3,396.13,1188.38,5
ORD-006472,2023-01-06,East,Widget A,Enterprise,Retail,2,171.7,343.39,0
ORD-006473,2024-12-11,East,Gadget X,Consumer,Online,3,107.12,321.37,0
ORD-006474,2023-07-13,West,Widget C,Enterprise,Online,1,368.84,368.84,5
ORD-006475,2024-08-28,East,Gadget X,SMB,Online,3,431.8,1295.4,0
ORD-006476,2025-04-21,South,Service Plan,Enterprise,Online,1,55.14,55.14,5
ORD-006477,2023-10-31,East,Widget A,Consumer,Online,2,322.05,644.1,0
ORD-006478,2024-08-28,North,Gadget X,SMB,Online,4,131.28,525.13,5
ORD-006479,2023-05-28,South,Widget A,SMB,Partners,5,315.31,1576.54,15
ORD-006480,2023-12-23,North,Widget A,Enterprise,Online,3,331.75,995.24,0
ORD-006481,2024-12-24,South,Widget A,SMB,Online,3,20.81,62.43,0
ORD-006482,2023-08-29,West,Widget A,Enterprise,Online,1,37.3,37.3,5
ORD-006483,2023-09-29,South,Gadget X,SMB,Online,2,45.04,90.08,10
ORD-006484,2024-05-12,West,Widget C,Consumer,Retail,3,234.68,704.03,0
ORD-006485,2023-05-05,West,Widget B,SMB,Online,3,300.41,901.22,10
ORD-006486,2024-07-01,,Widget A,Consumer,Retail,4,317.9,1271.59,0
ORD-006487,2025-04-03,East,Widget B,Enterprise,Partners,4,26.48,105.91,0
ORD-006488,2023-08-18,North,Gadget X,Enterprise,Online,4,490.35,1961.4,0
ORD-006489,2023-03-13,South,Gadget Y,SMB,Retail,2,346.1,692.19,10
ORD-006490,2023-09-30,South,Service Plan,Enterprise,Retail,2,393.5,787.0,5
ORD-006491,2023-09-03,North,Widget B,SMB,Online,3,297.17,891.51,0
ORD-006492,2024-06-17,South,Widget B,SMB,Retail,6,161.25,967.47,0
ORD-006493,2023-03-04,South,Widget A,Enterprise,Online,3,198.85,596.56,5
ORD-006494,2023-08-09,North,Widget C,Enterprise,Partners,2,48.75,97.49,0
ORD-006495,2023-06-04,South,Widget C,SMB,Partners,4,446.22,1784.9,5
ORD-006496,2023-02-09,West,Widget A,Consumer,Online,1,316.45,316.45,0
ORD-006497,2023-03-19,West,Gadget X,Enterprise,Retail,5,395.0,1974.98,15
ORD-006498,2025-05-21,North,Widget A,Enterprise,Online,4,469.44,1877.76,0
ORD-006499,2024-08-06,West,Gadget X,Enterprise,Retail,4,446.74,1786.95,0
ORD-006500,2023-08-11,,Gadget X,SMB,Retail,4,129.69,518.75,0
ORD-006501,2024-05-01,West,Widget B,Enterprise,Online,3,191.76,575.27,5
ORD-006502,2023-04-22,East,Widget B,Enterprise,Retail,3,357.02,1071.06,5
ORD-006503,2023-09-29,West,Widget B,Enterprise,Online,5,43.29,216.45,5
ORD-006504,2024-02-22,East,Widget C,Enterprise,Online,2,131.67,263.34,0
ORD-006505,2025-01-09,West,Widget A,Consumer,Partners,4,23.15,92.58,5
ORD-006506,2023-02-07,East,Widget C,Enterprise,Online,2,223.68,447.36,0
ORD-006507,2023-12-16,West,Widget B,Consumer,Online,4,240.49,961.94,0
ORD-006508,2023-05-09,North,Widget A,Enterprise,Retail,1,325.15,325.15,5
ORD-006509,2025-04-14,South,Service Plan,SMB,Online,4,390.44,1561.75,10
ORD-006510,2024-03-16,West,Widget C,SMB,Online,4,496.46,1985.85,0
ORD-006511,2024-07-16,North,Gadget Y,SMB,Online,2,244.86,489.73,0
ORD-006512,2024-01-23,East,Gadget Y,SMB,Online,3,129.74,389.22,0
ORD-006513,2023-05-01,South,Gadget X,Enterprise,Online,4,263.84,1055.38,5
ORD-006514,2024-02-28,East,Widget B,SMB,Partners,2,485.47,970.94,5
ORD-006515,2024-01-12,West,Widget A,SMB,Retail,3,364.32,1092.97,15
ORD-006516,2025-03-03,West,Widget B,Enterprise,Retail,2,302.03,604.06,5
ORD-006517,2023-08-12,East,Widget B,SMB,Online,4,48.52,194.09,15
ORD-006518,2024-09-19,West,Widget B,Enterprise,Partners,1,433.33,433.33,5
ORD-006519,2023-04-16,East,Widget C,SMB,Online,1,195.19,195.19,0
ORD-006520,2023-08-02,,Gadget X,SMB,Online,3,43.75,131.24,0
ORD-006521,2024-08-18,West,Gadget Y,Enterprise,Online,3,100.28,300.85,10
ORD-006522,2024-07-18,,Widget A,Enterprise,Online,3,54.9,164.69,10
ORD-006523,2024-10-31,North,Gadget Y,Enterprise,Retail,3,307.62,922.86,10
ORD-006524,2024-05-19,East,Gadget X,Enterprise,Partners,2,475.13,950.26,0
ORD-006525,2023-09-28,South,Gadget X,Enterprise,Retail,5,97.06,485.32,0
ORD-006526,2023-01-14,West,Gadget X,Enterprise,Retail,3,73.61,,0
ORD-006527,2025-04-10,East,Widget A,Enterprise,Retail,1,199.39,199.39,15
ORD-006528,2023-04-30,North,Gadget Y,Enterprise,Partners,2,250.18,500.35,0
ORD-006529,2023-05-19,South,Widget A,Consumer,Partners,5,42.63,213.15,0
ORD-006530,2023-02-27,North,Widget A,Enterprise,Retail,1,358.16,358.16,10
ORD-006531,2023-12-14,East,Widget B,Consumer,Retail,4,290.46,1161.85,0
ORD-006532,2024-10-17,West,Gadget X,SMB,Online,2,41.16,82.33,0
ORD-006533,2025-03-07,North,Widget B,Enterprise,Partners,5,417.69,2088.43,5
ORD-006534,2025-01-19,East,Widget A,Enterprise,Online,4,38.45,153.82,10
ORD-006535,2025-05-26,North,Gadget Y,Consumer,Online,3,239.72,719.17,0
ORD-006536,2024-01-03,East,Widget A,SMB,Online,5,220.14,1100.71,0
ORD-006537,2023-12-14,,Widget B,SMB,Partners,1,255.44,255.44,0
ORD-006538,2023-09-16,North,Widget A,SMB,Online,5,326.07,1630.34,0
ORD-006539,2023-02-12,South,Widget B,Enterprise,Online,2,426.87,853.74,0
ORD-006540,2023-10-07,South,Gadget X,SMB,Partners,3,494.35,1483.05,0
ORD-006541,2023-04-30,East,Widget A,SMB,Partners,1,399.46,399.46,0
ORD-006542,2023-08-14,East,Gadget X,Enterprise,Online,5,186.61,933.06,5
ORD-006543,2023-04-19,South,Gadget Y,SMB,Online,4,414.6,1658.41,0
ORD-006544,2023-12-03,South,Gadget Y,Consumer,Online,4,241.61,966.44,20
ORD-006545,2024-02-25,West,Gadget X,SMB,Retail,1,136.58,136.58,5
ORD-006546,2024-09-28,North,Widget B,Enterprise,Retail,3,181.06,543.17,0
ORD-006547,2023-05-09,West,Widget B,SMB,Retail,2,253.91,507.82,5
ORD-006548,2023-11-11,South,Widget A,Enterprise,Online,6,63.87,383.25,5
ORD-006549,2024-03-21,North,Widget B,Enterprise,Partners,1,118.92,118.92,5
ORD-006550,2023-09-14,East,Widget B,SMB,Online,2,284.42,568.84,5
ORD-006551,2024-08-27,West,Widget A,Consumer,Retail,5,310.62,1553.12,10
ORD-006552,2025-01-16,South,Widget B,SMB,Online,6,126.67,760.03,10
ORD-006553,2024-07-09,West,Widget B,Enterprise,Retail,5,283.22,1416.11,0
ORD-006554,2025-06-17,South,Widget B,Enterprise,Partners,4,73.97,295.89,5
ORD-006555,2023-12-10,North,Widget A,Consumer,Retail,4,22.13,88.54,15
ORD-006556,2023-11-18,East,Widget A,Enterprise,Partners,4,122.98,491.91,0
ORD-006557,2025-03-30,South,Widget C,Consumer,Online,3,252.32,756.96,15
ORD-006558,2025-01-31,East,Widget C,SMB,Online,3,153.45,460.35,5
ORD-006559,2024-07-16,East,Gadget X,Enterprise,Online,4,296.74,1186.98,5
ORD-006560,2023-04-24,East,Service Plan,Consumer,Online,3,463.17,1389.51,5
ORD-006561,2025-01-05,,Widget A,SMB,Online,3,367.56,1102.69,0
ORD-006562,2024-02-26,East,Widget A,Enterprise,Online,3,332.12,996.37,0
ORD-006563,2023-06-07,South,Gadget X,SMB,Online,2,136.57,273.13,10
ORD-006564,2023-02-03,South,Gadget X,Consumer,Partners,2,69.29,138.59,5
ORD-006565,2024-01-06,,Service Plan,Enterprise,Partners,2,12.52,25.03,0
ORD-006566,2024-03-06,East,Gadget X,SMB,Partners,2,494.83,989.66,10
ORD-006567,2023-05-07,West,Widget A,SMB,Online,2,204.09,408.18,0
ORD-006568,2024-10-24,North,Widget B,SMB,Retail,2,78.33,156.67,10
ORD-006569,2023-12-16,South,Gadget Y,Consumer,Online,5,114.04,570.18,0
ORD-006570,2024-05-31,West,Widget C,SMB,Online,3,284.84,854.53,10
ORD-006571,2024-11-17,North,Gadget Y,Enterprise,Partners,6,388.26,2329.56,15
ORD-006572,2024-09-17,East,Widget B,SMB,Retail,5,165.72,828.59,0
ORD-006573,2024-08-10,South,Gadget Y,Consumer,Partners,2,465.18,930.36,0
ORD-006574,2024-10-09,West,Gadget X,Enterprise,Retail,6,248.97,1493.81,0
ORD-006575,2023-07-03,South,Gadget Y,SMB,Online,3,498.41,1495.24,5
ORD-006576,2024-05-28,West,Widget A,SMB,Online,3,443.2,1329.61,10
ORD-006577,2023-05-10,,Widget A,SMB,Online,1,155.72,155.72,0
ORD-006578,2025-05-23,East,Widget A,Consumer,Online,1,73.33,73.33,5
ORD-006579,2024-02-20,East,Gadget X,Enterprise,Online,5,393.93,1969.67,0
ORD-006580,2024-07-12,South,Widget B,Enterprise,Retail,2,361.05,722.1,5
ORD-006581,2024-04-21,,Widget A,SMB,Online,3,118.67,356.0,15
ORD-006582,2024-04-04,South,Widget B,SMB,Online,2,479.27,958.54,0
ORD-006583,2025-03-25,East,Gadget X,Enterprise,Online,1,172.04,172.04,0
ORD-006584,2023-07-04,South,Gadget Y,Enterprise,Online,3,213.96,641.88,15
ORD-006585,2024-09-09,East,Widget B,SMB,Retail,4,126.32,505.27,5
ORD-006586,2024-07-19,West,Widget A,SMB,Retail,3,81.78,245.33,5
ORD-006587,2023-10-27,East,Widget C,SMB,Online,2,232.18,464.36,5
ORD-006588,2024-10-02,North,Widget B,Consumer,Online,1,376.66,376.66,15
ORD-006589,2024-03-20,North,Widget B,Enterprise,Retail,2,477.27,954.54,5
ORD-006590,2025-03-22,South,Widget B,Consumer,Retail,4,293.73,1174.92,10
ORD-006591,2023-06-13,North,Service Plan,Enterprise,Online,4,100.45,401.82,0
ORD-006592,2023-08-15,North,Widget B,SMB,Online,4,73.8,295.2,0
ORD-006593,2023-08-15,South,Widget C,Enterprise,Retail,4,211.03,844.13,5
ORD-006594,2023-06-27,East,Widget A,SMB,Retail,2,321.26,642.51,5
ORD-006595,2025-03-25,North,Gadget X,Enterprise,Online,1,291.94,291.94,0
ORD-006596,2023-03-27,East,Gadget X,SMB,Online,2,16.58,33.16,0
ORD-006597,2024-04-29,South,Widget B,Consumer,Retail,5,207.57,1037.86,0
ORD-006598,2023-02-14,East,Gadget Y,Consumer,Retail,4,51.66,206.63,5
ORD-006599,2023-12-28,East,Gadget Y,Enterprise,Online,2,434.4,868.8,0
ORD-006600,2024-08-06,North,Widget A,Consumer,Online,2,9.34,18.67,10
ORD-006601,2023-04-18,East,Widget A,Enterprise,Partners,4,422.36,1689.43,5
ORD-006602,2024-11-24,North,Widget B,SMB,Online,3,464.69,1394.08,5
ORD-006603,2023-12-23,West,Gadget Y,Enterprise,Online,6,10.7,64.18,5
ORD-006604,2025-01-16,North,Widget A,SMB,Online,6,441.59,2649.53,0
ORD-006605,2023-01-20,North,Widget C,Enterprise,Retail,1,303.91,303.91,0
ORD-006606,2024-08-21,East,Widget B,Enterprise,Partners,2,488.0,976.0,0
ORD-006607,2024-03-25,North,Widget B,SMB,Partners,1,279.85,279.85,0
ORD-006608,2024-10-14,North,Widget A,Consumer,Retail,5,91.01,455.03,5
ORD-006609,2025-02-27,South,Widget B,Enterprise,Retail,3,339.65,1018.95,5
ORD-006610,2025-05-08,East,Gadget X,SMB,Retail,2,59.82,119.65,5
ORD-006611,2023-02-09,East,Gadget X,Consumer,Online,2,479.58,959.15,10
ORD-006612,2023-11-12,East,Widget C,Consumer,Online,3,317.11,951.33,5
ORD-006613,2023-09-21,West,Gadget Y,Enterprise,Retail,2,185.45,370.91,0
ORD-006614,2024-12-25,North,Gadget X,Enterprise,Online,2,19.67,39.33,15
ORD-006615,2024-08-25,South,Widget C,Consumer,Partners,3,195.77,587.32,0
ORD-006616,2024-02-16,East,Gadget Y,Enterprise,Retail,5,111.23,556.14,20
ORD-006617,2024-07-14,East,Widget C,Consumer,Partners,1,84.41,,0
ORD-006618,2023-06-10,East,Gadget X,Consumer,Retail,3,106.56,319.68,0
ORD-006619,2025-03-29,South,Gadget Y,SMB,Retail,5,153.11,765.55,15
ORD-006620,2025-04-03,East,Widget B,Enterprise,Retail,1,358.66,358.66,0
ORD-006621,2025-05-01,East,Gadget Y,Consumer,Online,6,19.66,117.97,5
ORD-006622,2023-09-01,West,Gadget Y,Consumer,Retail,2,106.12,212.24,0
ORD-006623,2024-08-10,South,Widget A,Enterprise,Retail,1,208.43,208.43,0
ORD-006624,2025-05-22,South,Gadget X,Enterprise,Online,3,332.69,998.08,5
ORD-006625,2025-03-23,South,Gadget X,Enterprise,Partners,3,90.38,271.15,0
ORD-006626,2024-05-03,East,Gadget Y,Enterprise,Online,3,248.51,745.54,5
ORD-006627,2024-10-16,East,Widget C,SMB,Retail,3,170.8,512.41,0
ORD-006628,2024-02-19,South,Gadget X,Enterprise,Online,3,458.41,1375.24,5
ORD-006629,2023-10-22,West,Widget B,SMB,Retail,2,375.51,751.02,0
ORD-006630,2024-04-10,West,Widget B,SMB,Partners,3,391.04,1173.12,10
ORD-006631,2023-10-30,East,Widget B,Consumer,Retail,7,117.59,823.14,5
ORD-006632,2023-10-29,South,Widget A,Enterprise,Retail,2,273.49,546.98,0
ORD-006633,2025-03-31,North,Gadget X,Enterprise,Online,4,315.53,1262.1,5
ORD-006634,2023-08-03,West,Widget A,SMB,Partners,3,121.38,364.13,0
ORD-006635,2024-01-23,South,Widget B,Consumer,Online,3,310.26,930.79,10
ORD-006636,2025-03-29,North,Widget B,SMB,Online,2,326.37,652.75,5
ORD-006637,2024-03-04,North,Widget A,Consumer,Partners,5,254.55,1272.75,0
ORD-006638,2023-06-12,North,Widget C,Enterprise,Retail,3,393.04,1179.11,5
ORD-006639,2023-03-08,North,Service Plan,SMB,Online,1,116.05,116.05,0
ORD-006640,2024-12-02,West,Widget C,Enterprise,Online,2,304.22,608.44,0
ORD-006641,2025-03-05,East,Widget A,Enterprise,Online,2,238.26,476.51,0
ORD-006642,2024-03-05,West,Widget B,Enterprise,Online,1,249.37,249.37,0
ORD-006643,2025-06-16,North,Widget C,Enterprise,Online,3,304.05,912.15,5
ORD-006644,2024-11-22,West,Gadget X,Consumer,Online,1,278.43,278.43,0
ORD-006645,2024-10-27,West,Widget B,SMB,Online,1,160.85,160.85,0
ORD-006646,2024-06-14,South,Widget B,SMB,Retail,1,170.65,170.65,0
ORD-006647,2023-06-22,South,Gadget X,Enterprise,Online,2,301.52,603.04,0
ORD-006648,2024-06-10,North,Widget C,Enterprise,Retail,4,186.66,746.65,10
ORD-006649,2024-10-17,North,Widget B,Enterprise,Partners,2,496.82,993.64,5
ORD-006650,2023-11-25,East,Widget A,Enterprise,Partners,4,96.92,387.68,0
ORD-006651,2023-05-25,East,Widget A,Enterprise,Partners,2,381.61,763.22,0
ORD-006652,2024-06-27,North,Gadget X,SMB,Online,3,424.4,1273.19,0
ORD-006653,2024-12-17,West,Widget C,Enterprise,Online,3,269.57,808.7,5
ORD-006654,2025-01-11,East,Widget A,Consumer,Retail,5,408.35,2041.77,15
ORD-006655,2023-02-02,West,Gadget X,Consumer,Partners,2,135.16,270.32,15
ORD-006656,2023-11-29,North,Widget A,Enterprise,Online,2,387.28,774.55,0
ORD-006657,2024-11-06,North,Gadget X,Consumer,Online,3,399.91,1199.73,0
ORD-006658,2024-11-10,East,Service Plan,SMB,Partners,3,178.73,536.18,0
ORD-006659,2024-10-29,East,Widget C,Consumer,Partners,5,442.74,2213.69,5
ORD-006660,2025-03-04,West,Widget A,Enterprise,Retail,2,235.54,471.07,15
ORD-006661,2023-01-20,East,Widget B,Consumer,Online,1,212.36,212.36,0
ORD-006662,2023-03-05,South,Widget C,Enterprise,Retail,4,490.28,1961.1,5
ORD-006663,2023-03-21,West,Gadget X,Enterprise,Retail,3,449.81,1349.44,0
ORD-006664,2023-07-08,West,Widget B,Consumer,Retail,2,432.32,864.64,0
ORD-006665,2024-07-19,South,Widget A,SMB,Retail,3,231.59,694.76,10
ORD-006666,2023-07-13,West,Widget B,Enterprise,Partners,1,156.5,156.5,0
ORD-006667,2024-01-05,East,Widget C,Consumer,Online,3,289.81,869.43,5
ORD-006668,2025-06-14,West,Widget B,Enterprise,Partners,2,93.21,186.43,15
ORD-006669,2024-05-27,South,Gadget X,SMB,Partners,2,114.9,229.8,5
ORD-006670,2024-02-18,East,Widget B,Consumer,Online,6,10.6,63.57,5
ORD-006671,2024-02-02,North,Widget A,Enterprise,Partners,2,326.32,652.64,10
ORD-006672,2024-01-29,South,Widget B,Consumer,Retail,1,88.57,88.57,0
ORD-006673,2023-03-23,West,Widget B,Enterprise,Retail,3,381.57,1144.72,5
ORD-006674,2024-04-19,East,Widget C,Enterprise,Online,3,130.95,392.84,0
ORD-006675,2024-01-13,West,Service Plan,SMB,Partners,4,459.33,1837.33,0
ORD-006676,2023-02-03,East,Widget B,Consumer,Online,4,388.87,1555.5,15
ORD-006677,2025-04-11,South,Widget B,Enterprise,Partners,2,310.93,621.86,5
ORD-006678,2025-01-13,South,Service Plan,Consumer,Online,4,140.99,563.97,10
ORD-006679,2024-07-28,East,Widget A,Enterprise,Retail,2,85.41,170.82,0
ORD-006680,2024-01-18,South,Service Plan,Consumer,Online,2,56.16,112.33,15
ORD-006681,2023-07-23,North,Widget A,SMB,Online,4,332.73,1330.93,0
ORD-006682,2023-08-27,West,Widget C,Consumer,Retail,2,304.44,608.87,5
ORD-006683,2025-02-11,South,Widget B,Consumer,Retail,4,79.38,317.51,10
ORD-006684,2023-12-06,South,Gadget X,Enterprise,Retail,4,339.66,1358.65,0
ORD-006685,2023-04-20,West,Widget A,Consumer,Retail,2,423.36,846.72,0
ORD-006686,2023-02-02,West,Widget C,SMB,Retail,3,464.86,1394.58,15
ORD-006687,2024-07-03,North,Service Plan,Enterprise,Partners,4,452.53,1810.14,10
ORD-006688,2023-12-08,West,Widget C,Enterprise,Retail,3,499.33,1498.0,15
ORD-006689,2023-03-21,West,Widget B,Enterprise,Online,3,34.6,103.81,5
ORD-006690,2024-08-13,South,Widget C,Enterprise,Retail,2,458.9,917.81,0
ORD-006691,2024-09-14,North,Widget B,Enterprise,Retail,5,314.38,1571.89,5
ORD-006692,2024-09-12,North,Widget A,SMB,Retail,2,99.34,198.69,5
ORD-006693,2024-08-29,North,Widget B,SMB,Retail,3,22.47,67.41,0
ORD-006694,2023-10-06,West,Widget B,Consumer,Online,3,171.42,514.25,10
ORD-006695,2023-04-04,South,Widget B,Consumer,Retail,2,62.57,125.13,0
ORD-006696,2023-06-18,South,Widget A,Consumer,Online,2,499.92,999.83,0
ORD-006697,2024-02-28,North,Service Plan,SMB,Retail,2,334.7,669.41,10
ORD-006698,2023-03-08,South,Gadget Y,SMB,Retail,3,472.87,1418.62,5
ORD-006699,2023-10-31,South,Gadget X,Enterprise,Retail,1,169.35,169.35,5
ORD-006700,2025-04-29,South,Widget A,Enterprise,Online,1,111.9,111.9,0
ORD-006701,2023-07-15,West,Gadget X,SMB,Partners,6,127.24,763.44,5
ORD-006702,2024-04-10,North,Widget C,Consumer,Partners,2,274.33,548.66,0
ORD-006703,2024-03-19,East,Service Plan,Consumer,Partners,2,157.79,315.58,0
ORD-006704,2024-12-14,South,Widget B,SMB,Retail,3,86.06,258.19,0
ORD-006705,2025-01-10,South,Gadget X,SMB,Online,5,244.86,1224.29,0
ORD-006706,2024-10-17,West,Service Plan,Enterprise,Online,3,239.99,719.96,0
ORD-006707,2025-04-09,East,Widget B,SMB,Retail,2,410.54,821.09,0
ORD-006708,2023-02-01,West,Widget C,Enterprise,Online,1,293.07,293.07,0
ORD-006709,2023-04-29,East,Gadget X,Enterprise,Retail,3,59.62,178.87,10
ORD-006710,2023-03-21,North,Gadget X,Consumer,Retail,4,256.68,1026.72,10
ORD-006711,2024-11-18,West,Widget A,Enterprise,Retail,5,446.22,2231.1,0
ORD-006712,2023-10-13,North,Widget A,Enterprise,Online,3,307.96,923.89,0
ORD-006713,2024-06-12,South,Widget A,Enterprise,Online,1,86.29,86.29,0
ORD-006714,2024-11-17,North,Widget A,SMB,Online,2,396.2,792.4,0
ORD-006715,2023-01-11,East,Gadget X,SMB,Partners,4,139.08,556.33,0
ORD-006716,2023-11-05,South,Widget A,SMB,Retail,2,162.25,324.5,0
ORD-006717,2024-08-10,East,Gadget Y,SMB,Online,2,120.56,241.12,5
ORD-006718,2023-09-28,East,Widget A,SMB,Retail,1,411.1,411.1,0
ORD-006719,2024-12-06,East,Widget A,SMB,Retail,1,380.42,380.42,0
ORD-006720,2023-05-15,North,Gadget X,Enterprise,Retail,2,299.87,599.74,10
ORD-006721,2024-09-27,East,Widget B,Consumer,Online,4,90.47,361.9,0
ORD-006722,2023-09-06,West,Widget C,SMB,Online,4,255.71,1022.83,0
ORD-006723,2023-02-20,South,Service Plan,Enterprise,Online,5,397.32,1986.59,10
ORD-006724,2023-09-17,East,Widget A,Enterprise,Online,3,490.91,1472.72,0
ORD-006725,2025-04-18,South,Service Plan,SMB,Online,5,439.95,2199.75,5
ORD-006726,2024-05-22,South,Service Plan,Enterprise,Retail,2,257.82,515.64,10
ORD-006727,2023-06-02,South,Widget A,Enterprise,Retail,2,360.86,721.71,0
ORD-006728,2023-02-11,South,Service Plan,Enterprise,Retail,4,96.67,386.68,0
ORD-006729,2024-05-16,West,Gadget X,Enterprise,Retail,4,391.6,1566.41,0
ORD-006730,2023-04-23,East,Widget C,Enterprise,Partners,2,267.12,534.24,5
ORD-006731,2024-06-02,North,Gadget X,Enterprise,Online,2,497.92,995.85,0
ORD-006732,2024-04-27,East,Widget A,SMB,Online,3,279.8,839.41,0
ORD-006733,2023-01-18,North,Widget B,Enterprise,Online,2,479.42,958.84,0
ORD-006734,2023-08-06,North,Gadget Y,Consumer,Partners,5,292.44,1462.2,0
ORD-006735,2024-12-23,West,Widget A,SMB,Online,3,137.92,413.77,0
ORD-006736,2023-02-20,East,Widget A,Enterprise,Online,2,285.47,570.94,0
ORD-006737,2023-12-09,South,Widget A,Consumer,Partners,3,356.24,1068.72,5
ORD-006738,2023-04-01,West,Widget B,Consumer,Online,1,18.73,18.73,5
ORD-006739,2024-04-20,South,Widget C,Enterprise,Online,2,421.2,842.4,0
ORD-006740,2025-01-12,West,Gadget X,Consumer,Retail,3,350.65,1051.96,0
ORD-006741,2024-11-10,East,Gadget X,SMB,Retail,4,145.18,580.72,5
ORD-006742,2024-07-08,East,Service Plan,SMB,Online,3,191.51,574.53,0
ORD-006743,2025-02-08,South,Widget B,Consumer,Online,2,406.44,812.89,5
ORD-006744,2023-12-11,West,Widget B,Enterprise,Partners,4,294.95,1179.79,0
ORD-006745,2023-08-17,West,Gadget X,SMB,Partners,3,27.1,81.3,0
ORD-006746,2023-08-22,North,Widget B,SMB,Retail,3,133.06,399.19,0
ORD-006747,2023-01-17,North,Widget B,Consumer,Retail,5,340.74,1703.68,0
ORD-006748,2023-07-20,South,Widget C,SMB,Online,4,383.52,1534.08,0
ORD-006749,2023-11-19,West,Gadget X,Consumer,Retail,1,11.43,11.43,10
ORD-006750,2023-01-21,North,Gadget X,Consumer,Retail,3,283.48,850.43,5
ORD-006751,2023-06-02,West,Widget B,Enterprise,Online,4,197.49,789.97,0
ORD-006752,2024-10-09,East,Gadget X,Enterprise,Online,1,36.45,36.45,0
ORD-006753,2024-01-14,South,Gadget X,Enterprise,Partners,2,467.92,935.84,0
ORD-006754,2023-06-24,West,Gadget X,Enterprise,Retail,4,113.15,452.6,5
ORD-006755,2024-06-18,East,Widget C,SMB,Retail,4,83.94,335.75,5
ORD-006756,2024-01-07,North,Widget C,Enterprise,Online,1,24.26,24.26,0
ORD-006757,2023-01-16,East,Widget C,Consumer,Partners,3,426.56,1279.69,0
ORD-006758,2024-10-06,West,Gadget Y,Enterprise,Online,2,140.82,281.65,15
ORD-006759,2023-03-21,East,Widget A,Enterprise,Retail,2,220.4,440.79,0
ORD-006760,2023-10-18,South,Service Plan,Enterprise,Online,3,108.68,326.05,0
ORD-006761,2024-06-18,West,Gadget Y,Enterprise,Online,3,242.04,726.13,0
ORD-006762,2023-05-19,South,Widget C,Consumer,Online,1,402.24,402.24,0
ORD-006763,2023-02-27,South,Widget A,Consumer,Online,3,346.75,1040.25,5
ORD-006764,2025-02-23,North,Widget A,Enterprise,Partners,2,462.03,924.07,10
ORD-006765,2024-05-01,West,Widget B,SMB,Retail,4,316.4,1265.61,0
ORD-006766,2025-06-05,North,Widget A,SMB,Retail,5,308.26,1541.3,5
ORD-006767,2023-02-18,South,Widget C,SMB,Online,2,15.27,30.54,0
ORD-006768,2024-03-05,North,Gadget X,Enterprise,Partners,4,427.99,1711.94,0
ORD-006769,2024-03-19,West,Widget B,SMB,Online,2,206.1,412.2,0
ORD-006770,2023-08-05,East,Gadget X,Consumer,Online,1,498.29,498.29,10
ORD-006771,2023-03-20,South,Gadget X,Consumer,Partners,5,399.03,1995.16,0
ORD-006772,2024-06-15,West,Widget C,Consumer,Online,2,465.49,930.98,10
ORD-006773,2023-12-19,South,Gadget Y,SMB,Retail,2,85.34,170.68,0
ORD-006774,2025-06-17,East,Gadget Y,Consumer,Online,4,431.29,1725.17,10
ORD-006775,2025-05-06,South,Widget B,SMB,Online,2,48.62,97.24,0
ORD-006776,2024-05-13,South,Widget B,Consumer,Online,3,33.68,101.03,5
ORD-006777,2024-06-01,West,Widget A,Enterprise,Online,2,32.36,64.72,10
ORD-006778,2023-12-11,North,Widget A,Enterprise,Partners,3,15.83,47.5,5
ORD-006779,2023-07-19,North,Widget A,Consumer,Retail,3,232.35,697.04,0
ORD-006780,2025-01-18,North,Widget B,SMB,Online,4,344.64,1378.57,10
ORD-006781,2023-05-19,South,Gadget Y,Enterprise,Retail,8,439.5,3516.02,5
ORD-006782,2025-02-14,North,Widget B,Enterprise,Retail,2,61.37,122.73,10
ORD-006783,2023-09-30,West,Gadget X,SMB,Online,4,282.78,1131.13,0
ORD-006784,2023-07-25,South,Widget C,Consumer,Online,1,155.66,155.66,15
ORD-006785,2024-03-18,North,Service Plan,SMB,Partners,1,215.02,215.02,0
ORD-006786,2023-10-21,West,Widget B,Enterprise,Partners,3,493.19,1479.57,0
ORD-006787,2024-10-25,North,Widget C,SMB,Online,3,232.26,696.77,0
ORD-006788,2025-06-03,East,Widget B,Enterprise,Partners,1,344.02,344.02,0
ORD-006789,2023-07-08,South,Service Plan,Enterprise,Online,3,438.05,1314.15,0
ORD-006790,2025-01-13,East,Gadget X,Enterprise,Retail,4,295.1,1180.42,5
ORD-006791,2025-01-18,West,Widget B,Enterprise,Online,3,265.89,797.66,0
ORD-006792,2024-07-28,North,Widget B,SMB,Online,2,170.93,341.86,0
ORD-006793,2023-02-17,South,Gadget X,SMB,Retail,3,392.51,1177.52,5
ORD-006794,2024-04-12,North,Widget B,SMB,Online,2,203.06,406.12,0
ORD-006795,2024-10-27,West,Service Plan,Enterprise,Online,3,462.57,1387.7,0
ORD-006796,2024-08-13,South,Gadget X,Enterprise,Retail,3,56.48,169.44,15
ORD-006797,2023-01-30,East,Widget B,Enterprise,Retail,3,168.34,505.01,5
ORD-006798,2024-10-12,South,Gadget X,Consumer,Online,6,158.77,952.63,5
ORD-006799,2024-11-09,East,Widget B,Consumer,Online,4,378.78,1515.11,0
ORD-006800,2023-02-02,South,Gadget X,Consumer,Retail,2,432.71,865.43,5
ORD-006801,2023-07-18,South,Widget C,SMB,Partners,1,131.96,131.96,10
ORD-006802,2024-05-08,North,Widget B,Enterprise,Online,2,74.07,148.15,5
ORD-006803,2024-01-16,East,Widget A,Enterprise,Retail,2,50.11,100.21,5
ORD-006804,2023-09-10,South,Service Plan,Consumer,Online,5,455.87,2279.33,0
ORD-006805,2023-05-11,,Widget B,SMB,Retail,3,117.33,351.98,0
ORD-006806,2023-04-17,South,Widget C,Enterprise,Retail,2,39.12,78.24,0
ORD-006807,2024-01-08,East,Widget A,Consumer,Partners,2,273.59,547.19,0
ORD-006808,2023-09-11,East,Gadget X,SMB,Online,5,496.26,2481.28,10
ORD-006809,2025-04-27,East,Widget A,Consumer,Online,3,48.75,146.24,5
ORD-006810,2025-03-23,East,Gadget X,Enterprise,Retail,4,269.62,1078.47,0
ORD-006811,2023-07-17,East,Widget C,SMB,Online,2,265.52,531.05,0
ORD-006812,2025-05-21,West,Widget C,SMB,Online,4,46.06,184.24,20
ORD-006813,2023-07-31,South,Service Plan,Enterprise,Retail,3,20.68,62.03,5
ORD-006814,2025-05-11,South,Widget A,Consumer,Retail,3,128.37,385.12,0
ORD-006815,2025-05-25,West,Widget C,Enterprise,Online,5,141.73,708.63,0
ORD-006816,2024-07-13,South,Service Plan,Consumer,Online,2,260.9,521.8,15
ORD-006817,2023-03-09,North,Widget B,Enterprise,Retail,1,458.52,458.52,0
ORD-006818,2025-01-19,East,Gadget Y,SMB,Online,7,155.67,1089.66,10
ORD-006819,2024-02-29,East,Widget A,Enterprise,Partners,1,429.6,429.6,0
ORD-006820,2024-07-28,West,Service Plan,Consumer,Online,4,24.95,99.79,0
ORD-006821,2024-02-23,North,Gadget X,Enterprise,Online,6,124.41,746.46,15
ORD-006822,2024-05-17,East,Widget A,Consumer,Partners,4,64.29,257.16,0
ORD-006823,2024-08-09,North,Gadget Y,SMB,Online,2,152.89,305.78,0
ORD-006824,2023-08-17,South,Widget B,Enterprise,Partners,2,196.2,392.41,20
ORD-006825,2024-03-04,East,Widget B,Enterprise,Retail,3,89.16,267.49,0
ORD-006826,2023-04-11,East,Widget B,Consumer,Retail,3,411.38,1234.13,0
ORD-006827,2023-04-29,East,Widget B,SMB,Retail,2,350.95,,0
ORD-006828,2024-04-09,South,Widget A,SMB,Online,1,142.19,142.19,0
ORD-006829,2023-12-20,South,Service Plan,SMB,Online,2,399.96,799.91,0
ORD-006830,2023-06-02,West,Widget A,SMB,Online,4,127.87,511.47,5
ORD-006831,2025-05-05,South,Gadget X,Consumer,Online,2,51.02,102.03,5
ORD-006832,2024-12-05,South,Widget B,Enterprise,Retail,2,393.0,786.01,0
ORD-006833,2025-02-02,West,Gadget Y,Enterprise,Partners,2,89.03,178.06,0
ORD-006834,2025-05-30,East,Gadget X,SMB,Online,3,109.18,327.53,5
ORD-006835,2023-12-22,East,Widget B,SMB,Online,4,404.17,1616.68,0
ORD-006836,2024-03-15,South,Widget A,SMB,Online,4,344.61,1378.43,0
ORD-006837,2024-04-24,West,Gadget Y,Consumer,Online,5,398.29,1991.45,5
ORD-006838,2023-12-06,South,Gadget X,SMB,Online,5,102.25,511.27,5
ORD-006839,2024-03-13,North,Widget A,Enterprise,Partners,4,400.92,1603.67,0
ORD-006840,2023-10-02,South,Widget A,Consumer,Online,4,202.19,808.76,5
ORD-006841,2024-11-30,West,Gadget X,SMB,Online,3,294.01,882.04,0
ORD-006842,2023-10-15,East,Widget C,SMB,Partners,4,82.37,329.46,0
ORD-006843,2025-04-03,South,Gadget Y,Enterprise,Retail,3,241.6,724.79,0
ORD-006844,2025-03-21,West,Service Plan,Consumer,Partners,1,198.09,198.09,5
ORD-006845,2024-07-24,West,Widget A,SMB,Partners,1,222.53,222.53,0
ORD-006846,2024-03-01,South,Service Plan,Enterprise,Online,1,235.57,235.57,15
ORD-006847,2024-10-11,West,Widget A,Enterprise,Retail,3,158.21,474.63,5
ORD-006848,2024-09-11,West,Widget C,SMB,Retail,2,202.44,404.88,0
ORD-006849,2024-07-16,South,Widget A,Consumer,Retail,3,433.06,1299.18,5
ORD-006850,2023-08-10,West,Widget B,SMB,Online,5,435.44,2177.2,0
ORD-006851,2024-08-09,,Gadget X,Enterprise,Online,5,498.23,2491.13,0
ORD-006852,2024-09-09,,Widget B,Enterprise,Online,2,482.22,964.44,5
ORD-006853,2025-01-11,North,Widget B,Enterprise,Online,5,335.56,1677.79,5
ORD-006854,2025-03-27,South,Widget A,Enterprise,Online,3,355.88,1067.63,10
ORD-006855,2024-04-15,South,Widget A,Enterprise,Online,4,186.43,745.71,0
ORD-006856,2024-01-04,West,Widget C,Enterprise,Partners,3,221.54,664.61,0
ORD-006857,2023-02-23,North,Gadget X,Enterprise,Online,5,36.78,183.91,0
ORD-006858,2024-12-25,South,Service Plan,SMB,Retail,4,211.48,845.9,5
ORD-006859,2024-07-11,South,Service Plan,SMB,Online,4,331.5,1325.99,0
ORD-006860,2024-08-26,North,Gadget Y,SMB,Online,4,458.99,1835.97,0
ORD-006861,2023-02-28,South,Service Plan,Consumer,Partners,4,319.78,1279.11,0
ORD-006862,2023-08-02,East,Gadget X,Enterprise,Retail,4,321.6,1286.4,0
ORD-006863,2024-04-11,South,Widget A,Enterprise,Online,3,431.43,1294.29,5
ORD-006864,2023-06-03,West,Widget C,Consumer,Online,4,235.88,943.53,0
ORD-006865,2025-05-14,,Gadget X,SMB,Online,4,367.73,1470.93,0
ORD-006866,2023-08-08,East,Widget A,SMB,Partners,3,337.05,,0
ORD-006867,2023-10-26,East,Widget B,Enterprise,Retail,3,138.05,414.14,0
ORD-006868,2024-10-13,,Gadget Y,Enterprise,Retail,3,114.32,342.97,5
ORD-006869,2024-02-27,North,Widget C,Enterprise,Retail,3,27.89,83.66,0
ORD-006870,2023-03-09,South,Gadget Y,Enterprise,Partners,2,316.65,633.29,10
ORD-006871,2023-04-22,South,Widget B,SMB,Online,1,351.4,351.4,10
ORD-006872,2024-03-01,South,Widget C,SMB,Retail,1,207.27,207.27,0
ORD-006873,2025-02-18,East,Widget B,Consumer,Online,2,12.43,24.85,10
ORD-006874,2023-07-29,East,Widget B,Enterprise,Partners,3,382.86,1148.59,10
ORD-006875,2024-04-02,West,Widget B,SMB,Partners,3,130.56,391.69,10
ORD-006876,2023-06-15,North,Widget C,Enterprise,Online,4,75.97,303.89,0
ORD-006877,2023-04-08,West,Widget C,Consumer,Online,2,136.68,273.36,0
ORD-006878,2023-02-08,East,Widget C,Consumer,Retail,3,388.52,1165.57,0
ORD-006879,2025-06-12,West,Gadget X,Consumer,Partners,4,460.42,1841.7,5
ORD-006880,2023-06-20,East,Widget B,SMB,Retail,5,77.72,388.59,5
ORD-006881,2023-03-11,North,Widget B,Consumer,Online,4,14.8,59.19,5
ORD-006882,2024-06-26,West,Widget B,Consumer,Retail,3,366.96,1100.88,5
ORD-006883,2023-02-12,East,Widget B,SMB,Retail,3,410.96,1232.87,0
ORD-006884,2024-04-05,South,Gadget X,SMB,Online,3,285.64,856.91,0
ORD-006885,2025-05-20,South,Widget A,SMB,Online,2,454.41,908.82,0
ORD-006886,2024-09-22,West,Service Plan,SMB,Partners,3,222.11,666.33,10
ORD-006887,2023-09-07,South,Service Plan,SMB,Online,3,70.53,211.59,0
ORD-006888,2023-04-15,West,Service Plan,Consumer,Partners,2,220.21,440.41,5
ORD-006889,2024-11-16,South,Gadget X,Enterprise,Retail,3,280.76,842.28,0
ORD-006890,2024-11-30,West,Widget B,Consumer,Online,4,403.39,1613.56,5
ORD-006891,2023-10-24,South,Service Plan,Consumer,Retail,7,496.1,3472.69,5
ORD-006892,2023-12-07,West,Widget B,Enterprise,Online,2,328.1,,0
ORD-006893,2025-05-26,West,Widget A,Enterprise,Partners,1,411.19,411.19,10
ORD-006894,2024-03-31,South,Widget C,Enterprise,Retail,6,274.33,1646.0,0
ORD-006895,2024-02-14,South,Gadget X,Enterprise,Retail,2,5.49,10.99,0
ORD-006896,2024-01-16,West,Widget A,Consumer,Partners,3,40.28,120.85,5
ORD-006897,2025-05-25,South,Widget A,Consumer,Retail,4,64.45,257.79,0
ORD-006898,2023-05-27,East,Widget A,Consumer,Partners,2,461.37,922.74,5
ORD-006899,2023-07-27,East,Widget B,Enterprise,Retail,2,11.96,23.92,0
ORD-006900,2023-02-08,North,Widget B,Enterprise,Online,4,250.36,1001.45,5
ORD-006901,2023-01-05,South,Widget A,Consumer,Online,2,214.56,429.11,0
ORD-006902,2024-09-25,South,Gadget X,Consumer,Partners,1,400.72,400.72,0
ORD-006903,2024-09-22,North,Gadget X,SMB,Online,2,351.93,,10
ORD-006904,2025-01-01,South,Widget C,SMB,Online,2,21.33,42.67,0
ORD-006905,2024-11-01,South,Gadget X,SMB,Online,4,227.43,909.73,0
ORD-006906,2025-01-22,South,Widget B,SMB,Retail,4,360.89,1443.56,15
ORD-006907,2023-04-25,South,Gadget Y,Consumer,Partners,1,227.66,227.66,5
ORD-006908,2023-06-22,North,Widget C,SMB,Online,2,133.49,266.99,5
ORD-006909,2024-02-10,South,Widget A,SMB,Online,3,205.77,617.31,10
ORD-006910,2025-02-03,,Widget A,SMB,Online,5,201.52,1007.58,0
ORD-006911,2023-03-22,West,Widget B,Enterprise,Online,1,296.42,296.42,0
ORD-006912,2023-03-02,East,Widget B,Consumer,Online,4,336.52,1346.09,0
ORD-006913,2024-01-02,South,Widget B,SMB,Retail,4,161.2,644.79,0
ORD-006914,2025-02-16,North,Widget B,Enterprise,Online,2,22.44,44.88,0
ORD-006915,2023-01-30,West,Gadget X,SMB,Partners,4,362.05,1448.21,0
ORD-006916,2023-11-03,South,Service Plan,SMB,Online,5,40.41,202.03,5
ORD-006917,2024-02-06,West,Widget C,Consumer,Retail,3,335.19,1005.58,5
ORD-006918,2023-07-22,East,Widget A,SMB,Retail,1,477.27,477.27,0
ORD-006919,2023-10-10,West,Gadget Y,Enterprise,Online,3,210.63,631.9,15
ORD-006920,2025-02-15,East,Widget B,SMB,Online,2,482.14,964.28,10
ORD-006921,2023-05-13,West,Service Plan,Enterprise,Online,2,468.19,936.38,10
ORD-006922,2024-08-02,East,Widget A,Enterprise,Partners,3,450.44,1351.33,15
ORD-006923,2025-03-02,East,Widget B,Enterprise,Retail,2,380.8,761.6,0
ORD-006924,2023-01-26,South,Widget A,Enterprise,Online,2,329.78,659.56,10
ORD-006925,2023-09-25,East,Widget B,Enterprise,Retail,4,290.71,1162.84,0
ORD-006926,2023-04-16,South,Widget C,Consumer,Partners,2,304.96,609.91,0
ORD-006927,2024-01-20,South,Widget A,Consumer,Partners,2,480.35,960.7,0
ORD-006928,2023-12-30,North,Widget B,Enterprise,Retail,5,89.86,449.31,0
ORD-006929,2023-10-05,North,Widget B,Enterprise,Online,4,229.79,919.15,10
ORD-006930,2024-03-15,South,Widget C,Consumer,Online,6,263.4,1580.38,5
ORD-006931,2024-09-22,South,Gadget X,Enterprise,Retail,2,432.49,864.98,5
ORD-006932,2024-11-11,South,Widget A,Consumer,Retail,3,16.26,48.77,0
ORD-006933,2023-12-05,South,Widget B,Consumer,Partners,1,475.91,475.91,5
ORD-006934,2024-07-30,West,Widget A,Enterprise,Retail,4,236.94,947.77,5
ORD-006935,2023-03-15,North,Gadget Y,Enterprise,Online,3,128.82,386.46,0
ORD-006936,2023-07-12,South,Widget A,Enterprise,Retail,1,283.92,283.92,5
ORD-006937,2024-09-10,North,Widget B,Consumer,Online,4,191.25,764.99,5
ORD-006938,2023-07-08,South,Gadget Y,Enterprise,Online,2,385.58,771.16,0
ORD-006939,2023-08-21,West,Widget B,Enterprise,Online,2,169.91,339.82,5
ORD-006940,2024-01-11,West,Widget C,SMB,Online,2,404.08,808.17,5
ORD-006941,2025-03-23,South,Widget A,Consumer,Retail,4,106.64,426.57,0
ORD-006942,2025-02-06,North,Gadget X,SMB,Online,5,208.8,1044.0,0
ORD-006943,2023-07-06,East,Widget B,Consumer,Online,5,432.51,2162.53,0
ORD-006944,2023-09-01,West,Widget A,SMB,Partners,2,311.36,622.71,0
ORD-006945,2025-04-23,South,Widget A,Consumer,Online,4,300.93,1203.73,0
ORD-006946,2023-04-12,East,Gadget X,Enterprise,Online,2,243.75,487.5,0
ORD-006947,2024-10-08,East,Gadget X,SMB,Online,4,411.43,1645.71,0
ORD-006948,2023-04-03,East,Widget A,SMB,Online,5,251.65,1258.25,0
ORD-006949,2023-02-14,West,Widget B,SMB,Online,1,413.25,413.25,5
ORD-006950,2025-02-19,North,Widget B,SMB,Online,5,307.76,1538.8,5
ORD-006951,2023-09-13,West,Service Plan,Enterprise,Online,1,468.53,468.53,0
ORD-006952,2023-08-17,East,Widget C,Enterprise,Online,2,270.44,540.88,0
ORD-006953,2024-03-20,East,Widget B,Enterprise,Online,2,57.65,115.29,0
ORD-006954,2024-07-07,South,Service Plan,Consumer,Retail,1,385.71,385.71,5
ORD-006955,2024-12-18,North,Widget C,Consumer,Online,2,396.61,793.22,15
ORD-006956,2024-05-04,,Widget A,SMB,Online,3,477.55,1432.64,5
ORD-006957,2024-08-06,West,Widget B,Enterprise,Retail,3,406.13,1218.39,0
ORD-006958,2024-05-13,West,Widget A,SMB,Online,4,200.62,802.46,0
ORD-006959,2024-03-30,North,Service Plan,Enterprise,Online,7,224.98,1574.86,0
ORD-006960,2024-01-23,South,Widget A,Consumer,Online,2,454.45,908.89,5
ORD-006961,2025-03-04,North,Gadget X,SMB,Online,6,296.14,1776.85,10
ORD-006962,2023-06-04,East,Widget B,Consumer,Retail,5,286.47,1432.37,0
ORD-006963,2023-05-06,South,Widget A,Enterprise,Online,4,115.04,460.16,0
ORD-006964,2025-05-10,North,Widget B,Enterprise,Online,5,43.58,217.91,5
ORD-006965,2024-07-04,East,Widget B,SMB,Online,3,55.44,166.31,5
ORD-006966,2025-04-09,East,Widget C,SMB,Online,2,472.9,945.79,15
ORD-006967,2023-06-28,West,Widget C,Consumer,Online,4,162.18,648.72,5
ORD-006968,2024-01-30,East,Widget A,Consumer,Retail,6,278.29,1669.77,0
ORD-006969,2023-11-22,North,Widget B,SMB,Retail,2,278.55,557.1,5
ORD-006970,2023-04-08,East,Widget C,Consumer,Online,2,388.97,777.93,0
ORD-006971,2023-03-09,South,Widget B,SMB,Online,3,429.28,1287.83,0
ORD-006972,2023-12-22,East,Widget A,Consumer,Online,6,216.48,1298.9,5
ORD-006973,2024-09-17,East,Widget A,Enterprise,Partners,5,394.53,1972.63,0
ORD-006974,2024-07-12,West,Gadget Y,SMB,Online,2,13.88,27.77,0
ORD-006975,2025-04-08,South,Gadget Y,Enterprise,Online,2,84.11,168.22,5
ORD-006976,2023-12-19,West,Widget A,Enterprise,Retail,2,491.7,983.39,0
ORD-006977,2023-11-12,East,Widget A,Enterprise,Online,3,244.65,733.94,5
ORD-006978,2023-09-26,East,Gadget Y,SMB,Partners,4,141.08,564.3,0
ORD-006979,2023-08-06,East,Widget B,Enterprise,Partners,3,473.43,1420.3,0
ORD-006980,2024-02-27,South,Widget C,SMB,Online,6,137.33,823.96,5
ORD-006981,2024-05-23,South,Widget C,Enterprise,Online,3,374.8,1124.41,0
ORD-006982,2024-09-28,East,Widget B,SMB,Retail,3,386.2,1158.61,5
ORD-006983,2023-02-17,North,Gadget Y,SMB,Retail,2,164.82,329.64,0
ORD-006984,2023-01-07,East,Widget C,SMB,Retail,5,87.92,439.61,0
ORD-006985,2024-04-06,North,Gadget Y,Enterprise,Online,2,51.8,103.6,5
ORD-006986,2023-08-14,South,Gadget X,Enterprise,Online,5,329.23,1646.14,5
ORD-006987,2023-08-03,North,Widget A,SMB,Online,5,244.03,1220.14,20
ORD-006988,2025-06-05,West,Widget A,Enterprise,Retail,5,452.16,2260.78,0
ORD-006989,2023-01-04,North,Widget C,Consumer,Online,1,164.13,164.13,0
ORD-006990,2024-08-02,East,Gadget Y,Enterprise,Online,1,471.11,471.11,10
ORD-006991,2023-07-04,North,Widget A,SMB,Retail,3,29.44,88.32,5
ORD-006992,2023-05-25,South,Service Plan,Enterprise,Online,4,234.85,939.39,0
ORD-006993,2025-01-24,South,Gadget Y,SMB,Online,2,484.08,968.16,0
ORD-006994,2024-08-27,South,Widget B,Consumer,Partners,5,26.29,131.46,0
ORD-006995,2024-05-27,South,Widget C,Consumer,Online,6,44.75,268.48,0
ORD-006996,2023-07-19,East,Widget A,SMB,Online,2,304.61,609.22,0
ORD-006997,2024-02-01,West,Widget A,Consumer,Retail,4,146.06,584.23,5
ORD-006998,2023-05-18,East,Gadget X,SMB,Online,1,285.45,285.45,10
ORD-006999,2025-05-07,North,Widget B,Enterprise,Partners,4,497.54,1990.15,10
ORD-007000,2023-02-20,North,Widget B,Consumer,Online,2,364.68,729.36,5
ORD-007001,2024-04-29,North,Gadget Y,SMB,Online,6,429.81,2578.84,0
ORD-007002,2023-03-16,South,Widget A,Consumer,Online,1,259.52,259.52,0
ORD-007003,2023-04-22,South,Widget A,Consumer,Retail,4,131.13,524.53,0
ORD-007004,2023-07-10,South,Gadget X,SMB,Online,2,323.01,646.02,0
ORD-007005,2024-11-26,East,Widget B,Enterprise,Online,2,137.41,274.82,0
ORD-007006,2023-05-23,,Widget B,Enterprise,Retail,3,467.26,1401.77,0
ORD-007007,2025-06-11,South,Gadget Y,Enterprise,Retail,2,479.23,958.46,10
ORD-007008,2023-04-19,East,Gadget X,Enterprise,Online,3,477.76,1433.29,0
ORD-007009,2024-10-26,South,Widget B,Enterprise,Online,5,351.14,1755.68,5
ORD-007010,2024-08-28,West,Widget A,Enterprise,Partners,2,90.97,181.94,5
ORD-007011,2024-01-19,West,Gadget X,SMB,Retail,3,472.99,1418.97,5
ORD-007012,2024-01-08,South,Gadget X,Enterprise,Online,3,53.86,161.59,0
ORD-007013,2023-06-23,North,Gadget Y,Enterprise,Partners,4,208.29,833.16,5
ORD-007014,2023-02-19,North,Widget B,SMB,Retail,1,176.63,176.63,0
ORD-007015,2023-11-16,North,Gadget Y,Consumer,Retail,2,138.17,276.34,5
ORD-007016,2024-06-04,East,Gadget X,SMB,Online,3,26.95,80.84,0
ORD-007017,2023-08-20,South,Gadget X,SMB,Online,3,187.48,562.43,0
ORD-007018,2025-03-14,South,Widget A,Enterprise,Online,3,64.47,,10
ORD-007019,2024-01-28,South,Service Plan,SMB,Partners,3,29.27,87.8,0
ORD-007020,2025-04-12,South,Widget C,SMB,Online,1,442.91,442.91,5
ORD-007021,2024-10-02,South,Service Plan,SMB,Online,2,302.42,604.85,5
ORD-007022,2024-11-19,South,Gadget X,Enterprise,Online,4,238.4,953.59,0
ORD-007023,2025-05-16,East,Widget B,SMB,Online,3,199.46,598.37,10
ORD-007024,2023-10-05,East,Widget B,SMB,Partners,4,165.43,661.71,0
ORD-007025,2023-03-22,East,Widget B,SMB,Online,2,203.36,406.73,0
ORD-007026,2023-07-29,South,Widget B,Enterprise,Online,2,400.89,801.77,0
ORD-007027,2025-05-15,East,Widget B,SMB,Online,3,463.9,1391.69,10
ORD-007028,2025-01-07,West,Widget B,SMB,Online,5,407.23,2036.14,0
ORD-007029,2023-10-27,East,Service Plan,Consumer,Retail,3,6.11,18.34,0
ORD-007030,2024-01-27,North,Widget A,Enterprise,Retail,2,296.32,592.63,15
ORD-007031,2024-12-12,East,Widget A,SMB,Retail,2,312.54,625.08,5
ORD-007032,2025-01-31,North,Widget A,Consumer,Partners,5,27.6,138.02,0
ORD-007033,2023-10-09,West,Gadget X,Consumer,Retail,5,361.83,1809.14,5
ORD-007034,2024-04-02,West,Widget A,Enterprise,Online,4,107.11,428.46,10
ORD-007035,2023-05-18,West,Gadget X,SMB,Retail,5,54.28,271.4,5
ORD-007036,2024-10-19,East,Widget A,Consumer,Online,4,370.63,1482.51,0
ORD-007037,2023-05-25,East,Gadget X,Enterprise,Online,4,146.87,587.49,5
ORD-007038,2025-01-15,West,Widget A,SMB,Partners,2,122.75,245.49,5
ORD-007039,2024-08-11,South,Widget A,SMB,Partners,5,339.86,1699.3,0
ORD-007040,2024-06-20,North,Gadget Y,SMB,Online,2,404.72,809.43,5
ORD-007041,2023-07-06,South,Widget A,SMB,Partners,3,48.35,145.05,10
ORD-007042,2023-11-15,East,Widget A,Enterprise,Online,3,150.9,452.71,0
ORD-007043,2023-06-12,South,Widget C,Enterprise,Online,2,305.58,611.17,10
ORD-007044,2023-03-24,West,Gadget X,SMB,Online,4,168.14,672.57,5
ORD-007045,2024-02-04,East,Widget A,Consumer,Retail,3,39.1,117.3,0
ORD-007046,2025-05-03,East,Widget A,Consumer,Online,1,436.03,436.03,5
ORD-007047,2023-05-21,South,Widget A,Enterprise,Partners,2,111.81,223.62,5
ORD-007048,2024-12-29,East,Gadget X,Consumer,Online,3,293.51,880.52,0
ORD-007049,2024-05-30,North,Widget C,SMB,Partners,3,471.94,1415.83,5
ORD-007050,2023-06-13,South,Widget A,Consumer,Online,4,257.85,1031.39,0
ORD-007051,2023-11-24,East,Widget B,Enterprise,Retail,3,128.51,385.53,5
ORD-007052,2025-04-27,West,Widget C,SMB,Retail,2,152.86,305.72,5
ORD-007053,2023-11-15,North,Gadget X,Enterprise,Online,2,453.56,907.13,5
ORD-007054,2023-10-22,,Widget B,SMB,Retail,4,62.6,250.4,0
ORD-007055,2025-05-24,West,Widget A,SMB,Partners,3,407.92,1223.76,0
ORD-007056,2023-04-27,North,Service Plan,Enterprise,Retail,3,141.6,424.79,5
ORD-007057,2025-03-11,North,Gadget Y,Enterprise,Online,3,5.36,16.09,0
ORD-007058,2023-07-24,East,Widget B,Enterprise,Partners,4,199.33,797.32,10
ORD-007059,2024-01-12,West,Widget A,SMB,Online,2,56.67,113.35,0
ORD-007060,2024-05-01,West,Service Plan,Enterprise,Retail,1,25.58,25.58,0
ORD-007061,2023-01-10,West,Gadget Y,Enterprise,Partners,2,377.81,755.62,5
ORD-007062,2024-01-26,South,Widget B,Enterprise,Retail,2,472.46,944.92,0
ORD-007063,2023-01-15,South,Widget C,Enterprise,Retail,1,282.71,282.71,5
ORD-007064,2025-06-07,North,Widget A,Enterprise,Retail,5,218.1,1090.48,0
ORD-007065,2025-01-12,West,Widget A,SMB,Online,3,187.26,561.79,0
ORD-007066,2025-03-01,West,Widget A,Consumer,Online,3,111.02,333.05,0
ORD-007067,2024-05-21,North,Widget A,SMB,Online,3,57.1,171.31,0
ORD-007068,2024-05-14,South,Widget C,Enterprise,Retail,1,376.38,376.38,0
ORD-007069,2023-01-06,South,Widget B,SMB,Online,1,356.54,356.54,10
ORD-007070,2023-01-26,West,Gadget Y,SMB,Online,3,312.06,936.18,0
ORD-007071,2024-10-23,East,Widget B,Enterprise,Partners,3,319.46,,0
ORD-007072,2024-11-08,West,Widget B,SMB,Online,4,11.4,45.61,15
ORD-007073,2023-10-22,West,Gadget X,SMB,Retail,2,470.78,941.57,0
ORD-007074,2023-06-10,South,Service Plan,Enterprise,Online,2,151.39,302.78,10
ORD-007075,2025-02-12,East,Widget C,Enterprise,Online,3,205.0,615.0,0
ORD-007076,2023-12-27,West,Widget C,Enterprise,Online,3,60.77,182.3,5
ORD-007077,2024-11-18,South,Gadget X,Consumer,Retail,2,306.23,612.45,5
ORD-007078,2025-05-05,South,Widget A,SMB,Retail,4,17.31,69.25,0
ORD-007079,2023-11-03,East,Gadget Y,Enterprise,Partners,3,213.95,641.85,0
ORD-007080,2025-04-15,West,Widget B,Consumer,Online,6,14.36,86.14,0
ORD-007081,2024-03-08,South,Widget B,SMB,Online,3,196.88,590.64,0
ORD-007082,2025-01-14,West,Widget B,SMB,Online,1,40.29,40.29,5
ORD-007083,2023-06-07,East,Gadget X,SMB,Partners,4,173.82,695.3,0
ORD-007084,2025-05-18,West,Widget A,SMB,Retail,3,486.91,1460.74,0
ORD-007085,2023-05-06,North,Gadget X,SMB,Online,2,247.14,494.29,5
ORD-007086,2024-07-07,East,Widget B,Enterprise,Online,3,184.36,553.07,10
ORD-007087,2025-02-11,South,Widget A,SMB,Online,3,450.87,1352.62,5
ORD-007088,2025-06-09,South,Widget C,Enterprise,Online,3,81.54,244.63,10
ORD-007089,2024-10-22,East,Gadget X,SMB,Partners,6,276.29,1657.74,5
ORD-007090,2023-09-13,East,Widget A,Enterprise,Online,2,328.97,657.94,0
ORD-007091,2024-12-01,North,Widget A,Enterprise,Online,1,230.43,230.43,5
ORD-007092,2024-12-10,East,Widget C,SMB,Online,3,375.59,1126.76,0
ORD-007093,2025-03-31,North,Widget A,Enterprise,Retail,5,43.12,215.6,0
ORD-007094,2024-01-28,West,Gadget Y,SMB,Retail,2,14.25,28.51,10
ORD-007095,2023-09-14,North,Widget B,Consumer,Retail,3,474.36,1423.07,10
ORD-007096,2024-11-28,North,Service Plan,Enterprise,Partners,2,34.98,69.96,0
ORD-007097,2024-06-27,East,Service Plan,Consumer,Partners,5,317.49,1587.45,15
ORD-007098,2023-07-08,North,Widget C,SMB,Retail,7,334.33,2340.29,10
ORD-007099,2025-03-29,East,Widget B,SMB,Partners,3,151.22,453.67,5
ORD-007100,2024-03-30,North,Gadget X,Consumer,Retail,3,230.56,691.68,15
ORD-007101,2024-10-11,South,Widget A,Enterprise,Partners,5,466.63,2333.13,15
ORD-007102,2025-03-12,East,Service Plan,SMB,Online,4,432.92,1731.7,10
ORD-007103,2023-09-18,West,Widget B,SMB,Online,3,53.25,159.76,0
ORD-007104,2025-03-02,East,Widget A,SMB,Online,2,390.89,781.77,0
ORD-007105,2024-05-12,,Gadget X,Enterprise,Online,4,286.33,1145.32,5
ORD-007106,2023-10-14,West,Widget A,Consumer,Online,3,181.3,543.89,10
ORD-007107,2025-01-05,South,Gadget X,Enterprise,Online,3,91.95,275.85,20
ORD-007108,2024-05-07,,Gadget X,Enterprise,Partners,3,238.04,714.13,20
ORD-007109,2025-02-27,South,Widget A,Consumer,Online,2,208.27,416.55,5
ORD-007110,2024-11-10,,Gadget Y,SMB,Partners,5,222.29,1111.43,5
ORD-007111,2023-11-17,West,Gadget X,SMB,Online,2,98.94,197.88,0
ORD-007112,2025-03-19,West,Gadget Y,SMB,Partners,3,369.89,1109.66,0
ORD-007113,2025-04-05,South,Widget B,Consumer,Partners,1,203.01,203.01,5
ORD-007114,2024-01-27,South,Widget C,Consumer,Retail,6,187.19,1123.12,0
ORD-007115,2024-06-22,East,Widget A,Enterprise,Online,5,16.35,81.74,0
ORD-007116,2024-04-10,South,Gadget Y,Enterprise,Online,4,20.77,83.08,5
ORD-007117,2023-03-15,East,Gadget X,Consumer,Retail,2,233.09,466.19,5
ORD-007118,2023-06-20,North,Gadget X,Consumer,Online,3,233.62,700.86,0
ORD-007119,2023-07-05,West,Widget C,SMB,Online,2,344.04,688.09,5
ORD-007120,2023-11-29,East,Widget C,SMB,Retail,2,71.39,142.78,0
ORD-007121,2025-01-07,South,Widget A,Consumer,Retail,2,467.05,934.1,0
ORD-007122,2025-02-23,North,Service Plan,Enterprise,Online,2,79.82,159.64,0
ORD-007123,2023-01-03,South,Gadget Y,Consumer,Partners,4,428.46,1713.86,10
ORD-007124,2024-01-02,East,Gadget X,Enterprise,Retail,4,61.39,245.55,5
ORD-007125,2023-10-29,East,Widget A,Enterprise,Online,2,151.6,303.2,0
ORD-007126,2023-11-15,South,Widget A,SMB,Retail,8,6.16,49.25,0
ORD-007127,2025-03-03,South,Widget A,SMB,Partners,2,467.93,935.87,0
ORD-007128,2023-01-26,North,Gadget X,Consumer,Partners,8,9.82,78.53,0
ORD-007129,2025-04-25,East,Gadget X,Enterprise,Online,2,151.89,303.78,10
ORD-007130,2024-05-28,South,Service Plan,Enterprise,Retail,1,414.18,414.18,0
ORD-007131,2024-11-11,East,Widget C,Enterprise,Retail,1,308.64,308.64,0
ORD-007132,2024-04-06,West,Service Plan,Enterprise,Online,2,254.94,509.87,10
ORD-007133,2025-01-17,South,Widget C,Enterprise,Online,5,202.08,1010.42,5
ORD-007134,2023-05-27,East,Widget C,SMB,Partners,2,319.34,638.69,10
ORD-007135,2024-11-22,West,Service Plan,SMB,Online,3,82.7,248.1,5
ORD-007136,2024-08-17,South,Widget B,SMB,Retail,2,259.66,519.31,0
ORD-007137,2024-08-18,West,Gadget X,Enterprise,Partners,4,438.97,1755.89,0
ORD-007138,2023-02-04,North,Gadget Y,Enterprise,Online,2,431.56,863.12,0
ORD-007139,2024-07-19,South,Widget A,SMB,Online,2,246.66,493.31,0
ORD-007140,2025-05-18,South,Widget B,Enterprise,Online,2,272.75,545.5,5
ORD-007141,2025-06-14,West,Widget A,SMB,Online,3,247.22,741.67,0
ORD-007142,2025-02-03,South,Widget A,SMB,Online,5,271.25,1356.23,0
ORD-007143,2023-04-20,West,Widget A,Consumer,Retail,4,310.4,1241.61,0
ORD-007144,2023-06-24,North,Gadget X,SMB,Online,3,48.13,144.4,10
ORD-007145,2025-04-14,East,Widget C,SMB,Retail,7,92.82,649.72,5
ORD-007146,2023-12-15,South,Widget A,Enterprise,Online,4,92.21,368.83,0
ORD-007147,2024-06-12,East,Widget C,SMB,Retail,4,413.45,1653.8,0
ORD-007148,2025-02-16,North,Widget A,SMB,Online,1,118.73,118.73,0
ORD-007149,2024-04-01,North,Gadget Y,Enterprise,Online,3,148.95,446.84,10
ORD-007150,2023-10-17,East,Gadget Y,Enterprise,Retail,2,61.98,123.97,5
ORD-007151,2024-09-23,South,Gadget X,Enterprise,Online,3,336.99,1010.97,0
ORD-007152,2023-11-13,North,Gadget X,SMB,Online,3,466.64,1399.92,10
ORD-007153,2024-06-08,North,Gadget X,SMB,Online,1,335.83,335.83,0
ORD-007154,2024-10-13,North,Widget C,Consumer,Retail,4,235.79,943.16,0
ORD-007155,2024-09-16,North,Gadget X,Enterprise,Retail,2,177.6,355.19,5
ORD-007156,2023-03-19,South,Widget A,SMB,Online,2,421.99,843.97,0
ORD-007157,2025-04-26,East,Widget B,Consumer,Retail,5,408.21,2041.04,5
ORD-007158,2024-01-10,West,Gadget X,Consumer,Retail,7,65.7,459.92,10
ORD-007159,2024-03-22,North,Service Plan,Consumer,Online,2,450.26,900.52,5
ORD-007160,2024-08-06,East,Gadget Y,Enterprise,Online,3,275.2,825.6,0
ORD-007161,2025-05-12,East,Gadget Y,Enterprise,Online,3,292.26,876.77,10
ORD-007162,2023-12-25,South,Widget A,SMB,Retail,2,397.64,795.28,0
ORD-007163,2023-11-03,South,Gadget X,Consumer,Online,2,189.07,378.13,0
ORD-007164,2023-07-18,West,Widget B,SMB,Retail,4,87.18,348.74,15
ORD-007165,2023-03-28,West,Widget A,Consumer,Partners,3,71.11,213.32,10
ORD-007166,2023-03-10,North,Widget B,SMB,Online,5,375.98,1879.92,10
ORD-007167,2024-01-01,South,Service Plan,SMB,Online,4,331.96,1327.84,0
ORD-007168,2025-02-28,West,Gadget X,Enterprise,Online,2,309.6,619.2,0
ORD-007169,2023-10-07,North,Widget A,Enterprise,Online,8,314.51,2516.08,10
ORD-007170,2025-01-16,South,Widget A,Enterprise,Retail,6,16.62,99.74,0
ORD-007171,2023-03-03,North,Widget B,Consumer,Retail,2,367.28,734.57,0
ORD-007172,2023-10-12,West,Widget A,Consumer,Retail,1,127.93,127.93,0
ORD-007173,2024-04-30,West,Widget B,SMB,Online,2,234.96,469.92,0
ORD-007174,2025-04-24,West,Gadget X,Enterprise,Retail,4,67.35,269.41,10
ORD-007175,2023-12-03,East,Widget B,Enterprise,Retail,2,370.66,741.32,0
ORD-007176,2023-04-07,West,Widget C,Consumer,Online,2,225.76,451.51,10
ORD-007177,2023-12-21,East,Widget A,Enterprise,Online,2,414.67,829.34,5
ORD-007178,2023-08-27,North,Widget B,Enterprise,Retail,2,49.74,99.48,10
ORD-007179,2024-07-05,North,Widget A,SMB,Online,3,313.78,941.34,0
ORD-007180,2023-08-05,South,Widget C,SMB,Retail,4,27.28,109.1,15
ORD-007181,2023-11-25,North,Service Plan,SMB,Retail,6,13.22,79.32,10
ORD-007182,2025-05-06,South,Widget A,Enterprise,Online,2,335.68,671.36,5
ORD-007183,2023-03-17,West,Widget C,Enterprise,Retail,3,295.2,885.6,0
ORD-007184,2023-09-28,West,Widget A,SMB,Retail,3,476.07,1428.21,0
ORD-007185,2024-07-21,South,Widget B,Enterprise,Retail,2,373.4,746.81,0
ORD-007186,2024-10-20,East,Service Plan,SMB,Retail,3,154.51,463.52,0
ORD-007187,2025-05-16,West,Gadget Y,Consumer,Online,2,385.63,771.27,15
ORD-007188,2023-05-06,East,Gadget X,SMB,Partners,4,385.12,1540.47,0
ORD-007189,2024-06-16,South,Gadget Y,SMB,Retail,5,237.21,1186.03,0
ORD-007190,2023-03-30,North,Widget B,SMB,Online,5,9.22,46.11,10
ORD-007191,2024-07-21,North,Service Plan,Enterprise,Online,5,43.25,216.23,0
ORD-007192,2025-05-10,South,Widget B,SMB,Online,2,437.92,875.85,15
ORD-007193,2023-07-28,North,Widget B,Enterprise,Partners,3,91.39,274.17,0
ORD-007194,2023-08-03,South,Widget A,Enterprise,Online,3,372.29,1116.86,5
ORD-007195,2025-02-13,East,Widget A,Enterprise,Retail,4,54.76,219.05,5
ORD-007196,2024-08-25,West,Widget B,SMB,Retail,4,216.28,865.14,0
ORD-007197,2023-03-17,South,Gadget Y,Enterprise,Retail,3,17.93,53.78,0
ORD-007198,2023-02-22,South,Widget C,Consumer,Online,3,253.99,761.96,5
ORD-007199,2023-11-12,South,Service Plan,Enterprise,Online,5,474.27,2371.33,15
ORD-007200,2025-01-25,East,Widget B,Consumer,Retail,2,18.34,36.69,5
ORD-007201,2024-02-20,East,Service Plan,Enterprise,Online,2,329.69,659.39,0
ORD-007202,2023-03-07,South,Widget A,Enterprise,Online,3,198.27,594.81,10
ORD-007203,2023-05-17,South,Widget B,Consumer,Retail,2,430.7,861.4,0
ORD-007204,2024-11-28,North,Gadget X,Consumer,Retail,3,144.76,434.27,0
ORD-007205,2023-05-26,West,Widget B,Consumer,Online,4,447.85,1791.38,15
ORD-007206,2023-09-27,East,Gadget Y,Enterprise,Retail,2,370.19,740.37,0
ORD-007207,2024-07-25,West,Widget C,Enterprise,Retail,4,274.35,1097.4,0
ORD-007208,2024-10-11,North,Widget A,SMB,Partners,2,195.02,390.03,0
ORD-007209,2023-03-23,South,Widget C,Consumer,Partners,2,273.54,547.08,10
ORD-007210,2024-05-28,South,Widget A,SMB,Partners,4,47.04,188.17,0
ORD-007211,2023-06-18,West,Widget C,Enterprise,Online,3,193.99,581.98,0
ORD-007212,2023-07-26,East,Gadget X,Consumer,Online,1,158.02,,0
ORD-007213,2024-08-20,North,Widget A,Consumer,Partners,4,426.03,1704.13,5
ORD-007214,2024-12-17,South,Widget B,Enterprise,Retail,3,204.08,612.25,10
ORD-007215,2024-04-02,South,Gadget X,SMB,Retail,4,321.81,1287.25,0
ORD-007216,2024-05-31,West,Widget B,Consumer,Retail,3,144.8,434.39,0
ORD-007217,2024-08-27,North,Widget A,Consumer,Online,5,489.88,,10
ORD-007218,2023-11-20,West,Widget A,SMB,Retail,3,276.47,829.4,0
ORD-007219,2023-04-25,South,Widget B,Enterprise,Online,5,439.51,2197.53,0
ORD-007220,2023-10-15,,Widget C,Consumer,Retail,1,363.01,363.01,5
ORD-007221,2025-03-27,North,Widget A,Enterprise,Online,3,15.85,47.56,0
ORD-007222,2025-03-21,East,Widget C,Enterprise,Retail,1,286.41,286.41,0
ORD-007223,2024-12-03,South,Widget A,Enterprise,Online,2,31.8,63.59,5
ORD-007224,2024-07-15,West,Widget B,Enterprise,Partners,3,496.84,1490.53,15
ORD-007225,2025-01-15,South,Widget A,SMB,Retail,3,41.89,125.67,0
ORD-007226,2023-12-06,East,Widget B,Enterprise,Retail,3,424.33,1272.99,5
ORD-007227,2023-06-14,East,Widget A,SMB,Online,4,393.58,1574.3,0
ORD-007228,2023-09-07,East,Widget B,SMB,Online,2,32.03,64.06,5
ORD-007229,2024-12-23,North,Gadget X,Enterprise,Online,3,76.04,228.12,5
ORD-007230,2024-04-03,West,Widget A,Consumer,Online,5,482.54,2412.72,5
ORD-007231,2024-10-05,East,Widget C,SMB,Online,5,306.56,1532.79,10
ORD-007232,2024-08-31,North,Widget B,SMB,Online,5,66.35,331.73,5
ORD-007233,2025-01-14,West,Widget B,Enterprise,Partners,5,78.78,393.91,0
ORD-007234,2024-07-03,East,Gadget X,Enterprise,Online,3,21.3,63.91,0
ORD-007235,2023-04-10,West,Widget A,Enterprise,Retail,4,411.94,1647.74,5
ORD-007236,2023-12-28,East,Widget B,SMB,Online,2,330.93,661.86,0
ORD-007237,2024-11-06,East,Widget C,Enterprise,Online,2,311.45,622.9,20
ORD-007238,2024-08-08,North,Widget B,SMB,Online,4,36.56,146.22,10
ORD-007239,2024-08-28,South,Widget B,SMB,Retail,3,49.53,148.59,0
ORD-007240,2024-03-24,East,Widget C,Consumer,Online,3,156.78,470.35,10
ORD-007241,2025-01-15,West,Service Plan,Consumer,Online,2,303.01,606.01,5
ORD-007242,2024-12-10,North,Widget B,Enterprise,Retail,4,299.41,1197.63,5
ORD-007243,2025-05-17,South,Gadget Y,Consumer,Retail,6,104.05,624.28,0
ORD-007244,2023-03-15,South,Gadget Y,Consumer,Partners,2,269.89,,5
ORD-007245,2023-08-20,East,Gadget X,SMB,Partners,8,359.9,2879.23,5
ORD-007246,2024-05-24,South,Widget A,SMB,Retail,1,405.19,405.19,0
ORD-007247,2023-10-23,North,Gadget X,Enterprise,Retail,4,231.04,924.15,0
ORD-007248,2024-05-04,North,Widget A,SMB,Online,4,255.29,1021.16,5
ORD-007249,2023-05-19,North,Gadget X,Enterprise,Retail,3,343.24,1029.71,5
ORD-007250,2024-10-08,West,Widget B,Consumer,Partners,5,453.02,2265.09,10
ORD-007251,2024-10-26,South,Widget B,Consumer,Online,2,328.65,657.3,0
ORD-007252,2023-12-03,South,Widget A,SMB,Online,5,234.88,1174.42,0
ORD-007253,2025-02-22,West,Gadget Y,Enterprise,Partners,2,457.84,915.68,5
ORD-007254,2023-08-08,North,Widget A,Enterprise,Online,2,79.18,158.36,10
ORD-007255,2023-06-17,West,Widget A,Enterprise,Online,3,244.66,733.98,10
ORD-007256,2024-09-01,West,Service Plan,Consumer,Partners,2,143.03,286.05,0
ORD-007257,2023-08-23,South,Service Plan,SMB,Partners,4,494.23,1976.91,20
ORD-007258,2024-03-06,West,Widget B,Enterprise,Online,2,170.04,340.09,15
ORD-007259,2023-10-05,South,Gadget Y,Enterprise,Online,1,9.59,9.59,0
ORD-007260,2024-07-10,East,Gadget Y,Enterprise,Retail,2,195.58,391.17,0
ORD-007261,2023-12-23,South,Gadget Y,Consumer,Online,2,55.0,110.01,5
ORD-007262,2024-05-05,South,Service Plan,SMB,Online,1,216.55,216.55,5
ORD-007263,2023-05-22,North,Widget C,Enterprise,Online,2,83.92,,20
ORD-007264,2024-03-23,North,Gadget X,Consumer,Retail,2,94.93,189.86,0
ORD-007265,2024-05-05,South,Gadget X,Consumer,Partners,1,60.05,60.05,0
ORD-007266,2024-10-11,East,Widget A,Enterprise,Online,4,252.69,1010.74,0
ORD-007267,2025-04-13,South,Gadget X,Enterprise,Online,2,276.79,553.58,5
ORD-007268,2023-11-25,East,Gadget X,SMB,Retail,5,414.22,2071.08,0
ORD-007269,2024-03-20,West,Widget C,Enterprise,Online,2,306.85,613.7,0
ORD-007270,2023-06-12,West,Gadget X,Consumer,Retail,6,443.72,2662.33,5
ORD-007271,2023-12-28,North,Widget B,Consumer,Online,4,176.38,705.51,5
ORD-007272,2024-01-07,South,Gadget X,Enterprise,Retail,2,182.52,365.04,15
ORD-007273,2023-05-13,West,Gadget X,Enterprise,Online,3,104.66,313.98,5
ORD-007274,2025-01-18,East,Gadget X,Consumer,Online,2,223.4,446.81,20
ORD-007275,2024-02-27,North,Service Plan,SMB,Online,2,142.02,284.04,10
ORD-007276,2023-05-04,East,Widget A,SMB,Online,2,13.37,26.75,5
ORD-007277,2024-08-10,East,Gadget X,SMB,Retail,2,148.74,297.48,5
ORD-007278,2023-06-30,North,Gadget X,Enterprise,Partners,6,58.51,351.08,5
ORD-007279,2023-10-07,East,Gadget Y,Consumer,Online,3,302.7,908.11,5
ORD-007280,2024-11-30,East,Widget B,Consumer,Partners,1,260.47,260.47,0
ORD-007281,2023-07-29,East,Widget C,Enterprise,Retail,2,22.71,45.42,0
ORD-007282,2025-03-16,South,Widget B,Enterprise,Retail,4,182.25,728.99,5
ORD-007283,2025-02-11,West,Widget A,Consumer,Retail,2,147.16,294.31,0
ORD-007284,2023-05-10,West,Widget B,Consumer,Online,4,424.81,1699.23,5
ORD-007285,2024-04-03,South,Gadget X,SMB,Partners,3,148.35,445.04,5
ORD-007286,2025-05-09,West,Service Plan,Enterprise,Retail,2,356.85,713.71,0
ORD-007287,2024-08-20,North,Widget A,Enterprise,Online,2,414.34,828.68,5
ORD-007288,2023-02-07,East,Widget A,Enterprise,Retail,6,168.36,1010.18,10
ORD-007289,2024-04-01,North,Widget C,SMB,Retail,4,431.05,1724.21,5
ORD-007290,2024-03-25,East,Gadget X,SMB,Online,2,425.9,851.8,0
ORD-007291,2025-03-09,West,Widget A,Consumer,Online,4,26.1,104.38,20
ORD-007292,2025-01-03,North,Widget C,Enterprise,Retail,4,431.77,1727.09,0
ORD-007293,2024-02-09,South,Widget A,Enterprise,Online,7,15.54,108.79,0
ORD-007294,2024-05-01,East,Gadget Y,SMB,Partners,2,486.48,972.97,0
ORD-007295,2023-07-02,South,Widget A,Enterprise,Retail,3,160.28,480.84,0
ORD-007296,2023-09-11,South,Widget A,Enterprise,Partners,4,379.25,1517.01,0
ORD-007297,2023-09-03,South,Gadget X,Enterprise,Retail,3,245.04,735.11,0
ORD-007298,2023-02-10,West,Service Plan,Enterprise,Online,1,465.49,465.49,0
ORD-007299,2025-01-17,East,Gadget X,Enterprise,Retail,2,53.26,106.52,5
ORD-007300,2024-10-03,East,Widget A,SMB,Online,2,396.05,792.11,5
ORD-007301,2023-05-19,South,Widget A,SMB,Online,4,211.54,846.16,0
ORD-007302,2025-06-08,,Widget C,Consumer,Retail,3,44.53,133.58,15
ORD-007303,2023-04-02,North,Widget B,Consumer,Retail,2,169.85,339.71,0
ORD-007304,2024-03-01,South,Service Plan,Consumer,Retail,5,19.77,98.87,10
ORD-007305,2023-06-24,East,Service Plan,Consumer,Retail,3,366.82,1100.47,15
ORD-007306,2024-01-05,South,Widget C,Consumer,Partners,1,178.65,178.65,5
ORD-007307,2025-01-05,West,Widget A,Enterprise,Online,3,274.94,824.82,0
ORD-007308,2023-01-15,South,Widget B,SMB,Online,5,205.31,1026.55,0
ORD-007309,2024-07-06,East,Gadget X,Enterprise,Retail,4,80.58,322.32,5
ORD-007310,2024-11-09,West,Widget C,SMB,Partners,2,246.94,493.89,5
ORD-007311,2025-03-20,West,Gadget X,Enterprise,Partners,2,360.9,721.79,0
ORD-007312,2024-07-24,West,Widget B,SMB,Online,5,167.5,837.5,0
ORD-007313,2024-03-05,South,Gadget X,SMB,Online,3,32.24,96.71,5
ORD-007314,2024-09-01,West,Widget A,Enterprise,Online,3,413.83,1241.48,10
ORD-007315,2024-09-22,South,Gadget X,SMB,Partners,3,209.92,629.77,5
ORD-007316,2023-05-08,South,Widget B,SMB,Retail,3,189.51,568.53,5
ORD-007317,2024-01-26,East,Widget B,Enterprise,Retail,1,319.48,319.48,0
ORD-007318,2024-09-01,South,Widget B,Consumer,Online,4,434.79,1739.15,0
ORD-007319,2024-12-04,North,Gadget X,Enterprise,Online,4,311.12,1244.49,0
ORD-007320,2025-05-11,North,Widget A,Consumer,Partners,1,39.08,39.08,5
ORD-007321,2024-02-20,South,Service Plan,Enterprise,Online,3,161.05,483.14,0
ORD-007322,2023-12-09,West,Widget C,Enterprise,Partners,2,192.95,385.9,5
ORD-007323,2024-04-03,West,Widget B,SMB,Online,3,354.02,1062.07,15
ORD-007324,2024-02-10,North,Widget B,Enterprise,Partners,2,189.86,379.73,15
ORD-007325,2025-01-05,West,Gadget Y,SMB,Partners,3,435.63,1306.9,0
ORD-007326,2023-07-29,South,Widget A,Enterprise,Online,3,188.9,566.69,0
ORD-007327,2023-08-12,South,Gadget X,Enterprise,Online,2,199.8,399.61,0
ORD-007328,2024-07-11,,Gadget X,Enterprise,Retail,4,306.45,1225.81,5
ORD-007329,2024-12-13,West,Gadget X,SMB,Online,4,342.78,1371.11,0
ORD-007330,2024-08-22,West,Gadget X,Enterprise,Retail,4,431.8,1727.18,5
ORD-007331,2023-01-20,South,Widget B,SMB,Retail,1,51.46,51.46,20
ORD-007332,2024-04-04,East,Widget B,Consumer,Online,4,90.38,361.53,0
ORD-007333,2023-05-26,West,Gadget X,SMB,Online,3,296.65,,5
ORD-007334,2024-04-02,South,Service Plan,SMB,Online,2,120.53,241.07,0
ORD-007335,2025-01-21,South,Gadget X,Enterprise,Retail,4,12.67,50.7,10
ORD-007336,2024-01-22,West,Service Plan,SMB,Retail,2,189.38,378.76,5
ORD-007337,2024-05-19,South,Widget A,Enterprise,Retail,5,227.8,1139.0,0
ORD-007338,2023-12-28,North,Gadget X,Enterprise,Retail,2,252.08,504.16,5
ORD-007339,2023-02-06,East,Gadget X,Consumer,Retail,3,219.62,658.86,0
ORD-007340,2025-03-16,East,Gadget X,Consumer,Online,3,156.17,468.51,15
ORD-007341,2023-01-30,East,Gadget X,Enterprise,Online,1,189.14,189.14,5
ORD-007342,2024-01-05,East,Gadget X,Consumer,Retail,5,203.84,1019.19,0
ORD-007343,2025-04-25,South,Gadget Y,SMB,Online,2,51.74,103.49,0
ORD-007344,2023-12-12,East,Gadget Y,Enterprise,Retail,2,448.81,897.63,0
ORD-007345,2024-07-13,North,Gadget Y,Enterprise,Partners,4,393.7,1574.82,0
ORD-007346,2024-05-13,North,Gadget X,SMB,Partners,5,206.3,1031.49,5
ORD-007347,2024-10-18,South,Widget C,Consumer,Partners,6,107.5,645.0,5
ORD-007348,2024-01-27,North,Gadget X,Enterprise,Online,3,311.33,933.99,0
ORD-007349,2025-02-16,North,Gadget X,SMB,Online,2,39.28,78.56,0
ORD-007350,2024-06-02,East,Service Plan,Enterprise,Partners,6,288.57,1731.43,15
ORD-007351,2024-12-10,East,Service Plan,SMB,Partners,2,69.6,139.21,10
ORD-007352,2023-07-13,South,Gadget X,Enterprise,Online,1,132.86,132.86,0
ORD-007353,2024-07-03,South,Gadget X,Enterprise,Partners,6,73.86,443.14,0
ORD-007354,2023-12-10,,Widget B,Enterprise,Retail,3,35.61,106.82,0
ORD-007355,2024-08-29,South,Widget A,Enterprise,Online,4,202.88,811.5,0
ORD-007356,2025-05-17,West,Gadget X,SMB,Partners,6,235.54,1413.25,10
ORD-007357,2025-01-16,South,Widget B,Enterprise,Online,3,108.39,325.17,0
ORD-007358,2025-05-01,South,Service Plan,Enterprise,Retail,1,496.86,496.86,0
ORD-007359,2025-06-16,East,Widget A,SMB,Online,3,450.72,1352.16,5
ORD-007360,2023-07-11,,Widget A,SMB,Online,1,350.85,350.85,0
ORD-007361,2024-12-28,North,Widget C,Enterprise,Partners,3,389.25,1167.76,10
ORD-007362,2023-09-17,South,Widget B,Consumer,Online,5,65.04,325.22,0
ORD-007363,2024-06-18,South,Widget B,Enterprise,Retail,3,380.22,1140.67,0
ORD-007364,2024-05-18,West,Widget B,SMB,Retail,2,434.36,868.72,5
ORD-007365,2023-10-20,West,Gadget X,Enterprise,Online,4,439.99,1759.95,10
ORD-007366,2025-01-13,South,Widget C,Enterprise,Retail,5,308.95,1544.74,5
ORD-007367,2023-01-29,East,Gadget X,Enterprise,Retail,3,146.79,440.36,0
ORD-007368,2024-11-19,West,Widget C,Consumer,Online,4,107.38,429.54,10
ORD-007369,2024-03-26,North,Widget A,SMB,Online,3,75.85,227.55,0
ORD-007370,2025-01-31,South,Widget C,SMB,Partners,2,471.21,942.41,0
ORD-007371,2023-02-15,North,Widget A,Enterprise,Online,1,423.52,423.52,0
ORD-007372,2023-09-13,South,Widget B,Consumer,Partners,5,273.12,1365.62,10
ORD-007373,2024-12-24,North,Service Plan,SMB,Online,4,471.96,1887.86,0
ORD-007374,2024-07-08,East,Widget B,SMB,Online,1,18.31,18.31,5
ORD-007375,2023-12-29,East,Widget A,Enterprise,Online,6,159.64,957.87,5
ORD-007376,2023-10-15,West,Widget A,Enterprise,Online,5,261.17,1305.87,0
ORD-007377,2025-04-01,South,Widget C,Consumer,Retail,4,320.37,1281.47,0
ORD-007378,2025-01-21,West,Widget A,Consumer,Retail,3,143.49,430.47,0
ORD-007379,2023-07-24,South,Gadget Y,SMB,Online,1,44.73,44.73,5
ORD-007380,2025-05-06,South,Gadget X,Enterprise,Retail,5,341.1,1705.49,10
ORD-007381,2023-05-28,West,Gadget X,SMB,Retail,6,192.22,1153.35,5
ORD-007382,2023-07-06,North,Service Plan,SMB,Online,2,69.33,138.67,0
ORD-007383,2023-08-20,South,Widget B,Enterprise,Online,2,159.55,319.1,0
ORD-007384,2024-11-07,West,Widget B,Consumer,Online,4,209.01,836.05,0
ORD-007385,2023-01-19,North,Widget B,Enterprise,Online,3,385.17,1155.52,0
ORD-007386,2024-01-28,West,Widget A,SMB,Partners,7,427.03,2989.23,5
ORD-007387,2024-12-08,East,Widget B,SMB,Online,3,96.92,290.75,0
ORD-007388,2024-05-29,North,Gadget Y,Consumer,Retail,5,353.74,1768.69,0
ORD-007389,2024-05-28,West,Widget A,Consumer,Online,3,443.26,1329.77,0
ORD-007390,2024-02-15,South,Widget C,Enterprise,Online,5,447.85,2239.26,0
ORD-007391,2025-03-30,North,Gadget X,Enterprise,Partners,5,47.51,237.55,10
ORD-007392,2023-02-09,West,Widget B,Enterprise,Online,1,182.61,182.61,0
ORD-007393,2025-01-08,West,Gadget X,Consumer,Retail,1,106.46,106.46,0
ORD-007394,2025-04-06,North,Widget A,Enterprise,Retail,5,117.3,586.49,0
ORD-007395,2023-10-07,North,Widget A,Enterprise,Retail,2,123.32,246.65,15
ORD-007396,2025-05-16,North,Widget A,Enterprise,Online,3,113.99,341.98,5
ORD-007397,2024-05-25,East,Gadget X,Consumer,Retail,4,489.09,1956.35,0
ORD-007398,2025-06-02,East,Widget C,SMB,Online,2,184.98,369.95,5
ORD-007399,2024-01-09,North,Widget A,Consumer,Online,3,310.9,932.7,15
ORD-007400,2024-11-07,North,Gadget X,Enterprise,Online,4,487.64,1950.58,5
ORD-007401,2023-02-14,West,Service Plan,SMB,Online,3,90.6,271.81,10
ORD-007402,2023-11-26,South,Widget B,Consumer,Online,6,83.08,498.47,5
ORD-007403,2023-09-07,West,Widget A,SMB,Online,3,100.12,300.37,0
ORD-007404,2023-07-16,South,Widget A,SMB,Partners,6,493.89,2963.37,0
ORD-007405,2023-06-11,South,Gadget X,SMB,Online,5,354.04,1770.18,0
ORD-007406,2024-06-02,South,Gadget X,Enterprise,Partners,2,177.32,354.64,0
ORD-007407,2024-01-28,East,Widget A,Consumer,Partners,3,310.38,931.13,5
ORD-007408,2023-12-02,North,Gadget Y,SMB,Online,3,358.98,1076.93,0
ORD-007409,2023-03-22,North,Widget A,Consumer,Partners,5,136.59,,0
ORD-007410,2025-05-03,South,Gadget Y,SMB,Retail,4,193.63,774.51,10
ORD-007411,2023-03-18,East,Widget A,SMB,Online,2,57.44,114.87,5
ORD-007412,2024-07-20,South,Service Plan,SMB,Online,3,64.98,,0
ORD-007413,2023-10-18,South,Widget A,Consumer,Retail,2,81.45,162.89,0
ORD-007414,2024-01-05,South,Widget A,SMB,Retail,4,474.85,1899.39,10
ORD-007415,2024-03-07,West,Widget A,Consumer,Retail,2,417.95,835.9,0
ORD-007416,2024-09-26,North,Gadget Y,Enterprise,Online,2,478.31,956.62,0
ORD-007417,2024-08-04,East,Widget C,SMB,Retail,2,273.07,546.14,0
ORD-007418,2024-05-11,South,Widget B,SMB,Online,2,110.85,221.71,5
ORD-007419,2023-08-05,North,Service Plan,Consumer,Online,2,19.89,39.79,5
ORD-007420,2024-04-07,West,Service Plan,Enterprise,Online,1,167.11,167.11,10
ORD-007421,2023-12-30,East,Widget C,Enterprise,Online,2,374.02,748.04,5
ORD-007422,2025-04-04,North,Service Plan,Enterprise,Online,3,260.24,780.73,0
ORD-007423,2024-08-31,South,Widget B,SMB,Retail,2,106.63,213.27,10
ORD-007424,2024-08-29,South,Widget A,Enterprise,Online,2,448.57,897.15,5
ORD-007425,2025-01-01,,Widget A,Enterprise,Retail,4,282.99,1131.96,0
ORD-007426,2025-05-19,South,Service Plan,Enterprise,Online,3,455.84,1367.51,0
ORD-007427,2025-06-11,North,Gadget Y,Enterprise,Online,1,109.35,109.35,15
ORD-007428,2024-07-11,North,Widget C,Enterprise,Online,2,24.35,48.71,10
ORD-007429,2023-04-15,West,Gadget Y,SMB,Retail,6,343.44,2060.61,15
ORD-007430,2024-07-07,West,Widget A,Consumer,Online,2,498.61,997.22,0
ORD-007431,2023-04-25,East,Widget C,Enterprise,Partners,4,182.89,731.55,0
ORD-007432,2023-03-26,East,Widget B,SMB,Partners,3,18.85,56.54,20
ORD-007433,2024-05-11,South,Service Plan,Consumer,Retail,2,463.45,926.9,10
ORD-007434,2025-05-30,East,Widget B,Consumer,Partners,5,48.47,242.35,10
ORD-007435,2024-11-20,West,Gadget Y,Enterprise,Retail,3,135.35,406.06,0
ORD-007436,2025-05-21,East,Service Plan,Enterprise,Partners,1,150.83,150.83,15
ORD-007437,2025-04-28,East,Service Plan,SMB,Online,4,30.37,121.47,0
ORD-007438,2024-08-15,South,Widget C,Enterprise,Online,4,9.34,37.35,0
ORD-007439,2023-11-01,West,Widget A,SMB,Retail,3,23.7,71.1,0
ORD-007440,2024-10-28,North,Widget C,SMB,Online,3,96.7,290.09,0
ORD-007441,2025-03-02,West,Widget B,Consumer,Partners,4,90.64,362.55,15
ORD-007442,2023-07-02,West,Widget C,Enterprise,Partners,3,286.28,858.85,0
ORD-007443,2023-11-29,North,Gadget X,Consumer,Online,4,182.68,730.74,5
ORD-007444,2023-04-15,West,Widget C,Enterprise,Retail,4,191.86,767.42,0
ORD-007445,2023-09-01,West,Widget A,Consumer,Retail,4,386.06,1544.26,0
ORD-007446,2023-01-03,South,Widget B,Consumer,Retail,2,386.36,772.73,0
ORD-007447,2024-12-05,East,Widget B,Enterprise,Retail,4,303.48,1213.9,0
ORD-007448,2023-08-15,South,Widget C,SMB,Retail,1,422.81,422.81,10
ORD-007449,2024-01-31,South,Gadget X,Consumer,Retail,2,351.23,702.47,0
ORD-007450,2025-05-06,West,Widget B,Enterprise,Online,2,433.31,866.61,5
ORD-007451,2023-02-28,South,Gadget X,SMB,Online,3,352.42,1057.27,0
ORD-007452,2024-05-26,South,Widget C,SMB,Partners,3,426.82,1280.45,0
ORD-007453,2024-11-29,West,Widget C,Consumer,Online,1,236.51,236.51,0
ORD-007454,2024-07-07,South,Widget B,Enterprise,Online,2,498.7,997.4,5
ORD-007455,2024-05-20,South,Widget C,SMB,Online,3,354.06,1062.17,0
ORD-007456,2024-11-11,South,Widget A,Enterprise,Online,4,444.03,1776.1,5
ORD-007457,2023-03-05,North,Widget C,Consumer,Online,1,245.43,245.43,0
ORD-007458,2023-10-30,North,Widget B,SMB,Online,4,26.99,107.97,0
ORD-007459,2025-02-24,South,Widget A,SMB,Retail,7,78.61,550.28,0
ORD-007460,2023-10-18,East,Widget C,SMB,Retail,1,169.62,169.62,0
ORD-007461,2024-03-11,East,Gadget X,Enterprise,Online,3,166.51,499.53,0
ORD-007462,2025-03-08,South,Gadget Y,SMB,Partners,6,370.47,2222.84,5
ORD-007463,2023-03-10,East,Widget C,Consumer,Retail,3,89.69,269.06,5
ORD-007464,2023-03-23,West,Service Plan,Consumer,Online,3,198.44,595.32,5
ORD-007465,2024-02-24,West,Service Plan,Enterprise,Retail,2,259.34,518.69,5
ORD-007466,2024-02-16,South,Gadget Y,SMB,Online,4,36.14,144.54,10
ORD-007467,2024-07-05,South,Gadget Y,SMB,Online,2,269.95,539.9,0
ORD-007468,2025-06-07,North,Service Plan,SMB,Retail,4,154.22,616.89,5
ORD-007469,2024-03-23,South,Widget B,SMB,Online,3,492.48,1477.45,0
ORD-007470,2024-12-26,North,Widget B,Enterprise,Retail,4,27.03,108.11,0
ORD-007471,2023-03-18,North,Widget A,SMB,Retail,4,275.29,1101.18,0
ORD-007472,2024-06-07,West,Gadget X,Enterprise,Retail,3,493.63,1480.9,0
ORD-007473,2025-02-23,North,Widget A,Consumer,Online,3,465.65,1396.96,5
ORD-007474,2024-03-11,North,Widget B,Enterprise,Online,2,17.01,34.02,5
ORD-007475,2025-01-04,,Gadget X,Enterprise,Partners,4,180.42,721.69,0
ORD-007476,2024-08-26,South,Widget A,Consumer,Online,1,202.47,202.47,0
ORD-007477,2024-12-20,North,Gadget X,Enterprise,Online,3,109.99,329.97,5
ORD-007478,2024-03-30,North,Widget B,Enterprise,Online,2,211.12,422.23,5
ORD-007479,2024-12-16,East,Widget C,Enterprise,Online,4,150.13,600.53,5
ORD-007480,2023-01-17,South,Gadget X,SMB,Partners,2,68.37,136.73,0
ORD-007481,2023-05-14,West,Widget A,SMB,Retail,2,448.15,896.3,10
ORD-007482,2025-06-17,,Gadget Y,Consumer,Partners,3,270.4,811.2,0
ORD-007483,2024-11-16,East,Widget A,Enterprise,Partners,6,209.35,1256.12,5
ORD-007484,2023-08-09,West,Widget A,Enterprise,Online,4,436.12,1744.49,5
ORD-007485,2024-12-23,South,Widget A,Enterprise,Partners,4,179.39,717.57,15
ORD-007486,2023-04-01,West,Widget B,Consumer,Online,4,408.05,1632.18,0
ORD-007487,2024-07-18,South,Gadget X,SMB,Online,2,259.34,518.68,0
ORD-007488,2025-01-02,West,Widget B,SMB,Retail,3,80.37,241.12,5
ORD-007489,2025-05-22,East,Widget C,SMB,Online,5,342.56,1712.8,10
ORD-007490,2025-05-22,South,Service Plan,Enterprise,Retail,3,206.22,618.66,0
ORD-007491,2023-03-14,North,Service Plan,SMB,Retail,2,153.55,307.1,0
ORD-007492,2025-02-04,North,Widget A,SMB,Online,3,327.98,983.94,5
ORD-007493,2024-11-09,West,Service Plan,Enterprise,Online,2,363.35,726.71,0
ORD-007494,2024-07-24,South,Widget B,SMB,Retail,1,14.42,14.42,5
ORD-007495,2024-06-07,North,Widget A,Enterprise,Partners,1,231.66,231.66,5
ORD-007496,2023-08-13,South,Widget C,SMB,Retail,2,448.36,896.72,0
ORD-007497,2025-04-06,North,Service Plan,Consumer,Online,3,498.69,1496.06,15
ORD-007498,2024-02-06,East,Widget C,SMB,Partners,3,282.26,846.77,10
ORD-007499,2024-02-15,East,Widget B,Consumer,Online,3,294.64,883.93,10
ORD-007500,2024-11-24,East,Widget A,Enterprise,Retail,4,100.47,401.89,10
ORD-007501,2023-01-16,South,Widget C,SMB,Retail,2,234.04,468.07,0
ORD-007502,2024-02-21,West,Widget C,Consumer,Online,2,415.0,830.01,0
ORD-007503,2023-08-16,South,Widget B,Enterprise,Online,4,49.1,196.39,15
ORD-007504,2024-12-22,West,Service Plan,Enterprise,Retail,4,196.97,787.87,0
ORD-007505,2023-11-16,East,Service Plan,Enterprise,Online,6,451.68,2710.05,15
ORD-007506,2023-11-15,North,Widget B,SMB,Partners,4,412.57,1650.29,0
ORD-007507,2024-06-11,North,Gadget X,Enterprise,Partners,2,120.85,,20
ORD-007508,2025-03-17,East,Widget A,Consumer,Retail,3,445.9,1337.71,5
ORD-007509,2023-07-23,North,Gadget Y,Consumer,Online,2,408.41,816.81,0
ORD-007510,2024-02-01,South,Gadget X,SMB,Partners,3,333.41,1000.23,0
ORD-007511,2023-11-24,South,Widget A,SMB,Online,1,149.62,149.62,0
ORD-007512,2023-04-20,West,Service Plan,Enterprise,Online,3,477.24,1431.71,5
ORD-007513,2023-05-05,North,Gadget X,Consumer,Retail,6,338.9,2033.41,0
ORD-007514,2025-04-27,North,Widget A,Enterprise,Online,3,404.25,1212.75,5
ORD-007515,2023-09-22,North,Widget B,Consumer,Online,5,187.95,,10
ORD-007516,2023-08-24,South,Widget A,Enterprise,Retail,5,422.42,2112.11,15
ORD-007517,2023-02-18,West,Gadget X,SMB,Online,2,222.95,445.91,0
ORD-007518,2024-02-03,East,Widget B,Enterprise,Partners,3,39.05,117.15,0
ORD-007519,2023-06-20,East,Gadget X,Enterprise,Online,1,7.44,7.44,0
ORD-007520,2024-03-24,West,Service Plan,SMB,Retail,2,366.67,733.34,0
ORD-007521,2023-06-07,South,Gadget X,Enterprise,Partners,1,441.76,441.76,0
ORD-007522,2024-10-11,South,Widget B,Enterprise,Partners,3,236.14,708.41,10
ORD-007523,2023-11-21,East,Widget C,Consumer,Online,5,375.8,1878.99,15
ORD-007524,2023-01-22,West,Widget A,Enterprise,Partners,4,233.66,934.66,5
ORD-007525,2023-04-07,South,Widget B,Consumer,Online,3,66.66,199.99,0
ORD-007526,2023-12-27,West,Widget B,Consumer,Online,2,26.14,52.29,5
ORD-007527,2023-07-13,South,Widget C,SMB,Online,3,492.5,1477.5,10
ORD-007528,2024-02-09,West,Widget A,Enterprise,Retail,1,14.64,14.64,0
ORD-007529,2024-03-12,East,Service Plan,Enterprise,Online,3,344.0,1032.0,10
ORD-007530,2023-03-04,West,Gadget X,SMB,Online,3,437.98,1313.93,0
ORD-007531,2025-03-23,East,Widget B,Enterprise,Online,5,405.88,2029.41,5
ORD-007532,2023-09-27,North,Gadget X,SMB,Online,3,339.74,1019.21,0
ORD-007533,2024-07-04,East,Gadget X,Enterprise,Online,3,243.99,731.98,0
ORD-007534,2023-12-19,North,Gadget X,Enterprise,Partners,1,442.04,442.04,5
ORD-007535,2025-04-02,West,Gadget X,SMB,Online,3,360.99,1082.98,0
ORD-007536,2025-04-02,South,Widget A,SMB,Partners,3,404.63,1213.9,0
ORD-007537,2023-07-23,South,Widget C,Enterprise,Online,1,189.76,189.76,0
ORD-007538,2025-04-21,East,Gadget X,SMB,Partners,2,274.69,549.38,0
ORD-007539,2025-04-28,West,Gadget X,SMB,Retail,4,64.43,257.71,5
ORD-007540,2025-05-27,East,Widget A,SMB,Online,2,242.86,485.72,0
ORD-007541,2023-01-07,South,Widget A,Enterprise,Online,4,423.97,1695.87,0
ORD-007542,2023-01-15,South,Gadget X,SMB,Partners,2,282.49,564.97,0
ORD-007543,2024-12-22,South,Widget A,SMB,Online,4,182.06,728.23,0
ORD-007544,2024-02-01,North,Gadget Y,Enterprise,Online,3,150.34,451.01,5
ORD-007545,2025-04-18,West,Widget B,Consumer,Retail,3,38.84,116.53,10
ORD-007546,2023-11-08,North,Widget A,Consumer,Partners,2,213.31,426.62,5
ORD-007547,2024-06-10,South,Widget B,Consumer,Online,2,368.61,737.22,5
ORD-007548,2025-05-05,East,Gadget Y,Enterprise,Partners,2,32.81,65.61,10
ORD-007549,2023-06-20,North,Widget C,Enterprise,Partners,3,235.09,705.26,20
ORD-007550,2024-06-08,North,Widget B,Enterprise,Partners,3,54.55,163.65,0
ORD-007551,2023-04-10,North,Widget A,SMB,Online,3,56.33,169.0,5
ORD-007552,2023-01-24,South,Gadget X,Enterprise,Retail,7,358.75,2511.23,10
ORD-007553,2023-09-30,South,Widget B,Consumer,Retail,3,489.55,1468.66,5
ORD-007554,2024-11-20,West,Widget B,SMB,Online,3,88.71,266.12,5
ORD-007555,2023-11-13,North,Gadget Y,SMB,Online,4,337.87,1351.47,0
ORD-007556,2023-07-31,North,Widget C,SMB,Online,2,342.73,685.47,10
ORD-007557,2023-12-06,West,Widget B,Enterprise,Online,2,89.16,178.32,0
ORD-007558,2024-07-01,North,Widget B,Consumer,Online,1,233.07,233.07,0
ORD-007559,2024-03-29,West,Widget C,Consumer,Online,1,43.39,43.39,0
ORD-007560,2025-05-27,North,Widget A,SMB,Online,3,455.68,1367.05,5
ORD-007561,2024-03-11,North,Widget A,SMB,Retail,1,387.06,387.06,0
ORD-007562,2023-11-18,West,Widget C,SMB,Online,3,425.09,1275.27,0
ORD-007563,2023-11-24,West,Widget A,Enterprise,Online,4,222.88,891.53,10
ORD-007564,2024-01-16,West,Gadget X,Enterprise,Retail,3,151.36,454.08,0
ORD-007565,2023-10-13,,Widget B,Enterprise,Online,4,178.78,715.13,5
ORD-007566,2025-02-23,North,Widget C,SMB,Partners,2,142.8,285.6,0
ORD-007567,2024-08-29,East,Widget C,Enterprise,Partners,2,78.66,157.32,0
ORD-007568,2023-02-18,South,Gadget X,SMB,Online,3,30.02,90.06,5
ORD-007569,2024-07-17,East,Widget A,Consumer,Retail,3,198.39,595.16,0
ORD-007570,2025-06-01,East,Service Plan,Enterprise,Retail,1,279.85,279.85,0
ORD-007571,2023-04-28,South,Gadget Y,SMB,Partners,3,233.36,700.07,5
ORD-007572,2024-03-06,South,Widget B,SMB,Online,3,203.38,610.15,0
ORD-007573,2025-02-15,South,Widget A,Consumer,Online,2,21.81,43.63,0
ORD-007574,2023-01-28,South,Widget A,Enterprise,Online,3,189.67,569.02,0
ORD-007575,2023-03-30,South,Widget C,SMB,Online,4,61.58,246.33,0
ORD-007576,2025-03-11,South,Service Plan,Consumer,Retail,2,348.13,696.26,0
ORD-007577,2023-08-04,East,Widget B,SMB,Online,4,157.93,631.74,10
ORD-007578,2024-03-20,South,Service Plan,Enterprise,Partners,3,255.2,765.59,15
ORD-007579,2024-10-15,West,Widget B,Consumer,Partners,4,179.36,717.43,0
ORD-007580,2024-02-24,East,Widget B,Enterprise,Online,3,263.1,789.29,5
ORD-007581,2025-03-07,West,Widget A,Enterprise,Online,3,100.42,301.26,0
ORD-007582,2025-02-09,North,Widget A,SMB,Online,4,45.24,180.97,0
ORD-007583,2023-07-23,West,Widget A,SMB,Retail,5,125.53,627.63,0
ORD-007584,2024-01-13,South,Gadget X,Consumer,Online,3,127.08,381.24,0
ORD-007585,2023-06-15,South,Widget C,SMB,Partners,2,123.29,246.58,15
ORD-007586,2025-04-08,East,Service Plan,SMB,Online,3,174.59,523.78,0
ORD-007587,2023-06-06,West,Widget B,Enterprise,Online,2,458.04,916.07,0
ORD-007588,2025-02-22,East,Gadget Y,Consumer,Partners,3,223.44,670.32,0
ORD-007589,2025-03-03,,Service Plan,SMB,Retail,4,34.18,136.7,5
ORD-007590,2024-10-14,South,Widget A,SMB,Partners,5,379.65,1898.24,0
ORD-007591,2023-12-14,South,Widget B,SMB,Retail,2,488.66,977.33,20
ORD-007592,2023-11-22,North,Widget A,SMB,Online,5,129.62,648.1,0
ORD-007593,2024-06-05,East,Gadget X,Enterprise,Online,5,9.87,49.36,5
ORD-007594,2023-08-13,South,Widget C,Enterprise,Retail,1,255.91,255.91,0
ORD-007595,2023-05-27,North,Gadget X,Enterprise,Partners,5,419.62,2098.12,0
ORD-007596,2023-03-17,East,Widget A,Consumer,Online,3,472.31,1416.93,15
ORD-007597,2023-12-07,South,Gadget X,Consumer,Retail,6,325.88,1955.26,5
ORD-007598,2024-10-13,East,Widget C,SMB,Partners,2,76.5,153.0,10
ORD-007599,2024-01-21,South,Service Plan,SMB,Retail,3,275.62,826.86,0
ORD-007600,2023-02-14,East,Widget B,SMB,Online,3,18.69,56.06,10
ORD-007601,2024-09-27,West,Widget B,SMB,Online,2,35.9,71.8,10
ORD-007602,2023-12-01,South,Widget A,Enterprise,Online,1,136.18,136.18,0
ORD-007603,2024-12-16,East,Gadget X,Enterprise,Retail,2,269.45,538.9,5
ORD-007604,2024-03-30,West,Widget A,SMB,Online,3,35.86,107.59,0
ORD-007605,2024-02-25,West,Widget B,Enterprise,Online,3,496.21,1488.64,0
ORD-007606,2024-08-09,South,Widget C,Enterprise,Partners,5,296.73,1483.66,5
ORD-007607,2025-02-24,East,Widget B,SMB,Online,3,96.45,289.36,5
ORD-007608,2023-01-07,West,Gadget X,SMB,Online,2,37.1,74.21,0
ORD-007609,2023-04-26,South,Widget A,Consumer,Online,1,176.37,176.37,0
ORD-007610,2023-07-06,West,Widget B,Consumer,Retail,5,384.02,1920.12,5
ORD-007611,2024-08-12,North,Widget B,Consumer,Retail,3,340.18,1020.53,5
ORD-007612,2024-08-03,West,Widget C,SMB,Online,5,34.07,170.35,0
ORD-007613,2023-07-13,West,Widget A,Consumer,Online,3,92.93,278.8,15
ORD-007614,2023-03-15,East,Gadget Y,SMB,Retail,4,491.16,1964.66,0
ORD-007615,2023-02-01,North,Widget A,SMB,Retail,1,384.56,384.56,0
ORD-007616,2023-03-20,West,Widget A,SMB,Partners,4,195.39,781.55,15
ORD-007617,2025-04-09,South,Widget B,Enterprise,Online,4,339.2,1356.81,10
ORD-007618,2024-08-20,West,Widget A,Consumer,Retail,3,270.19,810.58,10
ORD-007619,2023-07-21,South,Service Plan,SMB,Retail,2,43.5,87.0,0
ORD-007620,2024-05-20,South,Widget A,SMB,Online,4,306.49,1225.97,10
ORD-007621,2025-06-10,South,Gadget X,SMB,Online,3,237.64,712.91,10
ORD-007622,2024-06-16,South,Widget A,SMB,Partners,2,312.5,625.0,5
ORD-007623,2023-01-21,South,Gadget Y,Enterprise,Online,2,470.71,941.41,5
ORD-007624,2023-01-05,North,Widget B,Consumer,Online,2,22.15,44.31,5
ORD-007625,2024-01-29,,Service Plan,SMB,Retail,5,102.9,514.49,0
ORD-007626,2024-04-07,South,Widget A,Consumer,Retail,1,97.46,97.46,0
ORD-007627,2023-09-09,West,Gadget X,Consumer,Online,3,475.57,1426.71,0
ORD-007628,2024-03-02,South,Gadget X,Consumer,Online,5,439.23,2196.17,0
ORD-007629,2023-08-01,,Gadget X,Enterprise,Retail,5,310.72,1553.59,5
ORD-007630,2023-08-19,West,Service Plan,SMB,Retail,4,321.98,1287.9,0
ORD-007631,2024-01-18,East,Widget A,Consumer,Retail,3,151.26,453.79,5
ORD-007632,2023-11-26,West,Widget B,Enterprise,Online,4,353.92,1415.66,10
ORD-007633,2023-09-05,South,Service Plan,Enterprise,Online,6,392.96,2357.73,10
ORD-007634,2024-04-01,East,Widget A,Consumer,Partners,3,215.01,645.02,5
ORD-007635,2023-04-09,,Service Plan,SMB,Online,1,35.53,35.53,0
ORD-007636,2023-04-22,West,Gadget Y,SMB,Online,2,242.39,484.77,10
ORD-007637,2023-05-04,West,Service Plan,Enterprise,Online,4,447.67,1790.67,5
ORD-007638,2024-12-29,East,Gadget X,Consumer,Retail,1,416.15,416.15,0
ORD-007639,2023-06-09,South,Service Plan,SMB,Retail,5,369.07,1845.35,0
ORD-007640,2024-01-14,West,Gadget X,Enterprise,Online,4,75.18,300.72,0
ORD-007641,2024-07-12,West,Widget A,Enterprise,Retail,4,349.33,1397.31,0
ORD-007642,2023-12-21,East,Widget A,Enterprise,Online,4,157.59,630.36,15
ORD-007643,2024-02-12,West,Widget A,Enterprise,Online,6,252.28,1513.7,0
ORD-007644,2024-06-21,East,Widget A,Consumer,Online,2,44.08,88.15,5
ORD-007645,2024-08-30,East,Widget A,Consumer,Partners,3,80.96,242.87,0
ORD-007646,2024-07-27,West,Gadget X,Consumer,Online,2,15.22,30.43,0
ORD-007647,2023-10-16,South,Gadget Y,SMB,Online,2,125.44,250.88,5
ORD-007648,2025-02-14,West,Widget B,SMB,Retail,1,216.82,216.82,0
ORD-007649,2023-10-01,West,Service Plan,Consumer,Retail,4,31.75,127.01,0
ORD-007650,2023-09-08,North,Widget B,SMB,Online,3,442.72,1328.17,0
ORD-007651,2024-12-04,South,Widget A,SMB,Online,2,91.19,182.38,5
ORD-007652,2023-03-02,East,Gadget X,Consumer,Partners,3,327.88,983.64,0
ORD-007653,2023-11-13,South,Gadget Y,Consumer,Partners,4,196.09,784.35,5
ORD-007654,2025-03-14,East,Widget C,SMB,Online,3,312.32,936.95,0
ORD-007655,2024-01-24,East,Gadget X,SMB,Retail,3,17.71,53.14,0
ORD-007656,2024-09-23,North,Widget C,Consumer,Partners,2,54.48,108.97,5
ORD-007657,2023-10-14,East,Widget B,Enterprise,Online,2,372.1,744.2,0
ORD-007658,2023-04-30,East,Widget B,SMB,Retail,3,61.23,183.7,5
ORD-007659,2023-06-13,West,Widget C,Enterprise,Retail,2,224.45,448.89,10
ORD-007660,2024-09-30,North,Gadget Y,Consumer,Partners,5,226.16,1130.82,5
ORD-007661,2025-04-24,South,Service Plan,Enterprise,Online,1,403.03,403.03,0
ORD-007662,2023-12-27,West,Widget C,SMB,Partners,4,64.0,256.02,0
ORD-007663,2024-05-27,East,Widget A,Consumer,Retail,5,225.87,1129.35,0
ORD-007664,2024-07-21,North,Gadget X,Enterprise,Online,3,41.13,,0
ORD-007665,2023-07-21,West,Gadget X,SMB,Online,5,89.47,447.36,0
ORD-007666,2024-09-27,South,Widget A,Enterprise,Retail,5,316.78,1583.89,10
ORD-007667,2024-12-01,South,Widget C,Consumer,Retail,1,367.09,367.09,5
ORD-007668,2023-02-04,South,Gadget Y,Enterprise,Online,2,424.41,848.81,5
ORD-007669,2025-05-14,South,Service Plan,Enterprise,Partners,2,121.27,242.54,0
ORD-007670,2024-08-17,South,Gadget X,Consumer,Retail,6,19.82,118.92,0
ORD-007671,2023-10-12,South,Widget A,Enterprise,Retail,4,262.0,1047.99,0
ORD-007672,2023-05-17,South,Widget C,Enterprise,Online,2,409.2,818.41,20
ORD-007673,2025-04-20,North,Widget A,SMB,Partners,5,241.14,1205.71,0
ORD-007674,2024-01-04,East,Gadget Y,SMB,Retail,4,12.9,51.6,0
ORD-007675,2023-09-18,East,Widget B,Enterprise,Retail,4,370.58,1482.31,5
ORD-007676,2024-06-15,South,Widget C,SMB,Online,3,417.22,1251.65,5
ORD-007677,2025-02-09,North,Gadget X,SMB,Online,4,292.77,1171.09,5
ORD-007678,2024-01-13,North,Widget A,Enterprise,Partners,4,89.05,356.21,5
ORD-007679,2024-02-13,West,Gadget Y,SMB,Online,4,376.65,1506.62,10
ORD-007680,2024-05-05,West,Widget B,Enterprise,Online,5,74.56,372.82,0
ORD-007681,2024-05-07,North,Gadget Y,Consumer,Online,1,214.08,214.08,0
ORD-007682,2024-09-30,West,Service Plan,Enterprise,Retail,4,88.11,352.45,0
ORD-007683,2023-02-26,West,Widget A,Enterprise,Online,3,234.48,703.43,0
ORD-007684,2024-10-06,East,Widget A,SMB,Online,3,235.88,707.65,5
ORD-007685,2024-06-08,South,Service Plan,SMB,Online,2,64.33,128.65,5
ORD-007686,2024-11-10,West,Widget B,Consumer,Partners,2,178.41,356.81,0
ORD-007687,2025-02-16,South,Widget A,SMB,Online,2,341.97,683.95,0
ORD-007688,2024-11-26,South,Gadget Y,Consumer,Online,6,253.28,1519.7,0
ORD-007689,2024-01-24,East,Widget A,SMB,Online,2,489.84,979.69,5
ORD-007690,2023-11-09,West,Widget B,SMB,Retail,2,74.54,149.07,5
ORD-007691,2024-08-25,North,Widget A,SMB,Online,2,433.67,867.34,5
ORD-007692,2024-04-05,West,Widget A,Enterprise,Partners,6,392.56,2355.33,5
ORD-007693,2024-11-09,East,Widget B,SMB,Online,5,463.06,2315.29,0
ORD-007694,2023-05-03,East,Service Plan,Enterprise,Partners,3,389.18,1167.53,5
ORD-007695,2024-08-21,East,Gadget Y,Enterprise,Partners,2,353.91,707.81,0
ORD-007696,2024-03-08,South,Widget A,Consumer,Online,3,412.47,1237.42,0
ORD-007697,2024-08-24,North,Gadget Y,SMB,Online,2,422.36,844.72,5
ORD-007698,2023-12-31,West,Widget A,Enterprise,Online,1,149.27,149.27,20
ORD-007699,2024-06-03,South,Widget B,SMB,Online,3,284.2,852.6,5
ORD-007700,2024-05-14,North,Widget C,SMB,Retail,1,283.14,283.14,0
ORD-007701,2024-07-04,East,Widget C,SMB,Partners,2,145.95,291.9,10
ORD-007702,2023-12-09,,Widget B,SMB,Online,1,54.4,54.4,5
ORD-007703,2024-08-26,East,Widget C,SMB,Online,3,480.48,1441.45,0
ORD-007704,2025-02-22,East,Service Plan,Enterprise,Online,4,98.52,394.08,0
ORD-007705,2023-04-21,East,Service Plan,Enterprise,Online,5,453.37,2266.84,0
ORD-007706,2024-06-21,West,Widget B,SMB,Online,1,8.04,8.04,5
ORD-007707,2025-03-03,North,Widget B,Consumer,Online,1,146.7,146.7,0
ORD-007708,2024-04-13,South,Widget C,Enterprise,Online,3,189.91,569.72,0
ORD-007709,2023-02-07,West,Widget C,SMB,Online,4,290.1,1160.38,10
ORD-007710,2023-03-25,South,Widget B,Enterprise,Partners,3,209.4,628.19,5
ORD-007711,2023-12-28,East,Widget C,Consumer,Retail,3,66.46,199.38,5
ORD-007712,2023-07-06,North,Gadget Y,Enterprise,Online,3,255.89,767.67,5
ORD-007713,2024-05-16,West,Widget B,Enterprise,Partners,2,389.85,779.7,20
ORD-007714,2024-01-11,East,Widget B,Enterprise,Online,2,202.47,404.93,0
ORD-007715,2024-10-01,North,Widget C,Consumer,Online,1,75.83,75.83,0
ORD-007716,2023-05-22,East,Widget B,Consumer,Partners,3,321.88,965.65,10
ORD-007717,2025-02-12,North,Gadget Y,Enterprise,Online,1,266.88,266.88,0
ORD-007718,2023-04-27,South,Widget A,Enterprise,Partners,3,167.12,501.36,5
ORD-007719,2024-11-11,East,Widget B,SMB,Online,5,481.27,2406.34,0
ORD-007720,2025-03-15,East,Service Plan,Enterprise,Partners,4,81.52,326.08,0
ORD-007721,2025-01-04,South,Gadget Y,Consumer,Online,2,402.58,805.15,20
ORD-007722,2023-09-04,West,Service Plan,SMB,Retail,4,298.9,1195.59,10
ORD-007723,2023-04-10,West,Widget B,Enterprise,Online,3,308.58,925.74,0
ORD-007724,2024-07-04,East,Gadget X,Enterprise,Online,3,154.64,463.92,5
ORD-007725,2023-12-10,North,Widget C,SMB,Online,4,233.3,933.2,10
ORD-007726,2023-03-10,South,Gadget Y,SMB,Online,1,172.62,172.62,0
ORD-007727,2025-06-17,West,Widget B,Consumer,Partners,4,36.48,145.9,0
ORD-007728,2024-04-12,South,Widget B,Enterprise,Online,3,409.32,1227.95,0
ORD-007729,2023-05-26,West,Widget A,Enterprise,Online,2,453.13,906.26,5
ORD-007730,2023-07-30,West,Gadget X,Enterprise,Online,3,241.9,725.71,10
ORD-007731,2023-04-26,South,Widget B,Enterprise,Online,3,119.83,359.49,0
ORD-007732,2023-11-27,South,Gadget X,Enterprise,Online,2,193.91,387.82,0
ORD-007733,2023-01-13,West,Gadget Y,SMB,Online,1,159.05,159.05,0
ORD-007734,2023-07-02,South,Widget A,Enterprise,Retail,2,357.65,715.3,0
ORD-007735,2024-11-25,East,Gadget Y,Consumer,Online,3,434.51,1303.53,5
ORD-007736,2024-11-04,South,Widget B,SMB,Online,2,278.19,556.39,5
ORD-007737,2024-02-09,East,Widget A,SMB,Online,3,493.87,1481.6,0
ORD-007738,2024-04-12,,Gadget X,Consumer,Partners,5,176.43,882.16,0
ORD-007739,2023-01-20,West,Service Plan,SMB,Online,5,134.94,674.72,5
ORD-007740,2025-05-20,West,Widget A,Enterprise,Retail,3,379.46,1138.37,0
ORD-007741,2023-05-28,South,Gadget X,Enterprise,Retail,5,166.43,832.15,5
ORD-007742,2024-07-22,West,Gadget X,SMB,Retail,5,176.45,882.27,0
ORD-007743,2024-03-04,West,Service Plan,SMB,Partners,5,28.5,142.5,0
ORD-007744,2024-05-13,East,Widget A,Consumer,Partners,1,280.5,280.5,0
ORD-007745,2023-08-19,North,Widget B,Enterprise,Partners,4,404.91,1619.65,0
ORD-007746,2023-10-14,South,Service Plan,Consumer,Retail,1,224.3,224.3,0
ORD-007747,2024-05-13,West,Service Plan,SMB,Online,2,282.32,564.64,5
ORD-007748,2024-01-22,East,Widget C,Consumer,Retail,3,360.64,1081.91,0
ORD-007749,2025-03-01,North,Gadget Y,Enterprise,Online,4,319.57,1278.27,0
ORD-007750,2024-07-12,East,Widget B,SMB,Online,5,97.02,485.12,0
ORD-007751,2024-04-09,East,Widget C,SMB,Partners,2,9.86,19.72,0
ORD-007752,2025-02-26,South,Gadget X,SMB,Retail,4,134.73,538.91,5
ORD-007753,2025-05-27,North,Widget C,Enterprise,Retail,3,317.91,953.72,0
ORD-007754,2023-10-15,East,Widget A,Consumer,Online,2,344.79,689.58,5
ORD-007755,2023-02-05,North,Gadget X,Enterprise,Online,1,431.96,431.96,10
ORD-007756,2024-09-16,East,Gadget Y,SMB,Online,4,382.45,1529.82,0
ORD-007757,2024-06-09,East,Widget C,Enterprise,Online,2,110.66,221.32,10
ORD-007758,2025-06-09,North,Widget B,Consumer,Retail,3,292.33,,0
ORD-007759,2025-04-29,South,Gadget X,SMB,Online,2,363.66,727.32,0
ORD-007760,2024-09-27,West,Widget A,SMB,Retail,5,391.99,1959.95,0
ORD-007761,2025-01-05,East,Widget C,Enterprise,Online,1,190.93,190.93,0
ORD-007762,2023-03-17,South,Widget B,Enterprise,Online,2,26.35,52.7,15
ORD-007763,2023-09-21,West,Widget C,SMB,Online,4,317.45,1269.8,0
ORD-007764,2024-05-02,North,Widget B,Consumer,Retail,5,403.98,2019.91,5
ORD-007765,2023-09-29,East,Service Plan,Enterprise,Online,3,355.31,1065.92,0
ORD-007766,2025-01-14,North,Gadget X,SMB,Online,3,367.78,1103.35,10
ORD-007767,2023-10-13,East,Widget C,Consumer,Retail,3,423.15,1269.45,5
ORD-007768,2023-07-27,,Gadget X,Enterprise,Online,1,411.8,411.8,5
ORD-007769,2024-06-13,,Widget B,Enterprise,Online,4,236.12,944.47,0
ORD-007770,2024-10-06,East,Widget A,Consumer,Retail,3,191.45,574.34,10
ORD-007771,2024-11-02,South,Widget C,Enterprise,Online,2,222.12,444.23,5
ORD-007772,2023-02-22,,Gadget X,Enterprise,Online,3,225.02,675.07,0
ORD-007773,2023-07-26,West,Gadget X,Enterprise,Online,3,369.94,1109.81,5
ORD-007774,2024-11-05,West,Widget A,SMB,Online,3,392.41,1177.24,15
ORD-007775,2024-03-14,South,Widget A,SMB,Online,2,349.45,698.9,0
ORD-007776,2023-02-21,East,Widget A,SMB,Partners,3,363.6,1090.81,10
ORD-007777,2024-01-18,East,Gadget Y,SMB,Online,3,78.81,236.42,10
ORD-007778,2023-05-30,North,Service Plan,Consumer,Retail,3,56.59,169.77,0
ORD-007779,2023-11-28,West,Widget B,SMB,Retail,2,244.36,488.72,0
ORD-007780,2025-02-07,North,Service Plan,SMB,Partners,3,95.85,287.55,5
ORD-007781,2024-11-25,East,Widget C,SMB,Retail,3,287.03,861.08,0
ORD-007782,2024-06-16,West,Gadget X,Consumer,Retail,2,469.42,938.84,5
ORD-007783,2024-10-23,East,Widget A,SMB,Online,4,66.69,266.74,0
ORD-007784,2024-06-09,East,Widget A,Enterprise,Retail,1,57.8,57.8,0
ORD-007785,2023-05-17,East,Widget C,SMB,Retail,4,254.35,1017.39,0
ORD-007786,2024-08-18,South,Widget C,SMB,Retail,1,265.23,265.23,5
ORD-007787,2023-12-02,North,Gadget Y,Enterprise,Retail,5,104.07,520.36,5
ORD-007788,2024-01-07,East,Service Plan,Enterprise,Partners,4,106.31,425.23,0
ORD-007789,2025-02-24,East,Widget A,Consumer,Retail,4,489.3,1957.2,5
ORD-007790,2023-12-04,South,Gadget Y,SMB,Retail,3,39.27,117.82,0
ORD-007791,2024-02-27,West,Widget A,SMB,Online,1,29.17,29.17,0
ORD-007792,2024-02-27,North,Widget B,SMB,Partners,2,431.43,862.86,0
ORD-007793,2024-07-28,East,Gadget X,SMB,Online,2,431.53,863.06,0
ORD-007794,2024-12-28,North,Widget C,SMB,Online,3,461.49,1384.47,0
ORD-007795,2024-08-20,South,Widget B,Enterprise,Online,3,255.58,766.74,5
ORD-007796,2024-12-10,West,Gadget Y,Enterprise,Partners,1,492.79,492.79,5
ORD-007797,2025-01-21,East,Service Plan,SMB,Online,2,497.73,995.47,0
ORD-007798,2024-11-08,South,Widget A,Enterprise,Online,4,258.1,1032.38,0
ORD-007799,2023-02-20,North,Widget A,Consumer,Online,3,315.16,945.49,0
ORD-007800,2024-04-28,East,Widget A,Enterprise,Online,1,296.1,296.1,5
ORD-007801,2024-10-02,East,Gadget X,Consumer,Partners,3,216.08,648.25,5
ORD-007802,2023-12-30,South,Gadget X,Enterprise,Online,1,299.99,299.99,5
ORD-007803,2024-06-08,South,Gadget Y,SMB,Retail,4,442.46,1769.86,5
ORD-007804,2025-02-10,South,Gadget X,SMB,Online,2,114.61,229.23,0
ORD-007805,2023-06-07,West,Gadget X,Consumer,Retail,2,212.25,424.51,0
ORD-007806,2025-03-01,West,Widget B,SMB,Partners,2,445.59,891.18,10
ORD-007807,2025-01-19,South,Gadget X,Consumer,Partners,5,152.56,762.82,0
ORD-007808,2023-01-13,East,Gadget Y,Enterprise,Retail,3,120.0,360.0,5
ORD-007809,2025-02-21,South,Gadget Y,SMB,Online,3,99.32,297.95,0
ORD-007810,2023-02-28,North,Widget A,Enterprise,Online,4,399.1,1596.39,5
ORD-007811,2023-12-12,West,Gadget X,Consumer,Online,4,76.68,306.71,0
ORD-007812,2024-12-05,South,Widget A,SMB,Partners,3,13.08,39.23,0
ORD-007813,2023-06-17,West,Gadget X,Consumer,Online,1,61.56,61.56,15
ORD-007814,2023-11-10,West,Widget B,Enterprise,Online,3,39.47,118.42,0
ORD-007815,2024-08-09,South,Widget A,Consumer,Retail,2,116.46,232.93,0
ORD-007816,2023-04-25,South,Widget B,SMB,Retail,1,410.76,410.76,15
ORD-007817,2024-01-18,East,Widget A,Enterprise,Partners,2,141.3,282.61,5
ORD-007818,2024-11-16,South,Gadget X,SMB,Online,3,339.77,1019.3,5
ORD-007819,2023-03-14,North,Service Plan,SMB,Online,4,444.72,1778.87,0
ORD-007820,2025-02-10,South,Widget B,Enterprise,Online,2,398.85,797.7,0
ORD-007821,2023-11-14,West,Widget C,SMB,Retail,3,375.27,1125.8,0
ORD-007822,2024-06-14,West,Widget B,SMB,Online,2,481.76,963.52,10
ORD-007823,2023-03-10,West,Gadget X,SMB,Online,2,371.85,743.69,5
ORD-007824,2024-07-13,West,Gadget X,SMB,Online,6,41.78,250.67,0
ORD-007825,2023-02-11,South,Widget B,Enterprise,Retail,1,167.99,167.99,5
ORD-007826,2024-01-21,West,Widget A,Enterprise,Online,6,486.66,2919.98,0
ORD-007827,2025-04-12,North,Widget C,Enterprise,Online,5,188.73,943.67,0
ORD-007828,2024-05-16,East,Widget C,SMB,Retail,1,499.09,499.09,0
ORD-007829,2024-01-31,North,Service Plan,Enterprise,Online,3,353.34,1060.02,0
ORD-007830,2023-08-31,South,Widget A,SMB,Online,3,71.14,213.41,0
ORD-007831,2023-07-13,South,Widget A,SMB,Partners,2,400.96,801.92,0
ORD-007832,2024-02-18,East,Widget C,Consumer,Partners,4,109.1,436.41,0
ORD-007833,2025-01-30,,Service Plan,Consumer,Online,2,168.97,,0
ORD-007834,2024-08-04,West,Widget C,Enterprise,Retail,2,193.87,387.74,0
ORD-007835,2023-01-07,East,Widget B,SMB,Retail,2,371.67,743.35,20
ORD-007836,2024-10-16,North,Gadget Y,Enterprise,Online,2,50.61,101.23,5
ORD-007837,2025-04-26,West,Widget A,SMB,Online,3,328.85,986.54,0
ORD-007838,2023-11-06,East,Gadget X,Enterprise,Online,5,427.1,2135.52,5
ORD-007839,2023-08-30,West,Widget A,SMB,Retail,4,140.56,562.24,0
ORD-007840,2025-03-12,South,Gadget X,SMB,Online,2,421.18,842.36,15
ORD-007841,2023-02-13,South,Widget C,Consumer,Retail,2,393.72,787.44,0
ORD-007842,2024-12-23,,Widget B,Enterprise,Retail,5,140.07,700.36,20
ORD-007843,2023-11-28,North,Widget A,Enterprise,Online,2,123.66,247.33,20
ORD-007844,2024-01-15,East,Gadget X,SMB,Partners,2,70.75,141.49,0
ORD-007845,2024-08-15,West,Widget A,Enterprise,Online,5,180.08,900.39,5
ORD-007846,2024-03-20,West,Gadget X,Enterprise,Retail,2,244.71,489.42,0
ORD-007847,2023-05-15,South,Widget A,SMB,Online,3,384.04,1152.12,0
ORD-007848,2024-04-10,East,Gadget X,Enterprise,Retail,2,397.64,795.29,5
ORD-007849,2025-06-13,East,Widget A,Consumer,Online,4,30.47,121.88,15
ORD-007850,2024-03-31,East,Gadget Y,SMB,Retail,5,392.79,1963.97,0
ORD-007851,2024-05-17,North,Widget B,SMB,Online,3,325.06,975.17,10
ORD-007852,2025-05-27,North,Gadget X,Consumer,Retail,4,291.41,1165.64,0
ORD-007853,2024-07-22,South,Gadget Y,Consumer,Retail,4,491.59,1966.37,20
ORD-007854,2023-11-25,East,Gadget X,SMB,Online,4,218.96,875.85,0
ORD-007855,2023-11-12,East,Widget C,Consumer,Retail,3,20.43,61.28,0
ORD-007856,2024-01-18,,Widget A,SMB,Retail,5,178.86,894.28,0
ORD-007857,2023-07-26,North,Gadget Y,Enterprise,Online,3,403.26,1209.79,0
ORD-007858,2023-11-01,North,Service Plan,SMB,Retail,5,306.44,1532.18,0
ORD-007859,2024-04-16,West,Gadget X,Enterprise,Online,5,148.71,743.55,0
ORD-007860,2024-02-09,East,Service Plan,SMB,Online,2,115.8,231.6,0
ORD-007861,2024-12-04,South,Widget B,Enterprise,Online,3,48.53,145.58,0
ORD-007862,2023-02-25,South,Widget A,SMB,Online,5,490.37,2451.87,15
ORD-007863,2024-03-24,South,Widget B,SMB,Online,6,497.37,2984.22,15
ORD-007864,2025-06-18,West,Gadget X,Enterprise,Partners,1,149.53,149.53,10
ORD-007865,2023-02-05,East,Widget A,SMB,Retail,3,57.85,173.55,5
ORD-007866,2024-12-21,South,Service Plan,SMB,Retail,3,412.36,1237.07,0
ORD-007867,2025-02-20,East,Widget A,SMB,Retail,2,146.84,293.68,15
ORD-007868,2025-01-26,South,Widget A,SMB,Online,5,317.1,1585.48,5
ORD-007869,2025-04-06,East,Widget A,SMB,Online,4,25.59,102.38,5
ORD-007870,2025-01-12,West,Widget A,Consumer,Partners,2,172.56,345.12,10
ORD-007871,2024-01-07,,Widget A,Enterprise,Online,2,49.89,99.79,0
ORD-007872,2023-07-16,South,Widget C,Enterprise,Partners,1,11.18,11.18,5
ORD-007873,2024-07-20,East,Widget B,Enterprise,Partners,3,387.58,1162.75,5
ORD-007874,2025-01-02,West,Widget B,Consumer,Online,4,69.59,278.37,0
ORD-007875,2024-12-29,South,Widget C,Enterprise,Retail,5,7.7,38.5,0
ORD-007876,2023-12-08,South,Service Plan,SMB,Partners,2,436.77,873.55,0
ORD-007877,2025-04-17,East,Widget A,Enterprise,Online,3,8.87,26.6,5
ORD-007878,2023-08-22,North,Widget B,Enterprise,Partners,3,156.41,469.23,0
ORD-007879,2025-05-07,North,Gadget X,SMB,Retail,4,202.85,811.4,0
ORD-007880,2024-11-24,West,Service Plan,SMB,Partners,3,467.6,1402.81,0
ORD-007881,2025-02-14,West,Gadget X,Enterprise,Online,1,485.76,485.76,0
ORD-007882,2025-05-20,West,Gadget X,Enterprise,Retail,6,474.58,2847.47,0
ORD-007883,2025-05-24,West,Widget A,Enterprise,Online,4,403.41,1613.62,5
ORD-007884,2024-09-12,East,Service Plan,Consumer,Online,3,364.29,1092.88,0
ORD-007885,2023-07-04,South,Widget B,Consumer,Retail,4,496.47,1985.88,5
ORD-007886,2024-07-29,West,Gadget X,Enterprise,Online,2,191.22,382.44,0
ORD-007887,2023-02-19,South,Gadget Y,Enterprise,Online,8,47.76,382.09,0
ORD-007888,2023-06-17,South,Widget A,Enterprise,Retail,3,197.0,591.0,0
ORD-007889,2025-01-01,West,Widget A,SMB,Online,3,9.09,27.28,0
ORD-007890,2025-04-27,,Gadget X,SMB,Retail,3,175.41,526.24,0
ORD-007891,2024-06-25,East,Widget B,Enterprise,Retail,4,208.89,835.56,0
ORD-007892,2025-05-24,West,Gadget X,SMB,Retail,5,156.08,780.42,20
ORD-007893,2024-07-06,South,Widget A,Consumer,Retail,3,301.94,905.81,0
ORD-007894,2023-10-28,North,Widget B,Enterprise,Online,4,249.9,999.6,0
ORD-007895,2023-06-24,South,Widget A,Consumer,Partners,3,320.84,962.51,5
ORD-007896,2024-06-29,North,Widget A,SMB,Online,2,195.58,391.16,0
ORD-007897,2023-01-25,North,Widget A,Consumer,Partners,1,417.73,417.73,0
ORD-007898,2024-07-16,West,Widget C,SMB,Partners,1,211.58,211.58,0
ORD-007899,2023-05-29,North,Gadget X,SMB,Retail,2,22.31,44.63,0
ORD-007900,2024-08-20,South,Service Plan,Consumer,Retail,1,108.18,108.18,0
ORD-007901,2024-12-30,South,Gadget Y,SMB,Online,2,266.71,533.42,20
ORD-007902,2023-03-30,West,Service Plan,Enterprise,Online,3,338.52,1015.56,0
ORD-007903,2023-03-05,North,Widget C,Enterprise,Retail,3,318.21,954.62,0
ORD-007904,2024-08-27,South,Service Plan,SMB,Partners,3,226.39,679.17,5
ORD-007905,2023-05-01,South,Gadget X,SMB,Online,3,440.56,1321.67,10
ORD-007906,2025-02-04,North,Widget B,SMB,Partners,4,127.08,,0
ORD-007907,2023-06-17,South,Gadget Y,SMB,Retail,2,208.14,416.28,10
ORD-007908,2025-02-07,,Widget B,SMB,Online,2,120.85,241.7,0
ORD-007909,2024-01-19,West,Widget A,Consumer,Partners,4,386.11,1544.42,0
ORD-007910,2023-03-18,West,Widget A,SMB,Retail,2,330.54,661.07,0
ORD-007911,2023-11-01,East,Widget B,Consumer,Online,4,214.71,858.83,15
ORD-007912,2025-01-22,North,Service Plan,Consumer,Retail,4,138.33,553.31,0
ORD-007913,2023-09-01,South,Widget A,SMB,Online,3,354.21,1062.64,0
ORD-007914,2023-11-14,North,Widget B,Enterprise,Partners,2,476.5,953.01,5
ORD-007915,2024-01-07,South,Widget C,Consumer,Online,2,439.59,879.19,5
ORD-007916,2023-09-15,East,Widget A,SMB,Partners,4,145.12,580.48,5
ORD-007917,2023-08-13,South,Widget C,Consumer,Online,2,70.06,140.13,10
ORD-007918,2023-12-25,West,Widget C,SMB,Online,3,11.78,35.34,5
ORD-007919,2023-01-22,North,Gadget X,Consumer,Retail,4,172.67,690.66,15
ORD-007920,2024-11-27,South,Widget A,Enterprise,Online,1,453.82,453.82,0
ORD-007921,2023-01-11,North,Gadget X,SMB,Online,2,460.45,920.89,5
ORD-007922,2023-01-30,South,Widget A,Consumer,Retail,2,441.9,883.8,0
ORD-007923,2024-11-15,West,Gadget X,Enterprise,Retail,2,83.89,167.79,5
ORD-007924,2024-06-14,South,Gadget Y,Consumer,Online,3,161.93,485.79,5
ORD-007925,2023-04-08,South,Widget A,SMB,Retail,2,57.62,115.23,10
ORD-007926,2025-04-20,North,Widget B,Consumer,Retail,2,463.16,926.32,5
ORD-007927,2024-05-26,North,Widget C,Enterprise,Partners,1,350.16,350.16,10
ORD-007928,2023-05-23,,Widget C,Enterprise,Partners,1,288.11,288.11,0
ORD-007929,2024-02-08,West,Service Plan,SMB,Retail,3,337.66,1012.98,5
ORD-007930,2023-10-09,South,Widget A,SMB,Retail,6,58.09,348.52,0
ORD-007931,2023-01-13,North,Widget A,SMB,Retail,3,44.66,133.99,5
ORD-007932,2025-02-19,East,Widget C,Enterprise,Retail,5,341.26,1706.28,10
ORD-007933,2023-01-31,East,Widget B,SMB,Online,2,70.79,141.58,15
ORD-007934,2024-01-28,West,Widget C,Consumer,Partners,4,138.21,552.85,0
ORD-007935,2023-06-29,North,Service Plan,SMB,Online,3,223.72,671.16,5
ORD-007936,2025-02-11,North,Widget B,Consumer,Retail,1,342.47,342.47,0
ORD-007937,2024-05-17,West,Gadget X,SMB,Online,3,349.73,1049.19,0
ORD-007938,2023-08-20,South,Widget A,SMB,Online,4,123.56,494.24,0
ORD-007939,2023-12-01,West,Gadget Y,Enterprise,Online,3,433.74,1301.22,0
ORD-007940,2025-02-23,East,Gadget X,Consumer,Online,4,229.49,917.94,10
ORD-007941,2024-11-02,West,Widget A,Enterprise,Retail,3,205.49,616.48,5
ORD-007942,2025-02-27,East,Widget B,Enterprise,Online,4,122.68,490.71,5
ORD-007943,2023-10-30,West,Service Plan,Enterprise,Partners,3,169.12,507.35,10
ORD-007944,2025-01-30,East,Gadget Y,SMB,Online,3,264.39,793.18,5
ORD-007945,2024-03-16,South,Widget C,Consumer,Retail,3,109.7,329.1,0
ORD-007946,2023-03-20,,Widget A,SMB,Online,3,312.78,938.35,5
ORD-007947,2023-11-02,East,Widget B,SMB,Online,3,218.72,656.15,0
ORD-007948,2025-05-11,West,Widget A,Enterprise,Online,3,339.17,1017.52,10
ORD-007949,2024-10-01,West,Widget B,SMB,Online,4,488.94,1955.78,0
ORD-007950,2025-03-09,East,Widget C,Consumer,Retail,4,428.42,1713.69,0
ORD-007951,2023-05-08,South,Widget B,SMB,Retail,4,314.99,1259.98,0
ORD-007952,2024-01-05,West,Widget C,Enterprise,Partners,3,491.95,1475.86,10
ORD-007953,2024-11-20,South,Gadget Y,Enterprise,Retail,1,57.68,57.68,0
ORD-007954,2024-04-10,South,Widget C,Enterprise,Partners,4,47.85,191.41,0
ORD-007955,2023-02-02,South,Widget C,Consumer,Retail,2,340.2,680.39,10
ORD-007956,2024-08-24,West,Widget A,Consumer,Online,2,297.75,595.49,0
ORD-007957,2024-11-14,West,Widget C,Enterprise,Partners,3,130.79,392.37,10
ORD-007958,2023-08-21,East,Widget A,Consumer,Online,3,464.26,1392.79,0
ORD-007959,2023-08-18,East,Gadget X,Consumer,Online,1,120.41,120.41,10
ORD-007960,2023-06-08,West,Widget A,Enterprise,Online,6,351.88,2111.3,5
ORD-007961,2024-11-20,South,Widget B,Consumer,Partners,5,304.28,1521.4,0
ORD-007962,2023-08-07,West,Widget B,SMB,Online,3,44.72,134.16,5
ORD-007963,2023-11-24,South,Widget A,Enterprise,Online,2,375.83,751.65,10
ORD-007964,2023-06-18,North,Gadget X,SMB,Online,4,361.2,1444.78,10
ORD-007965,2023-08-30,North,Widget A,Consumer,Partners,5,114.69,573.44,10
ORD-007966,2023-08-24,West,Widget B,SMB,Retail,1,103.83,103.83,15
ORD-007967,2023-05-19,North,Gadget X,Enterprise,Retail,3,247.7,743.11,20
ORD-007968,2023-02-17,West,Widget A,SMB,Online,4,161.32,645.26,10
ORD-007969,2023-08-12,West,Widget C,Enterprise,Online,1,324.09,324.09,5
ORD-007970,2023-04-25,South,Service Plan,Enterprise,Partners,4,15.99,63.95,15
ORD-007971,2023-11-26,West,Gadget X,Enterprise,Online,1,44.96,44.96,0
ORD-007972,2023-11-30,South,Widget A,Enterprise,Retail,2,46.87,93.75,5
ORD-007973,2024-03-26,West,Widget A,Enterprise,Online,4,141.15,564.62,0
ORD-007974,2024-05-13,South,Gadget X,SMB,Online,3,289.49,868.47,5
ORD-007975,2025-04-07,East,Widget B,Consumer,Online,4,492.23,1968.91,0
ORD-007976,2024-08-11,South,Widget A,Enterprise,Retail,3,71.2,213.61,0
ORD-007977,2024-12-26,West,Widget C,SMB,Retail,1,384.09,384.09,5
ORD-007978,2023-01-19,East,Gadget X,Consumer,Partners,2,66.42,132.83,5
ORD-007979,2024-02-21,East,Gadget Y,Enterprise,Online,5,396.98,1984.92,10
ORD-007980,2024-10-14,East,Widget C,SMB,Online,3,87.66,262.98,5
ORD-007981,2023-03-02,South,Gadget X,SMB,Retail,1,58.91,58.91,0
ORD-007982,2024-04-02,East,Gadget Y,Consumer,Online,3,40.4,121.21,10
ORD-007983,2023-11-11,West,Gadget Y,Consumer,Online,2,292.2,584.4,20
ORD-007984,2024-03-09,West,Gadget X,Enterprise,Partners,3,197.9,,0
ORD-007985,2024-05-23,West,Widget A,SMB,Partners,3,122.08,366.24,5
ORD-007986,2023-07-21,North,Widget C,Enterprise,Partners,4,395.74,1582.96,15
ORD-007987,2023-11-30,South,Widget B,Consumer,Partners,2,207.55,415.1,15
ORD-007988,2023-01-13,South,Gadget Y,Consumer,Retail,6,179.84,1079.03,0
ORD-007989,2023-06-21,South,Widget A,Consumer,Online,3,294.03,882.09,0
ORD-007990,2025-05-19,West,Gadget Y,Enterprise,Online,3,435.56,1306.69,5
ORD-007991,2024-05-12,North,Widget C,Enterprise,Online,2,108.9,217.8,10
ORD-007992,2024-02-11,North,Gadget Y,SMB,Online,2,349.18,698.36,0
ORD-007993,2023-06-09,West,Service Plan,Enterprise,Retail,4,254.59,1018.36,0
ORD-007994,2024-10-17,East,Service Plan,SMB,Online,3,233.62,700.87,0
ORD-007995,2025-03-06,West,Gadget X,SMB,Retail,2,441.03,882.05,10
ORD-007996,2023-03-27,East,Gadget Y,SMB,Online,4,266.02,1064.09,0
ORD-007997,2024-05-06,,Widget A,SMB,Online,3,128.83,386.49,0
ORD-007998,2024-06-18,West,Widget C,Enterprise,Online,5,23.01,115.06,10
ORD-007999,2024-10-30,South,Service Plan,Enterprise,Retail,3,344.74,1034.21,0
ORD-008000,2023-06-26,West,Gadget X,Consumer,Online,3,139.38,418.15,0
ORD-008001,2025-03-02,North,Widget A,Enterprise,Partners,4,290.23,1160.9,10
ORD-008002,2024-05-19,East,Widget A,SMB,Partners,2,185.52,371.04,5
ORD-008003,2025-01-31,North,Widget A,Enterprise,Online,4,134.93,539.7,20
ORD-008004,2024-01-15,East,Service Plan,SMB,Online,4,67.36,269.42,5
ORD-008005,2025-04-06,North,Service Plan,Consumer,Retail,6,199.37,1196.24,0
ORD-008006,2023-06-25,South,Gadget X,SMB,Partners,4,323.31,1293.22,0
ORD-008007,2023-01-06,West,Widget A,Enterprise,Partners,3,493.84,1481.51,0
ORD-008008,2024-01-09,East,Widget A,SMB,Online,1,248.75,248.75,5
ORD-008009,2024-06-24,East,Widget A,Enterprise,Online,1,450.07,450.07,0
ORD-008010,2023-05-23,South,Widget C,Consumer,Retail,4,186.9,747.61,5
ORD-008011,2023-02-09,North,Widget B,SMB,Online,2,371.11,742.23,5
ORD-008012,2024-10-01,,Service Plan,SMB,Online,4,164.36,657.46,5
ORD-008013,2024-03-18,South,Widget A,Consumer,Online,3,197.44,592.32,0
ORD-008014,2023-03-31,North,Gadget X,Consumer,Retail,3,317.72,953.17,5
ORD-008015,2025-05-18,West,Widget C,Consumer,Partners,1,314.93,314.93,5
ORD-008016,2024-03-27,West,Widget C,SMB,Online,1,408.56,408.56,15
ORD-008017,2023-10-26,North,Gadget X,Consumer,Partners,1,231.09,231.09,0
ORD-008018,2025-04-21,West,Widget A,Consumer,Online,2,76.7,153.41,15
ORD-008019,2023-10-24,South,Service Plan,Consumer,Retail,4,281.15,1124.62,5
ORD-008020,2024-07-26,North,Widget B,SMB,Online,2,167.32,334.64,0
ORD-008021,2025-01-11,East,Widget A,Enterprise,Retail,5,246.35,1231.76,0
ORD-008022,2024-09-06,North,Gadget X,SMB,Retail,1,235.52,235.52,0
ORD-008023,2023-02-10,East,Widget B,SMB,Online,4,353.82,1415.29,0
ORD-008024,2025-01-03,North,Gadget X,SMB,Online,4,27.03,108.14,0
ORD-008025,2024-07-20,West,Gadget X,Consumer,Retail,3,204.86,614.59,15
ORD-008026,2024-05-21,North,Widget A,Enterprise,Online,2,175.05,350.1,15
ORD-008027,2024-12-29,North,Widget B,SMB,Online,3,358.33,1075.0,10
ORD-008028,2024-11-11,South,Gadget X,Enterprise,Partners,2,474.7,949.41,15
ORD-008029,2024-03-15,West,Service Plan,Consumer,Online,3,308.43,925.3,10
ORD-008030,2023-11-03,North,Widget C,Enterprise,Retail,4,238.3,953.22,5
ORD-008031,2024-06-24,North,Gadget Y,SMB,Retail,4,393.43,1573.72,0
ORD-008032,2023-12-19,North,Gadget Y,Enterprise,Online,1,498.39,498.39,0
ORD-008033,2023-08-05,West,Gadget X,Consumer,Retail,4,487.81,1951.24,20
ORD-008034,2024-08-20,East,Widget A,Consumer,Partners,6,70.8,424.77,5
ORD-008035,2023-08-12,South,Service Plan,Consumer,Partners,3,7.03,21.08,10
ORD-008036,2024-04-07,East,Widget B,SMB,Online,3,286.09,858.27,10
ORD-008037,2023-08-30,North,Widget A,Consumer,Retail,3,223.63,670.88,15
ORD-008038,2024-05-16,East,Gadget Y,Enterprise,Partners,1,254.14,254.14,5
ORD-008039,2023-07-24,South,Gadget Y,Enterprise,Online,2,375.33,750.65,0
ORD-008040,2023-08-17,South,Widget B,Consumer,Retail,3,50.16,150.47,0
ORD-008041,2023-04-08,South,Widget C,Consumer,Online,3,71.76,215.28,0
ORD-008042,2025-03-17,East,Gadget Y,Enterprise,Online,4,355.59,1422.36,10
ORD-008043,2024-10-17,South,Widget A,SMB,Online,7,491.6,3441.22,0
ORD-008044,2023-06-07,West,Widget C,Enterprise,Online,2,334.9,669.81,5
ORD-008045,2023-01-26,North,Gadget X,Enterprise,Online,2,32.15,64.3,0
ORD-008046,2023-11-04,East,Widget A,SMB,Retail,4,93.29,373.15,0
ORD-008047,2023-11-10,North,Widget C,Enterprise,Retail,4,490.62,1962.47,0
ORD-008048,2025-03-05,South,Widget B,Consumer,Retail,2,492.65,985.3,0
ORD-008049,2025-04-07,North,Gadget Y,SMB,Retail,2,22.07,44.13,15
ORD-008050,2023-04-04,South,Widget A,SMB,Online,3,18.46,55.39,0
ORD-008051,2023-10-04,North,Widget A,SMB,Online,1,182.61,182.61,0
ORD-008052,2025-01-20,West,Gadget X,Consumer,Online,2,314.0,627.99,0
ORD-008053,2025-04-12,East,Service Plan,Enterprise,Retail,2,428.5,857.0,0
ORD-008054,2025-03-18,South,Widget C,Enterprise,Online,4,158.33,633.34,0
ORD-008055,2024-06-10,North,Widget B,SMB,Partners,2,480.33,960.65,5
ORD-008056,2023-03-16,West,Widget A,SMB,Retail,2,333.75,667.5,5
ORD-008057,2023-04-27,West,Widget A,Enterprise,Online,4,84.8,339.19,0
ORD-008058,2024-02-16,West,Gadget X,Consumer,Retail,1,246.24,246.24,5
ORD-008059,2025-06-08,East,Widget A,Consumer,Retail,3,250.41,751.22,0
ORD-008060,2025-06-13,South,Widget C,Consumer,Partners,1,88.78,88.78,10
ORD-008061,2024-04-03,East,Widget C,Enterprise,Online,4,91.01,364.04,0
ORD-008062,2025-01-14,North,Widget A,SMB,Online,1,460.48,460.48,5
ORD-008063,2023-08-27,North,Widget B,Enterprise,Partners,2,39.4,78.8,0
ORD-008064,2023-02-25,East,Gadget X,SMB,Online,3,186.69,560.07,10
ORD-008065,2025-01-18,East,Widget B,SMB,Partners,4,156.9,627.61,5
ORD-008066,2024-06-03,South,Widget C,Enterprise,Partners,3,362.99,1088.96,10
ORD-008067,2024-11-24,East,Widget B,SMB,Retail,5,84.02,420.09,5
ORD-008068,2023-08-19,North,Service Plan,Enterprise,Partners,4,30.71,122.85,0
ORD-008069,2024-12-15,South,Widget A,Enterprise,Retail,2,178.4,356.79,0
ORD-008070,2025-02-14,East,Widget C,SMB,Partners,4,188.42,753.69,0
ORD-008071,2023-08-17,West,Widget B,Enterprise,Online,5,240.09,1200.47,5
ORD-008072,2025-04-03,North,Widget C,Enterprise,Online,4,333.42,1333.67,0
ORD-008073,2023-05-16,West,Widget A,Consumer,Online,3,370.85,1112.54,10
ORD-008074,2024-01-17,,Gadget X,SMB,Partners,3,187.79,563.38,10
ORD-008075,2024-12-25,South,Widget A,Consumer,Online,4,320.51,1282.03,0
ORD-008076,2023-06-25,South,Gadget X,SMB,Online,2,246.19,492.38,0
ORD-008077,2024-01-13,East,Service Plan,SMB,Retail,3,10.12,30.35,10
ORD-008078,2024-08-20,North,Widget B,SMB,Online,2,441.49,882.97,10
ORD-008079,2024-01-17,North,Service Plan,Enterprise,Online,5,288.62,1443.11,15
ORD-008080,2024-02-03,East,Widget C,SMB,Online,5,221.02,1105.09,5
ORD-008081,2024-05-27,South,Widget B,Enterprise,Online,3,223.9,671.69,0
ORD-008082,2024-01-07,East,Service Plan,SMB,Retail,1,233.18,233.18,0
ORD-008083,2025-01-26,East,Widget C,Consumer,Online,3,282.31,846.93,15
ORD-008084,2023-03-14,South,Gadget X,Consumer,Partners,2,132.4,264.81,10
ORD-008085,2024-01-06,South,Gadget X,Enterprise,Retail,3,316.87,950.61,5
ORD-008086,2023-10-13,East,Widget A,SMB,Online,3,375.54,1126.62,5
ORD-008087,2023-10-07,South,Widget C,SMB,Online,4,165.34,661.34,0
ORD-008088,2025-04-08,East,Gadget X,Consumer,Retail,2,130.77,261.53,5
ORD-008089,2023-07-08,,Widget B,Enterprise,Partners,3,303.32,909.97,0
ORD-008090,2024-02-10,South,Widget A,Enterprise,Online,4,425.08,1700.31,0
ORD-008091,2025-06-17,East,Widget A,Enterprise,Online,1,179.73,179.73,5
ORD-008092,2023-10-12,North,Gadget Y,Consumer,Retail,5,489.95,2449.76,0
ORD-008093,2024-04-11,West,Widget B,Enterprise,Retail,2,290.01,580.03,5
ORD-008094,2025-03-10,South,Widget A,Enterprise,Online,1,144.03,144.03,10
ORD-008095,2025-03-08,East,Gadget X,SMB,Online,1,163.28,163.28,0
ORD-008096,2024-10-08,South,Gadget Y,Enterprise,Retail,2,255.99,511.97,5
ORD-008097,2023-09-21,East,Gadget Y,SMB,Online,4,204.41,817.65,10
ORD-008098,2024-10-26,East,Service Plan,SMB,Online,4,281.61,1126.45,0
ORD-008099,2023-05-20,South,Widget B,SMB,Retail,5,19.06,95.3,15
ORD-008100,2023-06-16,East,Gadget X,Consumer,Retail,2,440.33,880.66,10
ORD-008101,2024-09-20,South,Widget A,SMB,Retail,3,412.22,1236.65,5
ORD-008102,2023-12-06,East,Widget B,Enterprise,Online,3,305.43,916.28,0
ORD-008103,2024-01-21,South,Widget A,SMB,Online,2,173.07,346.15,0
ORD-008104,2023-02-03,West,Widget B,Enterprise,Online,3,490.3,1470.9,10
ORD-008105,2023-12-03,East,Gadget X,SMB,Partners,1,436.76,436.76,15
ORD-008106,2025-01-29,South,Widget A,Consumer,Online,3,323.08,969.24,5
ORD-008107,2025-05-04,West,Service Plan,Enterprise,Partners,3,247.32,741.97,5
ORD-008108,2024-12-09,East,Widget C,Enterprise,Online,4,157.04,628.16,5
ORD-008109,2024-01-30,West,Service Plan,Enterprise,Retail,3,89.6,268.81,0
ORD-008110,2025-05-08,South,Widget B,Enterprise,Partners,2,142.68,285.37,15
ORD-008111,2023-10-25,North,Gadget X,Enterprise,Partners,2,17.55,35.1,15
ORD-008112,2024-11-25,,Widget A,SMB,Retail,3,474.23,1422.7,15
ORD-008113,2024-03-28,West,Gadget X,Enterprise,Retail,2,377.35,754.71,0
ORD-008114,2023-01-28,North,Widget A,Enterprise,Online,6,173.4,1040.4,0
ORD-008115,2023-09-21,North,Widget A,Enterprise,Online,2,211.0,422.01,0
ORD-008116,2024-04-08,East,Widget B,Enterprise,Partners,3,412.54,1237.61,5
ORD-008117,2023-10-31,East,Gadget Y,Enterprise,Partners,3,86.74,260.22,0
ORD-008118,2025-05-20,South,Widget A,SMB,Partners,5,276.05,1380.24,0
ORD-008119,2024-07-28,North,Service Plan,Consumer,Partners,1,66.94,66.94,15
ORD-008120,2023-11-04,West,Widget B,Enterprise,Retail,1,244.33,244.33,0
ORD-008121,2023-10-30,North,Widget A,SMB,Online,2,170.46,340.92,0
ORD-008122,2023-08-07,North,Gadget Y,SMB,Retail,3,346.5,1039.51,0
ORD-008123,2023-04-26,North,Gadget X,Enterprise,Online,3,129.44,388.32,5
ORD-008124,2023-12-08,West,Service Plan,Enterprise,Partners,2,376.74,753.49,5
ORD-008125,2023-02-28,West,Widget B,Enterprise,Online,1,112.33,112.33,5
ORD-008126,2025-03-19,South,Widget B,SMB,Online,4,326.79,1307.17,0
ORD-008127,2024-07-16,West,Widget C,Enterprise,Online,3,363.9,1091.69,0
ORD-008128,2024-08-13,North,Widget B,Consumer,Online,3,361.16,1083.48,0
ORD-008129,2024-11-10,North,Widget C,Enterprise,Online,4,9.91,39.62,0
ORD-008130,2023-03-17,South,Widget C,Enterprise,Online,5,322.85,1614.27,0
ORD-008131,2023-01-05,East,Widget A,Enterprise,Retail,3,85.19,255.57,0
ORD-008132,2024-03-02,West,Gadget X,Enterprise,Retail,2,163.92,327.83,5
ORD-008133,2025-01-06,South,Widget A,Enterprise,Retail,2,290.55,581.1,0
ORD-008134,2024-07-08,,Widget A,Enterprise,Online,3,221.38,664.14,0
ORD-008135,2024-04-22,,Gadget X,Consumer,Partners,2,435.86,871.73,5
ORD-008136,2024-08-13,South,Service Plan,Enterprise,Retail,3,43.46,130.37,0
ORD-008137,2024-02-14,South,Widget A,Consumer,Online,2,177.06,354.13,10
ORD-008138,2023-06-06,,Widget B,Consumer,Partners,6,235.69,1414.11,5
ORD-008139,2023-04-24,North,Gadget X,SMB,Retail,3,157.59,472.78,5
ORD-008140,2023-03-12,West,Widget C,SMB,Online,3,462.99,1388.97,10
ORD-008141,2024-04-12,East,Widget B,SMB,Online,4,158.75,635.0,0
ORD-008142,2024-01-21,East,Widget C,Enterprise,Partners,2,465.64,931.29,10
ORD-008143,2024-11-30,South,Gadget Y,SMB,Online,2,154.64,309.28,0
ORD-008144,2024-03-17,South,Gadget X,SMB,Online,2,150.07,300.13,0
ORD-008145,2024-03-03,North,Service Plan,Enterprise,Retail,4,469.51,1878.05,0
ORD-008146,2024-02-26,South,Gadget X,Consumer,Online,6,463.87,2783.21,0
ORD-008147,2024-03-01,East,Service Plan,Consumer,Retail,5,192.79,963.94,0
ORD-008148,2024-04-11,South,Widget B,Enterprise,Partners,4,115.48,461.91,5
ORD-008149,2024-06-01,North,Service Plan,Consumer,Online,4,191.25,765.01,5
ORD-008150,2024-11-05,South,Widget C,Consumer,Online,1,208.65,208.65,0
ORD-008151,2024-03-10,South,Widget C,Enterprise,Online,4,451.27,1805.07,0
ORD-008152,2024-12-30,North,Widget B,SMB,Partners,6,250.42,1502.51,0
ORD-008153,2023-03-20,North,Gadget Y,Enterprise,Online,1,180.42,180.42,0
ORD-008154,2024-05-10,West,Widget B,SMB,Partners,4,296.49,1185.96,0
ORD-008155,2025-01-09,West,Widget A,Enterprise,Online,3,360.03,1080.09,5
ORD-008156,2024-04-14,North,Service Plan,Consumer,Online,4,54.05,216.19,0
ORD-008157,2023-11-23,West,Service Plan,SMB,Online,1,427.76,427.76,20
ORD-008158,2023-06-21,East,Widget C,Consumer,Online,4,91.08,364.34,0
ORD-008159,2024-07-03,North,Gadget X,Consumer,Online,4,248.73,994.94,0
ORD-008160,2025-02-07,South,Widget A,Consumer,Retail,1,467.77,467.77,0
ORD-008161,2025-01-21,East,Service Plan,Consumer,Partners,2,69.79,139.58,15
ORD-008162,2024-12-09,West,Service Plan,Enterprise,Partners,4,291.15,1164.59,5
ORD-008163,2024-12-22,West,Widget B,Enterprise,Retail,2,477.31,954.62,0
ORD-008164,2024-12-21,South,Service Plan,Enterprise,Online,5,197.18,985.91,5
ORD-008165,2023-10-12,West,Gadget Y,SMB,Retail,3,370.65,1111.96,5
ORD-008166,2024-11-02,South,Widget A,Enterprise,Partners,4,115.1,460.4,0
ORD-008167,2023-10-11,South,Widget B,Enterprise,Online,3,63.27,189.8,5
ORD-008168,2024-01-06,South,Widget B,SMB,Online,3,51.73,155.18,10
ORD-008169,2025-05-21,North,Service Plan,Enterprise,Online,4,104.25,416.98,0
ORD-008170,2023-01-17,South,Widget B,Enterprise,Online,2,342.46,684.91,0
ORD-008171,2025-03-26,South,Widget B,Enterprise,Online,2,274.16,548.33,0
ORD-008172,2024-02-11,South,Widget C,Enterprise,Partners,3,380.57,1141.71,0
ORD-008173,2025-03-02,West,Widget A,SMB,Retail,2,36.54,73.08,0
ORD-008174,2024-09-21,East,Widget C,Enterprise,Online,1,77.17,77.17,5
ORD-008175,2023-06-15,West,Widget A,Consumer,Online,1,65.95,65.95,0
ORD-008176,2023-09-23,North,Widget B,Consumer,Partners,1,312.36,312.36,5
ORD-008177,2024-02-02,East,Service Plan,SMB,Online,2,161.82,323.64,0
ORD-008178,2024-01-18,North,Gadget X,Enterprise,Retail,4,128.77,515.09,5
ORD-008179,2024-09-15,South,Gadget X,SMB,Partners,1,156.58,156.58,0
ORD-008180,2024-12-01,East,Gadget Y,Consumer,Online,2,281.31,562.62,0
ORD-008181,2025-02-26,East,Widget A,Consumer,Online,2,147.71,295.41,0
ORD-008182,2024-10-27,East,Widget B,SMB,Partners,2,361.92,723.83,5
ORD-008183,2024-09-08,South,Widget C,SMB,Retail,1,135.03,135.03,5
ORD-008184,2024-01-26,South,Widget A,Consumer,Retail,6,36.95,221.7,0
ORD-008185,2024-05-11,East,Gadget Y,Consumer,Online,3,406.3,1218.89,5
ORD-008186,2024-05-12,South,Widget B,Consumer,Partners,1,53.76,53.76,5
ORD-008187,2024-04-22,South,Widget A,SMB,Retail,3,51.57,154.7,0
ORD-008188,2024-10-28,East,Gadget X,Enterprise,Online,4,85.36,341.44,0
ORD-008189,2024-08-15,East,Gadget X,SMB,Online,7,107.11,749.76,10
ORD-008190,2024-03-23,East,Widget B,Consumer,Online,5,374.29,1871.44,0
ORD-008191,2024-04-10,North,Gadget Y,SMB,Retail,2,424.99,849.98,0
ORD-008192,2024-08-15,North,Gadget Y,Enterprise,Retail,5,408.11,2040.57,10
ORD-008193,2023-12-26,South,Widget B,Enterprise,Partners,5,94.43,472.17,5
ORD-008194,2025-01-24,South,Service Plan,Enterprise,Online,2,294.88,589.76,0
ORD-008195,2023-01-19,South,Service Plan,Consumer,Online,4,484.05,1936.2,10
ORD-008196,2023-02-13,North,Service Plan,SMB,Online,4,5.52,22.09,5
ORD-008197,2025-03-08,North,Gadget Y,Enterprise,Online,7,450.07,3150.52,10
ORD-008198,2023-08-21,North,Widget C,SMB,Online,3,163.62,490.85,5
ORD-008199,2023-11-04,South,Widget B,SMB,Online,4,274.36,1097.43,5
ORD-008200,2023-11-25,South,Widget B,Enterprise,Retail,2,463.96,927.92,0
ORD-008201,2024-06-17,North,Gadget X,Consumer,Retail,1,281.65,281.65,0
ORD-008202,2024-05-17,North,Gadget X,Enterprise,Online,3,141.9,425.7,0
ORD-008203,2023-07-08,West,Widget A,Consumer,Retail,2,56.5,112.99,0
ORD-008204,2023-09-29,West,Widget B,Enterprise,Online,7,153.68,1075.79,10
ORD-008205,2023-09-14,South,Widget B,SMB,Online,2,178.41,356.81,10
ORD-008206,2024-04-09,South,Service Plan,SMB,Online,3,236.0,708.0,10
ORD-008207,2024-09-26,North,Widget B,Consumer,Online,3,188.81,566.43,0
ORD-008208,2024-11-18,East,Widget C,Enterprise,Retail,3,46.93,140.78,0
ORD-008209,2023-05-06,East,Gadget X,Enterprise,Online,3,450.71,1352.12,0
ORD-008210,2024-12-11,East,Service Plan,Enterprise,Retail,4,167.4,669.61,0
ORD-008211,2023-01-20,West,Widget A,SMB,Online,5,293.73,1468.67,0
ORD-008212,2025-01-21,West,Widget B,Enterprise,Online,4,275.73,,10
ORD-008213,2023-07-11,East,Widget A,Consumer,Online,3,62.48,187.43,10
ORD-008214,2023-06-15,South,Widget C,Consumer,Online,5,351.63,1758.16,0
ORD-008215,2024-02-06,North,Widget C,Enterprise,Retail,4,146.89,587.56,0
ORD-008216,2023-01-05,South,Widget C,Consumer,Retail,3,239.3,717.91,0
ORD-008217,2023-07-19,South,Widget C,Consumer,Retail,1,179.31,179.31,0
ORD-008218,2024-03-25,East,Service Plan,SMB,Retail,3,390.18,1170.53,5
ORD-008219,2025-06-13,East,Widget A,SMB,Online,3,260.78,782.35,5
ORD-008220,2025-03-07,North,Service Plan,SMB,Online,1,344.52,,5
ORD-008221,2023-11-15,West,Gadget Y,SMB,Online,2,80.27,160.53,5
ORD-008222,2024-02-05,East,Widget A,Consumer,Online,5,471.59,2357.94,0
ORD-008223,2024-07-13,North,Gadget X,SMB,Partners,3,18.96,56.87,0
ORD-008224,2025-04-06,West,Service Plan,SMB,Retail,3,123.66,370.98,5
ORD-008225,2025-03-20,East,Widget C,SMB,Online,3,270.8,812.4,5
ORD-008226,2024-11-24,West,Widget A,Enterprise,Online,2,385.3,770.61,0
ORD-008227,2023-10-11,South,Gadget X,Enterprise,Online,7,239.01,1673.1,0
ORD-008228,2024-02-15,South,Gadget X,SMB,Online,2,352.95,705.89,0
ORD-008229,2024-12-15,East,Widget A,Enterprise,Retail,3,332.46,997.39,5
ORD-008230,2024-03-27,South,Widget C,Enterprise,Online,1,356.75,356.75,10
ORD-008231,2024-01-08,West,Widget B,Enterprise,Partners,2,454.87,909.73,0
ORD-008232,2023-01-29,North,Gadget X,SMB,Partners,1,223.35,223.35,5
ORD-008233,2024-12-18,South,Widget B,SMB,Online,3,110.79,332.37,0
ORD-008234,2023-10-10,South,Widget C,Consumer,Retail,4,407.28,1629.13,15
ORD-008235,2024-09-08,West,Service Plan,SMB,Retail,3,189.0,566.99,0
ORD-008236,2024-01-25,North,Gadget Y,SMB,Retail,3,122.06,366.18,0
ORD-008237,2023-07-23,,Widget B,Consumer,Retail,2,23.46,46.92,5
ORD-008238,2023-07-26,North,Gadget X,SMB,Retail,3,456.01,1368.03,0
ORD-008239,2023-05-05,East,Gadget Y,SMB,Online,2,341.56,683.12,10
ORD-008240,2023-07-04,South,Widget A,Enterprise,Partners,3,203.17,609.52,15
ORD-008241,2024-03-03,East,Gadget Y,Consumer,Online,3,106.9,320.7,10
ORD-008242,2024-02-28,North,Widget C,Enterprise,Retail,2,466.88,933.76,10
ORD-008243,2025-02-25,East,Widget B,SMB,Online,4,89.84,359.36,0
ORD-008244,2023-04-27,South,Gadget Y,Enterprise,Online,1,263.04,263.04,5
ORD-008245,2023-10-20,West,Gadget X,Consumer,Retail,4,109.12,436.47,5
ORD-008246,2023-05-27,South,Widget C,Enterprise,Online,4,386.04,1544.16,15
ORD-008247,2023-08-15,West,Gadget Y,Consumer,Online,2,238.55,477.09,0
ORD-008248,2023-01-31,South,Widget A,Consumer,Retail,1,95.51,95.51,10
ORD-008249,2025-06-06,East,Service Plan,Consumer,Online,2,75.41,150.83,5
ORD-008250,2023-08-27,North,Widget B,Consumer,Online,3,6.82,20.47,0
ORD-008251,2024-06-13,South,Gadget X,Enterprise,Retail,3,303.49,910.47,5
ORD-008252,2023-03-16,West,Widget C,Enterprise,Partners,6,255.8,1534.81,5
ORD-008253,2025-05-10,South,Service Plan,SMB,Online,2,107.59,215.18,20
ORD-008254,2024-04-09,East,Widget B,Consumer,Partners,2,12.94,25.88,0
ORD-008255,2024-07-22,North,Widget A,Enterprise,Retail,4,412.93,1651.72,0
ORD-008256,2025-01-25,East,Widget C,SMB,Partners,3,411.98,1235.95,5
ORD-008257,2025-04-03,South,Gadget Y,Enterprise,Retail,4,276.65,1106.6,0
ORD-008258,2023-04-21,North,Widget B,Enterprise,Retail,5,41.39,206.96,10
ORD-008259,2025-02-05,East,Widget B,SMB,Online,1,55.88,55.88,0
ORD-008260,2024-03-01,East,Widget C,Enterprise,Online,3,75.28,225.85,10
ORD-008261,2023-10-20,West,Widget A,Consumer,Online,3,357.65,1072.96,0
ORD-008262,2025-01-06,East,Widget B,SMB,Online,2,496.92,993.85,0
ORD-008263,2024-07-28,East,Widget B,SMB,Partners,3,58.37,175.11,10
ORD-008264,2023-12-14,South,Widget B,SMB,Online,4,209.65,838.61,10
ORD-008265,2023-02-01,West,Widget A,Enterprise,Partners,3,264.98,794.94,10
ORD-008266,2023-01-27,South,Widget A,Consumer,Online,1,420.57,420.57,5
ORD-008267,2025-01-05,South,Widget A,SMB,Online,6,360.53,2163.19,0
ORD-008268,2023-09-28,South,Widget B,SMB,Online,2,411.76,823.51,0
ORD-008269,2024-10-22,West,Service Plan,Enterprise,Partners,1,445.83,445.83,0
ORD-008270,2024-02-12,South,Widget A,Enterprise,Retail,3,309.49,928.46,5
ORD-008271,2024-08-13,South,Widget B,SMB,Retail,3,417.09,1251.27,20
ORD-008272,2023-01-20,East,Widget A,SMB,Online,3,247.49,742.47,0
ORD-008273,2024-11-16,South,Widget B,Consumer,Online,4,31.48,125.94,0
ORD-008274,2025-01-15,East,Service Plan,SMB,Online,3,113.05,339.15,0
ORD-008275,2024-04-19,East,Gadget Y,Enterprise,Partners,4,478.87,1915.5,0
ORD-008276,2023-01-28,South,Widget C,Enterprise,Partners,4,199.21,796.85,0
ORD-008277,2024-08-25,South,Widget A,Enterprise,Online,2,254.56,509.13,5
ORD-008278,2023-07-08,North,Service Plan,SMB,Retail,4,484.33,1937.33,5
ORD-008279,2025-03-23,North,Widget B,Enterprise,Partners,2,349.83,699.67,0
ORD-008280,2023-09-05,North,Gadget X,Enterprise,Online,2,207.98,415.95,0
ORD-008281,2025-02-24,South,Gadget X,Enterprise,Online,5,345.15,1725.74,5
ORD-008282,2023-07-08,South,Widget B,Enterprise,Online,2,276.6,553.19,0
ORD-008283,2024-06-20,West,Widget B,Consumer,Online,4,480.22,,5
ORD-008284,2023-01-28,South,Widget A,Enterprise,Online,3,10.28,30.84,0
ORD-008285,2024-08-30,East,Widget C,Consumer,Retail,4,246.29,985.17,0
ORD-008286,2024-05-28,South,Widget C,Enterprise,Online,2,348.06,696.11,5
ORD-008287,2025-04-08,East,Gadget X,SMB,Partners,5,277.55,1387.74,5
ORD-008288,2025-02-05,South,Service Plan,Enterprise,Online,4,160.63,642.53,5
ORD-008289,2025-02-14,South,Gadget X,SMB,Online,3,298.03,894.08,5
ORD-008290,2024-02-04,North,Widget C,SMB,Online,1,17.77,17.77,0
ORD-008291,2023-07-12,South,Widget C,Consumer,Retail,3,377.99,1133.97,0
ORD-008292,2023-12-31,North,Widget C,SMB,Partners,3,334.63,1003.88,0
ORD-008293,2023-11-12,West,Gadget Y,Enterprise,Online,2,175.65,351.29,5
ORD-008294,2023-09-16,West,Service Plan,Enterprise,Online,3,445.39,1336.18,5
ORD-008295,2024-03-07,North,Widget B,SMB,Partners,7,367.16,2570.1,0
ORD-008296,2023-12-03,North,Service Plan,Consumer,Online,1,121.14,121.14,20
ORD-008297,2025-03-25,West,Widget A,Enterprise,Online,3,183.8,551.39,15
ORD-008298,2023-02-25,South,Widget A,SMB,Online,1,38.04,38.04,5
ORD-008299,2025-04-05,East,Widget A,SMB,Online,2,353.59,707.17,10
ORD-008300,2023-05-29,North,Gadget X,Enterprise,Partners,3,108.77,326.32,0
ORD-008301,2024-04-14,West,Widget C,Consumer,Retail,2,225.03,450.05,0
ORD-008302,2025-05-09,East,Gadget X,SMB,Partners,3,233.43,700.29,0
ORD-008303,2024-11-23,South,Gadget X,SMB,Retail,4,172.49,689.95,0
ORD-008304,2023-12-17,North,Gadget X,Consumer,Online,5,340.57,1702.85,0
ORD-008305,2025-04-20,North,Widget B,Enterprise,Partners,2,485.49,970.97,10
ORD-008306,2023-11-28,South,Gadget Y,SMB,Retail,2,63.98,127.96,5
ORD-008307,2023-03-27,North,Gadget X,Consumer,Partners,2,280.07,560.15,5
ORD-008308,2025-04-01,East,Service Plan,Enterprise,Online,2,78.9,157.8,10
ORD-008309,2023-10-02,South,Widget C,Consumer,Retail,6,114.73,688.37,0
ORD-008310,2025-04-11,East,Widget B,Consumer,Online,1,231.57,231.57,0
ORD-008311,2023-12-24,West,Widget C,SMB,Online,3,89.28,267.85,15
ORD-008312,2025-04-22,West,Widget A,Enterprise,Online,2,70.22,140.44,5
ORD-008313,2023-03-14,West,Gadget Y,SMB,Retail,1,316.58,316.58,5
ORD-008314,2024-03-11,,Gadget X,Enterprise,Online,3,354.07,1062.21,0
ORD-008315,2023-12-17,East,Widget B,SMB,Online,3,441.8,1325.4,10
ORD-008316,2025-04-29,North,Gadget X,Consumer,Online,5,154.98,774.92,0
ORD-008317,2023-09-29,North,Widget C,SMB,Partners,4,432.18,1728.74,0
ORD-008318,2025-03-30,West,Gadget Y,Enterprise,Retail,2,11.27,22.54,20
ORD-008319,2024-09-07,East,Widget A,Enterprise,Retail,7,174.58,,5
ORD-008320,2023-01-20,East,Widget C,Enterprise,Retail,2,127.47,,0
ORD-008321,2024-04-27,North,Widget A,Consumer,Partners,3,172.77,518.32,0
ORD-008322,2024-07-12,South,Gadget X,Consumer,Retail,1,366.39,366.39,15
ORD-008323,2024-11-25,East,Gadget X,Enterprise,Retail,4,462.26,1849.04,0
ORD-008324,2023-02-15,East,Widget C,SMB,Online,4,134.55,538.22,5
ORD-008325,2023-12-29,South,Widget B,Consumer,Online,2,299.17,598.34,5
ORD-008326,2024-11-07,South,Widget A,SMB,Retail,1,391.8,,15
ORD-008327,2023-01-23,North,Widget A,Consumer,Retail,6,334.22,2005.32,15
ORD-008328,2024-01-21,East,Gadget X,Enterprise,Online,2,185.54,371.07,0
ORD-008329,2025-02-10,South,Widget A,Enterprise,Online,2,341.34,682.68,20
ORD-008330,2023-10-10,South,Gadget X,SMB,Partners,2,48.03,96.06,0
ORD-008331,2023-07-11,South,Gadget X,SMB,Partners,5,279.23,1396.16,15
ORD-008332,2023-05-10,West,Widget A,SMB,Online,2,478.86,957.71,0
ORD-008333,2025-01-10,East,Widget B,Enterprise,Partners,2,173.37,346.73,0
ORD-008334,2025-06-07,East,Widget B,Enterprise,Retail,3,192.34,577.02,10
ORD-008335,2023-06-15,East,Widget B,Enterprise,Online,2,102.78,205.56,10
ORD-008336,2024-08-25,North,Gadget X,SMB,Online,2,184.69,369.39,0
ORD-008337,2023-03-23,North,Widget A,Enterprise,Retail,2,52.03,104.05,0
ORD-008338,2024-07-03,North,Gadget X,Consumer,Online,2,77.81,155.61,10
ORD-008339,2024-04-17,South,Widget A,Enterprise,Retail,4,327.9,1311.6,0
ORD-008340,2024-05-26,North,Gadget X,Consumer,Retail,2,208.31,416.61,5
ORD-008341,2024-07-29,West,Gadget X,SMB,Retail,3,305.2,915.61,0
ORD-008342,2025-01-22,East,Gadget X,Enterprise,Partners,3,473.69,1421.06,5
ORD-008343,2024-11-08,West,Widget C,Consumer,Online,6,222.66,1335.95,0
ORD-008344,2025-04-18,North,Widget A,Enterprise,Online,2,463.13,926.26,10
ORD-008345,2024-08-25,West,Gadget Y,Enterprise,Online,4,194.38,777.52,10
ORD-008346,2025-05-29,North,Widget C,SMB,Retail,2,297.01,594.01,5
ORD-008347,2023-12-14,South,Widget B,SMB,Online,3,133.76,401.28,0
ORD-008348,2025-02-20,East,Gadget X,Consumer,Online,4,295.55,1182.2,0
ORD-008349,2023-09-09,East,Widget A,Consumer,Online,2,209.3,418.61,0
ORD-008350,2025-01-01,South,Widget B,Consumer,Online,2,417.56,835.12,15
ORD-008351,2025-04-12,West,Gadget X,SMB,Online,3,35.42,106.26,15
ORD-008352,2025-01-20,East,Gadget X,SMB,Online,4,227.49,909.95,0
ORD-008353,2023-10-22,South,Widget B,Consumer,Online,2,183.97,367.95,10
ORD-008354,2023-03-16,South,Widget A,Enterprise,Retail,2,356.89,713.78,0
ORD-008355,2025-01-12,West,Widget B,Consumer,Online,3,63.02,189.06,5
ORD-008356,2023-02-15,East,Widget A,Enterprise,Partners,2,109.45,218.9,0
ORD-008357,2024-08-02,South,Gadget X,Enterprise,Online,2,231.66,463.32,5
ORD-008358,2023-07-20,East,Widget A,Enterprise,Online,4,420.97,1683.89,0
ORD-008359,2024-11-11,South,Widget A,SMB,Partners,3,490.77,1472.3,10
ORD-008360,2023-08-26,West,Widget A,Enterprise,Retail,4,348.38,1393.53,10
ORD-008361,2024-02-27,West,Gadget X,Consumer,Partners,2,409.3,818.6,0
ORD-008362,2024-12-25,West,Widget C,Enterprise,Online,2,361.9,723.81,10
ORD-008363,2024-03-23,South,Service Plan,Enterprise,Retail,3,52.52,157.57,15
ORD-008364,2023-10-14,West,Widget B,Enterprise,Online,4,369.23,1476.93,0
ORD-008365,2024-02-01,West,Service Plan,SMB,Online,2,385.28,,5
ORD-008366,2023-04-18,West,Gadget Y,SMB,Partners,3,239.7,719.11,10
ORD-008367,2025-02-03,South,Widget B,Consumer,Online,2,401.6,803.2,0
ORD-008368,2024-07-20,North,Widget B,SMB,Partners,5,467.7,2338.52,0
ORD-008369,2024-11-08,East,Widget B,SMB,Online,3,357.3,1071.91,5
ORD-008370,2024-09-16,South,Widget A,SMB,Online,4,198.05,792.19,0
ORD-008371,2024-04-08,East,Gadget X,Consumer,Retail,2,184.32,368.64,5
ORD-008372,2024-04-15,South,Gadget Y,SMB,Partners,2,439.88,879.76,0
ORD-008373,2023-06-13,East,Gadget Y,Enterprise,Online,4,6.16,24.66,5
ORD-008374,2023-12-06,South,Gadget X,Enterprise,Online,2,327.41,654.82,0
ORD-008375,2024-06-27,West,Gadget X,Consumer,Partners,3,314.53,943.6,10
ORD-008376,2023-08-27,West,Widget C,SMB,Online,4,315.92,1263.68,5
ORD-008377,2024-10-27,South,Widget B,Enterprise,Retail,3,161.52,484.55,5
ORD-008378,2024-04-27,West,Gadget Y,Enterprise,Retail,5,282.21,1411.03,5
ORD-008379,2024-09-14,South,Widget A,Enterprise,Retail,2,265.77,531.55,0
ORD-008380,2023-02-18,East,Widget C,Enterprise,Retail,2,439.56,879.12,0
ORD-008381,2023-08-30,East,Gadget X,SMB,Online,5,481.99,2409.95,0
ORD-008382,2024-07-13,North,Gadget X,SMB,Retail,3,201.8,605.4,10
ORD-008383,2024-07-26,South,Widget C,SMB,Partners,2,433.95,867.9,0
ORD-008384,2024-02-03,West,Widget B,Enterprise,Partners,1,243.48,243.48,0
ORD-008385,2024-08-15,West,Service Plan,Enterprise,Retail,4,415.8,1663.21,0
ORD-008386,2024-09-09,South,Widget B,Enterprise,Online,5,127.54,637.71,0
ORD-008387,2024-01-29,East,Widget B,Enterprise,Partners,3,298.53,895.6,5
ORD-008388,2023-04-04,,Service Plan,SMB,Online,4,39.51,158.04,5
ORD-008389,2023-01-23,South,Widget C,Enterprise,Partners,3,84.66,253.97,0
ORD-008390,2024-10-20,East,Widget A,SMB,Retail,6,331.46,1988.75,0
ORD-008391,2024-09-09,West,Gadget X,Enterprise,Retail,2,61.99,123.99,0
ORD-008392,2023-03-22,South,Service Plan,SMB,Partners,1,150.07,,5
ORD-008393,2025-01-14,South,Widget C,SMB,Retail,4,16.31,,5
ORD-008394,2024-09-12,South,Gadget X,SMB,Online,1,115.7,115.7,0
ORD-008395,2023-09-13,North,Widget C,SMB,Online,2,241.26,482.52,5
ORD-008396,2023-08-15,West,Widget B,SMB,Partners,3,319.77,959.32,10
ORD-008397,2024-09-25,South,Gadget X,Enterprise,Partners,3,132.06,396.18,5
ORD-008398,2024-04-14,West,Service Plan,Consumer,Retail,4,45.35,181.4,0
ORD-008399,2025-03-25,West,Service Plan,Consumer,Partners,4,471.96,1887.86,5
ORD-008400,2025-02-18,East,Gadget X,SMB,Online,4,356.52,1426.09,15
ORD-008401,2023-05-10,North,Gadget Y,Consumer,Online,2,316.54,633.08,0
ORD-008402,2025-06-05,East,Widget B,Consumer,Retail,1,208.19,208.19,0
ORD-008403,2023-05-25,East,Widget A,Enterprise,Online,1,109.79,109.79,10
ORD-008404,2024-06-12,West,Widget B,SMB,Retail,3,139.83,419.48,5
ORD-008405,2025-02-02,North,Gadget Y,Consumer,Partners,2,222.77,445.53,5
ORD-008406,2023-05-24,North,Gadget X,Consumer,Online,3,448.25,1344.74,0
ORD-008407,2024-11-28,South,Gadget X,Consumer,Retail,5,389.76,1948.82,0
ORD-008408,2023-11-25,West,Widget A,SMB,Partners,3,449.44,1348.32,0
ORD-008409,2023-10-11,West,Widget A,SMB,Partners,2,42.57,85.13,5
ORD-008410,2024-08-11,South,Widget A,Consumer,Online,4,446.92,1787.68,0
ORD-008411,2023-06-02,South,Gadget X,Enterprise,Online,4,297.11,1188.42,0
ORD-008412,2024-03-08,North,Widget B,SMB,Partners,3,164.15,492.44,0
ORD-008413,2025-04-14,West,Widget A,Enterprise,Partners,1,106.8,106.8,0
ORD-008414,2025-01-17,South,Widget A,Enterprise,Retail,3,440.32,1320.95,0
ORD-008415,2025-03-07,West,Widget B,Enterprise,Online,2,120.59,241.18,0
ORD-008416,2024-01-22,South,Widget A,Enterprise,Retail,3,147.01,441.02,0
ORD-008417,2024-10-25,South,Widget B,Consumer,Retail,2,376.07,752.14,0
ORD-008418,2024-03-24,East,Service Plan,SMB,Partners,4,199.15,796.62,5
ORD-008419,2024-11-21,South,Widget B,Enterprise,Partners,5,77.35,386.73,0
ORD-008420,2023-11-14,North,Widget A,SMB,Retail,3,327.26,981.79,5
ORD-008421,2023-04-05,East,Gadget X,SMB,Online,4,48.14,192.54,5
ORD-008422,2024-10-27,East,Widget B,Enterprise,Online,2,401.48,802.97,0
ORD-008423,2024-06-14,North,Widget B,Consumer,Online,3,24.25,72.76,0
ORD-008424,2024-05-23,South,Widget A,Consumer,Online,2,160.12,320.25,0
ORD-008425,2024-11-30,South,Widget A,Enterprise,Partners,4,399.88,1599.54,0
ORD-008426,2023-07-17,South,Widget C,Enterprise,Online,3,258.14,774.43,0
ORD-008427,2023-03-30,North,Gadget X,Enterprise,Online,3,481.58,1444.75,10
ORD-008428,2025-05-13,West,Gadget Y,SMB,Partners,5,308.59,1542.95,10
ORD-008429,2024-03-14,West,Widget C,Enterprise,Retail,2,321.35,642.7,0
ORD-008430,2023-04-04,South,Gadget Y,Enterprise,Online,4,428.0,1711.99,0
ORD-008431,2023-09-04,North,Widget C,SMB,Partners,3,468.47,1405.41,10
ORD-008432,2024-02-29,South,Widget A,Enterprise,Online,5,41.11,205.54,10
ORD-008433,2023-01-15,South,Widget B,SMB,Retail,4,441.23,1764.92,0
ORD-008434,2023-02-07,West,Widget B,SMB,Online,4,383.78,1535.13,0
ORD-008435,2024-06-10,East,Widget B,Enterprise,Partners,1,424.78,424.78,0
ORD-008436,2024-11-06,South,Widget C,Enterprise,Retail,2,387.39,774.79,0
ORD-008437,2025-05-16,East,Widget A,Enterprise,Online,4,409.75,1639.0,0
ORD-008438,2024-07-07,North,Widget B,Enterprise,Partners,4,40.56,162.26,10
ORD-008439,2023-07-06,South,Widget C,Enterprise,Retail,2,374.68,749.35,0
ORD-008440,2023-05-26,West,Widget A,Consumer,Retail,4,112.9,451.61,0
ORD-008441,2023-09-21,West,Gadget X,SMB,Retail,3,411.25,1233.74,15
ORD-008442,2024-09-23,South,Widget B,Enterprise,Partners,3,120.67,362.02,10
ORD-008443,2024-03-10,West,Gadget X,Consumer,Online,3,214.59,643.77,5
ORD-008444,2023-11-04,South,Widget C,Consumer,Online,3,472.06,1416.18,0
ORD-008445,2024-09-29,East,Widget C,Consumer,Online,3,294.82,884.47,0
ORD-008446,2023-01-24,,Widget A,SMB,Online,2,420.85,841.7,5
ORD-008447,2025-02-08,South,Widget B,Consumer,Online,4,117.12,468.46,5
ORD-008448,2023-10-29,East,Service Plan,SMB,Retail,3,303.69,,5
ORD-008449,2025-02-24,South,Gadget X,Enterprise,Online,1,226.58,226.58,5
ORD-008450,2025-01-16,East,Gadget X,SMB,Retail,2,140.34,280.67,5
ORD-008451,2024-12-27,South,Widget A,Consumer,Online,2,43.17,86.33,0
ORD-008452,2025-02-06,North,Gadget X,SMB,Online,3,320.83,962.49,0
ORD-008453,2023-01-12,West,Gadget X,Consumer,Partners,4,441.92,1767.69,0
ORD-008454,2023-02-07,East,Gadget X,Enterprise,Online,3,113.56,340.68,0
ORD-008455,2024-02-21,North,Gadget Y,Enterprise,Partners,6,24.8,148.79,0
ORD-008456,2023-04-16,North,Widget B,SMB,Retail,5,33.22,166.12,10
ORD-008457,2023-12-06,West,Gadget X,SMB,Online,2,272.6,545.2,5
ORD-008458,2024-08-08,East,Gadget Y,Consumer,Retail,4,35.67,142.69,15
ORD-008459,2023-06-13,South,Widget B,Enterprise,Online,2,346.38,692.75,5
ORD-008460,2024-09-03,,Widget A,Enterprise,Online,2,285.22,570.45,10
ORD-008461,2025-05-13,East,Widget C,Enterprise,Retail,6,188.18,1129.09,5
ORD-008462,2024-11-13,East,Widget B,Enterprise,Online,3,170.94,512.81,15
ORD-008463,2025-04-11,East,Widget A,Enterprise,Retail,3,415.36,1246.07,0
ORD-008464,2023-01-28,North,Widget C,Enterprise,Retail,3,339.83,1019.48,0
ORD-008465,2023-11-14,North,Widget B,SMB,Online,3,169.71,509.13,5
ORD-008466,2024-12-16,North,Widget B,Enterprise,Online,1,62.26,62.26,5
ORD-008467,2025-02-11,North,Widget B,SMB,Online,2,197.96,,0
ORD-008468,2023-12-13,West,Widget B,SMB,Retail,2,202.43,404.87,0
ORD-008469,2024-10-21,South,Widget A,Enterprise,Online,2,71.91,143.82,0
ORD-008470,2024-07-11,West,Widget A,SMB,Partners,3,154.25,462.74,5
ORD-008471,2024-02-20,West,Gadget X,Enterprise,Online,3,176.21,528.64,0
ORD-008472,2024-08-14,West,Widget B,SMB,Retail,2,218.47,436.95,0
ORD-008473,2023-06-23,North,Widget B,Enterprise,Online,4,351.58,1406.34,0
ORD-008474,2023-04-09,North,Widget C,Enterprise,Online,2,229.17,458.33,10
ORD-008475,2023-07-18,East,Gadget Y,Enterprise,Partners,4,287.26,1149.03,5
ORD-008476,2024-07-18,West,Widget B,Consumer,Online,3,133.24,399.71,0
ORD-008477,2024-10-15,North,Gadget Y,Enterprise,Retail,2,398.0,795.99,10
ORD-008478,2025-03-13,East,Gadget Y,SMB,Online,2,308.02,,0
ORD-008479,2024-03-17,North,Widget A,Enterprise,Retail,1,339.31,339.31,0
ORD-008480,2024-07-10,East,Widget A,Consumer,Online,4,226.49,905.97,5
ORD-008481,2023-07-06,,Widget A,Consumer,Online,3,40.68,122.03,5
ORD-008482,2024-07-24,West,Gadget X,Enterprise,Partners,5,317.23,1586.14,5
ORD-008483,2024-02-01,West,Gadget Y,Consumer,Online,3,284.27,852.8,5
ORD-008484,2024-01-20,East,Widget B,SMB,Partners,2,407.55,815.1,0
ORD-008485,2024-10-02,East,Widget A,SMB,Online,4,295.79,1183.18,10
ORD-008486,2024-11-25,East,Service Plan,Enterprise,Online,1,435.24,435.24,5
ORD-008487,2023-08-19,South,Gadget Y,Consumer,Retail,6,305.68,1834.1,10
ORD-008488,2023-05-04,East,Widget C,Consumer,Partners,2,104.16,208.32,0
ORD-008489,2023-02-25,North,Widget B,SMB,Online,3,483.08,1449.23,10
ORD-008490,2024-03-18,North,Service Plan,Enterprise,Online,4,339.02,1356.07,5
ORD-008491,2024-09-13,South,Widget C,SMB,Partners,2,165.48,330.96,10
ORD-008492,2023-05-14,East,Gadget Y,Enterprise,Partners,4,140.29,561.14,5
ORD-008493,2024-10-31,East,Widget B,SMB,Online,7,473.27,,0
ORD-008494,2023-11-07,,Gadget X,SMB,Online,2,478.61,957.22,0
ORD-008495,2025-01-30,South,Gadget X,SMB,Online,1,408.86,408.86,5
ORD-008496,2023-04-16,West,Widget C,SMB,Partners,2,172.93,345.85,0
ORD-008497,2025-04-02,West,Gadget Y,SMB,Retail,2,280.07,560.15,0
ORD-008498,2025-06-03,East,Gadget X,Enterprise,Online,2,455.59,911.19,0
ORD-008499,2023-12-17,West,Gadget X,SMB,Online,2,221.09,442.19,0
ORD-008500,2023-12-26,North,Service Plan,SMB,Online,6,374.44,2246.67,5
ORD-008501,2025-01-12,South,Widget C,Consumer,Online,6,158.64,951.85,0
ORD-008502,2024-10-06,West,Widget A,SMB,Partners,1,73.03,73.03,0
ORD-008503,2024-06-29,North,Widget B,Enterprise,Online,1,261.49,261.49,0
ORD-008504,2023-09-20,South,Service Plan,Enterprise,Online,3,350.91,1052.74,0
ORD-008505,2024-06-16,South,Gadget Y,Enterprise,Retail,3,226.15,678.45,10
ORD-008506,2024-01-01,West,Widget B,Enterprise,Online,3,106.7,320.1,5
ORD-008507,2025-02-15,South,Gadget Y,Enterprise,Online,3,18.77,56.3,0
ORD-008508,2024-04-14,South,Gadget X,Consumer,Online,2,469.9,939.79,0
ORD-008509,2024-02-23,North,Widget A,Consumer,Retail,4,284.29,1137.15,0
ORD-008510,2024-10-11,South,Widget B,Consumer,Online,2,133.93,267.86,5
ORD-008511,2024-08-15,East,Gadget X,SMB,Online,2,170.6,341.21,5
ORD-008512,2023-04-20,West,Widget B,Consumer,Online,2,420.7,841.41,5
ORD-008513,2024-12-18,West,Service Plan,SMB,Online,4,418.33,1673.34,10
ORD-008514,2023-11-27,East,Widget A,Enterprise,Retail,2,92.76,185.52,15
ORD-008515,2024-11-12,East,Widget A,Enterprise,Online,6,339.03,2034.2,10
ORD-008516,2024-03-16,North,Widget C,Enterprise,Online,4,109.42,437.69,0
ORD-008517,2023-06-15,West,Widget C,SMB,Online,2,220.3,440.6,5
ORD-008518,2024-03-02,West,Gadget X,Enterprise,Retail,3,239.74,719.23,5
ORD-008519,2024-09-27,South,Service Plan,Enterprise,Online,2,224.18,448.36,0
ORD-008520,2024-10-12,West,Widget A,Enterprise,Partners,5,214.8,1073.99,0
ORD-008521,2024-07-22,South,Service Plan,Enterprise,Retail,4,461.61,1846.44,0
ORD-008522,2023-02-09,South,Gadget Y,Consumer,Retail,5,215.33,1076.64,0
ORD-008523,2024-09-07,West,Gadget X,Enterprise,Online,7,264.32,1850.22,0
ORD-008524,2023-05-28,West,Widget C,SMB,Online,5,263.46,1317.28,0
ORD-008525,2023-09-11,East,Gadget X,Enterprise,Online,2,353.82,707.63,5
ORD-008526,2024-10-04,South,Gadget Y,Consumer,Retail,6,383.16,2298.94,5
ORD-008527,2024-09-26,West,Widget B,Enterprise,Partners,3,377.35,1132.05,5
ORD-008528,2024-01-07,East,Gadget X,Consumer,Partners,3,199.93,599.8,10
ORD-008529,2024-09-19,East,Gadget Y,Enterprise,Partners,5,231.95,1159.75,15
ORD-008530,2023-05-29,South,Widget B,SMB,Online,1,39.61,39.61,5
ORD-008531,2024-04-28,North,Service Plan,Enterprise,Retail,5,368.68,1843.39,10
ORD-008532,2023-08-14,East,Widget A,SMB,Online,2,96.6,193.2,0
ORD-008533,2024-05-24,North,Gadget X,SMB,Online,6,153.61,921.65,20
ORD-008534,2023-03-26,West,Widget B,SMB,Online,3,12.61,37.83,5
ORD-008535,2023-03-01,South,Widget A,Enterprise,Partners,3,418.77,1256.3,5
ORD-008536,2024-12-14,South,Widget B,Enterprise,Online,2,11.7,23.4,0
ORD-008537,2025-05-20,West,Gadget Y,Enterprise,Online,4,359.46,1437.82,10
ORD-008538,2023-02-01,West,Widget A,SMB,Online,3,149.13,447.38,15
ORD-008539,2023-11-18,West,Widget B,SMB,Retail,3,472.41,1417.24,0
ORD-008540,2025-04-05,East,Widget A,SMB,Partners,5,393.73,1968.64,5
ORD-008541,2023-11-29,West,Gadget Y,SMB,Online,2,73.26,146.51,0
ORD-008542,2024-02-18,East,Widget A,Enterprise,Online,2,363.65,727.29,0
ORD-008543,2023-02-23,South,Widget A,Enterprise,Retail,2,233.59,467.19,0
ORD-008544,2023-09-09,West,Service Plan,Consumer,Retail,5,321.94,1609.68,5
ORD-008545,2024-12-04,South,Widget B,Consumer,Online,1,202.32,202.32,10
ORD-008546,2024-03-09,East,Widget B,Enterprise,Retail,3,165.98,497.95,15
ORD-008547,2024-04-09,East,Widget C,Enterprise,Online,3,468.09,1404.27,10
ORD-008548,2024-03-26,East,Widget A,Enterprise,Retail,5,227.68,1138.39,0
ORD-008549,2024-04-27,South,Service Plan,Consumer,Retail,1,155.76,155.76,5
ORD-008550,2023-07-07,West,Widget C,SMB,Online,5,31.43,157.16,0
ORD-008551,2025-04-07,South,Widget B,Enterprise,Partners,3,88.83,266.5,15
ORD-008552,2024-02-21,West,Widget A,Enterprise,Online,3,331.67,995.02,0
ORD-008553,2023-06-14,East,Service Plan,Enterprise,Retail,2,215.13,430.25,0
ORD-008554,2024-10-27,West,Widget A,Consumer,Retail,5,268.56,1342.78,0
ORD-008555,2024-06-20,South,Widget B,Enterprise,Online,3,289.47,868.42,10
ORD-008556,2024-02-29,South,Gadget X,Enterprise,Online,1,58.05,58.05,5
ORD-008557,2024-09-23,East,Gadget Y,SMB,Online,3,292.63,877.88,0
ORD-008558,2025-02-10,South,Widget A,Enterprise,Retail,2,77.41,154.83,5
ORD-008559,2025-05-20,West,Gadget X,SMB,Online,3,365.53,1096.58,10
ORD-008560,2024-12-31,West,Widget A,Enterprise,Partners,3,258.11,774.34,0
ORD-008561,2023-10-13,North,Gadget X,Enterprise,Partners,4,405.37,1621.47,5
ORD-008562,2024-04-25,South,Widget B,Enterprise,Retail,3,77.69,233.08,10
ORD-008563,2024-02-27,South,Widget B,Enterprise,Online,2,225.44,450.88,10
ORD-008564,2023-04-04,East,Gadget X,Enterprise,Online,2,97.18,194.36,0
ORD-008565,2024-04-06,East,Widget B,Enterprise,Retail,3,305.46,916.39,5
ORD-008566,2024-12-07,East,Widget A,SMB,Retail,5,40.25,201.25,0
ORD-008567,2023-03-24,South,Widget B,Enterprise,Partners,3,206.42,619.27,5
ORD-008568,2024-05-10,South,Widget A,Enterprise,Partners,3,259.83,779.5,15
ORD-008569,2023-12-20,East,Widget A,Enterprise,Retail,4,499.17,1996.7,5
ORD-008570,2024-04-18,North,Widget B,Consumer,Partners,3,193.83,581.5,0
ORD-008571,2025-01-29,East,Gadget X,SMB,Online,5,263.86,1319.32,0
ORD-008572,2023-09-26,East,Service Plan,SMB,Online,3,80.26,240.79,0
ORD-008573,2024-06-21,West,Widget A,Enterprise,Online,5,105.33,,0
ORD-008574,2023-04-01,North,Gadget X,Enterprise,Retail,5,131.93,659.65,0
ORD-008575,2025-03-22,South,Service Plan,Consumer,Partners,4,467.64,1870.57,15
ORD-008576,2024-09-09,West,Gadget X,SMB,Online,4,478.41,1913.65,15
ORD-008577,2023-05-13,West,Gadget X,Consumer,Online,3,365.15,1095.46,0
ORD-008578,2023-04-07,South,Service Plan,SMB,Partners,3,470.43,,10
ORD-008579,2024-02-05,West,Widget A,SMB,Online,3,435.52,1306.55,10
ORD-008580,2024-10-26,West,Service Plan,Enterprise,Online,2,443.6,887.2,0
ORD-008581,2024-06-14,East,Widget A,Enterprise,Online,2,24.3,48.6,5
ORD-008582,2024-02-15,South,Widget A,Enterprise,Online,3,213.0,639.01,0
ORD-008583,2024-03-15,West,Service Plan,SMB,Online,3,203.4,610.2,0
ORD-008584,2024-11-20,East,Gadget X,Enterprise,Online,4,434.61,1738.42,0
ORD-008585,2023-11-18,South,Widget A,Enterprise,Partners,4,230.58,922.32,15
ORD-008586,2023-02-07,North,Gadget Y,SMB,Online,4,481.1,1924.4,0
ORD-008587,2024-08-12,South,Service Plan,SMB,Partners,3,153.86,461.57,0
ORD-008588,2023-07-11,West,Widget A,Consumer,Partners,1,277.81,277.81,10
ORD-008589,2023-01-01,South,Widget B,SMB,Online,4,317.0,1267.99,5
ORD-008590,2024-11-15,East,Widget C,Consumer,Partners,3,280.31,840.93,5
ORD-008591,2024-07-18,North,Widget A,SMB,Retail,3,167.7,503.1,5
ORD-008592,2023-05-09,South,Widget A,Enterprise,Online,3,12.92,38.76,10
ORD-008593,2025-02-27,East,Gadget Y,Enterprise,Online,4,252.13,1008.54,20
ORD-008594,2024-06-01,East,Gadget X,SMB,Online,3,490.54,1471.63,5
ORD-008595,2025-01-30,West,Widget B,Consumer,Partners,6,35.72,214.35,10
ORD-008596,2024-07-23,South,Gadget Y,Consumer,Partners,2,416.78,833.56,15
ORD-008597,2023-06-16,West,Service Plan,SMB,Retail,3,218.0,654.01,0
ORD-008598,2024-02-01,North,Gadget Y,SMB,Online,2,448.43,896.86,0
ORD-008599,2024-04-17,East,Gadget X,Consumer,Online,3,256.01,768.03,5
ORD-008600,2024-04-12,West,Widget B,Enterprise,Online,2,448.89,897.78,10
ORD-008601,2023-08-02,West,Gadget X,Consumer,Retail,2,316.45,632.91,0
ORD-008602,2025-02-08,East,Widget A,Consumer,Online,1,127.37,127.37,5
ORD-008603,2024-06-25,South,Widget A,Consumer,Retail,2,21.94,43.87,0
ORD-008604,2023-04-26,West,Gadget X,Enterprise,Partners,4,336.43,1345.73,0
ORD-008605,2023-09-13,,Widget C,SMB,Online,3,274.14,822.41,0
ORD-008606,2023-07-04,South,Gadget X,SMB,Partners,3,479.66,1438.99,10
ORD-008607,2023-01-31,East,Gadget X,SMB,Online,4,64.91,259.62,0
ORD-008608,2024-06-09,South,Widget B,SMB,Retail,2,114.81,229.63,5
ORD-008609,2025-01-05,East,Widget B,Enterprise,Online,3,146.07,438.22,10
ORD-008610,2024-09-03,West,Widget B,SMB,Partners,2,317.88,635.77,0
ORD-008611,2024-05-25,East,Widget C,Enterprise,Partners,1,246.66,246.66,0
ORD-008612,2024-12-28,North,Widget B,Consumer,Retail,2,116.51,233.03,0
ORD-008613,2023-04-26,West,Widget A,Enterprise,Online,1,32.79,32.79,10
ORD-008614,2024-09-11,North,Widget B,Enterprise,Online,1,125.96,125.96,0
ORD-008615,2025-05-15,East,Widget C,SMB,Online,2,301.03,602.06,0
ORD-008616,2025-01-08,West,Widget A,Enterprise,Online,3,382.34,1147.03,15
ORD-008617,2024-05-14,East,Service Plan,SMB,Retail,5,379.85,1899.27,5
ORD-008618,2023-06-22,East,Widget A,Consumer,Retail,3,88.96,266.87,0
ORD-008619,2024-11-15,East,Widget C,Consumer,Online,2,123.21,246.42,0
ORD-008620,2025-02-28,North,Widget C,SMB,Retail,4,160.11,640.45,0
ORD-008621,2024-10-25,South,Service Plan,Enterprise,Online,5,215.43,1077.14,5
ORD-008622,2024-02-09,East,Widget C,Consumer,Online,5,105.45,527.26,0
ORD-008623,2024-01-26,East,Gadget X,Enterprise,Partners,4,447.55,1790.21,5
ORD-008624,2024-11-15,South,Widget A,Enterprise,Online,4,321.58,1286.31,0
ORD-008625,2024-05-08,East,Widget C,Consumer,Partners,3,363.21,1089.63,0
ORD-008626,2023-10-23,North,Widget C,Consumer,Partners,1,73.95,73.95,0
ORD-008627,2025-02-11,South,Gadget X,Enterprise,Partners,3,82.23,246.69,5
ORD-008628,2025-02-25,,Widget A,Enterprise,Online,4,268.63,1074.51,0
ORD-008629,2023-07-28,South,Widget B,SMB,Retail,3,294.75,884.24,5
ORD-008630,2024-10-25,East,Widget A,Enterprise,Partners,4,387.41,1549.63,5
ORD-008631,2024-04-06,North,Widget B,Enterprise,Online,4,61.73,246.94,10
ORD-008632,2025-05-22,North,Gadget X,Consumer,Retail,3,195.24,585.72,15
ORD-008633,2023-09-27,South,Widget B,Consumer,Online,2,352.31,704.63,0
ORD-008634,2024-08-02,West,Widget A,Consumer,Retail,4,437.39,1749.58,5
ORD-008635,2023-01-29,West,Widget A,Enterprise,Online,2,298.14,596.28,5
ORD-008636,2023-12-29,South,Gadget X,Consumer,Retail,5,110.99,554.93,0
ORD-008637,2025-01-05,East,Gadget X,Enterprise,Retail,8,51.39,411.13,5
ORD-008638,2024-12-23,East,Widget B,Enterprise,Online,3,336.55,1009.66,5
ORD-008639,2025-01-30,North,Gadget X,SMB,Online,5,199.86,999.32,5
ORD-008640,2023-07-21,South,Widget B,SMB,Online,2,186.08,372.16,5
ORD-008641,2023-05-17,North,Widget C,Consumer,Partners,3,212.22,636.66,10
ORD-008642,2025-01-10,West,Widget A,SMB,Retail,4,191.79,767.15,15
ORD-008643,2023-11-23,South,Widget A,Enterprise,Online,2,398.97,797.94,15
ORD-008644,2025-05-19,East,Widget A,SMB,Retail,2,32.25,64.5,0
ORD-008645,2024-12-13,West,Widget B,Enterprise,Retail,3,364.95,1094.86,20
ORD-008646,2023-12-14,South,Gadget X,Enterprise,Retail,1,116.5,116.5,5
ORD-008647,2025-04-24,South,Widget B,Consumer,Retail,2,450.47,900.94,0
ORD-008648,2023-08-10,South,Gadget Y,Enterprise,Retail,2,65.2,130.4,5
ORD-008649,2024-03-07,South,Widget A,Consumer,Retail,4,474.52,1898.06,0
ORD-008650,2023-04-06,West,Gadget Y,Consumer,Online,2,409.1,818.2,5
ORD-008651,2024-09-13,West,Widget B,SMB,Online,2,96.57,193.14,5
ORD-008652,2023-04-02,North,Widget B,SMB,Online,2,33.93,67.87,5
ORD-008653,2025-04-17,,Widget A,Consumer,Online,6,495.18,2971.07,0
ORD-008654,2024-06-01,West,Widget B,Enterprise,Retail,4,493.58,1974.33,0
ORD-008655,2024-08-06,,Widget B,Enterprise,Partners,3,95.84,287.51,5
ORD-008656,2024-06-24,West,Widget C,SMB,Partners,1,285.42,285.42,10
ORD-008657,2023-04-30,South,Widget C,Consumer,Online,2,217.1,434.2,0
ORD-008658,2024-02-15,West,Service Plan,Enterprise,Retail,2,123.41,246.82,15
ORD-008659,2025-02-17,South,Gadget Y,SMB,Online,2,308.31,616.61,0
ORD-008660,2024-10-07,West,Service Plan,SMB,Online,4,448.3,1793.19,0
ORD-008661,2024-07-18,North,Gadget Y,SMB,Online,1,374.21,374.21,10
ORD-008662,2024-06-27,West,Widget A,SMB,Online,6,119.59,717.55,0
ORD-008663,2024-09-17,South,Widget C,Consumer,Online,3,288.36,865.08,0
ORD-008664,2023-06-12,West,Gadget Y,SMB,Online,3,74.64,223.91,5
ORD-008665,2023-01-17,East,Gadget X,SMB,Retail,1,90.36,90.36,0
ORD-008666,2023-10-02,West,Gadget X,Enterprise,Retail,1,469.12,469.12,15
ORD-008667,2024-11-09,North,Gadget Y,SMB,Online,7,55.31,387.14,10
ORD-008668,2024-03-22,South,Widget A,Enterprise,Retail,2,5.36,10.73,0
ORD-008669,2023-09-27,South,Widget B,Enterprise,Partners,3,102.05,306.14,5
ORD-008670,2023-02-05,West,Gadget Y,Consumer,Online,4,168.94,675.78,10
ORD-008671,2024-05-27,South,Widget A,Enterprise,Partners,7,218.47,1529.26,0
ORD-008672,2025-02-07,East,Widget A,Consumer,Online,2,379.41,758.83,5
ORD-008673,2023-09-22,South,Service Plan,Consumer,Online,1,344.83,344.83,0
ORD-008674,2023-12-12,North,Widget C,Enterprise,Online,5,25.46,127.28,0
ORD-008675,2025-03-29,West,Gadget Y,Enterprise,Online,4,165.57,662.27,0
ORD-008676,2023-04-18,North,Widget A,Consumer,Retail,5,250.82,1254.1,0
ORD-008677,2024-05-24,North,Widget A,Consumer,Retail,1,295.42,295.42,0
ORD-008678,2024-11-20,North,Gadget X,Enterprise,Retail,4,111.84,447.34,0
ORD-008679,2024-02-09,West,Gadget X,SMB,Online,1,240.08,240.08,0
ORD-008680,2024-07-09,South,Widget C,Consumer,Online,4,384.52,1538.07,0
ORD-008681,2023-08-20,South,Gadget X,Consumer,Partners,3,378.74,1136.23,5
ORD-008682,2025-01-31,West,Gadget Y,SMB,Retail,2,54.17,108.33,5
ORD-008683,2023-02-08,South,Gadget Y,SMB,Online,1,179.37,179.37,0
ORD-008684,2024-06-15,East,Gadget X,Enterprise,Retail,5,344.47,1722.34,10
ORD-008685,2023-09-20,East,Widget A,SMB,Retail,6,469.44,2816.65,0
ORD-008686,2023-07-14,North,Gadget X,SMB,Retail,1,89.56,89.56,5
ORD-008687,2025-05-29,West,Widget A,Enterprise,Retail,2,189.07,378.14,0
ORD-008688,2024-12-03,South,Widget A,SMB,Online,1,96.32,96.32,5
ORD-008689,2023-01-04,South,Widget C,SMB,Partners,2,378.48,756.97,10
ORD-008690,2024-07-13,East,Widget C,Enterprise,Online,5,464.46,2322.32,0
ORD-008691,2025-01-26,North,Widget B,SMB,Partners,3,404.4,1213.21,15
ORD-008692,2024-05-17,North,Widget A,SMB,Partners,2,142.06,284.12,5
ORD-008693,2023-07-26,East,Widget A,SMB,Online,3,340.69,1022.06,0
ORD-008694,2024-12-22,East,Service Plan,Enterprise,Online,4,23.45,93.79,10
ORD-008695,2023-09-23,East,Gadget X,Enterprise,Retail,4,490.32,1961.28,0
ORD-008696,2024-01-12,West,Widget C,Enterprise,Online,2,107.77,,0
ORD-008697,2023-09-08,West,Widget A,SMB,Partners,1,385.65,385.65,0
ORD-008698,2025-01-20,East,Service Plan,Consumer,Retail,2,327.29,654.58,5
ORD-008699,2023-02-10,North,Widget B,SMB,Online,4,130.99,523.94,15
ORD-008700,2024-06-15,West,Gadget X,Enterprise,Partners,3,303.33,909.99,15
ORD-008701,2023-05-13,South,Widget A,SMB,Online,2,343.43,686.87,0
ORD-008702,2023-02-16,West,Gadget X,SMB,Online,3,365.62,1096.86,0
ORD-008703,2024-03-04,East,Widget B,SMB,Retail,5,144.91,724.57,0
ORD-008704,2023-09-05,East,Gadget X,SMB,Online,5,459.97,2299.83,10
ORD-008705,2024-02-26,South,Widget B,SMB,Partners,3,454.37,1363.12,0
ORD-008706,2024-05-04,West,Widget A,Consumer,Online,5,155.16,775.79,0
ORD-008707,2023-05-18,North,Service Plan,Enterprise,Online,4,24.22,96.86,0
ORD-008708,2024-06-10,East,Widget B,SMB,Retail,3,394.56,1183.69,0
ORD-008709,2023-12-09,South,Gadget X,SMB,Retail,3,215.18,645.55,0
ORD-008710,2025-02-09,North,Gadget X,SMB,Online,2,471.82,943.64,5
ORD-008711,2023-11-10,South,Widget C,Consumer,Online,4,166.95,667.82,0
ORD-008712,2024-02-01,,Gadget X,Enterprise,Retail,3,70.79,212.36,5
ORD-008713,2023-01-04,East,Gadget X,SMB,Retail,2,173.63,347.26,5
ORD-008714,2025-03-20,East,Widget C,SMB,Online,1,30.91,,5
ORD-008715,2023-06-08,North,Service Plan,Consumer,Partners,4,353.75,1415.0,0
ORD-008716,2024-05-12,North,Widget B,Consumer,Retail,3,220.69,662.06,0
ORD-008717,2024-08-23,West,Widget A,Enterprise,Retail,2,48.53,97.06,0
ORD-008718,2024-01-09,North,Widget A,Enterprise,Online,3,104.49,313.47,10
ORD-008719,2023-12-22,East,Widget C,SMB,Retail,1,207.66,207.66,10
ORD-008720,2024-01-06,West,Widget B,Consumer,Online,2,37.78,75.56,0
ORD-008721,2025-02-25,South,Gadget Y,Enterprise,Online,4,386.78,1547.13,15
ORD-008722,2025-06-11,South,Widget A,Consumer,Retail,4,84.15,336.61,5
ORD-008723,2024-07-20,South,Gadget X,Enterprise,Online,1,170.67,170.67,0
ORD-008724,2024-09-12,East,Widget C,SMB,Retail,5,8.8,44.0,15
ORD-008725,2024-09-16,North,Widget A,Enterprise,Online,1,57.49,57.49,0
ORD-008726,2023-03-30,,Widget B,Consumer,Retail,2,228.74,457.49,10
ORD-008727,2023-06-30,North,Widget A,Consumer,Online,2,287.05,574.11,0
ORD-008728,2024-03-15,North,Widget B,Consumer,Online,1,323.15,323.15,0
ORD-008729,2024-02-24,West,Widget B,Consumer,Partners,3,260.39,781.17,0
ORD-008730,2023-04-01,South,Widget A,Enterprise,Partners,4,6.59,26.37,0
ORD-008731,2023-06-06,East,Gadget Y,Consumer,Retail,1,353.84,353.84,0
ORD-008732,2023-02-04,East,Gadget Y,Enterprise,Online,3,315.62,946.85,0
ORD-008733,2024-08-22,North,Widget C,Enterprise,Partners,4,108.19,432.77,5
ORD-008734,2023-01-04,West,Widget A,Enterprise,Partners,3,194.41,583.23,15
ORD-008735,2023-05-23,East,Service Plan,SMB,Retail,4,207.42,829.68,10
ORD-008736,2023-12-26,South,Widget C,SMB,Online,1,12.89,12.89,5
ORD-008737,2025-04-30,South,Gadget X,Enterprise,Online,2,438.68,877.37,5
ORD-008738,2023-09-07,West,Widget B,Enterprise,Online,4,377.65,,15
ORD-008739,2023-06-20,West,Gadget Y,Enterprise,Retail,2,194.0,387.99,5
ORD-008740,2024-12-10,East,Widget A,SMB,Online,2,285.85,571.69,5
ORD-008741,2025-02-17,West,Service Plan,SMB,Online,2,312.46,624.92,0
ORD-008742,2023-05-30,North,Widget C,Enterprise,Retail,5,126.52,632.58,0
ORD-008743,2025-05-29,West,Widget C,Enterprise,Retail,5,137.39,686.97,0
ORD-008744,2025-02-07,South,Gadget X,Enterprise,Retail,3,97.3,291.91,20
ORD-008745,2024-07-11,West,Gadget X,Consumer,Online,1,321.02,321.02,0
ORD-008746,2024-07-24,East,Gadget X,SMB,Retail,5,297.41,1487.03,10
ORD-008747,2023-07-17,South,Widget A,Enterprise,Online,2,196.9,393.8,0
ORD-008748,2023-11-23,South,Widget B,SMB,Online,2,104.14,208.28,20
ORD-008749,2024-03-16,West,Widget A,Enterprise,Online,2,12.56,25.11,0
ORD-008750,2024-10-12,East,Widget A,Consumer,Retail,3,254.54,763.63,0
ORD-008751,2024-08-22,North,Widget A,Enterprise,Online,3,36.6,109.81,0
ORD-008752,2023-01-17,West,Service Plan,Consumer,Online,2,79.04,158.09,10
ORD-008753,2025-05-17,North,Widget A,SMB,Retail,3,269.8,809.39,0
ORD-008754,2024-06-07,East,Service Plan,Enterprise,Retail,5,428.36,2141.8,0
ORD-008755,2023-10-15,South,Gadget X,SMB,Retail,3,261.83,785.49,5
ORD-008756,2024-10-12,North,Widget B,Consumer,Online,2,214.41,428.82,0
ORD-008757,2023-06-27,South,Gadget X,Consumer,Online,3,140.03,420.1,0
ORD-008758,2023-10-31,West,Widget A,Enterprise,Partners,2,110.92,221.84,5
ORD-008759,2023-02-24,,Widget A,Consumer,Online,5,242.32,1211.59,0
ORD-008760,2023-08-06,East,Widget A,Consumer,Online,5,452.92,2264.58,10
ORD-008761,2024-09-15,South,Widget B,Consumer,Retail,4,210.01,840.04,0
ORD-008762,2024-07-03,West,Widget C,SMB,Online,3,136.66,409.98,0
ORD-008763,2023-11-09,North,Gadget X,Enterprise,Retail,1,181.36,181.36,15
ORD-008764,2025-05-13,East,Widget A,Consumer,Online,3,497.92,1493.75,5
ORD-008765,2024-07-13,North,Gadget X,SMB,Online,2,200.79,401.58,5
ORD-008766,2024-11-27,South,Widget B,Enterprise,Online,4,273.09,1092.37,0
ORD-008767,2023-04-29,North,Widget A,Consumer,Online,2,435.49,870.97,0
ORD-008768,2024-02-25,South,Widget B,Consumer,Online,2,413.43,826.85,10
ORD-008769,2024-01-26,East,Service Plan,Consumer,Online,2,333.73,667.46,5
ORD-008770,2024-02-11,North,Widget A,Enterprise,Online,2,114.9,229.79,10
ORD-008771,2023-05-27,West,Widget C,SMB,Online,3,107.43,322.3,0
ORD-008772,2024-04-17,South,Widget A,SMB,Retail,5,209.31,1046.55,0
ORD-008773,2023-01-29,South,Service Plan,Enterprise,Partners,3,133.01,399.02,5
ORD-008774,2025-06-09,East,Widget C,Enterprise,Partners,7,394.18,2759.25,0
ORD-008775,2024-09-04,North,Service Plan,SMB,Retail,2,70.87,141.75,15
ORD-008776,2024-07-04,South,Widget A,Consumer,Retail,3,414.53,1243.59,0
ORD-008777,2023-11-23,West,Widget C,SMB,Online,3,276.74,830.23,0
ORD-008778,2024-08-12,North,Widget A,Enterprise,Retail,3,192.73,578.2,5
ORD-008779,2025-04-17,West,Widget A,Enterprise,Retail,4,102.18,408.72,0
ORD-008780,2024-08-17,,Widget C,SMB,Partners,1,13.13,13.13,0
ORD-008781,2025-05-05,South,Widget A,Enterprise,Online,1,233.23,233.23,0
ORD-008782,2023-11-05,North,Gadget X,Enterprise,Online,4,244.41,977.65,0
ORD-008783,2023-09-28,West,Widget A,Enterprise,Online,4,15.69,62.78,0
ORD-008784,2024-01-25,West,Gadget X,SMB,Online,3,408.09,1224.26,10
ORD-008785,2024-04-24,East,Widget A,Enterprise,Online,2,152.73,305.45,10
ORD-008786,2024-02-27,South,Service Plan,SMB,Retail,5,447.3,2236.52,0
ORD-008787,2024-08-02,North,Widget B,Enterprise,Online,4,12.87,51.47,10
ORD-008788,2024-02-28,West,Widget A,Enterprise,Retail,3,13.72,41.17,15
ORD-008789,2025-05-23,North,Service Plan,Enterprise,Online,6,296.55,1779.29,5
ORD-008790,2023-06-05,South,Widget A,Enterprise,Online,2,354.31,708.62,5
ORD-008791,2024-05-11,North,Widget B,Consumer,Online,5,406.5,2032.52,0
ORD-008792,2024-05-21,,Widget C,SMB,Online,3,232.53,697.58,0
ORD-008793,2025-05-23,South,Widget B,SMB,Online,5,96.6,482.99,0
ORD-008794,2024-02-22,East,Gadget X,Enterprise,Online,1,299.19,299.19,0
ORD-008795,2024-09-24,East,Widget B,Consumer,Online,3,131.5,394.49,15
ORD-008796,2024-08-10,South,Widget C,Enterprise,Online,2,210.2,420.39,5
ORD-008797,2024-10-29,West,Widget C,Enterprise,Online,4,310.33,1241.32,10
ORD-008798,2025-05-10,North,Widget C,Consumer,Online,2,248.84,497.68,0
ORD-008799,2023-01-15,East,Widget A,SMB,Retail,3,351.65,1054.96,0
ORD-008800,2023-04-30,North,Gadget X,SMB,Partners,5,466.86,2334.3,10
ORD-008801,2024-06-27,South,Service Plan,SMB,Partners,1,464.21,464.21,5
ORD-008802,2024-04-09,South,Widget B,Enterprise,Online,1,467.87,467.87,0
ORD-008803,2024-11-29,South,Widget B,Consumer,Online,3,154.2,462.61,5
ORD-008804,2024-01-20,South,Widget B,SMB,Retail,3,417.72,1253.15,5
ORD-008805,2024-07-27,South,Widget A,SMB,Retail,6,403.55,2421.32,5
ORD-008806,2025-03-06,South,Widget A,SMB,Online,3,301.59,904.78,5
ORD-008807,2024-10-03,East,Widget C,Enterprise,Retail,5,78.62,393.11,5
ORD-008808,2025-05-06,North,Gadget X,SMB,Partners,2,240.84,481.67,5
ORD-008809,2024-01-01,South,Widget C,Consumer,Online,7,366.82,2567.73,10
ORD-008810,2023-03-18,South,Widget B,Enterprise,Online,1,53.43,53.43,15
ORD-008811,2023-01-04,North,Widget C,SMB,Online,3,46.63,139.9,10
ORD-008812,2023-10-01,South,Widget C,SMB,Retail,1,97.35,97.35,0
ORD-008813,2025-03-18,South,Widget C,SMB,Online,1,198.46,198.46,15
ORD-008814,2023-08-24,North,Widget A,Enterprise,Online,4,195.03,780.13,5
ORD-008815,2023-05-07,West,Service Plan,SMB,Online,2,161.41,322.81,5
ORD-008816,2023-08-24,South,Gadget Y,Consumer,Online,1,12.34,12.34,0
ORD-008817,2023-07-01,West,Service Plan,SMB,Retail,7,183.63,1285.41,0
ORD-008818,2023-01-28,North,Service Plan,Consumer,Retail,1,469.68,469.68,5
ORD-008819,2023-04-26,East,Widget A,Consumer,Online,4,424.85,1699.41,0
ORD-008820,2025-05-31,East,Widget A,Consumer,Online,5,413.73,2068.67,0
ORD-008821,2023-11-19,South,Gadget X,Consumer,Partners,2,160.26,320.53,10
ORD-008822,2025-04-05,North,Widget A,SMB,Online,3,22.44,67.31,0
ORD-008823,2024-06-15,South,Widget C,SMB,Online,4,470.08,1880.32,0
ORD-008824,2023-01-08,West,Widget B,Enterprise,Partners,6,466.43,2798.57,0
ORD-008825,2023-01-10,East,Gadget X,Consumer,Retail,3,303.09,909.26,5
ORD-008826,2024-07-29,South,Widget B,Consumer,Retail,4,281.1,1124.38,5
ORD-008827,2024-11-01,South,Widget A,Consumer,Online,1,167.34,167.34,0
ORD-008828,2023-07-26,South,Gadget X,SMB,Retail,1,388.05,388.05,5
ORD-008829,2025-02-08,West,Widget B,Enterprise,Partners,2,265.59,531.19,5
ORD-008830,2024-08-10,East,Gadget X,Consumer,Retail,4,109.07,436.27,0
ORD-008831,2024-04-22,North,Widget A,SMB,Partners,2,138.84,277.68,0
ORD-008832,2023-07-21,East,Gadget X,SMB,Online,4,24.11,96.42,0
ORD-008833,2024-02-18,South,Widget B,Consumer,Online,2,195.86,391.71,0
ORD-008834,2025-05-20,South,Service Plan,SMB,Online,4,278.1,1112.4,10
ORD-008835,2024-08-30,West,Widget A,SMB,Online,4,370.21,1480.84,0
ORD-008836,2023-11-14,South,Gadget X,Consumer,Retail,5,382.09,1910.45,0
ORD-008837,2025-04-19,South,Gadget X,SMB,Retail,1,61.75,61.75,15
ORD-008838,2023-12-20,West,Gadget Y,SMB,Retail,2,301.26,602.52,0
ORD-008839,2023-07-06,South,Widget A,SMB,Retail,2,498.05,996.11,0
ORD-008840,2024-09-15,East,Gadget Y,SMB,Retail,3,126.78,380.35,5
ORD-008841,2024-06-28,West,Widget A,SMB,Retail,3,207.1,621.31,0
ORD-008842,2023-01-17,South,Widget A,SMB,Online,3,418.12,1254.36,0
ORD-008843,2025-04-11,West,Widget A,Enterprise,Partners,3,111.5,334.5,0
ORD-008844,2023-11-05,West,Widget A,Consumer,Online,3,397.26,1191.78,5
ORD-008845,2024-04-11,East,Gadget X,Consumer,Retail,4,270.03,1080.11,0
ORD-008846,2024-03-25,South,Widget C,Enterprise,Partners,2,272.14,544.27,0
ORD-008847,2023-09-16,South,Service Plan,Consumer,Online,5,313.83,1569.13,15
ORD-008848,2025-06-02,South,Widget A,Enterprise,Online,2,494.43,988.86,0
ORD-008849,2025-05-12,North,Gadget X,Enterprise,Retail,1,413.6,413.6,0
ORD-008850,2025-04-21,East,Gadget Y,Enterprise,Retail,5,277.67,1388.37,5
ORD-008851,2023-01-29,West,Gadget X,Enterprise,Retail,1,103.2,103.2,0
ORD-008852,2024-05-04,North,Widget A,SMB,Partners,1,364.61,364.61,5
ORD-008853,2024-04-16,West,Widget A,Enterprise,Retail,1,203.57,203.57,0
ORD-008854,2025-04-04,South,Widget A,Enterprise,Online,2,208.9,417.8,0
ORD-008855,2025-04-07,North,Widget B,Enterprise,Partners,3,459.41,1378.22,0
ORD-008856,2023-05-28,South,Service Plan,Consumer,Partners,5,443.55,2217.74,5
ORD-008857,2023-08-14,North,Widget B,SMB,Retail,3,391.58,1174.74,0
ORD-008858,2025-03-04,East,Widget C,SMB,Retail,4,231.55,926.21,0
ORD-008859,2025-04-22,,Widget A,Enterprise,Retail,4,310.12,1240.48,0
ORD-008860,2024-07-23,North,Widget B,SMB,Partners,3,222.21,666.63,0
ORD-008861,2023-08-19,North,Widget A,Consumer,Online,6,246.33,1478.0,0
ORD-008862,2023-03-19,East,Widget A,Enterprise,Online,2,245.87,491.74,15
ORD-008863,2024-07-25,North,Widget C,Consumer,Retail,2,257.4,514.79,0
ORD-008864,2025-01-27,West,Widget A,SMB,Retail,3,178.43,535.29,0
ORD-008865,2024-08-20,East,Widget C,Consumer,Partners,5,396.89,1984.45,10
ORD-008866,2023-09-08,South,Widget B,Enterprise,Partners,1,283.26,283.26,0
ORD-008867,2023-05-24,West,Service Plan,Enterprise,Online,5,434.8,2174.02,5
ORD-008868,2025-02-23,South,Gadget Y,Consumer,Retail,2,484.33,968.66,0
ORD-008869,2024-07-26,East,Service Plan,Consumer,Online,2,280.65,561.29,0
ORD-008870,2023-02-27,West,Gadget X,Consumer,Retail,2,321.76,643.52,5
ORD-008871,2023-10-22,West,Gadget X,Consumer,Retail,3,340.52,1021.57,5
ORD-008872,2025-06-10,East,Widget B,SMB,Retail,3,434.72,1304.16,5
ORD-008873,2024-11-20,North,Widget C,SMB,Online,3,430.42,1291.25,0
ORD-008874,2025-04-03,,Gadget X,SMB,Online,4,32.77,131.08,5
ORD-008875,2024-12-24,West,Widget B,Enterprise,Retail,3,317.0,950.99,5
ORD-008876,2024-03-29,North,Widget C,SMB,Retail,1,55.7,55.7,15
ORD-008877,2023-06-07,South,Service Plan,Enterprise,Retail,3,228.73,686.19,0
ORD-008878,2024-11-15,North,Gadget Y,SMB,Retail,4,275.46,1101.82,15
ORD-008879,2023-08-28,South,Service Plan,Consumer,Retail,5,170.09,850.44,5
ORD-008880,2025-02-11,North,Widget A,Enterprise,Retail,3,438.33,1314.99,0
ORD-008881,2024-08-26,South,Widget C,Enterprise,Online,2,352.8,705.61,0
ORD-008882,2024-11-19,South,Widget A,SMB,Online,2,417.13,834.26,0
ORD-008883,2023-05-03,South,Widget C,SMB,Online,2,26.28,52.55,0
ORD-008884,2023-10-31,East,Gadget Y,SMB,Partners,2,408.6,817.21,5
ORD-008885,2023-02-22,North,Widget C,SMB,Retail,4,365.65,1462.61,5
ORD-008886,2024-10-11,South,Widget B,Consumer,Retail,3,308.48,925.44,0
ORD-008887,2023-10-11,West,Gadget Y,SMB,Online,1,59.49,59.49,0
ORD-008888,2025-01-17,East,Widget C,Enterprise,Retail,3,388.87,1166.61,0
ORD-008889,2023-08-17,South,Widget A,Enterprise,Online,3,494.49,1483.46,0
ORD-008890,2023-04-20,South,Service Plan,Consumer,Online,4,50.91,203.62,15
ORD-008891,2024-09-16,West,Gadget X,Enterprise,Online,1,352.9,352.9,5
ORD-008892,2024-08-22,East,Widget B,Enterprise,Retail,5,124.54,622.72,5
ORD-008893,2023-05-12,East,Widget A,Enterprise,Retail,2,51.04,102.08,0
ORD-008894,2023-10-18,East,Gadget X,Enterprise,Online,3,426.11,1278.33,5
ORD-008895,2023-03-20,West,Widget B,SMB,Online,1,113.11,113.11,0
ORD-008896,2024-01-12,South,Gadget X,Enterprise,Online,3,121.53,364.58,5
ORD-008897,2025-04-05,West,Gadget Y,SMB,Retail,4,437.89,1751.55,0
ORD-008898,2023-08-07,East,Widget C,SMB,Online,1,489.02,489.02,0
ORD-008899,2024-08-17,East,Gadget Y,Enterprise,Online,2,359.76,719.51,0
ORD-008900,2024-03-06,,Widget C,SMB,Online,3,229.74,689.22,5
ORD-008901,2023-03-24,West,Widget C,Enterprise,Partners,2,42.68,85.37,0
ORD-008902,2024-08-30,South,Widget B,Enterprise,Partners,4,341.08,1364.32,5
ORD-008903,2024-09-26,South,Widget A,SMB,Online,2,408.0,816.01,5
ORD-008904,2023-07-05,North,Widget B,Enterprise,Online,5,212.28,1061.38,15
ORD-008905,2023-01-16,East,Widget B,Enterprise,Retail,2,44.98,89.97,10
ORD-008906,2023-06-01,South,Widget B,SMB,Online,4,221.18,884.74,0
ORD-008907,2025-03-03,East,Widget A,SMB,Retail,6,40.55,243.31,5
ORD-008908,2023-04-16,South,Gadget X,Consumer,Retail,1,79.9,79.9,5
ORD-008909,2023-10-07,South,Widget B,SMB,Online,4,119.95,479.79,0
ORD-008910,2025-05-15,West,Service Plan,Enterprise,Retail,1,336.17,336.17,0
ORD-008911,2024-01-01,West,Gadget X,Enterprise,Online,1,233.9,233.9,20
ORD-008912,2024-07-03,West,Widget C,Enterprise,Online,2,368.79,737.59,5
ORD-008913,2024-06-07,North,Widget C,Enterprise,Online,2,407.48,814.96,5
ORD-008914,2023-10-21,West,Widget C,Enterprise,Retail,2,349.18,698.36,20
ORD-008915,2023-08-20,West,Service Plan,Enterprise,Retail,7,116.95,818.63,5
ORD-008916,2023-08-15,South,Gadget Y,Enterprise,Retail,2,228.15,456.3,0
ORD-008917,2023-07-14,North,Widget B,Enterprise,Retail,3,422.32,1266.96,0
ORD-008918,2023-06-21,East,Widget A,Enterprise,Retail,2,26.42,52.83,15
ORD-008919,2024-01-15,West,Gadget X,Enterprise,Retail,2,312.74,,20
ORD-008920,2025-02-21,South,Widget A,SMB,Online,1,49.24,49.24,5
ORD-008921,2024-12-10,West,Gadget X,Enterprise,Online,1,400.28,400.28,5
ORD-008922,2023-02-06,West,Widget A,SMB,Partners,2,24.43,48.86,0
ORD-008923,2025-05-11,West,Widget A,Consumer,Retail,2,351.77,703.54,10
ORD-008924,2024-09-18,East,Widget B,Consumer,Partners,3,97.08,291.24,10
ORD-008925,2024-05-05,West,Widget A,SMB,Online,3,71.67,215.0,0
ORD-008926,2023-09-10,West,Service Plan,SMB,Online,6,304.84,1829.06,0
ORD-008927,2024-09-14,East,Widget A,Enterprise,Online,3,330.08,990.25,0
ORD-008928,2024-09-25,East,Widget A,Consumer,Partners,2,189.66,379.31,5
ORD-008929,2023-09-07,East,Widget B,SMB,Partners,5,67.02,335.11,5
ORD-008930,2023-12-14,South,Widget A,Consumer,Retail,3,178.51,535.53,0
ORD-008931,2025-02-16,North,Service Plan,Enterprise,Online,2,279.55,559.09,15
ORD-008932,2025-05-23,East,Gadget X,Consumer,Online,2,132.72,265.44,5
ORD-008933,2024-11-29,East,Gadget Y,SMB,Online,4,103.69,414.77,0
ORD-008934,2025-03-25,South,Widget A,SMB,Online,1,194.38,194.38,0
ORD-008935,2023-05-27,North,Widget A,Consumer,Online,2,228.46,456.92,0
ORD-008936,2025-02-02,South,Widget A,SMB,Partners,3,450.91,1352.74,0
ORD-008937,2024-02-25,East,Widget B,Enterprise,Retail,3,428.53,1285.59,5
ORD-008938,2024-11-02,North,Widget B,Enterprise,Retail,5,63.81,319.03,0
ORD-008939,2024-07-20,South,Gadget Y,Enterprise,Online,2,272.03,544.06,5
ORD-008940,2025-01-22,South,Widget C,Enterprise,Online,1,182.74,182.74,0
ORD-008941,2024-07-06,North,Widget A,SMB,Online,4,449.37,1797.49,0
ORD-008942,2024-12-02,South,Widget A,Consumer,Online,2,126.66,253.31,0
ORD-008943,2023-07-29,West,Widget C,Enterprise,Online,4,47.64,190.58,0
ORD-008944,2024-05-01,South,Service Plan,Consumer,Online,4,168.66,674.64,5
ORD-008945,2023-08-17,East,Widget A,Enterprise,Online,3,424.49,1273.46,0
ORD-008946,2023-09-14,South,Widget A,Enterprise,Online,4,78.98,315.94,0
ORD-008947,2023-03-08,North,Gadget X,Consumer,Online,3,25.38,76.13,0
ORD-008948,2024-11-27,South,Widget A,Consumer,Partners,4,492.35,1969.4,10
ORD-008949,2023-11-14,South,Widget B,Enterprise,Partners,2,432.89,865.78,5
ORD-008950,2024-03-17,West,Gadget X,Consumer,Retail,3,345.96,1037.89,5
ORD-008951,2025-01-09,South,Service Plan,Enterprise,Online,2,337.85,675.69,0
ORD-008952,2023-03-13,East,Gadget X,Enterprise,Online,3,442.34,1327.01,0
ORD-008953,2024-06-14,West,Gadget X,SMB,Retail,5,480.34,2401.69,0
ORD-008954,2023-11-08,South,Widget B,Consumer,Retail,3,188.24,564.73,5
ORD-008955,2023-01-09,West,Service Plan,SMB,Online,3,284.85,854.54,0
ORD-008956,2024-11-17,East,Gadget Y,SMB,Retail,3,277.24,831.72,0
ORD-008957,2023-07-04,North,Widget B,Consumer,Online,2,286.63,573.26,10
ORD-008958,2023-01-03,South,Widget A,Enterprise,Online,2,418.99,837.97,0
ORD-008959,2025-04-06,South,Widget B,Consumer,Partners,3,371.12,1113.35,0
ORD-008960,2023-08-02,North,Widget A,SMB,Retail,1,137.65,137.65,0
ORD-008961,2023-01-21,West,Widget A,Enterprise,Online,2,285.66,571.32,5
ORD-008962,2023-11-27,East,Widget A,SMB,Online,4,24.3,97.19,0
ORD-008963,2025-05-10,North,Widget A,Consumer,Retail,3,122.42,367.27,10
ORD-008964,2025-04-01,East,Gadget X,SMB,Online,5,460.6,2303.0,5
ORD-008965,2024-04-01,East,Widget A,Enterprise,Retail,3,169.62,508.86,5
ORD-008966,2024-08-09,South,Gadget X,Consumer,Partners,7,284.47,1991.29,5
ORD-008967,2025-04-19,North,Service Plan,SMB,Partners,2,262.92,525.84,0
ORD-008968,2023-12-06,East,Service Plan,SMB,Online,4,460.31,1841.23,15
ORD-008969,2024-01-13,North,Widget A,Enterprise,Online,3,495.08,1485.23,0
ORD-008970,2023-03-05,West,Widget B,Enterprise,Online,2,148.87,297.75,0
ORD-008971,2024-08-22,West,Gadget Y,Enterprise,Online,2,56.71,113.42,5
ORD-008972,2024-03-07,South,Service Plan,Enterprise,Online,2,375.37,750.73,0
ORD-008973,2025-04-30,South,Service Plan,Enterprise,Retail,1,330.13,330.13,5
ORD-008974,2023-09-24,South,Widget B,Consumer,Retail,1,101.83,101.83,5
ORD-008975,2024-11-09,,Service Plan,Enterprise,Online,4,151.25,605.01,0
ORD-008976,2023-01-29,South,Gadget X,Enterprise,Retail,5,464.12,2320.62,0
ORD-008977,2025-03-21,East,Gadget X,Consumer,Online,2,420.46,840.91,5
ORD-008978,2024-10-31,South,Widget B,SMB,Retail,1,45.54,45.54,5
ORD-008979,2023-06-14,North,Widget C,Enterprise,Online,2,447.53,895.05,0
ORD-008980,2023-02-09,South,Widget C,SMB,Retail,1,443.65,443.65,5
ORD-008981,2024-06-01,North,Widget A,Enterprise,Retail,5,246.14,1230.7,5
ORD-008982,2023-02-10,South,Widget C,Consumer,Online,5,87.13,435.67,5
ORD-008983,2023-01-17,North,Widget A,SMB,Online,3,70.09,210.26,0
ORD-008984,2024-01-30,,Widget C,Enterprise,Retail,4,43.6,174.4,15
ORD-008985,2024-03-08,East,Widget C,Enterprise,Retail,4,269.73,1078.91,0
ORD-008986,2024-04-17,East,Gadget Y,Consumer,Online,3,489.84,1469.51,0
ORD-008987,2024-07-19,East,Widget A,SMB,Online,2,134.53,269.06,5
ORD-008988,2024-02-07,West,Gadget X,Enterprise,Online,1,228.01,228.01,0
ORD-008989,2024-01-18,South,Widget A,SMB,Partners,6,76.59,459.54,10
ORD-008990,2025-03-06,,Widget A,Enterprise,Retail,3,207.75,623.25,0
ORD-008991,2025-05-20,South,Widget A,Enterprise,Online,2,74.88,149.76,5
ORD-008992,2023-04-20,North,Widget A,SMB,Online,3,246.25,738.76,0
ORD-008993,2024-02-09,North,Widget B,SMB,Retail,3,191.85,575.54,0
ORD-008994,2023-01-01,South,Service Plan,Enterprise,Partners,6,476.07,2856.42,0
ORD-008995,2024-05-06,West,Widget A,Enterprise,Online,2,176.59,353.17,10
ORD-008996,2023-09-15,South,Widget C,Enterprise,Retail,2,287.26,574.52,0
ORD-008997,2025-05-21,East,Gadget X,Enterprise,Retail,1,261.67,261.67,0
ORD-008998,2023-06-11,South,Widget C,Enterprise,Online,4,30.36,121.45,0
ORD-008999,2024-05-15,South,Widget C,SMB,Online,2,363.64,727.28,0
ORD-009000,2023-09-13,South,Service Plan,Consumer,Retail,4,392.76,1571.06,0
ORD-009001,2023-06-26,North,Widget B,Enterprise,Online,3,163.76,491.29,0
ORD-009002,2024-05-24,North,Gadget X,Enterprise,Retail,4,197.36,789.45,0
ORD-009003,2023-06-06,,Widget C,SMB,Partners,5,471.87,2359.35,10
ORD-009004,2024-03-10,South,Widget B,Enterprise,Online,3,213.79,641.37,5
ORD-009005,2023-04-01,South,Widget C,SMB,Retail,2,20.26,40.52,0
ORD-009006,2024-11-05,East,Widget C,Consumer,Partners,3,14.22,42.65,10
ORD-009007,2023-05-28,West,Gadget X,SMB,Retail,1,313.54,313.54,5
ORD-009008,2024-04-08,South,Widget B,Consumer,Retail,3,184.57,553.7,0
ORD-009009,2024-12-08,South,Service Plan,SMB,Online,2,323.23,646.45,5
ORD-009010,2024-02-09,North,Widget A,Consumer,Retail,3,44.71,134.12,5
ORD-009011,2023-08-13,South,Widget A,Enterprise,Online,4,463.79,1855.17,5
ORD-009012,2023-09-10,North,Widget B,SMB,Online,3,272.71,818.12,0
ORD-009013,2024-01-05,West,Widget A,SMB,Partners,3,264.2,792.6,0
ORD-009014,2023-07-17,East,Widget A,SMB,Online,4,440.28,1761.11,0
ORD-009015,2023-12-29,,Gadget X,SMB,Online,2,433.2,866.4,0
ORD-009016,2024-03-29,East,Widget B,SMB,Online,2,373.01,746.02,0
ORD-009017,2024-07-09,South,Widget A,Enterprise,Partners,4,207.57,830.28,5
ORD-009018,2023-06-04,South,Gadget X,Enterprise,Retail,4,187.4,749.61,0
ORD-009019,2024-07-31,East,Gadget Y,Enterprise,Online,3,493.01,1479.03,5
ORD-009020,2024-04-15,East,Widget A,SMB,Retail,4,398.46,1593.86,0
ORD-009021,2025-02-26,West,Widget A,Consumer,Retail,2,183.9,367.8,20
ORD-009022,2025-01-14,South,Widget B,Enterprise,Online,2,441.47,882.94,5
ORD-009023,2024-05-20,West,Widget A,SMB,Retail,4,225.09,900.34,15
ORD-009024,2024-10-10,East,Widget B,Consumer,Online,6,77.54,465.23,5
ORD-009025,2023-07-18,West,Gadget Y,SMB,Retail,3,5.68,17.05,10
ORD-009026,2023-12-01,East,Widget B,Consumer,Partners,3,361.99,1085.98,5
ORD-009027,2023-06-26,South,Gadget X,Consumer,Online,4,392.67,1570.69,20
ORD-009028,2023-07-26,West,Widget C,Enterprise,Retail,1,307.48,307.48,0
ORD-009029,2024-02-29,,Gadget Y,Enterprise,Online,4,298.27,1193.09,0
ORD-009030,2023-05-04,South,Service Plan,SMB,Online,4,10.69,42.75,0
ORD-009031,2023-01-27,West,Gadget X,Consumer,Online,4,211.64,846.54,5
ORD-009032,2024-05-30,East,Widget B,SMB,Online,4,19.77,79.1,0
ORD-009033,2023-01-21,South,Widget B,SMB,Retail,2,15.18,30.36,0
ORD-009034,2025-03-07,West,Gadget Y,Enterprise,Retail,5,381.98,1909.91,5
ORD-009035,2023-11-25,West,Gadget Y,Consumer,Online,3,67.71,203.14,10
ORD-009036,2025-05-07,East,Widget A,Enterprise,Online,7,64.81,453.69,10
ORD-009037,2024-09-24,North,Gadget X,SMB,Online,3,338.24,1014.72,0
ORD-009038,2023-10-17,North,Gadget X,Enterprise,Retail,10,91.57,915.72,5
ORD-009039,2025-02-15,North,Widget B,Consumer,Retail,3,131.31,393.93,15
ORD-009040,2023-05-16,West,Gadget X,Enterprise,Online,2,251.08,502.16,10
ORD-009041,2025-04-08,East,Gadget X,SMB,Online,1,367.61,367.61,0
ORD-009042,2023-05-28,North,Widget A,SMB,Retail,2,280.86,561.72,10
ORD-009043,2024-04-29,South,Widget B,Consumer,Online,3,59.97,179.91,5
ORD-009044,2025-05-21,West,Widget C,SMB,Online,2,218.7,437.41,0
ORD-009045,2024-04-22,East,Gadget X,Consumer,Online,2,362.01,724.03,5
ORD-009046,2024-03-08,East,Widget B,SMB,Online,2,320.16,640.32,0
ORD-009047,2024-07-06,South,Widget C,SMB,Online,3,18.84,56.51,0
ORD-009048,2023-04-25,East,Widget C,Enterprise,Online,4,439.61,1758.45,5
ORD-009049,2023-10-13,South,Widget C,Consumer,Online,1,318.14,318.14,5
ORD-009050,2024-12-03,West,Service Plan,SMB,Online,2,463.11,926.22,5
ORD-009051,2024-12-05,West,Gadget X,Consumer,Retail,3,36.08,108.23,20
ORD-009052,2024-04-01,East,Gadget X,Enterprise,Retail,3,13.53,40.59,0
ORD-009053,2023-12-17,South,Service Plan,Enterprise,Online,4,134.52,538.06,0
ORD-009054,2024-12-13,West,Widget B,Enterprise,Online,2,65.08,130.15,0
ORD-009055,2025-02-02,East,Gadget X,Consumer,Online,6,247.19,1483.13,0
ORD-009056,2024-09-08,East,Gadget Y,SMB,Online,3,459.02,1377.07,15
ORD-009057,2023-02-07,West,Widget B,SMB,Retail,1,238.03,238.03,0
ORD-009058,2023-07-04,East,Gadget Y,Enterprise,Partners,4,340.53,1362.11,0
ORD-009059,2024-02-14,West,Gadget X,SMB,Partners,2,289.17,578.35,10
ORD-009060,2023-01-14,West,Widget C,Consumer,Retail,1,164.91,164.91,0
ORD-009061,2023-10-20,South,Gadget Y,SMB,Online,3,386.65,1159.96,0
ORD-009062,2023-03-20,South,Widget C,Enterprise,Retail,2,412.3,824.6,0
ORD-009063,2023-07-02,North,Widget A,SMB,Retail,3,39.97,119.91,10
ORD-009064,2023-03-24,South,Widget B,SMB,Online,2,493.93,987.85,5
ORD-009065,2024-11-23,South,Widget C,SMB,Retail,3,157.52,472.55,5
ORD-009066,2024-03-17,South,Widget A,SMB,Partners,4,405.51,1622.05,0
ORD-009067,2025-05-07,East,Widget B,Enterprise,Retail,2,297.62,595.25,5
ORD-009068,2024-12-20,West,Widget B,SMB,Online,3,314.56,943.68,15
ORD-009069,2023-04-22,East,Widget B,Enterprise,Retail,5,453.35,2266.76,10
ORD-009070,2024-10-04,East,Widget A,Consumer,Retail,2,434.69,869.37,0
ORD-009071,2024-04-20,West,Service Plan,SMB,Online,4,390.32,1561.28,10
ORD-009072,2024-08-07,East,Widget C,Consumer,Partners,2,153.9,307.8,0
ORD-009073,2023-09-17,North,Widget A,SMB,Online,4,115.25,460.99,0
ORD-009074,2023-05-23,East,Widget B,Enterprise,Retail,2,356.54,713.09,0
ORD-009075,2025-02-07,West,Gadget Y,SMB,Retail,2,35.29,70.58,10
ORD-009076,2023-09-27,East,Widget C,Enterprise,Online,3,315.6,946.8,0
ORD-009077,2023-06-26,East,Service Plan,Enterprise,Online,1,382.85,382.85,0
ORD-009078,2023-04-09,West,Gadget Y,SMB,Online,2,217.34,,0
ORD-009079,2024-10-09,East,Widget A,SMB,Retail,4,332.73,1330.92,10
ORD-009080,2023-05-14,North,Widget B,SMB,Online,3,290.42,871.27,0
ORD-009081,2024-11-06,West,Gadget X,Enterprise,Partners,2,348.97,697.93,0
ORD-009082,2023-09-27,West,Widget A,Consumer,Retail,2,425.02,850.03,0
ORD-009083,2025-01-11,West,Widget B,SMB,Retail,1,193.82,193.82,15
ORD-009084,2025-03-28,West,Widget A,SMB,Online,3,14.21,42.63,10
ORD-009085,2023-01-02,East,Widget C,Enterprise,Retail,6,218.81,1312.84,20
ORD-009086,2023-08-15,South,Widget A,Consumer,Online,3,73.53,220.6,10
ORD-009087,2025-02-02,South,Widget B,Consumer,Partners,3,307.81,923.42,0
ORD-009088,2025-02-03,West,Widget A,Enterprise,Online,1,189.47,189.47,5
ORD-009089,2024-05-07,South,Widget A,SMB,Retail,4,69.8,279.19,5
ORD-009090,2023-10-10,West,Gadget X,Enterprise,Retail,7,371.74,2602.19,0
ORD-009091,2023-10-12,South,Widget A,Consumer,Online,3,431.43,1294.29,0
ORD-009092,2024-02-04,North,Widget C,Consumer,Partners,5,114.66,573.28,0
ORD-009093,2024-11-22,West,Widget B,SMB,Partners,3,401.87,1205.61,5
ORD-009094,2024-07-23,North,Service Plan,Enterprise,Retail,1,127.62,127.62,0
ORD-009095,2024-07-26,East,Gadget X,Enterprise,Partners,4,55.85,223.41,0
ORD-009096,2025-06-18,East,Widget A,SMB,Retail,3,140.69,422.08,5
ORD-009097,2024-11-16,North,Gadget Y,Enterprise,Online,1,107.35,107.35,10
ORD-009098,2023-04-21,South,Service Plan,SMB,Retail,5,379.54,1897.71,0
ORD-009099,2023-08-25,West,Widget A,SMB,Online,2,356.21,712.43,0
ORD-009100,2025-06-16,North,Widget B,Enterprise,Partners,2,232.36,464.72,5
ORD-009101,2025-01-13,East,Widget B,SMB,Online,1,135.78,,5
ORD-009102,2023-10-09,South,Gadget Y,Consumer,Online,2,83.99,167.97,10
ORD-009103,2023-10-18,South,Widget B,Consumer,Partners,3,199.23,597.69,0
ORD-009104,2024-08-20,West,Widget C,Enterprise,Online,3,102.11,306.34,0
ORD-009105,2024-06-15,East,Widget B,Consumer,Partners,3,156.66,469.98,10
ORD-009106,2024-06-08,East,Gadget X,Consumer,Online,3,142.39,427.17,0
ORD-009107,2023-11-12,South,Widget B,Consumer,Online,4,288.67,1154.69,0
ORD-009108,2023-10-07,South,Widget B,SMB,Retail,5,257.02,1285.11,0
ORD-009109,2023-12-23,East,Widget B,Enterprise,Online,2,300.81,601.62,0
ORD-009110,2025-06-12,North,Gadget X,Enterprise,Online,4,196.31,785.24,5
ORD-009111,2023-02-25,North,Widget B,Enterprise,Online,3,184.97,554.92,5
ORD-009112,2024-06-13,South,Widget A,Enterprise,Partners,2,33.89,67.78,5
ORD-009113,2025-04-01,East,Widget C,Enterprise,Retail,3,236.24,708.73,0
ORD-009114,2023-10-25,East,Widget B,Enterprise,Retail,6,458.74,2752.41,0
ORD-009115,2023-08-29,North,Widget A,Enterprise,Online,2,253.8,507.61,5
ORD-009116,2024-07-03,South,Gadget X,Enterprise,Retail,2,172.27,344.53,0
ORD-009117,2023-10-24,North,Widget A,SMB,Online,5,308.31,1541.56,5
ORD-009118,2023-11-05,North,Gadget X,Enterprise,Partners,5,317.13,,5
ORD-009119,2024-08-12,South,Widget B,SMB,Retail,3,38.42,115.26,0
ORD-009120,2023-09-16,West,Widget B,Consumer,Online,2,327.72,655.45,0
ORD-009121,2024-10-26,,Widget A,Consumer,Retail,3,108.22,324.67,0
ORD-009122,2025-03-12,East,Widget B,Enterprise,Partners,2,109.55,219.09,5
ORD-009123,2023-07-15,South,Gadget X,SMB,Retail,6,455.17,2731.04,5
ORD-009124,2023-03-21,West,Gadget Y,Enterprise,Online,5,346.22,1731.09,0
ORD-009125,2024-01-06,East,Widget A,SMB,Partners,3,300.39,901.17,10
ORD-009126,2024-05-03,West,Widget A,Enterprise,Retail,4,377.86,1511.43,15
ORD-009127,2024-05-18,West,Widget C,Consumer,Retail,2,275.45,550.9,0
ORD-009128,2024-05-28,West,Widget B,Enterprise,Online,2,331.77,663.54,0
ORD-009129,2024-07-03,West,Widget C,Consumer,Online,4,100.5,402.01,10
ORD-009130,2023-05-30,North,Gadget X,SMB,Retail,2,368.5,737.0,5
ORD-009131,2023-08-27,West,Widget A,Enterprise,Online,3,358.81,1076.44,10
ORD-009132,2025-02-07,West,Service Plan,Enterprise,Online,4,255.75,1023.0,5
ORD-009133,2023-07-04,South,Service Plan,Consumer,Online,2,360.18,720.37,0
ORD-009134,2023-09-27,North,Widget C,Enterprise,Online,2,193.29,386.58,5
ORD-009135,2025-02-02,North,Widget A,SMB,Retail,3,49.13,147.39,0
ORD-009136,2024-05-25,East,Gadget X,Consumer,Online,2,481.94,963.88,15
ORD-009137,2023-05-08,West,Widget B,Consumer,Retail,2,384.99,769.98,0
ORD-009138,2024-05-26,South,Widget C,SMB,Online,8,401.93,3215.4,10
ORD-009139,2024-10-19,East,Widget A,SMB,Retail,5,449.98,2249.89,0
ORD-009140,2024-04-27,North,Service Plan,SMB,Retail,1,199.78,199.78,0
ORD-009141,2024-08-02,South,Widget A,Enterprise,Retail,4,206.58,826.31,0
ORD-009142,2023-04-19,South,Gadget X,SMB,Online,4,183.98,735.94,10
ORD-009143,2024-08-01,East,Gadget X,Enterprise,Retail,3,431.18,1293.53,0
ORD-009144,2023-10-17,,Widget C,Enterprise,Online,3,233.66,700.98,5
ORD-009145,2023-02-18,West,Widget B,SMB,Retail,4,370.05,1480.19,0
ORD-009146,2024-05-04,West,Widget A,Enterprise,Online,3,479.18,1437.53,0
ORD-009147,2023-05-26,North,Gadget X,Consumer,Online,3,439.82,1319.46,5
ORD-009148,2023-03-08,South,Widget B,Consumer,Online,2,226.97,453.94,0
ORD-009149,2023-03-30,West,Widget C,Consumer,Online,1,443.87,443.87,0
ORD-009150,2024-12-13,West,Widget A,SMB,Online,3,175.07,525.22,5
ORD-009151,2024-07-05,East,Gadget X,Enterprise,Partners,3,220.93,662.8,0
ORD-009152,2023-09-07,South,Widget C,SMB,Retail,3,468.73,1406.19,15
ORD-009153,2024-03-06,West,Widget A,Enterprise,Retail,1,448.05,448.05,5
ORD-009154,2024-06-11,West,Widget C,Consumer,Online,5,391.97,1959.87,10
ORD-009155,2023-01-29,South,Widget A,SMB,Partners,2,324.7,649.41,10
ORD-009156,2025-04-06,West,Widget B,Enterprise,Online,3,289.42,868.27,0
ORD-009157,2024-10-06,West,Gadget X,SMB,Partners,4,58.09,232.35,0
ORD-009158,2025-05-26,West,Gadget X,Consumer,Retail,5,311.64,1558.19,10
ORD-009159,2023-01-25,South,Widget A,Enterprise,Retail,5,321.24,1606.18,0
ORD-009160,2024-09-12,East,Widget A,Enterprise,Online,4,208.76,835.02,10
ORD-009161,2023-11-08,South,Service Plan,Consumer,Retail,5,87.76,438.79,5
ORD-009162,2025-02-09,South,Widget A,Consumer,Partners,4,493.94,1975.74,0
ORD-009163,2023-09-08,East,Widget B,SMB,Online,2,443.83,887.66,10
ORD-009164,2023-05-23,,Gadget X,SMB,Retail,2,221.89,443.77,15
ORD-009165,2024-08-25,West,Widget B,Consumer,Partners,5,347.02,1735.12,5
ORD-009166,2024-12-20,West,Service Plan,Consumer,Online,2,315.5,631.01,0
ORD-009167,2023-02-15,East,Widget C,Enterprise,Partners,4,88.59,354.38,0
ORD-009168,2023-02-19,West,Widget B,SMB,Online,4,189.07,,0
ORD-009169,2024-12-20,East,Widget A,Enterprise,Retail,3,458.01,1374.02,0
ORD-009170,2023-08-13,East,Widget A,Enterprise,Online,5,362.02,1810.11,5
ORD-009171,2024-11-17,West,Gadget X,Enterprise,Partners,4,373.91,1495.65,0
ORD-009172,2024-09-06,West,Widget A,Enterprise,Online,4,14.95,59.79,0
ORD-009173,2025-05-10,South,Widget C,SMB,Partners,3,60.56,181.69,0
ORD-009174,2025-03-03,West,Widget A,Enterprise,Online,1,46.66,46.66,5
ORD-009175,2025-04-25,North,Gadget X,Consumer,Retail,3,171.79,515.37,0
ORD-009176,2024-02-05,South,Gadget X,SMB,Retail,1,497.01,497.01,0
ORD-009177,2023-07-29,South,Widget A,Consumer,Retail,5,479.93,2399.64,0
ORD-009178,2024-10-06,East,Gadget X,Consumer,Online,5,341.3,1706.48,0
ORD-009179,2023-12-10,East,Widget B,Consumer,Online,5,205.68,1028.42,0
ORD-009180,2024-05-04,,Gadget X,SMB,Online,3,211.52,,0
ORD-009181,2023-06-06,North,Widget A,SMB,Online,6,471.74,2830.42,0
ORD-009182,2024-05-14,North,Widget B,Enterprise,Partners,3,81.88,245.63,15
ORD-009183,2025-03-13,West,Widget C,Enterprise,Online,3,436.29,1308.86,0
ORD-009184,2025-04-14,South,Widget A,Enterprise,Online,3,79.56,238.68,0
ORD-009185,2024-08-13,South,Widget A,SMB,Partners,4,77.85,311.38,0
ORD-009186,2024-04-19,West,Widget A,Consumer,Retail,2,23.2,46.39,5
ORD-009187,2024-03-05,North,Gadget Y,Enterprise,Retail,5,19.37,96.86,0
ORD-009188,2025-03-02,East,Gadget X,Consumer,Online,3,332.98,998.95,10
ORD-009189,2024-07-27,South,Widget B,Enterprise,Retail,5,376.98,1884.89,0
ORD-009190,2023-06-17,South,Service Plan,SMB,Online,7,368.12,2576.86,5
ORD-009191,2024-05-22,North,Gadget X,SMB,Online,2,213.79,427.57,0
ORD-009192,2024-05-23,South,Gadget X,Enterprise,Partners,3,320.64,961.92,0
ORD-009193,2023-04-19,West,Widget C,SMB,Retail,1,22.94,22.94,10
ORD-009194,2025-04-28,South,Widget A,SMB,Partners,2,310.65,621.31,5
ORD-009195,2023-04-21,West,Widget B,Enterprise,Online,4,197.29,789.17,0
ORD-009196,2024-12-04,North,Widget A,SMB,Partners,2,226.12,452.25,0
ORD-009197,2025-05-09,East,Widget C,Enterprise,Online,4,327.39,1309.57,5
ORD-009198,2023-12-26,East,Widget B,Enterprise,Online,2,416.12,832.25,15
ORD-009199,2023-10-06,South,Widget C,Consumer,Online,3,419.85,1259.55,0
ORD-009200,2024-07-20,South,Widget A,SMB,Online,2,246.43,492.87,0
ORD-009201,2023-09-07,West,Gadget Y,SMB,Online,3,23.59,70.77,5
ORD-009202,2023-10-08,West,Widget B,Enterprise,Partners,1,426.05,426.05,0
ORD-009203,2025-01-19,North,Service Plan,SMB,Partners,2,34.58,69.16,15
ORD-009204,2024-04-11,West,Gadget X,SMB,Online,4,289.84,,15
ORD-009205,2024-11-11,South,Widget C,Enterprise,Online,2,44.23,88.46,0
ORD-009206,2025-02-18,North,Widget A,SMB,Online,3,252.79,758.38,5
ORD-009207,2024-05-19,West,Widget B,SMB,Retail,2,418.68,837.36,0
ORD-009208,2023-10-28,East,Widget C,Consumer,Partners,6,304.77,1828.61,0
ORD-009209,2023-01-27,North,Widget A,Enterprise,Retail,3,95.71,287.13,10
ORD-009210,2024-05-25,South,Widget A,Enterprise,Retail,6,353.85,2123.08,0
ORD-009211,2024-11-11,East,Gadget Y,Enterprise,Retail,4,437.24,1748.97,20
ORD-009212,2024-12-05,West,Widget A,SMB,Partners,3,376.59,1129.78,0
ORD-009213,2024-10-19,West,Widget B,Enterprise,Online,7,201.13,1407.9,0
ORD-009214,2023-01-31,North,Widget B,Consumer,Retail,4,457.96,1831.86,0
ORD-009215,2024-05-27,East,Gadget Y,SMB,Retail,6,370.28,2221.7,0
ORD-009216,2024-08-02,East,Gadget X,Enterprise,Partners,4,250.41,1001.63,0
ORD-009217,2023-08-03,South,Service Plan,SMB,Retail,4,86.98,347.93,5
ORD-009218,2023-12-29,West,Gadget X,Enterprise,Retail,4,432.45,1729.79,5
ORD-009219,2023-07-06,East,Gadget X,Consumer,Partners,4,498.86,1995.45,5
ORD-009220,2025-05-06,South,Widget B,SMB,Online,1,6.58,6.58,0
ORD-009221,2024-07-10,South,Widget C,SMB,Online,4,338.22,1352.87,5
ORD-009222,2025-04-17,South,Widget B,SMB,Online,3,226.4,679.21,0
ORD-009223,2024-05-05,South,Gadget X,Enterprise,Retail,2,209.62,419.25,0
ORD-009224,2023-05-19,South,Service Plan,Consumer,Online,2,462.68,925.35,0
ORD-009225,2023-12-30,North,Gadget X,SMB,Online,7,460.9,3226.33,5
ORD-009226,2024-10-06,North,Gadget X,Consumer,Online,3,40.08,120.23,5
ORD-009227,2024-12-07,East,Service Plan,SMB,Retail,2,165.03,330.07,15
ORD-009228,2023-01-30,West,Widget A,Enterprise,Retail,6,331.89,1991.35,10
ORD-009229,2023-10-20,West,Widget C,Consumer,Retail,3,263.63,790.9,10
ORD-009230,2023-11-07,North,Gadget Y,Enterprise,Retail,4,134.74,538.96,0
ORD-009231,2024-04-10,West,Gadget X,SMB,Retail,3,219.74,659.23,0
ORD-009232,2024-01-21,South,Widget C,Consumer,Retail,4,363.89,1455.56,0
ORD-009233,2025-02-22,West,Widget B,SMB,Online,2,484.41,968.83,0
ORD-009234,2025-06-08,West,Gadget Y,Enterprise,Retail,3,35.06,105.17,0
ORD-009235,2024-03-01,North,Gadget X,Consumer,Partners,2,299.7,599.4,10
ORD-009236,2025-02-21,South,Widget A,SMB,Retail,1,32.81,32.81,10
ORD-009237,2025-06-14,South,Widget A,Consumer,Online,2,246.81,493.62,0
ORD-009238,2025-05-24,North,Widget A,Consumer,Retail,4,256.28,1025.14,15
ORD-009239,2023-06-14,West,Widget C,Consumer,Partners,4,61.78,247.12,0
ORD-009240,2025-02-11,East,Service Plan,Consumer,Online,2,435.61,871.22,5
ORD-009241,2023-02-28,West,Gadget Y,Enterprise,Retail,1,343.13,343.13,5
ORD-009242,2024-03-22,South,Widget C,Consumer,Online,4,32.66,130.65,0
ORD-009243,2024-11-17,West,Widget A,Consumer,Retail,1,42.08,42.08,5
ORD-009244,2025-02-06,North,Widget A,Enterprise,Online,2,240.82,481.63,5
ORD-009245,2025-02-13,West,Service Plan,Enterprise,Retail,3,422.1,1266.31,0
ORD-009246,2023-08-13,East,Widget B,SMB,Partners,1,337.78,337.78,15
ORD-009247,2025-04-16,,Gadget X,SMB,Online,5,384.68,1923.42,0
ORD-009248,2023-01-20,West,Gadget X,Enterprise,Online,3,299.38,898.14,5
ORD-009249,2023-07-13,South,Service Plan,Enterprise,Online,3,455.43,1366.28,5
ORD-009250,2025-04-21,West,Service Plan,Consumer,Retail,2,53.26,106.51,5
ORD-009251,2025-01-05,West,Service Plan,SMB,Retail,3,96.07,288.2,5
ORD-009252,2023-10-17,East,Gadget Y,SMB,Online,5,422.74,2113.7,5
ORD-009253,2023-01-28,East,Widget C,SMB,Online,4,164.2,656.79,5
ORD-009254,2023-12-07,West,Gadget Y,Consumer,Retail,3,368.41,1105.23,10
ORD-009255,2023-07-26,East,Service Plan,Enterprise,Partners,2,299.13,598.26,0
ORD-009256,2025-06-07,West,Gadget X,SMB,Retail,4,498.35,1993.4,5
ORD-009257,2024-11-22,South,Widget A,Enterprise,Partners,3,377.2,1131.61,0
ORD-009258,2024-09-24,West,Gadget X,Enterprise,Online,4,473.75,1895.0,0
ORD-009259,2025-05-05,West,Gadget X,Consumer,Partners,2,213.11,426.22,5
ORD-009260,2025-05-07,East,Widget B,SMB,Online,3,203.79,611.37,15
ORD-009261,2024-05-06,South,Gadget Y,SMB,Retail,4,249.81,999.24,0
ORD-009262,2023-09-25,East,Widget B,Enterprise,Retail,4,325.97,1303.87,0
ORD-009263,2025-02-16,East,Service Plan,SMB,Online,3,179.58,538.75,5
ORD-009264,2024-06-19,South,Widget C,Enterprise,Online,2,22.42,44.84,5
ORD-009265,2023-05-12,,Gadget X,SMB,Partners,4,187.85,751.38,0
ORD-009266,2024-04-12,South,Gadget X,SMB,Retail,5,254.6,1273.0,0
ORD-009267,2024-10-29,South,Widget A,Consumer,Partners,3,189.04,567.12,10
ORD-009268,2024-01-18,North,Widget A,Consumer,Retail,3,206.29,618.86,5
ORD-009269,2023-10-07,South,Widget A,SMB,Online,2,309.21,618.41,0
ORD-009270,2024-07-07,South,Widget A,Enterprise,Partners,2,452.14,904.29,0
ORD-009271,2024-05-27,North,Widget B,SMB,Online,3,140.58,421.75,0
ORD-009272,2023-12-08,South,Widget C,Enterprise,Online,2,258.31,516.62,0
ORD-009273,2024-06-02,West,Gadget Y,Enterprise,Online,3,293.02,879.07,0
ORD-009274,2024-05-16,South,Service Plan,Enterprise,Partners,5,95.94,479.7,0
ORD-009275,2025-05-28,West,Widget A,SMB,Online,1,180.64,180.64,0
ORD-009276,2024-06-17,East,Gadget X,Consumer,Online,4,309.03,1236.11,5
ORD-009277,2024-09-28,North,Widget A,SMB,Partners,3,436.38,1309.13,0
ORD-009278,2024-04-15,South,Gadget X,Enterprise,Retail,2,197.72,395.44,0
ORD-009279,2024-06-13,,Gadget X,SMB,Partners,5,232.25,1161.26,0
ORD-009280,2023-08-29,South,Service Plan,SMB,Online,4,186.24,744.94,0
ORD-009281,2024-07-28,East,Widget A,Enterprise,Partners,2,343.63,687.26,0
ORD-009282,2025-02-01,West,Widget C,SMB,Retail,2,141.31,282.63,0
ORD-009283,2024-01-25,South,Gadget X,Consumer,Online,3,137.71,413.13,0
ORD-009284,2023-05-12,South,Gadget Y,SMB,Online,4,191.39,765.57,10
ORD-009285,2023-03-08,North,Widget A,Enterprise,Retail,2,143.82,287.64,5
ORD-009286,2024-06-05,West,Gadget Y,SMB,Online,1,121.28,121.28,10
ORD-009287,2023-09-06,,Gadget X,Consumer,Retail,2,89.34,178.67,5
ORD-009288,2023-11-12,West,Gadget X,SMB,Partners,2,12.4,24.8,10
ORD-009289,2023-09-25,South,Widget A,Consumer,Online,4,192.76,771.04,5
ORD-009290,2023-11-15,East,Gadget X,Enterprise,Online,4,439.28,1757.12,0
ORD-009291,2023-07-12,West,Gadget Y,Consumer,Retail,2,264.14,528.28,5
ORD-009292,2023-07-13,South,Service Plan,SMB,Partners,1,340.72,340.72,5
ORD-009293,2024-03-22,West,Widget A,Enterprise,Partners,1,137.36,137.36,0
ORD-009294,2023-03-14,East,Widget C,Enterprise,Retail,2,455.04,910.07,0
ORD-009295,2023-06-30,South,Widget C,Enterprise,Retail,1,207.64,207.64,10
ORD-009296,2024-12-28,South,Widget C,SMB,Retail,4,113.59,454.37,0
ORD-009297,2024-09-21,South,Widget B,Enterprise,Online,3,213.07,639.22,5
ORD-009298,2023-02-23,West,Widget A,Consumer,Online,4,19.06,76.26,0
ORD-009299,2024-08-23,West,Gadget X,Consumer,Retail,2,65.6,131.21,10
ORD-009300,2023-01-01,West,Widget A,Enterprise,Partners,4,295.25,1180.98,0
ORD-009301,2024-01-08,North,Service Plan,Consumer,Retail,3,89.9,269.7,0
ORD-009302,2024-01-07,West,Widget C,SMB,Online,2,418.67,837.33,5
ORD-009303,2024-05-06,South,Widget A,Enterprise,Partners,4,435.37,1741.5,0
ORD-009304,2024-05-31,East,Widget C,SMB,Partners,5,243.45,1217.25,5
ORD-009305,2024-12-06,East,Widget A,Enterprise,Retail,3,72.27,216.8,0
ORD-009306,2023-10-19,South,Widget A,Enterprise,Online,4,242.27,969.08,0
ORD-009307,2023-09-23,West,Gadget X,SMB,Online,2,74.93,149.86,0
ORD-009308,2023-08-29,South,Widget B,Enterprise,Online,5,330.57,1652.86,5
ORD-009309,2024-08-03,North,Gadget X,SMB,Online,1,330.39,330.39,5
ORD-009310,2024-03-30,South,Service Plan,Consumer,Online,3,452.96,1358.88,10
ORD-009311,2025-01-20,West,Widget A,SMB,Retail,4,71.41,285.64,5
ORD-009312,2023-06-28,North,Gadget X,Enterprise,Online,2,476.41,952.83,15
ORD-009313,2023-12-29,West,Widget B,SMB,Online,4,93.18,372.74,0
ORD-009314,2025-02-04,South,Widget B,Enterprise,Online,2,231.73,463.46,0
ORD-009315,2023-07-03,East,Widget B,Consumer,Online,6,405.51,2433.09,0
ORD-009316,2023-07-20,North,Widget C,Consumer,Online,6,384.94,2309.61,5
ORD-009317,2024-03-28,North,Gadget X,SMB,Retail,3,182.0,546.0,5
ORD-009318,2025-04-29,North,Widget C,SMB,Retail,1,262.9,262.9,0
ORD-009319,2024-10-05,North,Widget A,SMB,Online,6,460.94,2765.67,0
ORD-009320,2025-05-29,West,Gadget X,SMB,Online,3,403.84,1211.53,10
ORD-009321,2025-03-29,South,Service Plan,Consumer,Retail,3,401.29,1203.87,5
ORD-009322,2025-04-05,South,Widget A,Enterprise,Retail,5,378.15,1890.73,0
ORD-009323,2023-10-25,South,Widget B,Consumer,Partners,4,404.69,1618.74,5
ORD-009324,2024-12-11,North,Widget C,Enterprise,Partners,2,249.62,499.24,5
ORD-009325,2024-02-07,North,Service Plan,Consumer,Online,5,234.38,1171.88,0
ORD-009326,2024-03-27,West,Widget C,Enterprise,Online,3,309.94,929.82,5
ORD-009327,2024-04-19,South,Widget C,Consumer,Retail,1,145.6,145.6,20
ORD-009328,2023-08-22,South,Widget C,Enterprise,Online,1,205.07,205.07,0
ORD-009329,2023-01-06,West,Widget B,Enterprise,Partners,3,193.57,580.7,0
ORD-009330,2023-02-03,South,Widget B,Enterprise,Online,4,45.74,182.94,5
ORD-009331,2024-05-25,South,Gadget X,SMB,Online,4,174.89,699.56,5
ORD-009332,2025-05-08,West,Gadget X,Enterprise,Online,4,459.33,1837.31,5
ORD-009333,2024-05-28,South,Widget A,SMB,Partners,1,56.84,56.84,5
ORD-009334,2024-10-20,East,Widget A,SMB,Online,4,259.88,1039.53,0
ORD-009335,2025-02-05,West,Service Plan,Enterprise,Partners,4,484.97,1939.87,0
ORD-009336,2023-04-08,North,Widget B,Enterprise,Online,5,178.77,893.84,0
ORD-009337,2025-01-13,South,Widget C,SMB,Online,4,309.36,1237.44,20
ORD-009338,2025-04-29,South,Widget A,SMB,Online,2,133.01,266.02,0
ORD-009339,2023-04-17,South,Widget B,Enterprise,Online,3,5.4,16.21,0
ORD-009340,2023-08-16,South,Widget C,Enterprise,Online,4,27.55,110.18,0
ORD-009341,2023-06-28,West,Widget B,SMB,Partners,4,471.76,1887.05,10
ORD-009342,2023-05-05,West,Widget A,Consumer,Retail,4,248.01,992.05,0
ORD-009343,2024-12-27,West,Gadget X,Enterprise,Online,2,137.81,275.62,0
ORD-009344,2024-12-28,West,Service Plan,SMB,Partners,2,200.54,401.08,15
ORD-009345,2024-01-07,North,Gadget X,Enterprise,Online,5,235.04,1175.19,0
ORD-009346,2023-09-18,East,Widget A,SMB,Retail,5,72.74,363.72,0
ORD-009347,2024-10-09,East,Widget A,Enterprise,Online,3,136.3,408.89,0
ORD-009348,2025-03-18,North,Gadget X,Consumer,Retail,4,36.54,146.14,15
ORD-009349,2025-02-28,North,Widget A,Enterprise,Online,3,497.05,1491.14,15
ORD-009350,2025-04-09,West,Gadget Y,Enterprise,Partners,2,446.63,893.26,5
ORD-009351,2023-03-12,East,Gadget X,Consumer,Retail,3,364.32,1092.95,10
ORD-009352,2023-11-05,South,Gadget X,Enterprise,Retail,3,203.56,610.69,0
ORD-009353,2024-05-25,West,Gadget X,Enterprise,Online,2,490.39,980.79,5
ORD-009354,2025-01-27,,Gadget X,SMB,Online,4,486.03,1944.11,0
ORD-009355,2023-02-19,North,Widget B,Consumer,Retail,1,275.32,275.32,5
ORD-009356,2025-02-25,South,Widget A,SMB,Partners,1,223.23,223.23,5
ORD-009357,2023-12-09,South,Widget C,Consumer,Partners,1,315.51,315.51,0
ORD-009358,2024-08-19,West,Gadget X,Enterprise,Online,2,372.75,745.51,0
ORD-009359,2023-08-30,,Widget C,Enterprise,Online,5,245.23,1226.16,0
ORD-009360,2025-01-07,East,Widget A,SMB,Partners,3,168.22,504.66,0
ORD-009361,2023-02-22,West,Widget A,Consumer,Retail,2,288.59,577.18,0
ORD-009362,2024-03-22,East,Widget B,Enterprise,Online,5,204.66,1023.32,0
ORD-009363,2023-11-25,South,Gadget X,Enterprise,Online,3,234.7,704.09,0
ORD-009364,2023-02-23,West,Widget C,Enterprise,Partners,4,120.98,483.91,0
ORD-009365,2024-12-01,North,Widget A,Enterprise,Partners,4,173.06,692.23,5
ORD-009366,2024-05-14,East,Widget A,Enterprise,Retail,3,323.36,970.09,0
ORD-009367,2025-05-31,North,Widget B,SMB,Retail,3,296.11,888.32,0
ORD-009368,2025-06-08,East,Service Plan,Enterprise,Retail,5,304.91,1524.54,5
ORD-009369,2023-09-15,East,Widget B,Consumer,Partners,3,339.93,1019.8,5
ORD-009370,2025-03-15,East,Widget C,SMB,Online,2,478.28,956.56,0
ORD-009371,2023-03-23,South,Widget A,SMB,Retail,3,217.73,653.2,0
ORD-009372,2025-06-15,North,Widget A,SMB,Online,3,468.34,1405.02,0
ORD-009373,2023-02-18,West,Gadget X,Enterprise,Retail,3,155.14,465.41,0
ORD-009374,2025-06-11,South,Widget A,Enterprise,Online,2,258.34,516.68,5
ORD-009375,2024-07-19,West,Gadget Y,SMB,Partners,2,312.54,625.07,5
ORD-009376,2025-02-20,West,Widget A,Enterprise,Retail,1,231.91,231.91,0
ORD-009377,2023-07-06,South,Widget B,Enterprise,Retail,2,391.83,783.67,10
ORD-009378,2023-02-24,East,Widget A,Enterprise,Online,5,15.6,78.0,0
ORD-009379,2025-04-19,West,Gadget Y,SMB,Online,3,351.02,1053.07,0
ORD-009380,2023-09-07,East,Widget A,SMB,Retail,3,65.66,196.99,5
ORD-009381,2023-08-11,East,Service Plan,Enterprise,Online,3,30.33,90.99,0
ORD-009382,2023-06-25,South,Service Plan,Enterprise,Retail,2,180.4,360.81,0
ORD-009383,2024-01-13,East,Widget A,Enterprise,Online,5,245.95,1229.73,15
ORD-009384,2024-08-02,South,Service Plan,SMB,Online,2,21.22,42.44,10
ORD-009385,2025-04-16,North,Service Plan,SMB,Retail,5,323.13,1615.64,0
ORD-009386,2025-03-10,West,Widget B,Enterprise,Online,2,321.48,642.96,5
ORD-009387,2023-09-14,South,Service Plan,SMB,Retail,3,311.36,934.07,0
ORD-009388,2023-07-07,East,Gadget X,Enterprise,Online,2,445.17,890.34,10
ORD-009389,2024-12-17,,Widget A,Consumer,Online,4,428.64,1714.57,5
ORD-009390,2025-05-11,South,Widget B,Enterprise,Retail,2,126.68,253.35,0
ORD-009391,2025-04-20,West,Widget B,Consumer,Online,3,294.14,882.42,10
ORD-009392,2025-02-24,South,Widget A,Enterprise,Online,2,425.09,850.18,0
ORD-009393,2024-05-11,North,Gadget X,Consumer,Online,3,7.95,23.85,10
ORD-009394,2023-06-27,South,Widget B,Consumer,Retail,4,348.93,1395.72,0
ORD-009395,2024-02-16,West,Gadget X,SMB,Online,3,251.86,755.58,5
ORD-009396,2024-09-26,South,Service Plan,Enterprise,Online,5,339.34,1696.7,10
ORD-009397,2024-10-31,West,Gadget Y,Enterprise,Online,2,340.52,681.05,0
ORD-009398,2024-11-22,South,Gadget X,SMB,Retail,4,432.76,1731.03,5
ORD-009399,2023-02-20,West,Widget A,Consumer,Partners,3,489.56,1468.69,5
ORD-009400,2023-05-31,East,Gadget Y,SMB,Online,4,455.75,1823.02,0
ORD-009401,2023-03-03,North,Widget A,Enterprise,Online,3,465.54,1396.63,0
ORD-009402,2024-02-10,East,Widget C,SMB,Partners,4,356.8,1427.2,0
ORD-009403,2023-06-05,East,Widget A,Enterprise,Retail,4,405.69,1622.78,5
ORD-009404,2025-06-09,West,Widget A,Enterprise,Online,3,144.88,434.65,0
ORD-009405,2024-09-26,South,Widget C,Consumer,Online,2,330.5,660.99,0
ORD-009406,2025-03-30,East,Widget C,SMB,Partners,4,60.34,241.37,10
ORD-009407,2023-05-31,East,Widget B,Consumer,Partners,3,495.24,1485.71,0
ORD-009408,2025-06-17,South,Gadget X,SMB,Partners,3,315.94,947.81,0
ORD-009409,2024-10-16,South,Widget C,Consumer,Online,2,60.14,120.28,5
ORD-009410,2025-04-22,North,Widget B,Enterprise,Online,3,18.21,54.64,0
ORD-009411,2024-07-16,South,Gadget X,Consumer,Retail,2,144.05,288.09,15
ORD-009412,2023-05-04,,Widget C,SMB,Online,1,83.93,83.93,0
ORD-009413,2025-04-20,South,Widget B,Enterprise,Online,1,387.19,387.19,5
ORD-009414,2024-03-15,North,Widget A,SMB,Retail,4,84.69,338.77,10
ORD-009415,2024-09-10,South,Widget A,Consumer,Retail,3,386.84,1160.51,0
ORD-009416,2025-04-05,South,Gadget X,Consumer,Retail,2,102.82,205.64,5
ORD-009417,2024-11-10,East,Widget C,Enterprise,Retail,4,443.81,1775.23,5
ORD-009418,2024-03-01,West,Widget B,Enterprise,Online,1,336.51,336.51,0
ORD-009419,2023-04-17,North,Gadget X,Enterprise,Online,1,388.15,388.15,0
ORD-009420,2023-06-02,West,Service Plan,Consumer,Online,3,76.25,228.74,5
ORD-009421,2025-02-26,East,Gadget X,Consumer,Partners,4,376.42,1505.68,0
ORD-009422,2023-10-12,North,Widget C,Enterprise,Online,3,270.08,810.23,0
ORD-009423,2023-01-20,West,Widget B,Consumer,Retail,1,451.51,451.51,15
ORD-009424,2023-07-17,West,Service Plan,Enterprise,Online,2,313.62,627.24,0
ORD-009425,2024-05-08,South,Gadget Y,SMB,Partners,4,373.31,1493.23,0
ORD-009426,2024-12-12,West,Gadget Y,SMB,Online,4,245.64,982.58,0
ORD-009427,2025-05-03,East,Widget B,Enterprise,Partners,1,357.41,357.41,5
ORD-009428,2023-02-25,East,Service Plan,Consumer,Online,2,459.84,919.69,10
ORD-009429,2023-07-04,West,Gadget X,Enterprise,Online,1,85.32,85.32,0
ORD-009430,2024-08-20,East,Gadget X,Enterprise,Retail,1,249.6,249.6,0
ORD-009431,2023-06-20,North,Gadget Y,SMB,Retail,1,191.7,191.7,10
ORD-009432,2023-02-16,West,Widget A,Consumer,Retail,3,24.88,74.65,10
ORD-009433,2024-06-10,North,Gadget X,Enterprise,Partners,2,74.41,148.83,5
ORD-009434,2024-01-29,South,Gadget Y,Enterprise,Retail,3,416.57,1249.71,5
ORD-009435,2024-11-10,South,Gadget X,Consumer,Online,3,22.11,66.33,0
ORD-009436,2024-09-26,South,Widget A,Consumer,Partners,2,181.82,363.65,0
ORD-009437,2023-03-07,South,Gadget X,SMB,Online,5,286.33,1431.64,0
ORD-009438,2024-12-01,West,Widget A,Consumer,Online,4,288.45,1153.81,0
ORD-009439,2023-01-10,South,Widget A,Enterprise,Retail,3,335.08,1005.25,15
ORD-009440,2024-03-16,East,Gadget X,Enterprise,Online,2,413.32,826.65,5
ORD-009441,2025-06-17,South,Gadget X,SMB,Retail,3,464.46,1393.38,5
ORD-009442,2025-03-30,East,Widget C,Consumer,Online,2,193.27,386.54,5
ORD-009443,2024-03-26,East,Gadget X,Consumer,Retail,5,475.24,2376.22,10
ORD-009444,2023-08-12,North,Widget A,Consumer,Online,2,48.0,96.01,0
ORD-009445,2023-10-25,South,Service Plan,Consumer,Online,4,279.27,1117.07,5
ORD-009446,2024-10-09,South,Service Plan,Consumer,Retail,2,478.25,956.5,0
ORD-009447,2024-12-11,North,Widget C,SMB,Retail,2,163.42,326.84,0
ORD-009448,2023-07-19,North,Widget C,Enterprise,Retail,2,118.5,237.01,5
ORD-009449,2023-10-27,West,Widget C,Enterprise,Partners,3,166.77,500.32,0
ORD-009450,2024-03-09,East,Widget C,Consumer,Online,5,87.57,437.87,0
ORD-009451,2024-02-05,South,Gadget X,Enterprise,Retail,4,420.73,1682.91,5
ORD-009452,2024-02-03,North,Widget A,Enterprise,Online,3,94.53,283.6,0
ORD-009453,2023-07-15,West,Service Plan,Enterprise,Retail,7,360.77,2525.42,0
ORD-009454,2023-12-21,North,Gadget X,Enterprise,Online,3,323.68,971.03,0
ORD-009455,2023-01-25,East,Gadget X,Enterprise,Retail,6,24.42,146.54,0
ORD-009456,2024-07-12,,Widget A,SMB,Partners,6,123.99,743.93,5
ORD-009457,2023-07-04,South,Gadget Y,Consumer,Online,3,214.12,642.36,5
ORD-009458,2024-01-06,South,Gadget X,SMB,Online,1,102.69,102.69,5
ORD-009459,2023-12-30,East,Gadget Y,Enterprise,Online,2,100.55,201.1,5
ORD-009460,2023-05-27,West,Widget A,Consumer,Online,2,154.92,309.85,0
ORD-009461,2023-10-27,North,Widget A,SMB,Retail,4,23.93,95.73,15
ORD-009462,2023-01-25,North,Widget C,Consumer,Retail,1,479.54,479.54,0
ORD-009463,2024-07-14,North,Gadget X,SMB,Retail,2,109.67,219.35,0
ORD-009464,2023-04-14,North,Widget A,SMB,Partners,4,87.88,351.52,0
ORD-009465,2024-07-22,West,Widget B,Enterprise,Online,2,351.11,702.23,0
ORD-009466,2023-11-04,East,Widget A,Consumer,Retail,2,465.45,930.9,10
ORD-009467,2023-11-03,South,Widget A,Enterprise,Online,3,205.72,617.15,15
ORD-009468,2025-04-16,West,Widget C,SMB,Online,4,341.9,1367.61,5
ORD-009469,2024-09-09,North,Widget A,Enterprise,Retail,4,345.77,1383.08,0
ORD-009470,2024-01-08,,Widget A,Consumer,Retail,1,91.22,91.22,10
ORD-009471,2024-04-26,West,Widget A,Enterprise,Online,2,199.33,398.65,20
ORD-009472,2025-04-26,South,Gadget Y,SMB,Retail,6,36.32,217.94,0
ORD-009473,2023-12-17,East,Gadget X,Consumer,Retail,3,402.34,1207.01,0
ORD-009474,2024-08-07,East,Widget A,SMB,Online,1,163.91,163.91,5
ORD-009475,2024-12-21,South,Service Plan,Consumer,Online,3,362.48,1087.44,10
ORD-009476,2023-11-28,South,Widget A,SMB,Partners,5,388.54,1942.72,15
ORD-009477,2024-08-16,West,Widget A,Consumer,Online,3,439.77,1319.32,0
ORD-009478,2024-02-01,West,Widget C,SMB,Online,5,478.96,2394.79,5
ORD-009479,2025-04-17,West,Widget B,SMB,Partners,4,250.69,1002.77,10
ORD-009480,2023-05-25,West,Widget A,SMB,Online,6,200.97,1205.81,0
ORD-009481,2025-04-20,South,Widget A,SMB,Partners,1,237.36,237.36,0
ORD-009482,2025-03-25,South,Widget A,Enterprise,Retail,2,206.78,413.55,5
ORD-009483,2024-06-12,East,Widget B,SMB,Online,3,12.34,37.03,0
ORD-009484,2024-07-14,East,Widget B,Consumer,Online,2,63.49,126.98,0
ORD-009485,2023-04-07,North,Gadget X,Enterprise,Online,4,355.14,1420.57,5
ORD-009486,2023-05-20,East,Service Plan,Consumer,Online,1,354.39,354.39,0
ORD-009487,2023-07-21,East,Service Plan,Consumer,Online,4,493.47,1973.89,0
ORD-009488,2023-11-09,West,Widget B,SMB,Partners,1,133.69,133.69,0
ORD-009489,2024-10-02,West,Widget A,Enterprise,Retail,4,38.77,155.08,0
ORD-009490,2024-09-19,East,Widget A,Consumer,Partners,2,425.19,850.39,0
ORD-009491,2024-10-04,South,Widget B,SMB,Online,8,195.09,1560.75,0
ORD-009492,2023-06-30,South,Widget B,SMB,Online,2,11.06,22.13,0
ORD-009493,2023-06-17,South,Widget C,SMB,Online,2,18.87,37.74,10
ORD-009494,2024-07-06,West,Widget C,Enterprise,Online,5,322.2,1610.98,15
ORD-009495,2024-04-17,West,Gadget X,Enterprise,Retail,6,46.91,281.46,0
ORD-009496,2024-08-03,East,Service Plan,SMB,Online,7,210.14,1470.96,15
ORD-009497,2025-02-27,South,Widget C,SMB,Online,3,266.04,798.12,15
ORD-009498,2024-07-28,South,Widget A,SMB,Online,3,159.74,479.22,10
ORD-009499,2025-06-11,South,Gadget X,SMB,Retail,4,106.81,427.26,5
ORD-009500,2023-04-28,West,Widget A,Enterprise,Retail,4,420.75,1683.01,0
ORD-009501,2023-01-17,West,Widget A,Consumer,Online,1,285.29,285.29,0
ORD-009502,2023-05-25,,Gadget X,Enterprise,Online,2,472.8,945.6,5
ORD-009503,2023-10-12,North,Gadget Y,SMB,Partners,2,224.68,449.35,0
ORD-009504,2024-10-25,South,Gadget X,SMB,Online,2,417.97,835.94,5
ORD-009505,2023-01-22,East,Service Plan,Enterprise,Online,3,230.13,690.4,15
ORD-009506,2023-09-07,North,Service Plan,SMB,Online,1,131.67,131.67,0
ORD-009507,2024-06-23,South,Widget A,SMB,Online,5,102.46,512.3,5
ORD-009508,2023-05-20,South,Widget B,Enterprise,Online,4,143.84,575.38,5
ORD-009509,2023-07-22,East,Widget A,Enterprise,Online,3,387.3,1161.91,0
ORD-009510,2023-09-04,South,Widget A,Enterprise,Partners,4,51.25,204.98,0
ORD-009511,2024-06-29,West,Widget B,Enterprise,Retail,3,25.49,76.46,0
ORD-009512,2025-05-04,South,Widget B,SMB,Online,4,432.15,1728.59,0
ORD-009513,2024-08-13,North,Widget A,Enterprise,Online,1,200.99,200.99,0
ORD-009514,2024-11-28,West,Widget B,Consumer,Online,5,31.94,159.68,5
ORD-009515,2023-06-26,East,Widget A,Consumer,Retail,3,229.33,688.0,0
ORD-009516,2024-09-24,North,Gadget X,Consumer,Partners,2,387.82,775.64,15
ORD-009517,2025-05-20,West,Service Plan,Consumer,Retail,1,317.97,317.97,5
ORD-009518,2025-06-14,West,Widget B,SMB,Retail,3,429.96,1289.88,15
ORD-009519,2024-04-30,East,Gadget X,SMB,Online,4,209.97,839.9,15
ORD-009520,2023-06-03,East,Widget C,SMB,Partners,4,94.92,379.68,5
ORD-009521,2023-05-30,East,Gadget X,SMB,Online,4,222.73,890.92,10
ORD-009522,2024-07-09,West,Widget A,SMB,Retail,3,317.55,952.66,0
ORD-009523,2025-01-11,South,Widget A,SMB,Online,1,43.26,43.26,5
ORD-009524,2024-11-14,West,Widget C,Enterprise,Online,3,391.93,1175.79,5
ORD-009525,2023-07-18,South,Widget B,SMB,Retail,3,456.28,1368.84,0
ORD-009526,2025-04-10,East,Widget A,Consumer,Partners,2,130.7,261.39,5
ORD-009527,2023-08-10,East,Gadget Y,SMB,Online,2,308.28,616.55,0
ORD-009528,2023-07-07,South,Gadget X,Consumer,Retail,5,19.0,95.02,0
ORD-009529,2023-06-17,,Widget A,SMB,Online,3,376.12,1128.35,0
ORD-009530,2024-02-14,West,Gadget X,Enterprise,Online,5,178.47,892.37,0
ORD-009531,2025-01-12,East,Gadget Y,Consumer,Partners,4,289.19,1156.75,0
ORD-009532,2024-08-01,North,Widget B,SMB,Online,2,301.38,602.76,0
ORD-009533,2023-09-21,West,Service Plan,SMB,Online,3,491.6,1474.79,0
ORD-009534,2025-04-01,East,Widget A,SMB,Online,1,104.81,104.81,0
ORD-009535,2024-03-31,East,Service Plan,Enterprise,Online,3,463.65,1390.95,10
ORD-009536,2024-01-05,West,Gadget X,Consumer,Online,5,297.36,1486.78,15
ORD-009537,2024-03-03,West,Gadget X,Enterprise,Online,2,116.3,232.6,0
ORD-009538,2023-05-28,North,Widget C,SMB,Online,3,250.28,750.85,0
ORD-009539,2024-09-27,South,Widget C,Consumer,Retail,1,183.22,183.22,5
ORD-009540,2024-05-12,West,Widget B,SMB,Retail,1,120.42,120.42,15
ORD-009541,2024-12-09,South,Gadget Y,SMB,Partners,1,297.56,297.56,10
ORD-009542,2024-02-19,North,Gadget X,SMB,Online,2,53.13,106.26,5
ORD-009543,2023-04-12,East,Widget C,SMB,Retail,7,184.18,1289.29,0
ORD-009544,2024-08-19,East,Widget A,SMB,Partners,2,234.34,468.67,10
ORD-009545,2023-02-15,East,Gadget X,Enterprise,Online,2,440.17,880.34,0
ORD-009546,2024-02-13,East,Widget A,SMB,Retail,2,438.64,877.29,0
ORD-009547,2024-11-18,South,Service Plan,Enterprise,Retail,3,146.35,439.06,0
ORD-009548,2024-04-21,East,Widget A,SMB,Retail,5,261.93,1309.63,5
ORD-009549,2024-07-25,,Widget A,SMB,Online,3,12.42,37.27,0
ORD-009550,2024-05-18,West,Gadget X,Consumer,Partners,6,468.92,2813.53,0
ORD-009551,2024-08-07,South,Widget A,Consumer,Retail,2,426.08,852.16,5
ORD-009552,2023-03-10,,Widget B,SMB,Partners,4,160.38,641.51,5
ORD-009553,2025-04-19,South,Widget C,Enterprise,Retail,4,34.86,139.45,15
ORD-009554,2024-10-30,West,Widget A,Consumer,Retail,3,227.45,682.36,5
ORD-009555,2024-12-29,East,Gadget X,SMB,Online,4,154.92,619.7,5
ORD-009556,2024-04-20,West,Gadget Y,SMB,Partners,4,232.43,929.73,0
ORD-009557,2023-11-29,West,Service Plan,SMB,Online,1,401.75,401.75,0
ORD-009558,2024-06-06,South,Widget B,Enterprise,Online,1,165.11,,0
ORD-009559,2023-06-10,East,Widget A,SMB,Online,3,169.58,508.74,0
ORD-009560,2024-01-06,North,Widget A,Enterprise,Partners,2,355.6,711.2,0
ORD-009561,2023-05-15,South,Gadget Y,Enterprise,Online,3,147.85,443.56,10
ORD-009562,2024-09-13,North,Widget C,Enterprise,Partners,2,49.57,99.13,0
ORD-009563,2023-06-05,South,Gadget X,SMB,Retail,1,399.92,399.92,0
ORD-009564,2023-03-08,South,Widget A,Enterprise,Online,3,94.37,283.11,0
ORD-009565,2023-10-14,North,Widget A,Enterprise,Online,3,340.86,1022.58,5
ORD-009566,2023-04-06,South,Widget A,Enterprise,Partners,1,114.81,114.81,10
ORD-009567,2023-05-30,West,Widget A,Enterprise,Partners,2,12.49,24.98,15
ORD-009568,2024-03-01,North,Gadget X,Enterprise,Partners,4,453.36,1813.45,0
ORD-009569,2024-03-27,North,Widget C,Consumer,Partners,2,365.09,730.17,0
ORD-009570,2023-06-23,West,Gadget X,Enterprise,Retail,6,169.63,1017.76,0
ORD-009571,2023-03-24,North,Widget C,SMB,Retail,2,145.7,291.4,0
ORD-009572,2024-03-11,West,Service Plan,SMB,Partners,2,390.48,780.96,5
ORD-009573,2023-10-29,East,Service Plan,Consumer,Partners,3,29.92,89.77,0
ORD-009574,2023-01-17,East,Widget A,Enterprise,Retail,3,473.37,1420.11,15
ORD-009575,2024-02-12,East,Gadget X,Enterprise,Online,2,407.0,814.0,5
ORD-009576,2025-02-03,South,Widget A,Enterprise,Online,3,128.96,386.89,5
ORD-009577,2023-10-13,West,Widget A,Enterprise,Online,3,490.55,1471.65,5
ORD-009578,2025-03-25,North,Widget C,Enterprise,Online,1,291.24,291.24,10
ORD-009579,2023-09-26,West,Widget C,Consumer,Retail,3,212.4,637.19,0
ORD-009580,2024-08-21,North,Gadget X,SMB,Retail,3,101.59,304.78,0
ORD-009581,2024-03-05,North,Gadget Y,SMB,Retail,3,485.08,1455.25,0
ORD-009582,2023-04-07,South,Widget B,Consumer,Partners,3,46.42,139.25,10
ORD-009583,2023-01-30,South,Widget B,SMB,Retail,3,385.59,1156.77,20
ORD-009584,2024-05-24,East,Widget A,SMB,Online,3,396.38,1189.13,0
ORD-009585,2023-05-23,East,Widget B,Enterprise,Partners,3,55.42,166.26,0
ORD-009586,2024-01-30,East,Widget A,Enterprise,Partners,2,58.47,116.94,5
ORD-009587,2023-02-27,North,Gadget X,Enterprise,Online,2,405.82,811.64,10
ORD-009588,2024-03-09,South,Widget A,SMB,Online,4,472.47,1889.9,0
ORD-009589,2023-06-11,West,Gadget Y,SMB,Online,2,57.59,115.19,5
ORD-009590,2024-12-26,West,Service Plan,Enterprise,Partners,4,33.51,134.03,10
ORD-009591,2025-05-03,South,Gadget Y,Enterprise,Retail,3,83.12,249.36,10
ORD-009592,2024-09-28,North,Gadget Y,Consumer,Online,2,145.68,291.36,0
ORD-009593,2024-10-22,West,Gadget Y,SMB,Online,3,106.14,318.43,0
ORD-009594,2024-07-12,,Widget A,Consumer,Online,5,467.02,2335.1,10
ORD-009595,2024-04-01,South,Widget A,SMB,Retail,2,109.15,218.29,5
ORD-009596,2023-11-30,South,Widget C,Enterprise,Online,4,283.21,1132.85,0
ORD-009597,2024-06-08,South,Gadget Y,Enterprise,Online,3,112.71,338.12,0
ORD-009598,2023-09-08,South,Gadget Y,Enterprise,Online,3,335.68,1007.03,10
ORD-009599,2023-12-20,South,Gadget Y,SMB,Partners,6,115.39,692.35,5
ORD-009600,2024-08-13,North,Widget A,Consumer,Retail,1,398.75,398.75,0
ORD-009601,2023-01-13,North,Widget A,Consumer,Online,5,235.6,1178.0,0
ORD-009602,2023-08-02,South,Service Plan,Enterprise,Retail,3,402.08,1206.23,15
ORD-009603,2024-07-18,East,Widget C,SMB,Partners,6,412.27,2473.63,10
ORD-009604,2025-03-18,West,Gadget X,SMB,Online,2,400.13,800.26,0
ORD-009605,2024-03-19,West,Gadget X,SMB,Online,1,327.19,327.19,0
ORD-009606,2023-07-23,East,Widget C,SMB,Retail,3,122.37,367.1,0
ORD-009607,2025-03-04,North,Gadget X,Consumer,Partners,2,249.35,498.7,10
ORD-009608,2023-12-18,West,Widget B,SMB,Online,4,267.04,1068.15,0
ORD-009609,2025-01-09,South,Gadget X,Consumer,Retail,4,321.83,,0
ORD-009610,2023-03-25,North,Widget B,Enterprise,Online,3,62.0,185.99,10
ORD-009611,2024-03-08,South,Widget C,SMB,Online,5,291.03,1455.14,0
ORD-009612,2023-05-12,South,Widget C,Consumer,Online,3,5.62,16.86,0
ORD-009613,2024-09-29,South,Gadget X,Enterprise,Partners,5,282.78,1413.89,5
ORD-009614,2024-09-22,South,Widget B,Consumer,Online,4,227.84,911.35,0
ORD-009615,2023-02-15,South,Widget C,Enterprise,Partners,6,436.52,2619.12,0
ORD-009616,2023-01-02,West,Widget B,Enterprise,Retail,2,388.98,777.96,5
ORD-009617,2024-06-07,West,Widget A,Enterprise,Online,2,183.85,367.69,0
ORD-009618,2023-12-13,North,Service Plan,Enterprise,Online,2,156.23,312.46,5
ORD-009619,2024-06-22,South,Service Plan,SMB,Retail,6,384.92,2309.5,5
ORD-009620,2023-03-07,North,Widget C,SMB,Retail,2,151.65,303.31,5
ORD-009621,2023-08-06,West,Widget A,Consumer,Online,2,339.84,679.68,0
ORD-009622,2023-04-28,South,Widget C,Consumer,Online,2,208.17,416.35,0
ORD-009623,2023-03-28,West,Widget B,Enterprise,Partners,4,363.46,1453.84,0
ORD-009624,2025-05-20,West,Service Plan,Enterprise,Online,2,428.78,857.55,0
ORD-009625,2023-09-25,North,Service Plan,SMB,Retail,1,246.31,246.31,0
ORD-009626,2024-11-25,West,Widget C,SMB,Retail,7,423.17,2962.21,0
ORD-009627,2024-02-07,East,Service Plan,SMB,Retail,1,445.85,445.85,5
ORD-009628,2024-02-13,East,Widget B,SMB,Online,4,335.65,1342.6,0
ORD-009629,2024-04-09,East,Widget C,Consumer,Online,1,233.65,233.65,0
ORD-009630,2023-06-02,South,Widget B,SMB,Online,4,260.27,1041.1,0
ORD-009631,2024-11-03,South,Gadget Y,Consumer,Retail,4,132.89,531.55,0
ORD-009632,2024-09-08,West,Widget A,Enterprise,Partners,2,431.15,862.31,0
ORD-009633,2023-03-26,East,Widget A,Enterprise,Online,1,387.17,387.17,5
ORD-009634,2023-02-12,East,Widget B,Enterprise,Retail,2,189.41,378.82,5
ORD-009635,2024-05-09,West,Service Plan,Enterprise,Online,4,416.14,1664.56,20
ORD-009636,2023-07-13,South,Gadget X,SMB,Online,2,194.65,389.3,0
ORD-009637,2023-01-26,East,Gadget X,Consumer,Online,2,78.06,156.12,0
ORD-009638,2023-11-14,West,Widget A,Enterprise,Partners,1,282.67,282.67,10
ORD-009639,2025-05-13,South,Widget B,Enterprise,Online,2,401.69,803.38,5
ORD-009640,2023-06-05,East,Widget A,SMB,Online,3,278.63,835.9,0
ORD-009641,2023-10-27,West,Widget A,Consumer,Partners,4,295.54,1182.14,5
ORD-009642,2024-12-13,South,Gadget Y,Enterprise,Online,5,75.11,375.56,5
ORD-009643,2023-11-13,North,Gadget Y,Enterprise,Online,2,264.02,528.04,0
ORD-009644,2023-06-27,West,Widget A,Enterprise,Retail,1,424.95,424.95,0
ORD-009645,2024-04-02,South,Gadget X,Enterprise,Retail,3,310.3,930.91,0
ORD-009646,2024-02-06,East,Widget A,SMB,Online,4,149.64,598.55,0
ORD-009647,2024-02-17,South,Widget C,SMB,Partners,3,138.96,416.89,15
ORD-009648,2024-03-09,East,Widget C,Enterprise,Partners,2,493.59,987.18,5
ORD-009649,2024-02-13,West,Gadget Y,Enterprise,Retail,3,305.77,917.3,0
ORD-009650,2024-01-27,West,Widget A,Enterprise,Retail,2,332.97,665.94,10
ORD-009651,2024-02-01,East,Gadget X,Enterprise,Online,3,60.77,182.32,5
ORD-009652,2025-04-11,West,Widget A,Consumer,Online,6,352.92,2117.5,5
ORD-009653,2025-01-13,,Gadget X,SMB,Partners,1,433.22,433.22,0
ORD-009654,2024-02-23,East,Widget C,Enterprise,Online,3,155.35,466.05,0
ORD-009655,2025-06-08,West,Gadget Y,SMB,Online,1,476.85,476.85,0
ORD-009656,2023-04-19,East,Widget B,SMB,Partners,2,20.51,41.02,0
ORD-009657,2024-01-04,East,Widget B,SMB,Online,2,473.94,947.88,10
ORD-009658,2024-02-22,East,Widget C,SMB,Partners,3,227.8,683.41,5
ORD-009659,2024-08-13,East,Service Plan,Enterprise,Online,3,17.94,53.82,5
ORD-009660,2025-02-23,East,Gadget X,SMB,Partners,3,255.55,766.65,10
ORD-009661,2024-06-26,West,Widget C,SMB,Online,1,186.88,186.88,10
ORD-009662,2023-07-27,North,Widget C,Enterprise,Online,2,323.35,646.71,10
ORD-009663,2024-07-18,West,Widget A,SMB,Partners,3,201.39,604.16,0
ORD-009664,2023-10-26,North,Gadget Y,Enterprise,Retail,2,103.94,207.88,5
ORD-009665,2023-03-09,West,Widget C,SMB,Online,2,217.23,434.46,10
ORD-009666,2024-10-24,West,Widget A,Enterprise,Online,2,380.23,760.46,5
ORD-009667,2023-12-12,East,Widget B,Consumer,Online,2,229.05,458.1,0
ORD-009668,2025-05-01,West,Widget A,SMB,Retail,4,294.77,1179.08,5
ORD-009669,2023-10-15,South,Widget A,Consumer,Online,2,10.83,21.66,0
ORD-009670,2023-04-09,North,Widget A,Enterprise,Retail,1,484.88,484.88,5
ORD-009671,2024-08-19,North,Gadget X,SMB,Retail,1,325.57,325.57,5
ORD-009672,2023-01-09,South,Widget A,SMB,Retail,3,303.84,911.53,0
ORD-009673,2024-11-06,West,Widget A,SMB,Retail,1,408.38,408.38,0
ORD-009674,2024-03-16,East,Widget A,SMB,Online,2,460.35,920.71,0
ORD-009675,2023-02-01,East,Widget C,SMB,Online,2,19.81,39.63,5
ORD-009676,2024-01-06,West,Widget C,Consumer,Online,2,253.0,506.01,10
ORD-009677,2025-01-10,West,Gadget X,SMB,Retail,2,364.59,729.18,5
ORD-009678,2023-10-05,West,Widget B,Consumer,Online,5,392.75,1963.74,0
ORD-009679,2025-05-19,South,Widget A,Consumer,Online,3,62.72,188.16,5
ORD-009680,2023-09-19,,Gadget X,SMB,Online,3,428.82,1286.47,0
ORD-009681,2024-09-28,West,Service Plan,SMB,Online,2,135.92,271.84,5
ORD-009682,2023-01-03,East,Widget C,SMB,Online,5,225.59,1127.96,0
ORD-009683,2025-05-15,North,Widget A,SMB,Retail,2,280.59,561.17,10
ORD-009684,2023-01-11,West,Widget C,Enterprise,Retail,5,46.49,232.47,0
ORD-009685,2024-04-01,East,Gadget X,SMB,Online,3,404.24,1212.72,5
ORD-009686,2023-05-07,South,Widget C,SMB,Online,2,238.16,476.33,0
ORD-009687,2024-10-30,West,Widget B,SMB,Online,1,330.25,330.25,0
ORD-009688,2023-08-06,East,Widget C,Consumer,Retail,3,320.6,961.8,0
ORD-009689,2023-07-06,South,Widget C,Enterprise,Partners,3,239.84,719.53,5
ORD-009690,2024-07-10,West,Gadget X,Enterprise,Partners,6,136.01,816.05,10
ORD-009691,2023-01-12,South,Widget B,SMB,Partners,3,298.95,896.84,0
ORD-009692,2024-08-18,South,Gadget X,Enterprise,Retail,2,190.3,380.59,20
ORD-009693,2024-10-10,East,Widget A,Consumer,Retail,4,352.47,1409.87,5
ORD-009694,2024-03-19,North,Widget A,Enterprise,Online,2,77.07,154.14,0
ORD-009695,2024-02-20,West,Widget B,SMB,Partners,5,200.09,1000.46,20
ORD-009696,2024-11-22,South,Gadget X,Enterprise,Online,4,115.86,463.44,0
ORD-009697,2023-02-10,East,Gadget X,SMB,Retail,3,154.13,462.39,0
ORD-009698,2024-12-26,East,Widget B,Enterprise,Retail,2,463.08,926.15,0
ORD-009699,2023-06-24,North,Widget C,SMB,Partners,3,216.44,649.32,5
ORD-009700,2023-11-14,East,Gadget Y,Enterprise,Partners,3,460.81,1382.43,5
ORD-009701,2024-09-18,South,Widget B,SMB,Retail,5,364.28,1821.4,0
ORD-009702,2024-10-31,South,Widget A,Enterprise,Online,1,305.08,305.08,5
ORD-009703,2024-08-30,West,Widget B,SMB,Online,2,5.67,11.33,10
ORD-009704,2024-02-15,South,Gadget Y,Enterprise,Online,5,436.42,2182.08,0
ORD-009705,2024-02-14,North,Gadget Y,Consumer,Partners,4,323.2,1292.8,0
ORD-009706,2023-12-04,North,Gadget X,Consumer,Retail,3,392.77,1178.3,0
ORD-009707,2024-06-10,South,Gadget Y,Consumer,Online,2,182.95,365.9,5
ORD-009708,2023-08-11,East,Widget C,SMB,Online,3,5.54,16.63,15
ORD-009709,2023-01-26,South,Gadget X,SMB,Online,2,30.42,60.85,0
ORD-009710,2023-07-29,East,Widget B,SMB,Partners,5,232.03,1160.14,5
ORD-009711,2023-08-12,South,Widget A,Enterprise,Online,3,329.47,988.41,5
ORD-009712,2025-02-19,East,Widget A,SMB,Online,2,232.2,464.4,20
ORD-009713,2023-01-07,West,Gadget X,SMB,Online,3,405.48,1216.44,0
ORD-009714,2023-11-30,East,Widget B,Enterprise,Online,3,108.27,324.8,0
ORD-009715,2023-02-10,East,Widget C,Consumer,Partners,5,151.02,755.09,5
ORD-009716,2023-12-04,North,Widget B,Consumer,Partners,2,324.48,648.96,5
ORD-009717,2025-05-23,South,Widget B,Enterprise,Online,5,491.27,2456.36,5
ORD-009718,2025-01-11,South,Widget A,Consumer,Partners,6,350.7,2104.19,10
ORD-009719,2023-06-25,East,Widget B,Enterprise,Online,3,219.08,657.25,0
ORD-009720,2024-05-09,North,Widget A,SMB,Retail,3,351.82,1055.47,0
ORD-009721,2023-11-10,South,Gadget X,SMB,Online,4,66.38,265.51,5
ORD-009722,2024-08-12,East,Widget C,Enterprise,Online,4,149.57,598.28,0
ORD-009723,2025-06-12,South,Service Plan,Enterprise,Online,8,317.23,2537.8,0
ORD-009724,2023-01-20,West,Widget C,SMB,Partners,5,342.79,1713.95,5
ORD-009725,2023-01-13,East,Widget A,Consumer,Online,5,419.98,2099.9,5
ORD-009726,2023-04-06,North,Gadget X,SMB,Online,4,91.6,366.4,0
ORD-009727,2025-03-13,South,Widget A,Enterprise,Online,2,17.8,35.6,5
ORD-009728,2023-12-07,West,Gadget Y,Enterprise,Retail,4,270.44,1081.77,10
ORD-009729,2023-07-21,South,Service Plan,Consumer,Retail,1,440.79,440.79,0
ORD-009730,2023-04-12,East,Widget B,Enterprise,Online,4,229.93,919.71,0
ORD-009731,2024-03-12,South,Widget B,Enterprise,Online,2,15.58,31.16,5
ORD-009732,2024-06-06,North,Gadget X,SMB,Online,5,12.28,61.38,0
ORD-009733,2025-04-25,South,Widget C,SMB,Partners,5,210.27,1051.36,10
ORD-009734,2024-01-20,West,Widget B,Consumer,Online,2,397.02,794.05,0
ORD-009735,2023-03-31,South,Widget A,Consumer,Online,6,42.71,256.26,0
ORD-009736,2023-05-12,West,Widget C,Consumer,Online,3,103.46,310.37,5
ORD-009737,2023-03-12,West,Service Plan,Enterprise,Retail,2,394.88,789.75,5
ORD-009738,2025-02-21,West,Widget C,Enterprise,Retail,2,305.85,611.7,5
ORD-009739,2024-02-12,,Widget C,Enterprise,Partners,2,331.59,663.19,5
ORD-009740,2023-12-11,West,Widget C,Enterprise,Retail,1,317.74,317.74,0
ORD-009741,2023-02-01,North,Gadget X,SMB,Online,3,208.26,624.79,0
ORD-009742,2024-12-18,West,Widget C,Enterprise,Retail,2,122.66,245.33,15
ORD-009743,2023-01-17,South,Widget A,SMB,Partners,1,348.51,348.51,15
ORD-009744,2023-11-28,East,Widget A,Enterprise,Partners,4,466.57,1866.27,0
ORD-009745,2025-03-02,South,Widget B,Enterprise,Online,3,430.82,1292.46,5
ORD-009746,2023-04-30,South,Widget C,Enterprise,Online,4,49.79,199.18,15
ORD-009747,2023-08-05,South,Gadget X,Consumer,Online,1,110.42,110.42,5
ORD-009748,2024-12-01,South,Widget B,Enterprise,Retail,1,192.7,192.7,0
ORD-009749,2025-04-15,North,Widget B,SMB,Retail,3,118.09,354.26,10
ORD-009750,2024-03-28,West,Widget B,SMB,Online,1,133.85,133.85,20
ORD-009751,2023-06-20,East,Widget A,SMB,Online,3,232.19,696.58,10
ORD-009752,2024-05-13,East,Service Plan,Enterprise,Online,4,134.38,537.53,0
ORD-009753,2024-04-15,East,Gadget X,SMB,Partners,5,312.03,1560.13,0
ORD-009754,2024-12-06,West,Widget A,Consumer,Retail,3,313.47,940.41,5
ORD-009755,2023-07-09,East,Gadget X,SMB,Online,1,100.45,100.45,5
ORD-009756,2024-07-25,East,Widget B,Consumer,Retail,1,449.5,449.5,5
ORD-009757,2025-02-01,East,Gadget Y,SMB,Online,3,298.66,895.99,0
ORD-009758,2025-05-18,South,Widget C,Enterprise,Online,3,214.34,643.01,0
ORD-009759,2023-03-03,South,Widget A,Enterprise,Partners,4,341.66,1366.66,10
ORD-009760,2023-04-17,West,Gadget X,Enterprise,Partners,3,432.13,1296.38,0
ORD-009761,2023-05-17,East,Widget A,Enterprise,Partners,3,172.38,517.13,10
ORD-009762,2023-03-25,West,Widget A,Enterprise,Retail,1,460.2,460.2,0
ORD-009763,2023-03-15,,Widget A,SMB,Online,4,378.77,1515.07,10
ORD-009764,2023-04-15,North,Widget A,Consumer,Retail,2,61.49,122.98,0
ORD-009765,2024-01-22,South,Widget A,Enterprise,Retail,4,48.59,194.37,0
ORD-009766,2024-10-05,South,Widget C,SMB,Retail,4,76.96,307.85,10
ORD-009767,2023-02-07,West,Widget C,Consumer,Online,5,480.08,2400.38,10
ORD-009768,2023-08-29,West,Widget A,Consumer,Online,3,277.5,832.49,0
ORD-009769,2024-10-11,East,Widget B,Enterprise,Online,2,465.9,931.79,0
ORD-009770,2023-04-12,West,Widget A,Enterprise,Online,3,132.7,398.09,10
ORD-009771,2023-06-14,South,Widget A,Consumer,Retail,4,45.91,183.65,0
ORD-009772,2023-09-04,South,Widget B,SMB,Retail,2,258.73,517.45,10
ORD-009773,2025-04-19,North,Widget A,Enterprise,Online,1,320.74,320.74,0
ORD-009774,2025-02-06,East,Widget C,Consumer,Online,2,364.17,728.34,0
ORD-009775,2023-10-18,East,Widget B,SMB,Online,2,79.06,158.13,0
ORD-009776,2024-01-01,West,Gadget Y,SMB,Retail,3,75.19,225.56,5
ORD-009777,2024-10-22,West,Gadget X,Enterprise,Retail,2,267.63,535.27,0
ORD-009778,2023-04-25,North,Widget B,SMB,Partners,3,300.83,902.5,0
ORD-009779,2023-01-21,North,Widget A,Enterprise,Partners,2,155.88,311.77,5
ORD-009780,2023-12-18,West,Gadget Y,Consumer,Online,3,135.1,405.31,5
ORD-009781,2023-04-19,South,Service Plan,Enterprise,Online,3,78.49,235.47,15
ORD-009782,2024-06-08,North,Gadget X,SMB,Online,4,68.2,272.81,5
ORD-009783,2023-03-11,East,Widget B,Enterprise,Online,2,261.96,523.92,0
ORD-009784,2024-02-09,South,Gadget X,SMB,Online,7,100.44,703.11,5
ORD-009785,2025-04-29,West,Gadget X,Enterprise,Online,2,344.69,689.37,5
ORD-009786,2023-03-24,South,Widget C,Enterprise,Online,3,41.12,123.37,5
ORD-009787,2024-12-31,North,Gadget X,Enterprise,Retail,3,346.85,1040.55,5
ORD-009788,2024-05-27,South,Widget A,Enterprise,Retail,3,139.01,417.03,0
ORD-009789,2024-07-27,East,Widget B,SMB,Retail,5,441.0,2205.0,15
ORD-009790,2024-02-29,East,Widget B,Enterprise,Online,4,133.03,532.12,5
ORD-009791,2024-07-15,East,Widget B,Consumer,Partners,4,257.45,1029.79,0
ORD-009792,2025-04-10,South,Widget A,Enterprise,Partners,4,190.17,760.67,0
ORD-009793,2024-09-24,South,Widget B,Enterprise,Retail,4,280.21,1120.84,5
ORD-009794,2024-10-06,South,Widget A,Consumer,Retail,2,464.15,928.3,0
ORD-009795,2023-11-13,East,Widget A,Enterprise,Retail,5,481.94,2409.71,0
ORD-009796,2025-02-03,West,Widget A,Enterprise,Online,2,127.49,254.97,5
ORD-009797,2024-11-21,East,Widget B,Consumer,Online,2,11.89,23.78,0
ORD-009798,2024-10-05,West,Gadget Y,SMB,Retail,5,382.97,1914.84,0
ORD-009799,2024-01-26,South,Widget C,Consumer,Retail,2,92.23,184.46,5
ORD-009800,2025-04-24,North,Widget B,Consumer,Partners,4,112.17,448.69,0
ORD-009801,2024-02-09,South,Widget B,Consumer,Online,4,410.43,1641.73,5
ORD-009802,2023-06-09,East,Service Plan,Consumer,Online,4,345.19,1380.78,5
ORD-009803,2025-01-04,East,Widget C,Enterprise,Online,3,273.93,821.79,15
ORD-009804,2023-09-11,South,Service Plan,Enterprise,Online,5,72.09,360.47,0
ORD-009805,2024-02-22,South,Widget A,Enterprise,Online,1,351.74,351.74,0
ORD-009806,2023-04-17,West,Widget B,Consumer,Online,5,210.74,1053.71,15
ORD-009807,2023-12-27,West,Service Plan,Consumer,Retail,4,12.57,50.28,0
ORD-009808,2025-01-05,North,Gadget X,Consumer,Retail,2,57.88,115.76,5
ORD-009809,2024-10-03,South,Widget A,Consumer,Online,2,129.58,259.17,0
ORD-009810,2024-03-03,South,Widget B,SMB,Partners,3,471.18,1413.55,0
ORD-009811,2024-04-12,South,Widget C,Enterprise,Online,2,7.42,14.85,0
ORD-009812,2024-10-13,East,Service Plan,Consumer,Partners,7,21.6,151.23,0
ORD-009813,2024-08-28,West,Gadget X,SMB,Partners,3,20.34,61.03,10
ORD-009814,2023-06-30,West,Widget A,Enterprise,Partners,3,86.64,259.92,0
ORD-009815,2024-03-30,West,Widget B,SMB,Online,5,20.17,100.85,0
ORD-009816,2023-03-19,West,Service Plan,Consumer,Online,4,209.96,839.83,0
ORD-009817,2023-08-15,West,Widget C,Consumer,Online,3,173.77,521.32,0
ORD-009818,2024-11-02,West,Widget B,SMB,Online,3,71.51,214.52,0
ORD-009819,2025-01-12,West,Gadget Y,SMB,Online,1,444.01,444.01,10
ORD-009820,2023-12-14,West,Gadget Y,SMB,Online,3,128.95,386.86,0
ORD-009821,2023-04-29,West,Widget A,Consumer,Online,2,312.87,625.74,15
ORD-009822,2023-07-23,North,Widget A,SMB,Online,2,46.57,93.14,10
ORD-009823,2024-01-27,North,Widget A,Enterprise,Online,2,499.0,998.0,0
ORD-009824,2023-10-10,North,Widget B,Consumer,Partners,2,287.0,574.01,0
ORD-009825,2025-01-28,East,Widget B,SMB,Retail,2,25.58,51.17,5
ORD-009826,2023-07-16,South,Gadget X,Enterprise,Online,3,322.39,967.17,0
ORD-009827,2023-01-21,South,Widget A,SMB,Online,4,468.12,1872.46,20
ORD-009828,2025-06-07,North,Widget A,Consumer,Retail,2,369.69,739.38,15
ORD-009829,2024-12-02,East,Gadget Y,SMB,Online,3,372.57,1117.72,0
ORD-009830,2025-03-07,West,Gadget X,Enterprise,Online,4,277.3,1109.22,0
ORD-009831,2024-01-23,West,Widget A,Consumer,Partners,2,292.25,584.49,0
ORD-009832,2023-11-22,West,Service Plan,Enterprise,Online,2,295.43,590.86,0
ORD-009833,2023-09-23,South,Widget C,Enterprise,Online,3,150.33,450.99,0
ORD-009834,2023-09-17,North,Widget A,SMB,Online,5,42.82,214.08,0
ORD-009835,2025-02-23,West,Service Plan,SMB,Online,4,168.91,675.63,10
ORD-009836,2023-12-23,North,Widget A,SMB,Online,5,417.84,2089.21,0
ORD-009837,2024-10-10,North,Gadget X,Consumer,Online,2,274.36,548.72,5
ORD-009838,2023-07-16,South,Widget C,SMB,Retail,3,44.16,132.47,0
ORD-009839,2023-06-27,West,Gadget X,SMB,Retail,4,261.01,1044.03,0
ORD-009840,2025-02-12,West,Widget A,Consumer,Partners,4,76.12,304.48,0
ORD-009841,2025-03-02,West,Service Plan,Enterprise,Retail,2,35.28,70.56,5
ORD-009842,2024-04-15,West,Gadget X,Consumer,Online,2,133.59,267.19,0
ORD-009843,2024-10-04,,Widget C,Enterprise,Online,2,378.88,757.76,0
ORD-009844,2023-07-05,South,Gadget X,Enterprise,Retail,4,274.74,1098.96,0
ORD-009845,2024-03-22,South,Widget B,SMB,Online,2,11.96,23.91,0
ORD-009846,2024-01-28,North,Widget A,Enterprise,Online,3,346.86,1040.57,0
ORD-009847,2023-09-29,West,Widget B,SMB,Partners,2,479.11,958.22,0
ORD-009848,2023-04-25,West,Service Plan,Consumer,Online,4,230.53,922.12,0
ORD-009849,2023-01-09,West,Widget A,Enterprise,Partners,3,43.69,131.07,10
ORD-009850,2023-03-12,South,Widget A,Enterprise,Online,5,237.28,1186.38,0
ORD-009851,2023-08-21,South,Widget A,SMB,Retail,3,289.81,869.43,0
ORD-009852,2023-01-02,West,Gadget X,Enterprise,Online,2,245.55,491.09,0
ORD-009853,2025-02-12,South,Widget B,Consumer,Online,2,70.2,140.39,5
ORD-009854,2024-01-16,West,Widget C,Enterprise,Online,4,449.12,1796.47,15
ORD-009855,2023-10-25,North,Widget A,SMB,Retail,3,487.09,1461.26,0
ORD-009856,2023-09-10,North,Widget A,SMB,Online,2,154.75,309.5,0
ORD-009857,2023-01-31,West,Widget B,Consumer,Online,3,455.03,1365.09,5
ORD-009858,2024-04-14,East,Widget B,Enterprise,Online,1,490.32,490.32,0
ORD-009859,2023-10-09,West,Widget A,Enterprise,Retail,1,407.05,407.05,20
ORD-009860,2024-01-17,South,Widget A,Enterprise,Retail,3,372.93,1118.79,0
ORD-009861,2024-02-11,East,Widget C,Enterprise,Online,1,66.99,66.99,0
ORD-009862,2024-06-16,South,Widget B,Enterprise,Online,4,182.84,731.37,5
ORD-009863,2023-05-25,South,Widget B,Consumer,Partners,1,348.44,348.44,10
ORD-009864,2024-12-13,North,Widget A,Enterprise,Partners,2,132.5,265.0,20
ORD-009865,2024-03-07,West,Gadget X,Enterprise,Online,2,28.39,56.79,20
ORD-009866,2024-07-04,West,Gadget X,SMB,Retail,3,408.88,1226.63,10
ORD-009867,2024-03-25,West,Widget C,Enterprise,Partners,4,261.21,1044.85,0
ORD-009868,2023-02-25,,Widget A,Consumer,Online,3,224.49,673.47,0
ORD-009869,2024-06-07,East,Widget A,Enterprise,Online,2,133.22,266.45,0
ORD-009870,2024-03-22,South,Widget B,Enterprise,Online,2,437.76,875.51,20
ORD-009871,2024-11-28,East,Widget B,Enterprise,Online,1,331.33,331.33,10
ORD-009872,2023-11-11,East,Widget B,Enterprise,Online,3,289.97,869.92,10
ORD-009873,2024-11-14,East,Gadget X,SMB,Retail,2,18.96,37.92,5
ORD-009874,2023-12-30,North,Service Plan,Enterprise,Online,3,118.46,355.38,0
ORD-009875,2025-02-15,North,Widget B,Consumer,Retail,2,239.53,479.06,0
ORD-009876,2025-01-27,South,Widget A,Enterprise,Partners,2,257.74,515.48,5
ORD-009877,2025-04-13,East,Widget A,Consumer,Online,3,186.59,559.78,10
ORD-009878,2025-03-31,North,Widget B,SMB,Retail,2,82.12,164.25,10
ORD-009879,2024-05-06,North,Service Plan,SMB,Online,4,418.68,1674.74,10
ORD-009880,2025-05-31,West,Widget B,Consumer,Online,5,484.15,2420.77,0
ORD-009881,2023-03-23,North,Widget A,SMB,Online,2,242.33,484.66,10
ORD-009882,2025-03-11,East,Widget C,Consumer,Online,3,496.92,1490.77,5
ORD-009883,2024-01-25,South,Gadget X,Enterprise,Retail,2,73.72,147.44,5
ORD-009884,2023-06-14,West,Service Plan,Consumer,Online,2,123.55,247.1,20
ORD-009885,2024-11-06,North,Gadget X,Enterprise,Online,4,366.79,1467.18,10
ORD-009886,2025-04-05,West,Gadget Y,Consumer,Partners,2,483.55,967.1,15
ORD-009887,2024-09-04,West,Widget B,Enterprise,Retail,3,251.41,754.23,10
ORD-009888,2023-06-13,South,Service Plan,Consumer,Online,4,352.81,1411.23,10
ORD-009889,2023-05-10,South,Widget A,Consumer,Retail,1,407.7,407.7,0
ORD-009890,2023-09-15,South,Gadget Y,Consumer,Online,2,179.27,358.54,10
ORD-009891,2025-03-22,North,Service Plan,Consumer,Retail,2,390.48,780.96,5
ORD-009892,2023-10-22,North,Widget B,SMB,Online,5,459.7,2298.48,0
ORD-009893,2024-03-08,South,Widget C,SMB,Online,2,451.66,903.32,5
ORD-009894,2025-03-25,North,Widget A,Enterprise,Partners,3,428.26,1284.78,0
ORD-009895,2023-04-19,West,Widget B,SMB,Online,2,465.5,931.01,20
ORD-009896,2024-10-27,South,Widget A,Consumer,Online,3,84.7,254.11,10
ORD-009897,2024-03-06,West,Widget A,Consumer,Retail,1,62.71,62.71,0
ORD-009898,2023-06-01,South,Widget A,SMB,Online,2,443.95,887.91,0
ORD-009899,2024-05-26,South,Widget A,Consumer,Online,3,31.94,95.81,0
ORD-009900,2023-05-14,West,Widget C,Enterprise,Retail,5,499.52,2497.58,5
ORD-009901,2023-02-06,North,Service Plan,SMB,Online,5,408.81,2044.06,10
ORD-009902,2023-02-11,South,Widget A,SMB,Online,5,161.61,808.06,15
ORD-009903,2023-08-01,West,Widget B,SMB,Online,2,327.96,655.93,0
ORD-009904,2023-06-24,North,Widget A,Enterprise,Partners,3,24.34,73.03,10
ORD-009905,2025-04-07,South,Widget A,Consumer,Retail,2,375.36,750.72,0
ORD-009906,2024-08-17,North,Widget C,SMB,Retail,2,166.82,333.63,0
ORD-009907,2024-06-30,East,Widget B,Consumer,Online,2,211.42,422.85,10
ORD-009908,2024-02-24,South,Gadget Y,SMB,Online,3,234.03,702.08,0
ORD-009909,2025-02-22,South,Widget C,Enterprise,Partners,3,17.66,52.99,0
ORD-009910,2024-12-31,East,Widget A,Enterprise,Online,2,270.27,540.54,0
ORD-009911,2025-02-03,South,Gadget X,Consumer,Online,4,373.63,1494.53,5
ORD-009912,2023-08-02,South,Gadget Y,Enterprise,Online,3,482.72,1448.17,15
ORD-009913,2023-05-23,South,Widget C,SMB,Online,5,475.58,2377.91,0
ORD-009914,2024-04-27,South,Widget B,SMB,Online,2,73.41,146.82,0
ORD-009915,2024-05-28,,Service Plan,SMB,Online,3,222.15,666.45,5
ORD-009916,2023-03-09,East,Widget B,Consumer,Partners,3,137.97,413.92,10
ORD-009917,2023-07-02,East,Widget A,SMB,Online,4,91.6,366.42,15
ORD-009918,2024-06-16,East,Gadget X,Consumer,Online,2,352.38,704.76,0
ORD-009919,2024-01-16,West,Widget A,SMB,Partners,3,220.91,662.74,0
ORD-009920,2023-08-30,East,Gadget X,Enterprise,Online,3,41.8,125.41,10
ORD-009921,2024-12-17,North,Widget B,Consumer,Partners,3,443.25,1329.76,0
ORD-009922,2024-09-14,East,Widget A,Enterprise,Online,3,369.96,1109.88,15
ORD-009923,2025-02-19,East,Widget C,SMB,Retail,4,31.82,127.28,15
ORD-009924,2025-03-18,South,Widget A,Enterprise,Online,2,394.81,789.62,0
ORD-009925,2025-04-29,South,Widget B,Enterprise,Retail,4,246.24,984.96,5
ORD-009926,2024-11-24,South,Service Plan,Enterprise,Retail,2,415.22,830.44,5
ORD-009927,2023-02-16,North,Gadget Y,SMB,Retail,3,204.32,612.97,5
ORD-009928,2025-03-04,West,Gadget Y,Consumer,Partners,2,212.28,424.57,0
ORD-009929,2023-08-22,South,Widget B,Enterprise,Online,6,45.74,274.43,0
ORD-009930,2024-01-09,West,Gadget X,Enterprise,Retail,4,403.04,1612.17,10
ORD-009931,2024-10-09,West,Service Plan,Enterprise,Online,3,168.56,,0
ORD-009932,2024-03-15,South,Widget A,Consumer,Retail,2,388.6,777.19,5
ORD-009933,2023-11-23,East,Gadget X,SMB,Online,6,168.49,1010.93,20
ORD-009934,2024-08-17,South,Widget A,Consumer,Partners,1,324.33,324.33,0
ORD-009935,2024-11-08,South,Widget C,Consumer,Online,1,60.88,60.88,0
ORD-009936,2024-10-01,South,Widget A,Enterprise,Online,4,383.77,1535.07,5
ORD-009937,2024-07-09,East,Widget B,SMB,Online,2,491.12,982.24,5
ORD-009938,2024-06-27,North,Widget A,SMB,Online,3,237.24,711.71,0
ORD-009939,2024-04-16,North,Gadget Y,Enterprise,Online,1,23.56,23.56,5
ORD-009940,2023-12-18,North,Widget A,Enterprise,Retail,1,67.39,67.39,0
ORD-009941,2024-01-09,East,Widget B,Enterprise,Online,4,47.1,188.38,10
ORD-009942,2024-10-28,West,Gadget Y,SMB,Retail,2,442.99,885.97,5
ORD-009943,2024-05-18,East,Widget B,SMB,Retail,2,141.28,282.56,0
ORD-009944,2024-04-28,East,Gadget Y,SMB,Online,2,255.92,511.84,0
ORD-009945,2025-03-05,North,Widget A,Consumer,Retail,5,47.56,237.82,0
ORD-009946,2024-09-12,East,Widget A,Enterprise,Partners,1,445.22,445.22,10
ORD-009947,2023-06-14,South,Widget A,Consumer,Online,2,18.65,37.31,5
ORD-009948,2024-10-19,South,Widget B,SMB,Online,3,217.01,651.03,5
ORD-009949,2024-06-29,North,Widget B,Enterprise,Retail,4,459.46,1837.85,0
ORD-009950,2024-04-28,South,Gadget X,SMB,Online,4,442.66,1770.62,5
ORD-009951,2023-07-07,South,Widget A,SMB,Retail,4,48.02,797.03,0
ORD-009952,2023-01-14,East,Gadget X,SMB,Partners,7,362.12,10206.96,10
ORD-009953,2023-04-09,East,Gadget Y,Enterprise,Retail,5,56.05,1255.76,5
ORD-009954,2024-09-01,East,Widget C,SMB,Retail,4,125.92,1788.99,10
ORD-009955,2023-10-02,North,Widget C,Enterprise,Partners,3,14.92,152.76,15
ORD-009956,2025-06-09,East,Widget A,SMB,Retail,1,459.59,2013.26,0
ORD-009957,2023-03-26,North,Widget B,Consumer,Online,4,43.35,715.97,5
ORD-009958,2025-05-18,East,Widget A,SMB,Retail,1,464.93,1577.39,5
ORD-009959,2023-10-29,West,Gadget X,Consumer,Online,6,261.29,5868.17,5
ORD-009960,2023-10-12,South,Widget A,Enterprise,Retail,5,209.34,3696.95,5
ORD-009961,2024-04-12,West,Widget B,SMB,Online,2,490.54,3031.52,5
ORD-009962,2024-01-15,West,Widget B,Enterprise,Online,3,100.09,1467.2,0
ORD-009963,2024-09-23,North,Service Plan,SMB,Retail,1,9.21,43.97,5
ORD-009964,2023-12-26,South,Widget A,Enterprise,Retail,3,119.26,1404.85,0
ORD-009965,2023-02-08,West,Gadget Y,Enterprise,Partners,1,344.46,1227.83,0
ORD-009966,2023-12-01,South,Gadget X,Enterprise,Online,3,304.82,3058.21,5
ORD-009967,2023-02-12,West,Gadget X,Enterprise,Online,5,126.23,2998.86,0
ORD-009968,2025-02-24,North,Widget B,SMB,Online,3,293.26,3194.65,0
ORD-009969,2023-08-19,East,Gadget X,SMB,Online,3,438.29,5202.53,0
ORD-009970,2024-01-01,East,Widget A,SMB,Retail,5,450.52,9324.23,0
ORD-009971,2023-02-21,West,Widget A,SMB,Online,3,306.55,,5
ORD-009972,2024-11-25,South,Widget A,SMB,Retail,2,440.19,4084.67,5
ORD-009973,2023-11-06,South,Widget A,Consumer,Partners,5,378.85,6946.99,0
ORD-009974,2023-12-23,South,Widget B,SMB,Online,2,221.78,1766.98,5
ORD-009975,2023-11-13,South,Widget C,Consumer,Online,1,73.5,331.74,5
ORD-009976,2024-11-16,East,Widget B,SMB,Retail,4,154.71,2348.91,0
ORD-009977,2024-11-07,North,Gadget X,SMB,Partners,4,24.34,382.39,5
ORD-009978,2023-11-09,,Gadget Y,Enterprise,Online,2,422.17,3740.53,0
ORD-009979,2025-01-24,North,Service Plan,Consumer,Retail,4,311.53,5506.83,10
ORD-009980,2023-01-18,West,Service Plan,Consumer,Retail,1,486.67,1809.67,0
ORD-009981,2023-03-17,East,Widget B,SMB,Retail,6,96.29,2699.39,0
ORD-009982,2023-08-19,South,Gadget X,SMB,Online,2,303.45,2598.57,0
ORD-009983,2023-05-10,East,Widget B,SMB,Online,3,332.22,4616.34,10
ORD-009984,2023-12-07,South,Service Plan,Consumer,Retail,2,176.87,1526.23,0
ORD-009985,2025-04-14,South,Widget B,Consumer,Online,3,317.08,3363.5,5
ORD-009986,2023-11-15,North,Widget C,Enterprise,Online,2,499.33,4960.93,0
ORD-009987,2025-05-24,South,Widget B,Consumer,Retail,2,487.86,4211.17,5
ORD-009988,2025-03-26,North,Widget A,SMB,Retail,5,326.7,6022.44,0
ORD-009989,2023-11-10,North,Widget B,Consumer,Partners,4,468.3,9146.52,5
ORD-009990,2023-01-23,South,Gadget X,SMB,Online,2,375.68,3337.04,0
ORD-009991,2024-07-05,West,Widget A,SMB,Online,2,102.91,642.68,0
ORD-009992,2024-12-21,,Gadget X,Enterprise,Retail,3,166.87,1776.78,0
ORD-009993,2023-09-21,West,Gadget X,Enterprise,Online,3,28.59,258.62,15
ORD-009994,2025-03-24,West,Gadget X,SMB,Partners,5,169.7,3067.23,0
ORD-009995,2023-07-02,North,Widget B,Consumer,Partners,5,173.32,3218.68,0
ORD-009996,2024-03-26,South,Widget A,SMB,Online,6,384.58,8997.39,5
ORD-009997,2024-03-09,South,Widget A,SMB,Retail,2,259.05,2498.54,5
ORD-009998,2024-11-19,South,Widget A,SMB,Online,3,109.46,1480.42,0
ORD-009999,2025-03-05,,Gadget Y,SMB,Retail,1,61.5,223.84,0
ORD-010000,2023-01-09,East,Widget A,SMB,Partners,4,486.1,6277.11,5
